[2026-07-23 15:58:41] PUSH start (local → Nextcloud) 
2026/07/23 15:59:00 INFO  : Knowledge_Base/MONEY.md: Copied (new)
2026/07/23 15:59:01 INFO  : Knowledge_Base/Knowledge_Base.md: Copied (new)
2026/07/23 15:59:01 INFO  : Knowledge_Base/KB_Drafts.base: Copied (new)
2026/07/23 15:59:01 INFO  : .cursorignore: Copied (new)
2026/07/23 15:59:16 INFO  : Knowledge_Base/NET INTEREST AND LOSS.md: Copied (new)
2026/07/23 15:59:17 INFO  : Knowledge_Base/OPEN AND THOUGHTS.md: Copied (new)
2026/07/23 15:59:18 INFO  : Knowledge_Base/image.png: Copied (new)
2026/07/23 15:59:19 INFO  : Products/Products.md: Copied (new)
2026/07/23 15:59:31 INFO  : Projects/Projects.md: Copied (new)
2026/07/23 15:59:32 INFO  : Projects/Projects.base: Copied (new)
2026/07/23 15:59:33 INFO  : Templates/TPL_KB_Article.md: Copied (new)
2026/07/23 15:59:33 INFO  : Templates/TPL_Literature_Readwise.md: Copied (new)
2026/07/23 15:59:48 INFO  : Templates/TPL_Literature_Zotero.md: Copied (new)
2026/07/23 16:00:10 INFO  : Execution/Entities x Engagements/Engagements.md: Copied (new)
2026/07/23 16:00:10 INFO  : Execution/Tasks/Tasks.md: Copied (new)
2026/07/23 16:00:10 INFO  : Execution/Entities x Engagements/Outreach_Messages.md: Copied (new)
2026/07/23 16:00:10 INFO  : Execution/Tasks/Lines.md: Copied (new)
2026/07/23 16:00:31 INFO  : Execution/Tasks/Meetings/Meet with DR Seble.md: Copied (new)
2026/07/23 16:00:31 INFO  : Execution/Tasks/.space/def.json: Copied (new)
2026/07/23 16:00:31 INFO  : Execution/Tasks/Meetings/Meet With Hanna.md: Copied (new)
2026/07/23 16:00:32 INFO  : Execution/Tasks/Meetings/Meet with DR Brook.md: Copied (new)
2026/07/23 16:00:46 INFO  : Execution/Tasks/Meetings/Meeting with Selam.md: Copied (new)
2026/07/23 16:00:46 INFO  : Execution/Tasks/Meetings/Meet with Solomon.md: Copied (new)
2026/07/23 16:00:48 INFO  : Execution/Tasks/Meetings/Untitled.md: Copied (new)
2026/07/23 16:00:48 INFO  : Execution/Tasks/Meetings/Meetings.md: Copied (new)
2026/07/23 16:01:04 INFO  : .makemd/superstate.mdc: Copied (new)
2026/07/23 16:01:04 INFO  : .makemd/fileCache.mdc: Copied (new)
2026/07/23 16:01:04 INFO  : Execution/Tasks/Meetings/.space/def.json: Copied (new)
2026/07/23 16:01:05 INFO  : .obsidian/app.json: Copied (new)
2026/07/23 16:01:19 INFO  : .obsidian/appearance.json: Copied (new)
2026/07/23 16:01:19 INFO  : .obsidian/bookmarks.json: Copied (new)
2026/07/23 16:01:20 INFO  : .obsidian/community-plugins.json: Copied (new)
2026/07/23 16:01:30 INFO  : .obsidian/core-plugins.json: Copied (new)
2026/07/23 16:01:39 INFO  : .obsidian/workspace.json: Copied (new)
2026/07/23 16:01:39 INFO  : .obsidian/graph.json: Copied (new)
2026/07/23 16:01:40 INFO  : .obsidian/types.json: Copied (new)
2026/07/23 16:01:59 INFO  : .obsidian/themes/Obsidian gruvbox/manifest.json: Copied (new)
2026/07/23 16:02:00 INFO  : .obsidian/themes/GitHub Theme/theme.css: Copied (new)
2026/07/23 16:02:03 INFO  : .obsidian/themes/GitHub Theme/manifest.json: Copied (new)
2026/07/23 16:02:04 INFO  : .obsidian/themes/Obsidian gruvbox/theme.css: Copied (new)
2026/07/23 16:02:16 INFO  : .obsidian/themes/VSCode Dark Modern/manifest.json: Copied (new)
2026/07/23 16:02:16 INFO  : .obsidian/themes/Red-Shadow/theme.css: Copied (new)
2026/07/23 16:02:16 INFO  : .obsidian/themes/VSCode Dark Modern/theme.css: Copied (new)
2026/07/23 16:02:17 INFO  : .obsidian/themes/Red-Shadow/manifest.json: Copied (new)
2026/07/23 16:02:33 INFO  : .obsidian/themes/deeper work/theme.css: Copied (new)
2026/07/23 16:02:34 INFO  : .obsidian/themes/Wasp/manifest.json: Copied (new)
2026/07/23 16:02:35 INFO  : .obsidian/themes/Wasp/theme.css: Copied (new)
2026/07/23 16:02:35 INFO  : .obsidian/themes/deeper work/manifest.json: Copied (new)
2026/07/23 16:02:48 INFO  : .space/context.mdb: Copied (new)
2026/07/23 16:02:49 INFO  : .space/views.mdb: Copied (new)
2026/07/23 16:02:50 INFO  : .space/waypoints.json: Copied (new)
2026/07/23 16:02:51 INFO  : .space/def.json: Copied (new)
2026/07/23 16:03:06 INFO  : Knowledge_Base/Markets_and_Instruments/Boolean Trading.md: Copied (new)
2026/07/23 16:03:06 INFO  : Knowledge_Base/Markets_and_Instruments/Arbitrage.md: Copied (new)
2026/07/23 16:03:06 INFO  : Knowledge_Base/Identity_and_Custody/MPC + IDENTUS.md: Copied (new)
2026/07/23 16:03:09 INFO  : Knowledge_Base/Markets_and_Instruments/Brokerages.md: Copied (new)
2026/07/23 16:03:19 INFO  : Knowledge_Base/Markets_and_Instruments/How_LCs_Work.md: Copied (new)
2026/07/23 16:03:21 INFO  : Knowledge_Base/Markets_and_Instruments/DEBTs.md: Copied (new)
2026/07/23 16:03:22 INFO  : Knowledge_Base/Markets_and_Instruments/Credit_Underwriting_Evolution.md: Copied (new)
2026/07/23 16:03:24 INFO  : Knowledge_Base/Markets_and_Instruments/Investment Funds.md: Copied (new)
2026/07/23 16:03:32 INFO  : Knowledge_Base/Markets_and_Instruments/Money_Market_Funds.md: Copied (new)
2026/07/23 16:03:32 INFO  : Knowledge_Base/Markets_and_Instruments/Margin Lending.md: Copied (new)
2026/07/23 16:03:37 INFO  : Knowledge_Base/Payments_and_Rails/BRIDGING.md: Copied (new)
2026/07/23 16:03:38 INFO  : Knowledge_Base/Markets_and_Instruments/Stocks and Bonds.md: Copied (new)
2026/07/23 16:03:48 INFO  : Knowledge_Base/Payments_and_Rails/PIX.md: Copied (new)
2026/07/23 16:03:50 INFO  : Knowledge_Base/Payments_and_Rails/Market Making and AMMs.md: Copied (new)
2026/07/23 16:03:51 INFO  : Knowledge_Base/Regulatory/AML_CFT_Ethiopia.md: Copied (new)
2026/07/23 16:03:56 INFO  : Knowledge_Base/Regulatory/Consumer protection.md: Copied (new)
2026/07/23 16:04:03 INFO  : Knowledge_Base/Regulatory/DCP License.md: Copied (new)
2026/07/23 16:04:07 INFO  : Knowledge_Base/Regulatory/Data_Protection_Ethiopia.md: Copied (new)
2026/07/23 16:04:07 INFO  : Knowledge_Base/Regulatory/Fayda_Digital_ID.md: Copied (new)
2026/07/23 16:04:12 INFO  : Knowledge_Base/Regulatory/Green Channel.md: Copied (new)
2026/07/23 16:04:23 INFO  : Knowledge_Base/Regulatory/LICENSING RELATED.md: Copied (new)
2026/07/23 16:04:26 INFO  : Knowledge_Base/Regulatory/NBE_Sandbox_Program.md: Copied (new)
2026/07/23 16:04:26 INFO  : Knowledge_Base/Regulatory/NBE SURVEY.md: Copied (new)
2026/07/23 16:04:32 INFO  : Knowledge_Base/Regulatory/PSO_and_Payment_Instrument_Issuer.md: Copied (new)
2026/07/23 16:04:38 INFO  : Knowledge_Base/Regulatory/STABLE TOKEN COMMISION.md: Copied (new)
2026/07/23 16:04:40 INFO  : Knowledge_Base/Regulatory/Travel Rules.md: Copied (new)
2026/07/23 16:04:41 INFO  : Knowledge_Base/Regulatory/US REGULATORY.md: Copied (new)
2026/07/23 16:04:45 INFO  : Knowledge_Base/Regulatory/VASP.md: Copied (new)
2026/07/23 16:04:51 INFO  : Projects/.space/context.mdb: Copied (new)
2026/07/23 16:04:53 INFO  : Projects/.space/views.mdb: Copied (new)
2026/07/23 16:04:54 INFO  : Projects/Agri/Agri.md: Copied (new)
2026/07/23 16:04:59 INFO  : Projects/Tokenization/BirrPoints.md: Copied (new)
2026/07/23 16:05:07 INFO  : Projects/Tokenization/ConsensusChain V1.md: Copied (new)
2026/07/23 16:05:07 INFO  : Projects/Tokenization/ECMA Sandbox.md: Copied (new)
2026/07/23 16:05:09 INFO  : Projects/Tokenization/ETBT.md: Copied (new)
2026/07/23 16:05:15 INFO  : Projects/Tokenization/FACTS.md: Copied (new)
2026/07/23 16:05:22 INFO  : Projects/Tokenization/MINT.md: Copied (new)
2026/07/23 16:05:23 INFO  : Projects/Tokenization/SBIR.md: Copied (new)
2026/07/23 16:05:25 INFO  : Projects/Tokenization/SBIRR PLAN.csv: Copied (new)
2026/07/23 16:05:29 INFO  : Projects/Tokenization/SBIRR PLAN_all.csv: Copied (new)
2026/07/23 16:05:39 INFO  : Projects/Tokenization/Tokenization.md: Copied (new)
2026/07/23 16:05:39 INFO  : Projects/VISA/VISA.md: Copied (new)
2026/07/23 16:05:41 INFO  : .trash/2026-05-30.md: Copied (new)
2026/07/23 16:05:45 INFO  : .trash/BIRREZY PLAN.csv: Copied (new)
2026/07/23 16:05:53 INFO  : .trash/BIRREZY PLAN_all.csv: Copied (new)
2026/07/23 16:05:53 INFO  : .trash/Birrezy Per Bank.csv: Copied (new)
2026/07/23 16:05:56 INFO  : .trash/Birrezy Per Bank_all.csv: Copied (new)
2026/07/23 16:06:02 INFO  : .trash/Cardano_Midnight_Ecosystem.md: Copied (new)
2026/07/23 16:06:10 INFO  : .trash/Design SBir.md: Copied (new)
2026/07/23 16:06:10 INFO  : .trash/ETBT.md: Copied (new)
2026/07/23 16:06:10 INFO  : .trash/EXCAL_Birrezy_ET-US_Flow.md: Copied (new)
2026/07/23 16:06:16 INFO  : .trash/Executive_Cockpit.md: Copied (new)
2026/07/23 16:06:26 INFO  : .trash/M0.md: Copied (new)
2026/07/23 16:06:26 INFO  : .trash/Literature_Desk.md: Copied (new)
2026/07/23 16:06:26 INFO  : .trash/MINT.md: Copied (new)
2026/07/23 16:06:32 INFO  : .trash/Media.md: Copied (new)
2026/07/23 16:06:38 INFO  : .trash/NEW.md: Copied (new)
2026/07/23 16:06:40 INFO  : .trash/NEW PAYMENT STRUCTURES.md: Copied (new)
2026/07/23 16:06:40 INFO  : .trash/Rectangle_1_(9).png: Copied (new)
2026/07/23 16:06:45 INFO  : .trash/Untitled 2.md: Copied (new)
2026/07/23 16:06:49 INFO  : .trash/Untitled 3.md: Copied (new)
2026/07/23 16:06:51 INFO  : .trash/Untitled.md: Copied (new)
2026/07/23 16:06:52 INFO  : .trash/index.html: Copied (new)
2026/07/23 16:06:57 INFO  : Products/Akafay/Akafay.md: Copied (new)
2026/07/23 16:07:00 INFO  : Products/Akafay/Akafay_Kanban.md: Copied (new)
2026/07/23 16:07:06 INFO  : Products/Akafay/AIS_and_Decision_PRO/AIS_Technical_Specification.md: Copied (new)
2026/07/23 16:07:07 INFO  : Products/Akafay/AIS_and_Decision_PRO/Decision_PRO_Command_Center.md: Copied (new)
2026/07/23 16:07:18 INFO  : Products/Akafay/AIS_and_Decision_PRO/Implementation_and_Roadmap.md: Copied (new)
2026/07/23 16:07:18 INFO  : Products/Akafay/AIS_and_Decision_PRO/Decision_PRO_Service_Level_Agreements.md: Copied (new)
2026/07/23 16:07:28 INFO  : Products/Akafay/Architecture_and_Engineering/AIS_Risk_Engine.md: Copied (new)
2026/07/23 16:07:29 INFO  : Products/Akafay/Architecture_and_Engineering/Embedded_Lending_and_Risk_Models.md: Copied (new)
2026/07/23 16:07:31 INFO  : Products/Akafay/Architecture_and_Engineering/Merchant_Integration_SDK.md: Copied (new)
2026/07/23 16:07:31 INFO  : Products/Akafay/Architecture_and_Engineering/Mobile_Application_Specs.md: Copied (new)
2026/07/23 16:07:47 INFO  : Products/Akafay/Architecture_and_Engineering/Tokenized_Card_Issuance_Specs.md: Copied (new)
2026/07/23 16:07:47 INFO  : Products/Akafay/Architecture_and_Engineering/System_Architecture_Overview.md: Copied (new)
2026/07/23 16:07:48 INFO  : Products/Akafay/Architecture_and_Engineering/Web_Application_Specs.md: Copied (new)
2026/07/23 16:07:49 INFO  : .vscode/settings.json: Copied (new)
2026/07/23 16:08:03 INFO  : Products/Akafay/Diagrams/EXCAL_Akafay_Architecture.excalidraw.md: Copied (new)
2026/07/23 16:08:03 INFO  : Products/Akafay/Diagrams/README.md: Copied (new)
2026/07/23 16:08:05 INFO  : Products/Akafay/Integrations/Bunna_A2A_Handshake.md: Copied (new)
2026/07/23 16:08:05 INFO  : Products/Akafay/Integrations/CBS_Integration.md: Copied (new)
2026/07/23 16:08:18 INFO  : Products/Akafay/Integrations/CBS_Integration_Discovery_Questions.md: Copied (new)
2026/07/23 16:08:19 INFO  : Products/Akafay/Integrations/CBS_Integration_Security_Questions.md: Copied (new)
2026/07/23 16:08:20 INFO  : Products/Akafay/Integrations/EthSwitch_Integration.md: Copied (new)
2026/07/23 16:08:21 INFO  : Products/Akafay/Integrations/Integrations_Overview.md: Copied (new)
2026/07/23 16:08:33 INFO  : Products/Akafay/Integrations/Mobile_Money_Integrations.md: Copied (new)
2026/07/23 16:08:35 INFO  : Products/Akafay/Integrations/Security_Overview.md: Copied (new)
2026/07/23 16:08:38 INFO  : Products/Akafay/Knowledge_base/photo_2026-06-17_16-59-33.jpg: Copied (new)
2026/07/23 16:08:38 INFO  : Products/Akafay/Knowledge_base/Knowledge_base.md: Copied (new)
2026/07/23 16:08:50 INFO  : Products/Akafay/Operating_System/Compliance_and_Fayda_Anchor.md: Copied (new)
2026/07/23 16:08:51 INFO  : Products/Akafay/Operating_System/Dispute_and_Reversal_Management.md: Copied (new)
2026/07/23 16:08:54 INFO  : Products/Akafay/Operating_System/Ecosystem_Architecture.md: Copied (new)
2026/07/23 16:08:55 INFO  : Products/Akafay/Operating_System/Onboarding_and_KYC_Spec.md: Copied (new)
2026/07/23 16:09:04 INFO  : Products/Akafay/Product_Ecosystem/Akafay_BNPL_Core.md: Copied (new)
2026/07/23 16:09:04 INFO  : Products/Akafay/Product_Ecosystem/Agaz_AI_Financial_Advisor.md: Copied (new)
2026/07/23 16:09:05 INFO  : Products/Akafay/Strategy_and_Capital/Akafay_Executive_Summary.md: Copied (new)
2026/07/23 16:09:06 INFO  : Products/Akafay/Product_Ecosystem/Akafay_Secure_Framework.md: Copied (new)
2026/07/23 16:09:22 INFO  : Products/Akafay/Strategy_and_Capital/Commercial_Scaling_Flywheel.md: Copied (new)
2026/07/23 16:09:22 INFO  : Products/Akafay/Strategy_and_Capital/Bunna_Bank_Partnership_SOW.md: Copied (new)
2026/07/23 16:09:22 INFO  : Products/Akafay/Strategy_and_Capital/Investment_Proposal_and_Metrics.md: Copied (new)
2026/07/23 16:09:22 INFO  : Products/Akafay/Strategy_and_Capital/Commercial_Model_and_Pitch.md: Copied (new)
2026/07/23 16:09:39 INFO  : Administration/Media/ai_logo.png: Copied (new)
2026/07/23 16:09:39 INFO  : Administration/Media/akafay_logo.png: Copied (new)
2026/07/23 16:09:40 INFO  : Administration/Media/decision_pro_logo_only.jpeg: Copied (new)
2026/07/23 16:09:40 INFO  : Administration/Media/dlt_logo_only.png: Copied (new)
2026/07/23 16:09:47 INFO  : Administration/Media/insa_logo.webp: Copied (new)
2026/07/23 16:09:49 INFO  : Administration/Media/logo_hotizontat.png: Copied (new)
2026/07/23 16:09:50 INFO  : Administration/Media/mint_logo.jpg: Copied (new)
2026/07/23 16:09:50 INFO  : Administration/Media/payware_logo.jpeg: Copied (new)
2026/07/23 16:09:57 INFO  : Administration/Media/visa_logo.png: Copied (new)
2026/07/23 16:09:59 INFO  : Administration/Media/zemen_bank_logo.png: Copied (new)
2026/07/23 16:10:02 INFO  : Administration/Meta/ADVANCED_VAULT_CHECKLIST.md: Copied (new)
2026/07/23 16:10:02 INFO  : Administration/Meta/AI_VAULT_POLICY.md: Copied (new)
2026/07/23 16:10:10 INFO  : Administration/Meta/CHANGELOG.md: Copied (new)
2026/07/23 16:10:14 INFO  : Administration/Meta/HADID.md: Copied (new)
2026/07/23 16:10:14 INFO  : Administration/Meta/Decentral_Technologies_Corporate_Profile.md: Copied (new)
2026/07/23 16:10:15 INFO  : Administration/Meta/LEGACY_AKAFAY_MAPPING.md: Copied (new)
2026/07/23 16:10:23 INFO  : Administration/Meta/LITERATURE_SYNC.md: Copied (new)
2026/07/23 16:10:28 INFO  : Administration/Meta/Nathan Bogale.md: Copied (new)
2026/07/23 16:10:28 INFO  : Administration/Meta/OBSIDIAN_GIT_SETTINGS.md: Copied (new)
2026/07/23 16:10:29 INFO  : Administration/Meta/MIGRATION_PLAYBOOK.md: Copied (new)
2026/07/23 16:10:35 INFO  : Administration/Meta/PLUGIN_SETUP.md: Copied (new)
2026/07/23 16:10:41 INFO  : Administration/Meta/QUARTERLY_VAULT_REVIEW.md: Copied (new)
2026/07/23 16:10:41 INFO  : Administration/Meta/TEMPLATER_FOLDER_CONFIG.md: Copied (new)
2026/07/23 16:10:42 INFO  : Administration/Meta/TAG_TAXONOMY.md: Copied (new)
2026/07/23 16:10:47 INFO  : Administration/Meta/VAULT_CONVENTIONS.md: Copied (new)
2026/07/23 16:10:54 INFO  : Administration/Meta/VAULT_GIT_COLLABORATION.md: Copied (new)
2026/07/23 16:10:54 INFO  : Administration/Meta/VAULT_ENHANCEMENT_MASTER_PLAN.md: Copied (new)
2026/07/23 16:10:54 INFO  : Administration/Meta/VAULT_DRIVE_SNAPSHOT.md: Copied (new)
2026/07/23 16:11:01 INFO  : Administration/Meta/VAULT_HEALTH.md: Copied (new)
2026/07/23 16:11:07 INFO  : Administration/Meta/VAULT_QA_CHECKLIST.md: Copied (new)
2026/07/23 16:11:07 INFO  : Administration/Meta/VAULT_ONBOARDING.md: Copied (new)
2026/07/23 16:11:07 INFO  : Administration/Meta/VAULT_MAINTENANCE_RITUALS.md: Copied (new)
2026/07/23 16:11:11 INFO  : Administration/Templates/TPL_Compliance_Log.md: Copied (new)
2026/07/23 16:11:20 INFO  : Administration/Templates/TPL_Decision_Record.md: Copied (new)
2026/07/23 16:11:20 INFO  : Administration/Templates/TPL_Corridor.md: Copied (new)
2026/07/23 16:11:21 INFO  : Administration/Templates/TPL_Daily_Note.md: Copied (new)
2026/07/23 16:11:26 INFO  : Administration/Templates/TPL_Integration.md: Copied (new)
2026/07/23 16:11:41 INFO  : Administration/Templates/TPL_Kanban_Board.md: Copied (new)
2026/07/23 16:11:42 INFO  : Administration/Templates/TPL_KB_Article.md: Copied (new)
2026/07/23 16:11:42 INFO  : Administration/Templates/TPL_Literature_Readwise.md: Copied (new)
2026/07/23 16:11:49 INFO  : Administration/Templates/TPL_Literature_Zotero.md: Copied (new)
2026/07/23 16:12:02 INFO  : Administration/Templates/TPL_Meeting.md: Copied (new)
2026/07/23 16:12:03 INFO  : Administration/Templates/TPL_Project.md: Copied (new)
2026/07/23 16:12:03 INFO  : Administration/Templates/TPL_Regulatory.md: Copied (new)
2026/07/23 16:12:09 INFO  : Administration/Templates/TPL_Spec.md: Copied (new)
2026/07/23 16:12:22 INFO  : Administration/Templates/Templates.md: Copied (new)
2026/07/23 16:12:23 INFO  : Dashboard/Dashboard.md: Copied (new)
2026/07/23 16:12:23 INFO  : Dashboard/Compliance_Command_Center.md: Copied (new)
2026/07/23 16:12:29 INFO  : Dashboard/Engineering_Status.md: Copied (new)
2026/07/23 16:12:40 INFO  : Dashboard/HADID_Central.md: Copied (new)
2026/07/23 16:12:41 INFO  : Dashboard/Overview.canvas: Copied (new)
2026/07/23 16:12:42 INFO  : Dashboard/Portfolio.base: Copied (new)
2026/07/23 16:12:48 INFO  : Dashboard/Product_Operations.md: Copied (new)
2026/07/23 16:12:58 INFO  : Dashboard/.space/context.mdb: Copied (new)
2026/07/23 16:12:58 INFO  : Execution/Entities x Engagements/Banks/Zemen.md: Copied (new)
2026/07/23 16:12:59 INFO  : Execution/Entities x Engagements/Banks/Bunna.md: Copied (new)
2026/07/23 16:13:05 INFO  : Execution/Entities x Engagements/Government/EAII.md: Copied (new)
2026/07/23 16:13:13 INFO  : Execution/Entities x Engagements/Government/ECMA.md: Copied (new)
2026/07/23 16:13:13 INFO  : Execution/Entities x Engagements/Government/MINT.md: Copied (new)
2026/07/23 16:13:13 INFO  : Execution/Entities x Engagements/Government/INSA.md: Copied (new)
2026/07/23 16:13:21 INFO  : Execution/Entities x Engagements/Government/NBE.md: Copied (new)
[2026-07-23 16:13:22] COPY PUSH start (no deletes)
2026/07/23 16:13:40 INFO  : Execution/Entities x Engagements/NGO/Gates.md: Copied (new)
2026/07/23 16:14:43 INFO  : .obsidian/plugins/copilot/data.json: Copied (new)
2026/07/23 16:14:45 INFO  : .obsidian/plugins/copilot/styles.css: Copied (new)
2026/07/23 16:14:45 INFO  : .obsidian/plugins/copilot/main.js: Copied (new)
2026/07/23 16:15:12 INFO  : Administration/Archive/Archive.md: Copied (new)
2026/07/23 16:15:12 INFO  : Administration/Archive/Presentation.md: Copied (new)
2026/07/23 16:15:14 INFO  : .obsidian/plugins/copilot/manifest.json: Copied (new)
2026/07/23 16:15:25 INFO  : Administration/Archive/Just Stuff.md: Copied (new)
2026/07/23 16:15:31 INFO  : Administration/Archive/LOOKUPS.md: Copied (new)
2026/07/23 16:15:51 INFO  : .obsidian/plugins/csv-allinone/styles.css: Copied (new)
2026/07/23 16:15:52 INFO  : .obsidian/plugins/csv-allinone/main.js: Copied (new)
2026/07/23 16:15:54 INFO  : .obsidian/plugins/csv-allinone/manifest.json: Copied (new)
2026/07/23 16:16:07 INFO  : .obsidian/snippets/hadid-callouts.css: Copied (new)
2026/07/23 16:16:07 INFO  : .obsidian/snippets/hadid-compliance-status.css: Copied (new)
2026/07/23 16:16:07 INFO  : .obsidian/plugins/csv-lite/main.js: Copied (new)
2026/07/23 16:16:19 INFO  : .obsidian/snippets/hadid-corridor.css: Copied (new)
2026/07/23 16:16:20 INFO  : .obsidian/snippets/hadid-dashboard-tables.css: Copied (new)
2026/07/23 16:16:29 INFO  : .obsidian/plugins/csv-lite/manifest.json: Copied (new)
2026/07/23 16:16:29 INFO  : .obsidian/plugins/csv-lite/styles.css: Copied (new)
2026/07/23 16:16:29 INFO  : .obsidian/plugins/csv-obsidian/main.js: Copied (new)
2026/07/23 16:16:42 INFO  : .obsidian/snippets/hadid-hub-borders.css: Copied (new)
2026/07/23 16:16:43 INFO  : .obsidian/snippets/hadid-deprecated.css: Copied (new)
2026/07/23 16:16:43 INFO  : .obsidian/plugins/csv-obsidian/manifest.json: Copied (new)
2026/07/23 16:16:52 INFO  : .obsidian/snippets/hadid-spec.css: Copied (new)
2026/07/23 16:16:54 INFO  : .obsidian/snippets/hadid-kb.css: Copied (new)
2026/07/23 16:17:05 INFO  : .obsidian/plugins/csv-obsidian/styles.css: Copied (new)
2026/07/23 16:17:06 INFO  : .obsidian/plugins/dataview/main.js: Copied (new)
2026/07/23 16:17:06 INFO  : .obsidian/plugins/dataview/manifest.json: Copied (new)
2026/07/23 16:17:13 INFO  : .obsidian/plugins/dataview/styles.css: Copied (new)
2026/07/23 16:17:14 INFO  : .obsidian/snippets/hadid-status-properties.css: Copied (new)
2026/07/23 16:17:40 INFO  : .obsidian/plugins/editing-toolbar/manifest.json: Copied (new)
2026/07/23 16:17:40 INFO  : .obsidian/plugins/editing-toolbar/styles.css: Copied (new)
2026/07/23 16:17:42 INFO  : .obsidian/plugins/google-calendar/main.js: Copied (new)
2026/07/23 16:17:47 INFO  : .obsidian/plugins/google-calendar/manifest.json: Copied (new)
2026/07/23 16:18:11 INFO  : .obsidian/plugins/juggl/manifest.json: Copied (new)
2026/07/23 16:18:12 INFO  : .obsidian/plugins/google-calendar/styles.css: Copied (new)
2026/07/23 16:18:17 INFO  : .obsidian/plugins/juggl/styles.css: Copied (new)
2026/07/23 16:18:18 INFO  : .obsidian/plugins/make-md/data.json: Copied (new)
2026/07/23 16:18:18 INFO  : Tags/#engagement/.space/context.mdb: Copied (new)
2026/07/23 16:18:19 INFO  : Tags/#kb/.space/context.mdb: Copied (new)
2026/07/23 16:18:31 INFO  : Tags/#architecture/.space/context.mdb: Copied (new)
2026/07/23 16:18:32 INFO  : Tags/#corridor/.space/context.mdb: Copied (new)
2026/07/23 16:18:47 INFO  : .obsidian/plugins/make-md/manifest.json: Copied (new)
2026/07/23 16:18:49 INFO  : .obsidian/plugins/make-md/main.js: Copied (new)
2026/07/23 16:18:51 INFO  : .obsidian/plugins/make-md/styles.css: Copied (new)
2026/07/23 16:18:53 INFO  : .obsidian/plugins/markdown-table-editor/main.js: Copied (new)
2026/07/23 16:19:00 INFO  : Administration/Archive/.space/def.json: Copied (new)
2026/07/23 16:19:13 INFO  : .obsidian/plugins/markdown-table-editor/manifest.json: Copied (new)
2026/07/23 16:19:17 INFO  : .obsidian/plugins/markdown-table-editor/styles.css: Copied (new)
2026/07/23 16:19:17 INFO  : .obsidian/snippets/hadid-callouts.css: Copied (new)
2026/07/23 16:19:18 INFO  : Tags/#journal/.space/context.mdb: Copied (new)
2026/07/23 16:19:18 INFO  : .obsidian/snippets/hadid-compliance-status.css: Copied (new)
2026/07/23 16:19:19 INFO  : Tags/#integration/.space/context.mdb: Copied (new)
2026/07/23 16:19:25 INFO  : Tags/#jurisdiction/.space/context.mdb: Copied (new)
2026/07/23 16:19:30 INFO  : .obsidian/snippets/hadid-corridor.css: Copied (new)
2026/07/23 16:19:35 INFO  : .obsidian/snippets/hadid-dashboard-tables.css: Copied (new)
2026/07/23 16:19:37 INFO  : .obsidian/snippets/hadid-deprecated.css: Copied (new)
2026/07/23 16:19:42 INFO  : .trash/Deprecated_Redirects_2026/404_Control_Matrix.md: Copied (new)
2026/07/23 16:19:43 INFO  : .obsidian/snippets/hadid-hub-borders.css: Copied (new)
2026/07/23 16:19:44 INFO  : Tags/#markets/.space/context.mdb: Copied (new)
2026/07/23 16:19:50 INFO  : .trash/Financial/Financial.md: Copied (new)
2026/07/23 16:19:59 INFO  : .obsidian/snippets/hadid-kb.css: Copied (new)
2026/07/23 16:20:07 INFO  : .obsidian/snippets/hadid-status-properties.css: Copied (new)
2026/07/23 16:20:09 INFO  : .obsidian/snippets/hadid-spec.css: Copied (new)
2026/07/23 16:20:12 INFO  : .trash/Deprecated_Redirects_2026/404_Control_Matrix.md: Copied (new)
2026/07/23 16:20:16 INFO  : Administration/Literature/Readwise/Readwise_Import_Hub.md: Copied (new)
2026/07/23 16:20:18 INFO  : .trash/Legacy_KB_2026/Market Making.md: Copied (new)
2026/07/23 16:20:18 INFO  : .trash/Legacy_KB_2026/MPC.md: Copied (new)
2026/07/23 16:20:26 INFO  : .trash/Legacy_KB_2026/NBE Sandbox.md: Copied (new)
2026/07/23 16:20:40 INFO  : .trash/Financial/Financial.md: Copied (new)
2026/07/23 16:20:46 INFO  : .trash/Legacy_KB_2026/MPC.md: Copied (new)
2026/07/23 16:20:48 INFO  : .trash/Legacy_KB_2026/Market Making.md: Copied (new)
2026/07/23 16:20:48 INFO  : .trash/Legacy_KB_2026/Project.md: Copied (new)
2026/07/23 16:20:48 INFO  : .trash/Legacy_KB_2026/Smart Contracts.md: Copied (new)
2026/07/23 16:20:49 INFO  : .trash/Legacy_KB_2026/NBE Sandbox.md: Copied (new)
2026/07/23 16:20:50 INFO  : .trash/Legacy_KB_2026/Projects.md: Copied (new)
2026/07/23 16:20:56 INFO  : .trash/Legacy_KB_2026/Web3 challenger.md: Copied (new)
2026/07/23 16:21:13 INFO  : .trash/Legacy_KB_2026/Project.md: Copied (new)
2026/07/23 16:21:20 INFO  : .trash/Legacy_KB_2026/smart contract.md: Copied (new)
2026/07/23 16:21:20 INFO  : .trash/Legacy_KB_2026/Smart Contracts.md: Copied (new)
2026/07/23 16:21:20 INFO  : Administration/Archive/Deprecated_2026/ARCHIVED_Akafay_MAP_redirect.md: Copied (new)
2026/07/23 16:21:21 INFO  : .trash/Legacy_KB_2026/Web3 challenger.md: Copied (new)
2026/07/23 16:21:21 INFO  : Administration/Archive/Deprecated_2026/ARCHIVED_Projects_redirect.md: Copied (new)
2026/07/23 16:21:22 INFO  : .trash/Legacy_KB_2026/Projects.md: Copied (new)
2026/07/23 16:21:29 INFO  : Administration/Archive/Deprecated_2026/Birrezy 2.md: Copied (new)
2026/07/23 16:21:44 INFO  : .trash/Legacy_KB_2026/smart contract.md: Copied (new)
2026/07/23 16:21:49 INFO  : Administration/Archive/Deprecated_2026/Kanban_Vault_Migration.md: Copied (new)
2026/07/23 16:21:51 INFO  : Administration/Archive/Deprecated_2026/Birrezy Travel Rule.md: Copied (new)
2026/07/23 16:21:51 INFO  : .trash/Plans/Plans.md: Copied (new)
2026/07/23 16:21:54 INFO  : Products/Akafay/Integrations/.space/def.json: Copied (new)
2026/07/23 16:22:07 INFO  : Products/Akafay/Knowledge_base/.space/def.json: Copied (new)
2026/07/23 16:22:11 INFO  : Tags/#meta/.space/context.mdb: Copied (new)
2026/07/23 16:22:13 INFO  : Administration/Literature/Zotero/Zotero_Import_Hub.md: Copied (new)
2026/07/23 16:22:14 INFO  : Tags/#meta+dashboard/.space/context.mdb: Copied (new)
2026/07/23 16:22:14 INFO  : Administration/Archive/Archive.md: Copied (new)
2026/07/23 16:22:15 INFO  : Administration/Archive/Just Stuff.md: Copied (new)
2026/07/23 16:22:33 INFO  : Administration/Archive/LOOKUPS.md: Copied (new)
2026/07/23 16:22:34 INFO  : .trash/Tags 2/#type/.space/context.mdb: Copied (new)
2026/07/23 16:22:39 INFO  : Administration/Tags/#type+project/#type+project.md: Copied (new)
2026/07/23 16:22:41 INFO  : Administration/Archive/Presentation.md: Copied (new)
2026/07/23 16:22:43 INFO  : Administration/Archive/Deprecated_2026/ARCHIVED_Akafay_MAP_redirect.md: Copied (new)
2026/07/23 16:23:03 INFO  : Administration/Archive/Deprecated_2026/Birrezy Travel Rule.md: Copied (new)
2026/07/23 16:23:03 INFO  : Administration/Archive/Deprecated_2026/Birrezy 2.md: Copied (new)
2026/07/23 16:23:03 INFO  : Tags/#meta+kb/.space/context.mdb: Copied (new)
2026/07/23 16:23:04 INFO  : .trash/Akafay_Vault/60_Excalidraw/EXCAL_Birrezy_ET-US_Flow.excalidraw.md: Copied (new)
2026/07/23 16:23:04 INFO  : Administration/Archive/Deprecated_2026/Kanban_Vault_Migration.md: Copied (new)
2026/07/23 16:23:04 INFO  : Knowledge_Base/Crypto_and_DeFi/CDPs.md: Copied (new)
2026/07/23 16:23:05 INFO  : .trash/Akafay_Vault/60_Excalidraw/EXCAL_Birrezy_ET-ET_Flow.excalidraw.md: Copied (new)
2026/07/23 16:23:05 INFO  : Administration/Archive/Deprecated_2026/ARCHIVED_Projects_redirect.md: Copied (new)
2026/07/23 16:23:25 INFO  : Administration/Literature/Readwise/Readwise_Import_Hub.md: Copied (new)
2026/07/23 16:23:25 INFO  : Knowledge_Base/Crypto_and_DeFi/Consensus_PoW_PoS_BFT.md: Copied (new)
2026/07/23 16:23:26 INFO  : Knowledge_Base/Crypto_and_DeFi/Layer2_Rollups_and_Metrics.md: Copied (new)
2026/07/23 16:23:26 INFO  : Knowledge_Base/Crypto_and_DeFi/Crypto_Derivatives.md: Copied (new)
2026/07/23 16:23:26 INFO  : Administration/Literature/Zotero/Zotero_Import_Hub.md: Copied (new)
2026/07/23 16:23:27 INFO  : Administration/Archive/Web3_Split_2026/Web3_challenger_FULL.md: Copied (new)
2026/07/23 16:23:27 INFO  : Administration/Meta/Decisions/DR-20260525-FATF_TRAVEL_RULE.md: Copied (new)
2026/07/23 16:23:28 INFO  : Knowledge_Base/Crypto_and_DeFi/Smart_Contracts.md: Copied (new)
2026/07/23 16:23:44 INFO  : Knowledge_Base/Crypto_and_DeFi/Stablecoins.md: Copied (new)
2026/07/23 16:23:48 INFO  : Administration/Meta/Decisions/DR-20260525-MAKE_MD_SPACES.md: Copied (new)
2026/07/23 16:23:49 INFO  : Knowledge_Base/Crypto_and_DeFi/ZK_Rollups_and_Proofs.md: Copied (new)
2026/07/23 16:23:49 INFO  : Knowledge_Base/Crypto_and_DeFi/Web3_Architecture_Overview.md: Copied (new)
2026/07/23 16:23:50 INFO  : Administration/Meta/Decisions/DR-20260525-VAULT_HIERARCHY.md: Copied (new)
2026/07/23 16:23:50 INFO  : Administration/Meta/Decisions/DR-20260530-PROJECTS_FOLDER.md: Copied (new)
2026/07/23 16:23:50 INFO  : Administration/Meta/Decisions/DR-20260530-QUARTERLY_VAULT_REVIEW.md: Copied (new)
2026/07/23 16:24:11 INFO  : Administration/Meta/Decisions/DR-20260530-VAULT_E13_RESTRUCTURE.md: Copied (new)
2026/07/23 16:24:11 INFO  : Administration/Meta/Decisions/DR-20260615-MAP_TO_PARENT.md: Copied (new)
2026/07/23 16:24:12 INFO  : .trash/Akafay_Vault 2/60_Excalidraw/EXCAL_Birrezy_ET-US_Flow.excalidraw.md: Copied (new)
2026/07/23 16:24:12 INFO  : Administration/Meta/Decisions/DR-20260621-E21_POST_MAP_HYGIENE.md: Copied (new)
2026/07/23 16:24:12 INFO  : .trash/Akafay_Vault 2/60_Excalidraw/EXCAL_Birrezy_ET-ET_Flow.excalidraw.md: Copied (new)
2026/07/23 16:24:12 INFO  : Administration/Meta/Decisions/DR-20260603-PHASE4_UI.md: Copied (new)
2026/07/23 16:24:29 INFO  : .trash/Financial/.space/def.json: Copied (new)
2026/07/23 16:24:31 INFO  : .trash/Financial/.space/views.mdb: Copied (new)
2026/07/23 16:24:37 INFO  : Administration/Meta/Decisions/DR-20260623-E23_PRODUCT_FOLDER_NORMALIZATION.md: Copied (new)
2026/07/23 16:24:38 INFO  : Administration/Meta/Decisions/DR-20260622-E22_STUB_SUNSET.md: Copied (new)
2026/07/23 16:24:38 INFO  : .trash/Plans/Plans.md: Copied (new)
2026/07/23 16:24:38 INFO  : Administration/Meta/Decisions/DR-20260624-E24_KANBAN_AT_PRODUCT_ROOT.md: Copied (new)
2026/07/23 16:24:40 INFO  : Administration/Meta/Decisions/DR-20260624-E24_KANBAN_STUB_SUNSET.md: Copied (new)
2026/07/23 16:24:54 INFO  : Administration/Archive/Web3_Split_2026/Web3_challenger_FULL.md: Copied (new)
2026/07/23 16:25:00 INFO  : Administration/Meta/Decisions/DR-20260624-E28_GLOBAL_DASHBOARD_REFRESH.md: Copied (new)
2026/07/23 16:25:00 INFO  : Administration/Meta/Decisions/Decisions_Index.md: Copied (new)
2026/07/23 16:25:02 INFO  : Administration/Tags/#type+project/.space/def.json: Copied (new)
2026/07/23 16:25:02 INFO  : Administration/Meta/logs/drive_snapshot_dry_run_20260602-1717.log: Copied (new)
2026/07/23 16:25:02 INFO  : Administration/Meta/logs/README.md: Copied (new)
2026/07/23 16:25:04 INFO  : .trash/Literature/Readwise/000_Readwise_Import_Hub.md: Copied (new)
2026/07/23 16:25:11 INFO  : Tags/#partner/.space/context.mdb: Copied (new)
2026/07/23 16:25:17 INFO  : Administration/Meta/logs/robocopy_listonly_20260602-1717.txt: Copied (new)
2026/07/23 16:25:21 INFO  : .obsidian/plugins/calendar/data.json: Copied (new)
2026/07/23 16:25:22 INFO  : Administration/Meta/scripts/audit_postE11.ps1: Copied (new)
2026/07/23 16:25:22 INFO  : Administration/Meta/scripts/Product_Factory.md: Copied (new)
2026/07/23 16:25:23 INFO  : Administration/Meta/scripts/audit_postE11.log: Copied (new)
2026/07/23 16:25:24 INFO  : .obsidian/plugins/calendar/main.js: Copied (new)
2026/07/23 16:25:25 INFO  : .obsidian/plugins/calendar/manifest.json: Copied (new)
2026/07/23 16:25:29 INFO  : .trash/Literature 2/Readwise/Readwise_Import_Hub.md: Copied (new)
2026/07/23 16:25:31 INFO  : Administration/Meta/scripts/e11_content_polish.ps1: Copied (new)
2026/07/23 16:25:37 INFO  : Administration/Meta/scripts/e11_kb_rename_qa.ps1: Copied (new)
2026/07/23 16:25:37 INFO  : .trash/Literature/Zotero/000_Zotero_Import_Hub.md: Copied (new)
2026/07/23 16:25:38 INFO  : Administration/Meta/scripts/e11_find_remaining.ps1: Copied (new)
2026/07/23 16:25:38 INFO  : Administration/Meta/scripts/e11_fill_missing_fields.ps1: Copied (new)
2026/07/23 16:25:40 INFO  : Products/.space/context.mdb: Copied (new)
2026/07/23 16:25:42 INFO  : Products/.space/def.json: Copied (new)
2026/07/23 16:25:49 INFO  : Products/.space/views.mdb: Copied (new)
2026/07/23 16:25:51 INFO  : Administration/Meta/scripts/e11_kb_rename_rewrite.ps1: Copied (new)
2026/07/23 16:25:58 INFO  : Administration/Meta/scripts/e11_normalize_frontmatter.ps1: Copied (new)
2026/07/23 16:25:59 INFO  : Administration/Meta/scripts/e11_strip_notion_inline.ps1: Copied (new)
2026/07/23 16:26:02 INFO  : Administration/Meta/scripts/e12_akafay_renumber.ps1: Copied (new)
2026/07/23 16:26:09 INFO  : .trash/Literature 2/Zotero/Zotero_Import_Hub.md: Copied (new)
2026/07/23 16:26:09 INFO  : Administration/Meta/scripts/e12_append_nav_footer.ps1: Copied (new)
2026/07/23 16:26:28 INFO  : Administration/Meta/scripts/e12_find_dup_h1.ps1: Copied (new)
2026/07/23 16:26:28 INFO  : Administration/Meta/scripts/e12_backfill_last_reviewed.ps1: Copied (new)
2026/07/23 16:26:28 INFO  : Administration/Meta/scripts/e12_check_aliases.ps1: Copied (new)
2026/07/23 16:26:29 INFO  : Administration/Meta/scripts/e12_backfill_owner.ps1: Copied (new)
2026/07/23 16:26:29 INFO  : .trash/Plans/.space/def.json: Copied (new)
2026/07/23 16:26:30 INFO  : .obsidian/plugins/csv-allinone/main.js: Copied (new)
2026/07/23 16:26:45 INFO  : Administration/Archive/Legacy_Akafay_2026/Akafay/Akafay.md: Copied (new)
2026/07/23 16:26:49 INFO  : Tags/#product/.space/context.mdb: Copied (new)
2026/07/23 16:26:59 INFO  : Administration/Meta/scripts/e12_find_missing_embeds.ps1: Copied (new)
2026/07/23 16:27:00 INFO  : Administration/Meta/scripts/e12_link_audit.ps1: Copied (new)
2026/07/23 16:27:00 INFO  : Administration/Meta/scripts/e12_strip_alias_tags.ps1: Copied (new)
2026/07/23 16:27:00 INFO  : Administration/Meta/scripts/e13_vault_restructure.ps1: Copied (new)
2026/07/23 16:27:01 INFO  : .obsidian/plugins/csv-allinone/styles.css: Copied (new)
2026/07/23 16:27:01 INFO  : .obsidian/plugins/csv-allinone/manifest.json: Copied (new)
2026/07/23 16:27:22 INFO  : Products/Birrezy/Birrezy.base: Copied (new)
2026/07/23 16:27:24 INFO  : Products/Birrezy/Birrezy.md: Copied (new)
2026/07/23 16:27:29 INFO  : Administration/Meta/scripts/e14_fix_mojibake_dot.ps1: Copied (new)
2026/07/23 16:27:43 INFO  : Administration/Meta/scripts/e14_ui_polish.ps1: Copied (new)
2026/07/23 16:27:45 INFO  : Administration/Meta/scripts/e15_kb_ready_sprint.ps1: Copied (new)
2026/07/23 16:27:46 INFO  : Administration/Meta/scripts/e14_projects_folder.ps1: Copied (new)
2026/07/23 16:27:46 INFO  : Products/Birrezy/Birrezy_Kanban.md: Copied (new)
2026/07/23 16:27:49 INFO  : Administration/Archive/Deprecated_2026/Products_Cleanup/Wallet+.md: Copied (new)
2026/07/23 16:27:49 INFO  : Administration/Archive/Deprecated_2026/Products_Cleanup/Decision PRO Features.md: Copied (new)
2026/07/23 16:27:50 INFO  : Administration/Archive/Deprecated_2026/Products_Cleanup/Decision PRO.md: Copied (new)
2026/07/23 16:27:57 INFO  : Administration/Meta/scripts/e16_drive_snapshot_dry_run.ps1: Copied (new)
2026/07/23 16:28:21 INFO  : Administration/Meta/scripts/e17_merge_products_tokenization.ps1: Copied (new)
2026/07/23 16:28:21 INFO  : Administration/Meta/scripts/e18_deprecated_cleanup.ps1: Copied (new)
2026/07/23 16:28:21 INFO  : Administration/Meta/scripts/e19_rename_moc_to_map.ps1: Copied (new)
2026/07/23 16:28:21 INFO  : .obsidian/plugins/csv-lite/main.js: Copied (new)
2026/07/23 16:28:21 INFO  : Execution/Entities x Engagements/.space/views.mdb: Copied (new)
2026/07/23 16:28:24 INFO  : Administration/Meta/scripts/e20_merge_map_to_parent.ps1: Copied (new)
2026/07/23 16:28:52 INFO  : Administration/Meta/scripts/e22_archive_map_stubs.ps1: Copied (new)
2026/07/23 16:28:55 INFO  : Administration/Meta/scripts/e23_create_kanban_boards.ps1: Copied (new)
2026/07/23 16:28:55 INFO  : .obsidian/plugins/csv-lite/manifest.json: Copied (new)
2026/07/23 16:28:55 INFO  : .obsidian/plugins/csv-lite/styles.css: Copied (new)
2026/07/23 16:28:56 INFO  : Administration/Meta/scripts/e22_verify_stub_links.ps1: Copied (new)
2026/07/23 16:28:57 INFO  : Administration/Archive/Deprecated_2026/E20_MAP_stubs/Knowledge_Base/KB_MAP.md: Copied (new)
2026/07/23 16:28:59 INFO  : Administration/Meta/scripts/e23_move_kanban_to_products.ps1: Copied (new)
2026/07/23 16:28:59 INFO  : Tags/#regulatory/.space/context.mdb: Copied (new)
2026/07/23 16:29:27 INFO  : Administration/Meta/scripts/e23_product_folder_hygiene.ps1: Copied (new)
2026/07/23 16:29:30 INFO  : Administration/Meta/scripts/e23_rename_excalidraw_to_diagrams.ps1: Copied (new)
2026/07/23 16:29:30 INFO  : Products/Decision_PRO/Decision_PRO.md: Copied (new)
2026/07/23 16:29:30 INFO  : Administration/Meta/scripts/e23_product_folder_moves.ps1: Copied (new)
2026/07/23 16:29:31 INFO  : Administration/Archive/Legacy_Akafay_2026/Akafay/.space/def.json: Copied (new)
2026/07/23 16:29:31 INFO  : Administration/Meta/scripts/e24_archive_kanban_stubs.ps1: Copied (new)
2026/07/23 16:29:32 INFO  : Products/Decision_PRO/Decision_PRO_Kanban.md: Copied (new)
2026/07/23 16:29:33 INFO  : Administration/Meta/Decisions/DR-20260525-FATF_TRAVEL_RULE.md: Copied (new)
2026/07/23 16:29:51 INFO  : Administration/Meta/scripts/e24_diagrams_hygiene.ps1: Copied (new)
2026/07/23 16:30:01 INFO  : Administration/Meta/scripts/e24_enforce_diagrams.ps1: Copied (new)
2026/07/23 16:30:01 INFO  : Administration/Meta/Decisions/DR-20260525-MAKE_MD_SPACES.md: Copied (new)
2026/07/23 16:30:02 INFO  : Administration/Meta/Decisions/DR-20260530-PROJECTS_FOLDER.md: Copied (new)
2026/07/23 16:30:02 INFO  : Administration/Meta/Decisions/DR-20260530-QUARTERLY_VAULT_REVIEW.md: Copied (new)
2026/07/23 16:30:02 INFO  : Administration/Meta/Decisions/DR-20260525-VAULT_HIERARCHY.md: Copied (new)
2026/07/23 16:30:02 INFO  : Administration/Meta/scripts/e24_drift_cleanup.ps1: Copied (new)
2026/07/23 16:30:03 INFO  : Administration/Meta/scripts/e24_move_kanban_to_product_root.ps1: Copied (new)
2026/07/23 16:30:37 INFO  : Administration/Meta/Decisions/DR-20260530-VAULT_E13_RESTRUCTURE.md: Copied (new)
2026/07/23 16:30:39 INFO  : Administration/Meta/Decisions/DR-20260621-E21_POST_MAP_HYGIENE.md: Copied (new)
2026/07/23 16:30:39 INFO  : Administration/Meta/scripts/e25_seed_product_kanbans.ps1: Copied (new)
2026/07/23 16:30:39 INFO  : Administration/Meta/Decisions/DR-20260615-MAP_TO_PARENT.md: Copied (new)
2026/07/23 16:30:39 INFO  : Administration/Meta/Decisions/DR-20260603-PHASE4_UI.md: Copied (new)
2026/07/23 16:30:39 INFO  : Administration/Meta/scripts/e26_diagrams_polish.ps1: Copied (new)
2026/07/23 16:30:40 INFO  : Administration/Meta/scripts/e27_filename_hygiene.ps1: Copied (new)
2026/07/23 16:30:40 INFO  : Administration/Meta/scripts/e24_product_folder_hygiene.ps1: Copied (new)
2026/07/23 16:31:10 INFO  : Administration/Meta/Decisions/DR-20260622-E22_STUB_SUNSET.md: Copied (new)
2026/07/23 16:31:12 INFO  : Administration/Meta/Decisions/DR-20260623-E23_PRODUCT_FOLDER_NORMALIZATION.md: Copied (new)
2026/07/23 16:31:13 INFO  : Administration/Meta/Decisions/DR-20260624-E24_KANBAN_AT_PRODUCT_ROOT.md: Copied (new)
2026/07/23 16:31:13 INFO  : Administration/Meta/scripts/e4_apply_tags.ps1: Copied (new)
2026/07/23 16:31:13 INFO  : Administration/Meta/scripts/strip_windows_metadata.ps1: Copied (new)
2026/07/23 16:31:14 INFO  : Administration/Meta/scripts/e28_refresh_priorities_from_kanban.ps1: Copied (new)
2026/07/23 16:31:14 INFO  : Administration/Meta/scripts/pre_commit_qa.ps1: Copied (new)
2026/07/23 16:31:15 INFO  : Administration/Meta/Decisions/DR-20260624-E24_KANBAN_STUB_SUNSET.md: Copied (new)
2026/07/23 16:31:34 INFO  : Administration/Meta/Decisions/DR-20260624-E28_GLOBAL_DASHBOARD_REFRESH.md: Copied (new)
2026/07/23 16:31:47 INFO  : Administration/Meta/theme/HADID_THEME.md: Copied (new)
2026/07/23 16:31:47 INFO  : Administration/Meta/theme/excalidraw-paths.json: Copied (new)
2026/07/23 16:31:47 INFO  : Administration/Meta/scripts/sync_iconize_data.ps1: Copied (new)
2026/07/23 16:31:47 INFO  : Administration/Meta/theme/copilot-vault-policy.json: Copied (new)
2026/07/23 16:31:47 INFO  : Administration/Meta/Decisions/Decisions_Index.md: Copied (new)
2026/07/23 16:32:03 INFO  : Products/Birrezy/.space/context.mdb: Copied (new)
2026/07/23 16:32:04 INFO  : Tags/#status/.space/context.mdb: Copied (new)
2026/07/23 16:32:09 INFO  : Administration/Archive/Deprecated_2026/E20_MAP_stubs/Execution/Entities x Engagements/Engagements_MAP.md: Copied (new)
2026/07/23 16:32:09 INFO  : Administration/Meta/theme/literature-paths.json: Copied (new)
2026/07/23 16:32:10 INFO  : Products/Birrezy/.space/def.json: Copied (new)
2026/07/23 16:32:10 INFO  : Administration/Meta/theme/iconize-data.json: Copied (new)
2026/07/23 16:32:10 INFO  : Administration/Meta/theme/hadid-appearance.json: Copied (new)
2026/07/23 16:32:11 INFO  : Administration/Meta/theme/hadid-visual-engine.md: Copied (new)
2026/07/23 16:32:48 INFO  : Administration/Tags/#type+project/.space/def.json: Copied (new)
2026/07/23 16:32:48 INFO  : Administration/Tags/#type+project/#type+project.md: Copied (new)
2026/07/23 16:32:48 INFO  : .obsidian/plugins/csv-obsidian/main.js: Copied (new)
2026/07/23 16:32:48 INFO  : Administration/Meta/theme/smart-connections-policy.json: Copied (new)
2026/07/23 16:32:48 INFO  : Execution/Entities x Engagements/.space/views.mdb: Copied (new)
2026/07/23 16:32:49 INFO  : .obsidian/plugins/csv-obsidian/styles.css: Copied (new)
2026/07/23 16:32:49 INFO  : .obsidian/plugins/csv-obsidian/manifest.json: Copied (new)
2026/07/23 16:32:49 INFO  : Administration/Archive/Legacy_Akafay_2026/Akafay/Akafay/AGE LIMITS.md: Copied (new)
2026/07/23 16:33:15 INFO  : .obsidian/plugins/calendar/main.js: Copied (new)
2026/07/23 16:33:21 INFO  : .obsidian/plugins/calendar/data.json: Copied (new)
2026/07/23 16:33:22 INFO  : Administration/Archive/Legacy_Akafay_2026/Akafay/Akafay/AKAFAY CARD PLANS_all.csv: Copied (new)
2026/07/23 16:33:23 INFO  : .obsidian/plugins/calendar/manifest.json: Copied (new)
2026/07/23 16:33:24 INFO  : Administration/Archive/Legacy_Akafay_2026/Akafay/Akafay/AIS Enhancements.md: Copied (new)
2026/07/23 16:33:25 INFO  : Administration/Archive/Legacy_Akafay_2026/Akafay/Akafay/AKAFAY CARD PLANS.csv: Copied (new)
2026/07/23 16:33:25 INFO  : Administration/Archive/Legacy_Akafay_2026/Akafay/Akafay/AIS.md: Copied (new)
2026/07/23 16:33:26 INFO  : .obsidian/plugins/obsidian-git/main.js: Copied (new)
2026/07/23 16:33:59 INFO  : .obsidian/plugins/obsidian-git/manifest.json: Copied (new)
2026/07/23 16:34:04 INFO  : .obsidian/plugins/obsidian-git/styles.css: Copied (new)
2026/07/23 16:34:05 INFO  : Administration/Archive/Legacy_Akafay_2026/Akafay/Akafay/AKAFAY PLANS_all.csv: Copied (new)
2026/07/23 16:34:05 INFO  : Administration/Archive/Legacy_Akafay_2026/Akafay/Akafay/AKAFAY PLANS.csv: Copied (new)
2026/07/23 16:34:05 INFO  : .obsidian/plugins/obsidian-icon-folder/data.json: Copied (new)
2026/07/23 16:34:07 INFO  : Administration/Archive/Legacy_Akafay_2026/Akafay/Akafay/Akafay CORPORATE.md: Copied (new)
2026/07/23 16:34:08 INFO  : Administration/Archive/Legacy_Akafay_2026/Akafay/Akafay/Agazh V1.md: Copied (new)
2026/07/23 16:34:08 INFO  : .obsidian/plugins/obsidian-icon-folder/manifest.json: Copied (new)
2026/07/23 16:34:37 INFO  : .obsidian/plugins/obsidian-icon-folder/styles.css: Copied (new)
2026/07/23 16:34:38 INFO  : .obsidian/plugins/obsidian-kanban/manifest.json: Copied (new)
2026/07/23 16:34:39 INFO  : .obsidian/plugins/obsidian-kanban/main.js: Copied (new)
2026/07/23 16:34:40 INFO  : Administration/Archive/Legacy_Akafay_2026/Akafay/Akafay/Bunna Kickoff Meeting.md: Copied (new)
2026/07/23 16:34:40 INFO  : Administration/Archive/Legacy_Akafay_2026/Akafay/Akafay/Akafay Card.md: Copied (new)
2026/07/23 16:34:43 INFO  : .obsidian/plugins/obsidian-kanban/styles.css: Copied (new)
2026/07/23 16:34:43 INFO  : Administration/Archive/Legacy_Akafay_2026/Akafay/Akafay/Design Bunna Training.md: Copied (new)
2026/07/23 16:34:44 INFO  : Administration/Archive/Legacy_Akafay_2026/Akafay/Akafay/Credit Scoring Page.md: Copied (new)
2026/07/23 16:35:23 INFO  : .obsidian/plugins/obsidian-style-settings/styles.css: Copied (new)
2026/07/23 16:35:24 INFO  : .obsidian/plugins/obsidian-style-settings/manifest.json: Copied (new)
2026/07/23 16:35:24 INFO  : .obsidian/plugins/obsidian-style-settings/main.js: Copied (new)
2026/07/23 16:35:25 INFO  : Administration/Archive/Legacy_Akafay_2026/Akafay/Akafay/Design.md: Copied (new)
2026/07/23 16:35:27 INFO  : Administration/Archive/Legacy_Akafay_2026/Akafay/Akafay/Design your card.md: Copied (new)
2026/07/23 16:35:30 INFO  : Administration/Archive/Legacy_Akafay_2026/Akafay/Akafay/Development.md: Copied (new)
2026/07/23 16:35:32 INFO  : Administration/Archive/Legacy_Akafay_2026/Akafay/Akafay/ENHANCEMENTS.md: Copied (new)
2026/07/23 16:35:32 INFO  : .obsidian/plugins/obsidian-tasks-plugin/main.js: Copied (new)
2026/07/23 16:36:00 INFO  : .obsidian/plugins/obsidian-tasks-plugin/manifest.json: Copied (new)
2026/07/23 16:36:01 INFO  : .obsidian/plugins/obsidian-tasks-plugin/styles.css: Copied (new)
2026/07/23 16:36:02 INFO  : Administration/Archive/Legacy_Akafay_2026/Akafay/Akafay/Requirement.md: Copied (new)
2026/07/23 16:36:02 INFO  : .obsidian/plugins/obsidian-theme-toggler/data.json: Copied (new)
2026/07/23 16:36:03 INFO  : Administration/Archive/Legacy_Akafay_2026/Akafay/Akafay/Requirement (1).md: Copied (new)
2026/07/23 16:36:06 INFO  : Administration/Archive/Legacy_Akafay_2026/Akafay/Akafay/Rules Engine.md: Copied (new)
2026/07/23 16:36:06 INFO  : .obsidian/plugins/obsidian-theme-toggler/main.js: Copied (new)
2026/07/23 16:36:06 INFO  : Administration/Archive/Legacy_Akafay_2026/Akafay/Akafay/image 5.png: Copied (new)
2026/07/23 16:36:27 INFO  : .obsidian/plugins/obsidian-theme-toggler/manifest.json: Copied (new)
2026/07/23 16:36:27 INFO  : .obsidian/plugins/omnisearch/data.json: Copied (new)
2026/07/23 16:36:27 INFO  : .obsidian/plugins/obsidian-theme-toggler/styles.css: Copied (new)
2026/07/23 16:36:28 INFO  : Administration/Archive/Legacy_Akafay_2026/Akafay/Akafay/image 7.png: Copied (new)
2026/07/23 16:36:28 INFO  : .obsidian/plugins/omnisearch/main.js: Copied (new)
2026/07/23 16:36:31 INFO  : Projects/Agri/.space/def.json: Copied (new)
2026/07/23 16:36:31 INFO  : Products/EquityOne/EquityOne_Kanban.md: Copied (new)
2026/07/23 16:36:31 INFO  : Products/EquityOne/EquityOne.md: Copied (new)
2026/07/23 16:36:52 INFO  : .obsidian/plugins/omnisearch/manifest.json: Copied (new)
2026/07/23 16:36:52 INFO  : .obsidian/plugins/omnisearch/styles.css: Copied (new)
2026/07/23 16:36:52 INFO  : Administration/Meta/logs/drive_snapshot_dry_run_20260602-1717.log: Copied (new)
2026/07/23 16:36:52 INFO  : .obsidian/plugins/remotely-save/main.js: Copied (new)
2026/07/23 16:36:53 INFO  : Administration/Meta/logs/README.md: Copied (new)
2026/07/23 16:36:53 INFO  : Administration/Meta/logs/robocopy_listonly_20260602-1717.txt: Copied (new)
2026/07/23 16:36:59 INFO  : .obsidian/plugins/remotely-save/manifest.json: Copied (new)
2026/07/23 16:37:11 INFO  : .obsidian/plugins/remotely-save/styles.css: Copied (new)
2026/07/23 16:37:11 INFO  : .obsidian/plugins/smart-connections/main.js: Copied (new)
2026/07/23 16:37:11 INFO  : .obsidian/plugins/smart-connections/manifest.json: Copied (new)
2026/07/23 16:37:16 INFO  : .obsidian/plugins/smart-connections/styles.css: Copied (new)
2026/07/23 16:37:32 INFO  : .obsidian/plugins/table-editor-obsidian/manifest.json: Copied (new)
2026/07/23 16:37:33 INFO  : .obsidian/plugins/table-editor-obsidian/data.json: Copied (new)
2026/07/23 16:37:34 INFO  : Administration/Archive/Deprecated_2026/E24_Kanban_stubs/Dashboard/Kanban/Kanban_Birrezy_Corridors.md: Copied (new)
2026/07/23 16:37:34 INFO  : .obsidian/plugins/table-editor-obsidian/main.js: Copied (new)
2026/07/23 16:37:34 INFO  : Tags/#status+deprecated/.space/context.mdb: Copied (new)
2026/07/23 16:37:37 INFO  : Administration/Archive/Deprecated_2026/E24_Kanban_stubs/Dashboard/Kanban/Kanban_Compliance.md: Copied (new)
2026/07/23 16:37:40 INFO  : Administration/Archive/Deprecated_2026/E24_Kanban_stubs/Dashboard/Kanban/Kanban_Akafay_Delivery.md: Copied (new)
2026/07/23 16:37:43 INFO  : .obsidian/plugins/table-editor-obsidian/styles.css: Copied (new)
2026/07/23 16:37:47 INFO  : .trash/Akafay_Vault/60_Excalidraw/EXCAL_Birrezy_ET-ET_Flow.excalidraw.md: Copied (new)
2026/07/23 16:37:49 INFO  : .trash/Akafay_Vault/60_Excalidraw/EXCAL_Birrezy_ET-US_Flow.excalidraw.md: Copied (new)
2026/07/23 16:37:49 INFO  : .trash/Akafay_Vault 2/60_Excalidraw/EXCAL_Birrezy_ET-ET_Flow.excalidraw.md: Copied (new)
2026/07/23 16:37:50 INFO  : Products/Decision_PRO/.space/context.mdb: Copied (new)
2026/07/23 16:37:52 INFO  : Products/Birrezy/Architecture_and_Engineering/Birrezy_Architecture_Overview.md: Copied (new)
2026/07/23 16:37:57 INFO  : Products/Birrezy/Architecture_and_Engineering/Birrezy_Liquidity_and_Market_Making.md: Copied (new)
2026/07/23 16:38:00 INFO  : .trash/Akafay_Vault 2/60_Excalidraw/EXCAL_Birrezy_ET-US_Flow.excalidraw.md: Copied (new)
2026/07/23 16:38:03 INFO  : .trash/Financial/.space/def.json: Copied (new)
2026/07/23 16:38:12 INFO  : Products/Birrezy/Architecture_and_Engineering/Birrezy_Partner_Integration_API.md: Copied (new)
2026/07/23 16:38:12 INFO  : .trash/Financial/.space/views.mdb: Copied (new)
2026/07/23 16:38:12 INFO  : .trash/Literature/Zotero/000_Zotero_Import_Hub.md: Copied (new)
2026/07/23 16:38:12 INFO  : Products/Birrezy/Architecture_and_Engineering/Birrezy_Reconciliation_and_Settlement_Protocol.md: Copied (new)
2026/07/23 16:38:12 INFO  : Products/Birrezy/Architecture_and_Engineering/Birrezy_Settlement_Rails_and_Corridor_Model.md: Copied (new)
2026/07/23 16:38:15 INFO  : .trash/Literature 2/Readwise/Readwise_Import_Hub.md: Copied (new)
2026/07/23 16:38:23 INFO  : .trash/Literature 2/Zotero/Zotero_Import_Hub.md: Copied (new)
2026/07/23 16:38:34 INFO  : .trash/Tags/#corridor/.space/context.mdb: Copied (new)
2026/07/23 16:38:44 INFO  : .trash/Plans/.space/def.json: Copied (new)
2026/07/23 16:38:44 INFO  : Products/Birrezy/Architecture_and_Engineering/Side_Channel_Manifest_API.md: Copied (new)
2026/07/23 16:38:45 INFO  : Products/Birrezy/Architecture_and_Engineering/Fee_Splitting_Engine.md: Copied (new)
2026/07/23 16:38:45 INFO  : Products/Birrezy/Architecture_and_Engineering/Multi_Rail_Ingress_Mapping.md: Copied (new)
2026/07/23 16:39:10 INFO  : Products/WI3/WI3.md: Copied (new)
2026/07/23 16:39:11 INFO  : .obsidian/plugins/dataview/main.js: Copied (new)
2026/07/23 16:39:20 INFO  : .trash/Tags/#integration/.space/context.mdb: Copied (new)
2026/07/23 16:39:20 INFO  : Products/WI3/WI3_Kanban.md: Copied (new)
2026/07/23 16:39:21 INFO  : Administration/Archive/Deprecated_2026/E20_MAP_stubs/Projects/Projects_MAP.md: Copied (new)
2026/07/23 16:39:29 INFO  : .trash/Tags 2/#corridor/.space/context.mdb: Copied (new)
2026/07/23 16:39:30 INFO  : .trash/Tags 2/#integration/.space/context.mdb: Copied (new)
[2026-07-23 16:39:36] AUTO disabled
2026/07/23 16:39:43 INFO  : .trash/Tags 2/#meta+dashboard/.space/context.mdb: Copied (new)
2026/07/23 16:39:43 INFO  : .obsidian/plugins/dataview/styles.css: Copied (new)
2026/07/23 16:39:43 INFO  : .obsidian/plugins/dataview/manifest.json: Copied (new)
2026/07/23 16:39:59 INFO  : .trash/Tags 2/#corridor/.space/context.mdb: Copied (new)
2026/07/23 16:40:25 INFO  : Administration/Archive/.space/def.json: Copied (new)
2026/07/23 16:40:35 INFO  : Administration/Archive/Deprecated_2026/Products_Cleanup/Decision PRO Features.md: Copied (new)
2026/07/23 16:40:35 INFO  : Products/EquityOne/Architecture_and_Engineering/Hadid_Assets.md: Copied (new)
2026/07/23 16:40:36 INFO  : .trash/Tags/#integration/.space/context.mdb: Copied (new)
2026/07/23 16:40:47 INFO  : .trash/Tags 2/#regulatory+nbe/.space/context.mdb: Copied (new)
2026/07/23 16:40:47 INFO  : Tags/#type/.space/context.mdb: Copied (new)
2026/07/23 16:40:49 INFO  : Products/Decision_PRO/Architecture_and_Engineering/Decision_PRO_Architecture_Overview.md: Copied (new)
2026/07/23 16:40:59 INFO  : .trash/Tags 2/#status/.space/context.mdb: Copied (new)
2026/07/23 16:40:59 INFO  : Administration/Archive/Deprecated_2026/Products_Cleanup/Decision PRO.md: Copied (new)
2026/07/23 16:41:06 INFO  : Administration/Archive/Deprecated_2026/Products_Cleanup/Wallet+.md: Copied (new)
2026/07/23 16:41:06 INFO  : Products/Decision_PRO/Architecture_and_Engineering/Decision_PRO_MLOps_and_Scoring_Logic.md: Copied (new)
2026/07/23 16:41:07 INFO  : Products/Decision_PRO/Architecture_and_Engineering/Decision_PRO_Audit_and_Security_Logs.md: Copied (new)
2026/07/23 16:41:14 INFO  : Products/Decision_PRO/Architecture_and_Engineering/Decision_PRO_Real_Time_Streaming_Specs.md: Copied (new)
2026/07/23 16:41:17 INFO  : Administration/Archive/Legacy_Akafay_2026/Akafay/Akafay.md: Copied (new)
2026/07/23 16:41:19 INFO  : Products/Birrezy/Commercial/PRICING.md: Copied (new)
2026/07/23 16:41:25 INFO  : Administration/Archive/Legacy_Akafay_2026/Akafay/.space/def.json: Copied (new)
2026/07/23 16:41:28 INFO  : Administration/Archive/Legacy_Akafay_2026/Akafay/Akafay/AGE LIMITS.md: Copied (new)
2026/07/23 16:41:37 INFO  : Products/Birrezy/Commercial/RISK.md: Copied (new)
2026/07/23 16:41:37 INFO  : Products/Wallet_Plus/Wallet_Plus.md: Copied (new)
2026/07/23 16:41:38 INFO  : Administration/Archive/Legacy_Akafay_2026/Akafay/Akafay/AIS Enhancements.md: Copied (new)
2026/07/23 16:41:41 INFO  : Products/Wallet_Plus/Wallet_Plus_Kanban.md: Copied (new)
2026/07/23 16:41:47 INFO  : Administration/Archive/Legacy_Akafay_2026/Akafay/Akafay/AIS.md: Copied (new)
2026/07/23 16:41:48 INFO  : .obsidian/plugins/editing-toolbar/manifest.json: Copied (new)
2026/07/23 16:42:04 INFO  : Administration/Archive/Legacy_Akafay_2026/Akafay/Akafay/AKAFAY CARD PLANS_all.csv: Copied (new)
2026/07/23 16:42:04 INFO  : Administration/Archive/Legacy_Akafay_2026/Akafay/Akafay/AKAFAY CARD PLANS.csv: Copied (new)
2026/07/23 16:42:07 INFO  : Administration/Archive/Legacy_Akafay_2026/Akafay/Akafay/AKAFAY PLANS.csv: Copied (new)
2026/07/23 16:42:07 INFO  : .obsidian/plugins/editing-toolbar/styles.css: Copied (new)
2026/07/23 16:42:21 INFO  : Projects/VISA/.space/def.json: Copied (new)
2026/07/23 16:42:24 INFO  : Administration/Archive/Legacy_Akafay_2026/Akafay/Akafay/AKAFAY PLANS_all.csv: Copied (new)
2026/07/23 16:42:24 INFO  : Administration/Meta/scripts/Product_Factory.md: Copied (new)
2026/07/23 16:42:34 INFO  : Administration/Archive/Legacy_Akafay_2026/Akafay/Akafay/Akafay CORPORATE.md: Copied (new)
2026/07/23 16:42:35 INFO  : Administration/Archive/Legacy_Akafay_2026/Akafay/Akafay/Agazh V1.md: Copied (new)
2026/07/23 16:42:38 INFO  : Administration/Meta/scripts/audit_postE11.log: Copied (new)
2026/07/23 16:42:39 INFO  : Administration/Archive/Legacy_Akafay_2026/Akafay/Akafay/Akafay Card.md: Copied (new)
2026/07/23 16:42:42 INFO  : Tags/#type+project/.space/context.mdb: Copied (new)
2026/07/23 16:42:49 INFO  : Administration/Meta/scripts/audit_postE11.ps1: Copied (new)
2026/07/23 16:42:52 INFO  : Administration/Archive/Legacy_Akafay_2026/Akafay/Akafay/Bunna Kickoff Meeting.md: Copied (new)
2026/07/23 16:42:53 INFO  : Administration/Meta/scripts/e11_content_polish.ps1: Copied (new)
2026/07/23 16:43:02 INFO  : Administration/Archive/Legacy_Akafay_2026/Akafay/Akafay/Credit Scoring Page.md: Copied (new)
2026/07/23 16:43:05 INFO  : Administration/Archive/Legacy_Akafay_2026/Akafay/Akafay/Design Bunna Training.md: Copied (new)
2026/07/23 16:43:07 INFO  : Administration/Archive/Legacy_Akafay_2026/Akafay/Akafay/Design your card.md: Copied (new)
2026/07/23 16:43:08 INFO  : Administration/Meta/scripts/e11_fill_missing_fields.ps1: Copied (new)
2026/07/23 16:43:10 INFO  : Administration/Meta/scripts/e11_find_remaining.ps1: Copied (new)
2026/07/23 16:43:20 INFO  : Administration/Meta/scripts/e11_kb_rename_qa.ps1: Copied (new)
2026/07/23 16:43:20 INFO  : Administration/Meta/scripts/e11_kb_rename_rewrite.ps1: Copied (new)
2026/07/23 16:43:21 INFO  : Administration/Archive/Legacy_Akafay_2026/Akafay/Akafay/Design.md: Copied (new)
2026/07/23 16:43:29 INFO  : Administration/Archive/Legacy_Akafay_2026/Akafay/Akafay/Development.md: Copied (new)
2026/07/23 16:43:32 INFO  : Administration/Archive/Legacy_Akafay_2026/Akafay/Akafay/ENHANCEMENTS.md: Copied (new)
2026/07/23 16:43:36 INFO  : Administration/Archive/Legacy_Akafay_2026/Akafay/Akafay/Requirement (1).md: Copied (new)
2026/07/23 16:43:36 INFO  : Administration/Meta/scripts/e11_normalize_frontmatter.ps1: Copied (new)
2026/07/23 16:43:39 INFO  : Administration/Meta/scripts/e11_strip_notion_inline.ps1: Copied (new)
2026/07/23 16:43:47 INFO  : Administration/Meta/scripts/e12_akafay_renumber.ps1: Copied (new)
2026/07/23 16:43:49 INFO  : Administration/Meta/scripts/e12_append_nav_footer.ps1: Copied (new)
2026/07/23 16:43:51 INFO  : Administration/Archive/Legacy_Akafay_2026/Akafay/Akafay/Requirement.md: Copied (new)
2026/07/23 16:43:58 INFO  : Administration/Archive/Legacy_Akafay_2026/Akafay/Akafay/Rules Engine.md: Copied (new)
2026/07/23 16:44:02 INFO  : Administration/Archive/Legacy_Akafay_2026/Akafay/Akafay/image 5.png: Copied (new)
2026/07/23 16:44:03 INFO  : Administration/Archive/Legacy_Akafay_2026/Akafay/Akafay/image 7.png: Copied (new)
2026/07/23 16:44:03 INFO  : Administration/Meta/scripts/e12_backfill_last_reviewed.ps1: Copied (new)
2026/07/23 16:44:06 INFO  : Administration/Meta/scripts/e12_backfill_owner.ps1: Copied (new)
2026/07/23 16:44:21 INFO  : .obsidian/plugins/obsidian-advanced-uri/main.js: Copied (new)
2026/07/23 16:44:21 INFO  : .obsidian/plugins/obsidian-advanced-uri/manifest.json: Copied (new)
2026/07/23 16:44:25 INFO  : .obsidian/plugins/obsidian-excalidraw-plugin/data.json: Copied (new)
2026/07/23 16:44:28 INFO  : Administration/Meta/onboarding/screenshots/README.md: Copied (new)
2026/07/23 16:44:32 INFO  : .obsidian/plugins/obsidian-excalidraw-plugin/main.js: Copied (new)
2026/07/23 16:44:33 INFO  : .obsidian/plugins/obsidian-excalidraw-plugin/manifest.json: Copied (new)
2026/07/23 16:44:36 INFO  : .obsidian/plugins/obsidian-excalidraw-plugin/styles.css: Copied (new)
2026/07/23 16:44:43 INFO  : .obsidian/plugins/terminal/data.json: Copied (new)
2026/07/23 16:44:46 INFO  : .obsidian/plugins/terminal/main.js: Copied (new)
2026/07/23 16:44:50 INFO  : .obsidian/plugins/terminal/manifest.json: Copied (new)
2026/07/23 16:44:55 INFO  : .obsidian/plugins/terminal/styles.css: Copied (new)
2026/07/23 16:45:00 INFO  : .trash/Literature/Readwise/000_Readwise_Import_Hub.md: Copied (new)
2026/07/23 16:45:06 INFO  : .trash/Tags/#corridor/.space/context.mdb: Copied (new)
2026/07/23 16:45:10 INFO  : Administration/Archive/Deprecated_2026/E20_MAP_stubs/Projects/Projects_MAP.md: Copied (new)
2026/07/23 16:45:19 INFO  : .obsidian/plugins/tablite/data.json: Copied (new)
2026/07/23 16:45:25 INFO  : .obsidian/plugins/tablite/main.js: Copied (new)
2026/07/23 16:45:30 INFO  : .obsidian/plugins/tablite/manifest.json: Copied (new)
2026/07/23 16:45:35 INFO  : .obsidian/plugins/tablite/styles.css: Copied (new)
2026/07/23 16:45:38 INFO  : .obsidian/plugins/templater-obsidian/main.js: Copied (new)
2026/07/23 16:45:42 INFO  : .obsidian/plugins/templater-obsidian/manifest.json: Copied (new)
2026/07/23 16:45:45 INFO  : Administration/Archive/Deprecated_2026/E24_Kanban_stubs/Products/Watchdog/Kanban/Kanban_Delivery.md: Copied (new)
2026/07/23 16:45:50 INFO  : Administration/Archive/Deprecated_2026/E20_MAP_stubs/Execution/Entities x Engagements/Engagements_MAP.md: Copied (new)
2026/07/23 16:45:51 INFO  : .obsidian/plugins/templater-obsidian/styles.css: Copied (new)
2026/07/23 16:45:55 INFO  : Products/.space/context.mdb: Copied (new)
2026/07/23 16:46:01 INFO  : Products/.space/def.json: Copied (new)
2026/07/23 16:46:04 INFO  : Products/.space/views.mdb: Copied (new)
2026/07/23 16:46:06 INFO  : Administration/Archive/Deprecated_2026/E24_Kanban_stubs/Dashboard/Kanban/Kanban_Akafay_Delivery.md: Copied (new)
2026/07/23 16:46:11 INFO  : Administration/Archive/Deprecated_2026/E24_Kanban_stubs/Dashboard/Kanban/Kanban_Birrezy_Corridors.md: Copied (new)
2026/07/23 16:46:15 INFO  : Administration/Archive/Deprecated_2026/E24_Kanban_stubs/Dashboard/Kanban/Kanban_Compliance.md: Copied (new)
2026/07/23 16:46:30 INFO  : Administration/Archive/Deprecated_2026/E20_MAP_stubs/Products/Watchdog/Dashboard/Watchdog_MAP.md: Copied (new)
2026/07/23 16:46:32 INFO  : Administration/Archive/Deprecated_2026/E24_Kanban_stubs/Products/Akafay/Kanban/Kanban_Compliance.md: Copied (new)
2026/07/23 16:46:37 INFO  : Administration/Archive/Deprecated_2026/E24_Kanban_stubs/Products/Akafay/Kanban/Kanban_Delivery.md: Copied (new)
2026/07/23 16:46:41 INFO  : Administration/Archive/Deprecated_2026/E24_Kanban_stubs/Products/Birrezy/Kanban/Kanban_Corridors.md: Copied (new)
2026/07/23 16:46:42 INFO  : Administration/Archive/Deprecated_2026/E24_Kanban_stubs/Products/Birrezy/Kanban/Kanban_Delivery.md: Copied (new)
2026/07/23 16:46:54 INFO  : Administration/Archive/Deprecated_2026/E24_Kanban_stubs/Products/Decision_PRO/Kanban/Kanban_Delivery.md: Copied (new)
2026/07/23 16:47:00 INFO  : Administration/Archive/Deprecated_2026/E24_Kanban_stubs/Products/EquityOne/Kanban/Kanban_Delivery.md: Copied (new)
2026/07/23 16:47:05 INFO  : Administration/Archive/Deprecated_2026/E20_MAP_stubs/Knowledge_Base/KB_MAP.md: Copied (new)
2026/07/23 16:47:05 INFO  : Administration/Archive/Deprecated_2026/E24_Kanban_stubs/Products/Wallet_Plus/Kanban/Kanban_Delivery.md: Copied (new)
2026/07/23 16:47:06 INFO  : Administration/Archive/Deprecated_2026/E24_Kanban_stubs/Products/WI3/Kanban/Kanban_Delivery.md: Copied (new)
2026/07/23 16:47:36 INFO  : Administration/Archive/Deprecated_2026/E20_MAP_stubs/Products/Birrezy/Dashboard/Birrezy_MAP.md: Copied (new)
2026/07/23 16:47:38 INFO  : Administration/Archive/Deprecated_2026/E20_MAP_stubs/Products/Akafay/Dashboard/Akafay_Graph_Hub.md: Copied (new)
2026/07/23 16:47:38 INFO  : Administration/Archive/Deprecated_2026/E20_MAP_stubs/Products/Akafay/Dashboard/Akafay_Master_MAP.md: Copied (new)
2026/07/23 16:47:39 INFO  : Administration/Archive/Deprecated_2026/E20_MAP_stubs/Products/Birrezy/Dashboard/Birrezy.md: Copied (new)
2026/07/23 16:47:52 INFO  : Products/Akafay/Compliance_and_Regulatory/Asset_Murabaha_Ledger_Specs.md: Copied (new)
2026/07/23 16:47:53 INFO  : Products/Akafay/Compliance_and_Regulatory/Control_Matrix_Akafay.md: Copied (new)
2026/07/23 16:48:07 INFO  : Administration/Archive/Deprecated_2026/E20_MAP_stubs/Products/Decision_PRO/Dashboard/Decision_PRO_MAP.md: Copied (new)
2026/07/23 16:48:07 INFO  : Administration/Archive/Deprecated_2026/E20_MAP_stubs/Products/Wallet_Plus/Dashboard/Wallet_Plus_MAP.md: Copied (new)
2026/07/23 16:48:08 INFO  : Products/Akafay/Compliance_and_Regulatory/Corridor_Compliance_Map.md: Copied (new)
2026/07/23 16:48:10 INFO  : Products/Akafay/Compliance_and_Regulatory/Fair_Lending_Policy.md: Copied (new)
2026/07/23 16:48:23 INFO  : Products/Akafay/Compliance_and_Regulatory/NBE_Compliance_Guidelines.md: Copied (new)
2026/07/23 16:48:23 INFO  : Products/Akafay/Compliance_and_Regulatory/INSA_Security_Audit_Dossier.md: Copied (new)
2026/07/23 16:48:23 INFO  : Products/Akafay/Compliance_and_Regulatory/NBE_Sandbox_Compliance_Log.md: Copied (new)
2026/07/23 16:48:24 INFO  : Products/Akafay/Compliance_and_Regulatory/Regulatory_Register.md: Copied (new)
2026/07/23 16:48:39 INFO  : Products/Akafay/Compliance_and_Regulatory/Sharia_Purification_Workflow.md: Copied (new)
2026/07/23 16:48:40 INFO  : Products/Akafay/Compliance_and_Regulatory/Security_Issue_Log.md: Copied (new)
2026/07/23 16:48:41 INFO  : Products/Akafay/Compliance_and_Regulatory/_Audit_Log/Audit_Log_Index.md: Copied (new)
2026/07/23 16:48:41 INFO  : Products/Akafay/Compliance_and_Regulatory/_Audit_Log/COMP-20260521-001.md: Copied (new)
2026/07/23 16:48:57 INFO  : Products/Akafay/Compliance_and_Regulatory/_Audit_Log/COMP-20260521-002.md: Copied (new)
2026/07/23 16:48:58 INFO  : Products/Akafay/Compliance_and_Regulatory/_Audit_Log/COMP-20260525-002.md: Copied (new)
2026/07/23 16:48:58 INFO  : Products/Akafay/Compliance_and_Regulatory/_Audit_Log/Compliance_Logs.base: Copied (new)
2026/07/23 16:48:58 INFO  : Products/Akafay/Compliance_and_Regulatory/_Audit_Log/COMP-20260525-001.md: Copied (new)
2026/07/23 16:49:14 INFO  : Tags/#architecture/.space/context.mdb: Copied (new)
2026/07/23 16:49:15 INFO  : Tags/#status+deprecated/.space/context.mdb: Copied (new)
2026/07/23 16:49:15 INFO  : Tags/#corridor/.space/context.mdb: Copied (new)
2026/07/23 16:49:16 INFO  : Tags/#engagement/.space/context.mdb: Copied (new)
2026/07/23 16:49:31 INFO  : Tags/#journal/.space/context.mdb: Copied (new)
2026/07/23 16:49:31 INFO  : Tags/#integration/.space/context.mdb: Copied (new)
2026/07/23 16:49:31 INFO  : Tags/#jurisdiction/.space/context.mdb: Copied (new)
2026/07/23 16:49:31 INFO  : Tags/#kb/.space/context.mdb: Copied (new)
2026/07/23 16:49:48 INFO  : Tags/#markets/.space/context.mdb: Copied (new)
2026/07/23 16:49:48 INFO  : Tags/#type+project/.space/context.mdb: Copied (new)
2026/07/23 16:49:49 INFO  : Tags/#meta/.space/context.mdb: Copied (new)
2026/07/23 16:49:49 INFO  : Tags/#meta+dashboard/.space/context.mdb: Copied (new)
2026/07/23 16:50:07 INFO  : Tags/#partner/.space/context.mdb: Copied (new)
2026/07/23 16:50:08 INFO  : Tags/#meta+kb/.space/context.mdb: Copied (new)
2026/07/23 16:50:08 INFO  : Tags/#regulatory/.space/context.mdb: Copied (new)
2026/07/23 16:50:09 INFO  : Tags/#product/.space/context.mdb: Copied (new)
2026/07/23 16:50:27 INFO  : Tags/#status/.space/context.mdb: Copied (new)
2026/07/23 16:50:27 INFO  : Tags/#type/.space/context.mdb: Copied (new)
2026/07/23 16:50:32 INFO  : Projects/Agri/.space/def.json: Copied (new)
2026/07/23 16:50:32 INFO  : Knowledge_Base/Crypto_and_DeFi/CDPs.md: Copied (new)
2026/07/23 16:50:45 INFO  : Knowledge_Base/Crypto_and_DeFi/Consensus_PoW_PoS_BFT.md: Copied (new)
2026/07/23 16:50:46 INFO  : Knowledge_Base/Crypto_and_DeFi/Crypto_Derivatives.md: Copied (new)
2026/07/23 16:50:50 INFO  : Knowledge_Base/Crypto_and_DeFi/Layer2_Rollups_and_Metrics.md: Copied (new)
2026/07/23 16:50:50 INFO  : Knowledge_Base/Crypto_and_DeFi/Smart_Contracts.md: Copied (new)
2026/07/23 16:51:02 INFO  : Knowledge_Base/Crypto_and_DeFi/Web3_Architecture_Overview.md: Copied (new)
2026/07/23 16:51:05 INFO  : Knowledge_Base/Crypto_and_DeFi/Stablecoins.md: Copied (new)
2026/07/23 16:51:06 INFO  : Knowledge_Base/Crypto_and_DeFi/ZK_Rollups_and_Proofs.md: Copied (new)
2026/07/23 16:51:07 INFO  : Products/Watchdog/Watchdog.md: Copied (new)
2026/07/23 16:51:20 INFO  : Products/Watchdog/Watchdog_Kanban.md: Copied (new)
2026/07/23 16:51:24 INFO  : Products/Birrezy/Birrezy.md: Copied (new)
2026/07/23 16:51:26 INFO  : Products/Birrezy/Birrezy.base: Copied (new)
2026/07/23 16:51:26 INFO  : Products/Watchdog/Diagrams/README.md: Copied (new)
2026/07/23 16:51:39 INFO  : Products/Birrezy/Birrezy_Kanban.md: Copied (new)
2026/07/23 16:51:41 INFO  : Products/Birrezy/Architecture_and_Engineering/Birrezy_Architecture_Overview.md: Copied (new)
2026/07/23 16:51:44 INFO  : Products/Birrezy/Architecture_and_Engineering/Birrezy_Liquidity_and_Market_Making.md: Copied (new)
2026/07/23 16:51:45 INFO  : Products/Birrezy/Architecture_and_Engineering/Birrezy_Partner_Integration_API.md: Copied (new)
2026/07/23 16:51:57 INFO  : Products/Birrezy/Architecture_and_Engineering/Birrezy_Reconciliation_and_Settlement_Protocol.md: Copied (new)
2026/07/23 16:51:58 INFO  : Products/Birrezy/Architecture_and_Engineering/Birrezy_Settlement_Rails_and_Corridor_Model.md: Copied (new)
2026/07/23 16:52:01 INFO  : Products/Birrezy/Architecture_and_Engineering/Fee_Splitting_Engine.md: Copied (new)
2026/07/23 16:52:02 INFO  : Products/Birrezy/Architecture_and_Engineering/Multi_Rail_Ingress_Mapping.md: Copied (new)
2026/07/23 16:52:13 INFO  : Products/Birrezy/Architecture_and_Engineering/Side_Channel_Manifest_API.md: Copied (new)
2026/07/23 16:52:13 INFO  : Products/Birrezy/Commercial/PRICING.md: Copied (new)
2026/07/23 16:52:18 INFO  : Products/Birrezy/Commercial/RISK.md: Copied (new)
2026/07/23 16:52:19 INFO  : Products/Birrezy/Compliance_and_Regulatory/Birrezy_Compliance_Reporting_Framework.md: Copied (new)
2026/07/23 16:52:26 INFO  : Products/Birrezy/Compliance_and_Regulatory/Birrezy_Dispute_and_Refund_Policy.md: Copied (new)
2026/07/23 16:52:27 INFO  : Products/Birrezy/Compliance_and_Regulatory/Birrezy_Onboarding_and_KYC_Spec.md: Copied (new)
2026/07/23 16:52:36 INFO  : Products/Birrezy/Compliance_and_Regulatory/Travel_Rule_Implementation.md: Copied (new)
2026/07/23 16:52:42 INFO  : Products/Birrezy/Corridors/Corridors.base: Copied (new)
2026/07/23 16:52:50 INFO  : Products/Birrezy/Corridors/ET-ET-domestic.md: Copied (new)
2026/07/23 16:52:51 INFO  : Products/Birrezy/Corridors/ET-AE.md: Copied (new)
2026/07/23 16:52:52 INFO  : Products/Birrezy/Corridors/Corridors.md: Copied (new)
2026/07/23 16:52:55 INFO  : Products/Birrezy/Corridors/ET-EU.md: Copied (new)
2026/07/23 16:53:01 INFO  : Products/Birrezy/Corridors/ET-KE.md: Copied (new)
2026/07/23 16:53:04 INFO  : Products/Birrezy/Corridors/ET-US.md: Copied (new)
2026/07/23 16:53:07 INFO  : Products/Birrezy/Diagrams/EXCAL_Birrezy_ET-ET_Flow.excalidraw.md: Copied (new)
2026/07/23 16:53:10 INFO  : Products/Birrezy/Diagrams/EXCAL_Birrezy_ET-US_Flow.excalidraw.md: Copied (new)
2026/07/23 16:53:13 INFO  : Products/Birrezy/Diagrams/FIG_Birrezy_Image_1.png: Copied (new)
2026/07/23 16:53:18 INFO  : Products/Birrezy/Diagrams/FIG_Birrezy_Image_2.png: Copied (new)
2026/07/23 16:53:26 INFO  : Products/Birrezy/Diagrams/README.md: Copied (new)
2026/07/23 16:53:26 INFO  : Products/Birrezy/Diagrams/FIG_Birrezy_Image_3.png: Copied (new)
2026/07/23 16:53:27 INFO  : Products/Birrezy/Diagrams/Rain_-_Card_Program_Pricing_Sheet___Nov_2025.pdf: Copied (new)
2026/07/23 16:53:27 INFO  : Products/Birrezy/Diagrams/FIG_Birrezy_Image_4.png: Copied (new)
2026/07/23 16:53:38 INFO  : Products/Birrezy/Operations/Reverse_Manifest_Protocol.md: Copied (new)
2026/07/23 16:53:38 INFO  : Products/Birrezy/Operations/T4_Weekend_Buffer_Rules.md: Copied (new)
2026/07/23 16:53:39 INFO  : Products/Birrezy/Product_Ecosystem/HOW_THE_OTHERS_WORK.md: Copied (new)
2026/07/23 16:53:41 INFO  : Products/Birrezy/Product_Ecosystem/Products Library.md: Copied (new)
2026/07/23 16:53:56 INFO  : Products/Birrezy/Strategy_and_Capital/Birrezy_Financial_Model_Authority.md: Copied (new)
2026/07/23 16:53:58 INFO  : Products/Birrezy/Strategy_and_Capital/Birrezy_Deck.md: Copied (new)
2026/07/23 16:53:58 INFO  : Products/Birrezy/Strategy_and_Capital/Birrezy_Commercial_Flywheel.md: Copied (new)
2026/07/23 16:53:58 INFO  : Products/Birrezy/Strategy_and_Capital/Birrezy_Invest.md: Copied (new)
2026/07/23 16:54:09 INFO  : Products/Birrezy/_Working/QUESTIONS.md: Copied (new)
2026/07/23 16:54:09 INFO  : Products/Watchdog/Architecture_and_Engineering/Knowledge_Graph_Topology.md: Copied (new)
2026/07/23 16:54:09 INFO  : Products/Watchdog/Architecture_and_Engineering/Behavioral_Telemetry_Matrix.md: Copied (new)
2026/07/23 16:54:10 INFO  : Products/Birrezy/_Working/READ.md: Copied (new)
2026/07/23 16:54:18 INFO  : Products/Decision_PRO/Decision_PRO.md: Copied (new)
2026/07/23 16:54:20 INFO  : Products/Watchdog/Architecture_and_Engineering/Watchdog_Platform_Spec.md: Copied (new)
2026/07/23 16:54:20 INFO  : Products/Decision_PRO/Decision_PRO_Kanban.md: Copied (new)
2026/07/23 16:54:22 INFO  : Products/Decision_PRO/Compliance_and_Regulatory/Decision_PRO_NBE_Compliance_Matrix.md: Copied (new)
2026/07/23 16:54:27 INFO  : Products/Decision_PRO/Diagrams/EXCAL_Decision_PRO_Logic_Flow.excalidraw.md: Copied (new)
2026/07/23 16:54:28 INFO  : Products/Decision_PRO/Diagrams/EXCAL_Decision_PRO_Risk_Dashboard_Mockup.excalidraw.md: Copied (new)
2026/07/23 16:54:29 INFO  : Products/Decision_PRO/Diagrams/README.md: Copied (new)
2026/07/23 16:54:29 INFO  : Products/Decision_PRO/Integrations/Core_Banking_Handshake.md: Copied (new)
2026/07/23 16:54:36 INFO  : Products/Decision_PRO/Product_Ecosystem/Decision_PRO_Localization_Amharic.md: Copied (new)
2026/07/23 16:54:36 INFO  : Products/Decision_PRO/Product_Ecosystem/Decision_PRO_User_Roles_and_RBAC.md: Copied (new)
2026/07/23 16:54:36 INFO  : Products/Decision_PRO/Product_Ecosystem/Decision_PRO_Feature_Matrix.md: Copied (new)
2026/07/23 16:54:37 INFO  : Products/Decision_PRO/Strategy_and_Capital/Decision_PRO_Commercial_Flywheel.md: Copied (new)
2026/07/23 16:54:43 INFO  : Products/Decision_PRO/Strategy_and_Capital/Decision_PRO_Roadmap.md: Copied (new)
2026/07/23 16:54:43 INFO  : Products/Decision_PRO/Strategy_and_Capital/Decision_PRO_Executive_Summary.md: Copied (new)
2026/07/23 16:54:44 INFO  : Projects/Tokenization/Graphics/Pasted image 20260519150457.png: Copied (new)
2026/07/23 16:54:46 INFO  : Products/Wallet_Plus/Wallet_Plus.md: Copied (new)
2026/07/23 16:54:51 INFO  : Products/Wallet_Plus/Wallet_Plus_Kanban.md: Copied (new)
2026/07/23 16:54:52 INFO  : Products/Wallet_Plus/Architecture_and_Engineering/Design_Decisions.md: Copied (new)
2026/07/23 16:54:52 INFO  : Products/Wallet_Plus/Architecture_and_Engineering/Fayda_Zero_Knowledge_Bridge.md: Copied (new)
2026/07/23 16:54:54 INFO  : Products/Wallet_Plus/Architecture_and_Engineering/MPC_Shard_Recovery_SOP.md: Copied (new)
2026/07/23 16:55:01 INFO  : Products/Wallet_Plus/Architecture_and_Engineering/Wallet_Plus_Account_Abstraction_Specs.md: Copied (new)
2026/07/23 16:55:08 INFO  : Products/Wallet_Plus/Architecture_and_Engineering/Wallet_Plus_Architecture_Overview.md: Copied (new)
2026/07/23 16:55:09 INFO  : Products/Wallet_Plus/Architecture_and_Engineering/Wallet_Plus_MPC_Key_Management.md: Copied (new)
2026/07/23 16:55:09 INFO  : Products/Wallet_Plus/Architecture_and_Engineering/Wallet_Plus_Fayda_Identity_Integration.md: Copied (new)
2026/07/23 16:55:09 INFO  : Products/Wallet_Plus/Architecture_and_Engineering/Wallet_Plus_DESIGN.md: Copied (new)
2026/07/23 16:55:18 INFO  : Products/Wallet_Plus/Diagrams/EXCAL_Wallet_Plus_MPC_Recovery_Process.excalidraw.md: Copied (new)
2026/07/23 16:55:21 INFO  : Products/Wallet_Plus/Compliance_and_Regulatory/Wallet_Plus_NBE_Sandbox_Dossier.md: Copied (new)
2026/07/23 16:55:21 INFO  : Products/Wallet_Plus/Diagrams/FIG_Wallet_Plus_Image_6.png: Copied (new)
2026/07/23 16:55:21 INFO  : Products/Wallet_Plus/Diagrams/EXCAL_Wallet_Plus_Fayda_Auth_Flow.excalidraw.md: Copied (new)
2026/07/23 16:55:32 INFO  : Products/Wallet_Plus/Diagrams/README.md: Copied (new)
2026/07/23 16:55:35 INFO  : Products/WI3/WI3.md: Copied (new)
2026/07/23 16:55:37 INFO  : Products/Wallet_Plus/Integrations/Omni_Wallet.md: Copied (new)
2026/07/23 16:55:39 INFO  : Products/Wallet_Plus/Integrations/EthSwitch_Wallet_Bridge.md: Copied (new)
2026/07/23 16:55:47 INFO  : Products/WI3/WI3_Kanban.md: Copied (new)
2026/07/23 16:55:49 INFO  : Products/Wallet_Plus/Strategy_and_Capital/Wallet_Plus_Commercial_Flywheel.md: Copied (new)
2026/07/23 16:56:01 INFO  : Products/Wallet_Plus/Strategy_and_Capital/Wallet_Plus_Executive_Summary.md: Copied (new)
2026/07/23 16:56:01 INFO  : Products/Wallet_Plus/Strategy_and_Capital/Wallet_Plus_Roadmap.md: Copied (new)
2026/07/23 16:56:02 INFO  : Projects/VISA/.space/def.json: Copied (new)
2026/07/23 16:56:09 INFO  : Products/WI3/Delivery_and_Roadmap/WI3 Feature Status — Complete Module Inventory.md: Copied (new)
2026/07/23 16:56:18 INFO  : Products/WI3/Delivery_and_Roadmap/WI3 Remaining Work — Phases & Priorities for Full Roadmap Completion.md: Copied (new)
2026/07/23 16:56:19 INFO  : Products/WI3/Delivery_and_Roadmap/WI3 — Complete Feature & Task Inventory.md: Copied (new)
2026/07/23 16:56:23 INFO  : Products/WI3/Diagrams/README.md: Copied (new)
2026/07/23 16:56:27 INFO  : Products/WI3/Product_Ecosystem/CONCEPTS.md: Copied (new)
2026/07/23 16:56:34 INFO  : Products/WI3/Strategy_and_Capital/Briefing.md: Copied (new)
2026/07/23 16:56:36 INFO  : Products/WI3/Strategy_and_Capital/WI3_Introduction.md: Copied (new)
2026/07/23 16:56:39 INFO  : Products/Decision_PRO/.space/context.mdb: Copied (new)
2026/07/23 16:56:44 INFO  : Products/Decision_PRO/Architecture_and_Engineering/Decision_PRO_Architecture_Overview.md: Copied (new)
2026/07/23 16:56:51 INFO  : Products/Decision_PRO/Architecture_and_Engineering/Decision_PRO_Audit_and_Security_Logs.md: Copied (new)
2026/07/23 16:56:53 INFO  : Products/Decision_PRO/Architecture_and_Engineering/Decision_PRO_MLOps_and_Scoring_Logic.md: Copied (new)
2026/07/23 16:56:56 INFO  : Products/Decision_PRO/Architecture_and_Engineering/Decision_PRO_Real_Time_Streaming_Specs.md: Copied (new)
2026/07/23 16:57:00 INFO  : Products/Wallet_Plus/Product_Ecosystem/DARS_Pal_Tokenization_Schema.md: Copied (new)
2026/07/23 16:57:05 INFO  : Products/Wallet_Plus/Product_Ecosystem/Wallet_Plus_Feature_Set.md: Copied (new)
2026/07/23 16:57:08 INFO  : Products/Wallet_Plus/Product_Ecosystem/Wallet_Plus_Supplement.md: Copied (new)
2026/07/23 16:57:16 INFO  : Products/Wallet_Plus/Product_Ecosystem/Wallet_Plus_UX_and_Onboarding_Flow.md: Copied (new)
2026/07/23 16:57:16 INFO  : Products/Wallet_Plus/Product_Ecosystem/Wallet_Plus_USSD_Offline_Layer.md: Copied (new)
2026/07/23 16:57:22 INFO  : Products/Birrezy/.space/context.mdb: Copied (new)
2026/07/23 16:57:25 INFO  : Products/Birrezy/.space/def.json: Copied (new)
2026/07/23 16:57:31 INFO  : Products/Birrezy/Corridors/.space/def.json: Copied (new)
2026/07/23 16:57:34 INFO  : Products/Watchdog/Compliance_and_Regulatory/PDPP_Biometric_Retention_Policy.md: Copied (new)
2026/07/23 16:57:38 INFO  : Products/EquityOne/EquityOne.md: Copied (new)
2026/07/23 16:57:40 INFO  : Products/EquityOne/EquityOne_Kanban.md: Copied (new)
2026/07/23 16:57:46 INFO  : Products/EquityOne/Strategy_and_Capital/Equity_One_RWA.md: Copied (new)
2026/07/23 16:57:47 INFO  : Products/EquityOne/Strategy_and_Capital/T-Bill_Tokenization_Project.md: Copied (new)
2026/07/23 16:57:55 INFO  : Products/EquityOne/Architecture_and_Engineering/Hadid_Assets.md: Copied (new)
2026/07/23 16:57:58 INFO  : Products/EquityOne/Diagrams/README.md: Copied (new)
2026/07/23 16:58:01 INFO  : Products/EquityOne/Product_Ecosystem/Tokenized_Deposits_for_Banks.md: Copied (new)
2026/07/23 16:58:01 INFO  : Products/Wallet_Plus/.space/context.mdb: Copied (new)
[2026-07-23 18:20:35] COPY PUSH start (no deletes)
2026/07/23 18:21:18 INFO  : Templates/TPL_Literature_Zotero.md: Copied (new)
2026/07/23 18:21:20 INFO  : Dashboard/Compliance_Command_Center.md: Copied (new)
2026/07/23 18:21:21 INFO  : Templates/TPL_KB_Article.md: Copied (new)
2026/07/23 18:21:21 INFO  : Templates/TPL_Literature_Readwise.md: Copied (new)
2026/07/23 18:21:51 INFO  : Dashboard/Dashboard.md: Copied (new)
2026/07/23 18:21:51 INFO  : Dashboard/Engineering_Status.md: Copied (new)
2026/07/23 18:21:52 INFO  : Dashboard/HADID_Central.md: Copied (new)
2026/07/23 18:21:55 INFO  : Dashboard/Overview.canvas: Copied (new)
2026/07/23 18:22:19 INFO  : Dashboard/Portfolio.base: Copied (new)
2026/07/23 18:22:20 INFO  : Dashboard/Product_Operations.md: Copied (new)
2026/07/23 18:22:20 INFO  : Knowledge_Base/KB_Drafts.base: Copied (new)
2026/07/23 18:22:22 INFO  : Knowledge_Base/Knowledge_Base.md: Copied (new)
2026/07/23 18:22:27 INFO  : Knowledge_Base/NET INTEREST AND LOSS.md: Copied (new)
2026/07/23 18:22:28 INFO  : Knowledge_Base/OPEN AND THOUGHTS.md: Copied (new)
2026/07/23 18:22:28 INFO  : Knowledge_Base/MONEY.md: Copied (new)
2026/07/23 18:22:30 INFO  : Knowledge_Base/image.png: Copied (new)
2026/07/23 18:22:41 INFO  : Projects/Projects.md: Copied (new)
2026/07/23 18:22:42 INFO  : Projects/Projects.base: Copied (new)
2026/07/23 18:22:42 INFO  : Products/Products.md: Copied (new)
2026/07/23 18:22:46 INFO  : Products/Akafay/Akafay.md: Copied (new)
2026/07/23 18:22:54 INFO  : Products/Akafay/Akafay_Kanban.md: Copied (new)
2026/07/23 18:22:55 INFO  : Products/Birrezy/Birrezy.base: Copied (new)
2026/07/23 18:22:56 INFO  : Products/Birrezy/Birrezy.md: Copied (new)
2026/07/23 18:23:00 INFO  : Products/Birrezy/Birrezy_Kanban.md: Copied (new)
2026/07/23 18:23:08 INFO  : Products/Decision_PRO/Decision_PRO.md: Copied (new)
2026/07/23 18:23:10 INFO  : Products/Decision_PRO/Decision_PRO_Kanban.md: Copied (new)
2026/07/23 18:23:10 INFO  : Products/EquityOne/EquityOne.md: Copied (new)
2026/07/23 18:23:14 INFO  : Products/EquityOne/EquityOne_Kanban.md: Copied (new)
2026/07/23 18:23:25 INFO  : Products/WI3/WI3_Kanban.md: Copied (new)
2026/07/23 18:23:27 INFO  : Products/.space/context.mdb: Copied (new)
2026/07/23 18:23:27 INFO  : Products/WI3/WI3.md: Copied (new)
2026/07/23 18:23:27 INFO  : Products/.space/def.json: Copied (new)
2026/07/23 18:23:44 INFO  : Products/.space/views.mdb: Copied (new)
2026/07/23 18:23:57 INFO  : Administration/Archive/Presentation.md: Copied (new)
2026/07/23 18:23:58 INFO  : Administration/Archive/Just Stuff.md: Copied (new)
2026/07/23 18:24:01 INFO  : Administration/Archive/LOOKUPS.md: Copied (new)
2026/07/23 18:24:11 INFO  : Administration/Archive/Archive.md: Copied (new)
2026/07/23 18:24:14 INFO  : Products/Watchdog/Watchdog.md: Copied (new)
2026/07/23 18:24:15 INFO  : Products/Watchdog/Watchdog_Kanban.md: Copied (new)
2026/07/23 18:24:28 INFO  : Projects/.space/views.mdb: Copied (new)
2026/07/23 18:24:28 INFO  : Projects/.space/context.mdb: Copied (new)
2026/07/23 18:24:34 INFO  : Execution/Tasks/Lines.md: Copied (new)
2026/07/23 18:24:39 INFO  : Execution/Tasks/Tasks.md: Copied (new)
2026/07/23 18:24:44 INFO  : Projects/Agri/Agri.md: Copied (new)
2026/07/23 18:24:45 INFO  : Administration/Media/ai_logo.png: Copied (new)
2026/07/23 18:24:52 INFO  : Administration/Media/akafay_logo.png: Copied (new)
2026/07/23 18:24:56 INFO  : Administration/Media/decision_pro_logo_only.jpeg: Copied (new)
2026/07/23 18:25:03 INFO  : Administration/Media/insa_logo.webp: Copied (new)
2026/07/23 18:25:03 INFO  : Administration/Media/dlt_logo_only.png: Copied (new)
2026/07/23 18:25:17 INFO  : Administration/Media/mint_logo.jpg: Copied (new)
2026/07/23 18:25:17 INFO  : Administration/Media/payware_logo.jpeg: Copied (new)
2026/07/23 18:25:18 INFO  : Administration/Media/logo_hotizontat.png: Copied (new)
2026/07/23 18:25:18 INFO  : Administration/Media/visa_logo.png: Copied (new)
2026/07/23 18:25:36 INFO  : Administration/Media/zemen_bank_logo.png: Copied (new)
2026/07/23 18:25:38 INFO  : Products/Akafay/AIS_and_Decision_PRO/Decision_PRO_Command_Center.md: Copied (new)
2026/07/23 18:25:38 INFO  : Products/Akafay/AIS_and_Decision_PRO/AIS_Technical_Specification.md: Copied (new)
2026/07/23 18:25:43 INFO  : Products/Akafay/AIS_and_Decision_PRO/Decision_PRO_Service_Level_Agreements.md: Copied (new)
2026/07/23 18:25:53 INFO  : Products/Akafay/AIS_and_Decision_PRO/Implementation_and_Roadmap.md: Copied (new)
2026/07/23 18:25:54 INFO  : Products/Birrezy/.space/def.json: Copied (new)
2026/07/23 18:25:54 INFO  : Products/Birrezy/.space/context.mdb: Copied (new)
2026/07/23 18:26:00 INFO  : Products/Decision_PRO/.space/context.mdb: Copied (new)
2026/07/23 18:26:10 INFO  : Knowledge_Base/Crypto_and_DeFi/CDPs.md: Copied (new)
2026/07/23 18:26:10 INFO  : Knowledge_Base/Crypto_and_DeFi/Consensus_PoW_PoS_BFT.md: Copied (new)
2026/07/23 18:26:11 INFO  : Knowledge_Base/Crypto_and_DeFi/Crypto_Derivatives.md: Copied (new)
2026/07/23 18:26:15 INFO  : Knowledge_Base/Crypto_and_DeFi/Layer2_Rollups_and_Metrics.md: Copied (new)
2026/07/23 18:26:25 INFO  : Knowledge_Base/Crypto_and_DeFi/Smart_Contracts.md: Copied (new)
2026/07/23 18:26:26 INFO  : Knowledge_Base/Crypto_and_DeFi/Stablecoins.md: Copied (new)
2026/07/23 18:26:27 INFO  : Knowledge_Base/Crypto_and_DeFi/Web3_Architecture_Overview.md: Copied (new)
2026/07/23 18:26:33 INFO  : Knowledge_Base/Crypto_and_DeFi/ZK_Rollups_and_Proofs.md: Copied (new)
2026/07/23 18:26:44 INFO  : Products/Wallet_Plus/Wallet_Plus_Kanban.md: Copied (new)
2026/07/23 18:26:45 INFO  : Products/Wallet_Plus/Wallet_Plus.md: Copied (new)
2026/07/23 18:26:46 INFO  : Products/EquityOne/Architecture_and_Engineering/Hadid_Assets.md: Copied (new)
2026/07/23 18:26:51 INFO  : Execution/Entities x Engagements/Engagements.md: Copied (new)
2026/07/23 18:27:00 INFO  : Execution/Entities x Engagements/Outreach_Messages.md: Copied (new)
2026/07/23 18:27:07 INFO  : Administration/Meta/ADVANCED_VAULT_CHECKLIST.md: Copied (new)
2026/07/23 18:27:07 INFO  : Dashboard/.space/context.mdb: Copied (new)
2026/07/23 18:27:08 INFO  : Administration/Meta/AI_VAULT_POLICY.md: Copied (new)
2026/07/23 18:27:18 INFO  : Administration/Meta/CHANGELOG.md: Copied (new)
2026/07/23 18:27:25 INFO  : Administration/Meta/Decentral_Technologies_Corporate_Profile.md: Copied (new)
2026/07/23 18:27:25 INFO  : Administration/Meta/HADID.md: Copied (new)
2026/07/23 18:27:25 INFO  : Administration/Meta/LEGACY_AKAFAY_MAPPING.md: Copied (new)
2026/07/23 18:27:33 INFO  : Administration/Meta/LITERATURE_SYNC.md: Copied (new)
2026/07/23 18:27:39 INFO  : Administration/Meta/MIGRATION_PLAYBOOK.md: Copied (new)
2026/07/23 18:27:40 INFO  : Administration/Meta/Nathan Bogale.md: Copied (new)
2026/07/23 18:27:43 INFO  : Administration/Meta/OBSIDIAN_GIT_SETTINGS.md: Copied (new)
2026/07/23 18:27:44 INFO  : Administration/Meta/PLUGIN_SETUP.md: Copied (new)
2026/07/23 18:27:54 INFO  : Administration/Meta/QUARTERLY_VAULT_REVIEW.md: Copied (new)
2026/07/23 18:27:55 INFO  : Administration/Meta/TAG_TAXONOMY.md: Copied (new)
2026/07/23 18:27:59 INFO  : Administration/Meta/TEMPLATER_FOLDER_CONFIG.md: Copied (new)
2026/07/23 18:27:59 INFO  : Administration/Meta/VAULT_CONVENTIONS.md: Copied (new)
2026/07/23 18:28:10 INFO  : Administration/Meta/VAULT_DRIVE_SNAPSHOT.md: Copied (new)
2026/07/23 18:28:11 INFO  : Administration/Meta/VAULT_ENHANCEMENT_MASTER_PLAN.md: Copied (new)
2026/07/23 18:28:16 INFO  : Administration/Meta/VAULT_GIT_COLLABORATION.md: Copied (new)
2026/07/23 18:28:17 INFO  : Administration/Meta/VAULT_HEALTH.md: Copied (new)
2026/07/23 18:28:26 INFO  : Administration/Meta/VAULT_MAINTENANCE_RITUALS.md: Copied (new)
2026/07/23 18:28:26 INFO  : Administration/Meta/VAULT_ONBOARDING.md: Copied (new)
2026/07/23 18:28:28 INFO  : Administration/Meta/VAULT_QA_CHECKLIST.md: Copied (new)
2026/07/23 18:28:32 INFO  : Products/WI3/Delivery_and_Roadmap/WI3 Feature Status — Complete Module Inventory.md: Copied (new)
2026/07/23 18:28:41 INFO  : Products/WI3/Delivery_and_Roadmap/WI3 Remaining Work — Phases & Priorities for Full Roadmap Completion.md: Copied (new)
2026/07/23 18:28:41 INFO  : Products/WI3/Delivery_and_Roadmap/WI3 — Complete Feature & Task Inventory.md: Copied (new)
2026/07/23 18:28:42 INFO  : Products/Birrezy/Architecture_and_Engineering/Birrezy_Architecture_Overview.md: Copied (new)
2026/07/23 18:28:46 INFO  : Products/Birrezy/Architecture_and_Engineering/Birrezy_Liquidity_and_Market_Making.md: Copied (new)
2026/07/23 18:28:54 INFO  : Products/Birrezy/Architecture_and_Engineering/Birrezy_Partner_Integration_API.md: Copied (new)
2026/07/23 18:28:57 INFO  : Products/Birrezy/Architecture_and_Engineering/Birrezy_Reconciliation_and_Settlement_Protocol.md: Copied (new)
2026/07/23 18:28:57 INFO  : Products/Birrezy/Architecture_and_Engineering/Birrezy_Settlement_Rails_and_Corridor_Model.md: Copied (new)
2026/07/23 18:29:00 INFO  : Products/Birrezy/Architecture_and_Engineering/Fee_Splitting_Engine.md: Copied (new)
2026/07/23 18:29:07 INFO  : Products/Birrezy/Architecture_and_Engineering/Multi_Rail_Ingress_Mapping.md: Copied (new)
2026/07/23 18:29:11 INFO  : Products/Decision_PRO/Architecture_and_Engineering/Decision_PRO_Architecture_Overview.md: Copied (new)
2026/07/23 18:29:11 INFO  : Products/Birrezy/Architecture_and_Engineering/Side_Channel_Manifest_API.md: Copied (new)
2026/07/23 18:29:14 INFO  : Products/Decision_PRO/Architecture_and_Engineering/Decision_PRO_Audit_and_Security_Logs.md: Copied (new)
2026/07/23 18:29:24 INFO  : Products/Decision_PRO/Architecture_and_Engineering/Decision_PRO_MLOps_and_Scoring_Logic.md: Copied (new)
2026/07/23 18:29:24 INFO  : Products/Decision_PRO/Architecture_and_Engineering/Decision_PRO_Real_Time_Streaming_Specs.md: Copied (new)
2026/07/23 18:29:25 INFO  : Products/Akafay/Architecture_and_Engineering/Embedded_Lending_and_Risk_Models.md: Copied (new)
2026/07/23 18:29:27 INFO  : Products/Akafay/Architecture_and_Engineering/AIS_Risk_Engine.md: Copied (new)
2026/07/23 18:29:35 INFO  : Products/Akafay/Architecture_and_Engineering/Merchant_Integration_SDK.md: Copied (new)
2026/07/23 18:29:35 INFO  : Products/Akafay/Architecture_and_Engineering/System_Architecture_Overview.md: Copied (new)
2026/07/23 18:29:36 INFO  : Products/Akafay/Architecture_and_Engineering/Tokenized_Card_Issuance_Specs.md: Copied (new)
2026/07/23 18:29:36 INFO  : Products/Akafay/Architecture_and_Engineering/Mobile_Application_Specs.md: Copied (new)
2026/07/23 18:29:46 INFO  : Products/Akafay/Architecture_and_Engineering/Web_Application_Specs.md: Copied (new)
2026/07/23 18:29:47 INFO  : Products/Decision_PRO/Diagrams/EXCAL_Decision_PRO_Logic_Flow.excalidraw.md: Copied (new)
2026/07/23 18:29:47 INFO  : Products/Decision_PRO/Diagrams/README.md: Copied (new)
2026/07/23 18:29:47 INFO  : Products/Decision_PRO/Diagrams/EXCAL_Decision_PRO_Risk_Dashboard_Mockup.excalidraw.md: Copied (new)
2026/07/23 18:29:56 INFO  : Administration/Archive/.space/def.json: Copied (new)
2026/07/23 18:29:57 INFO  : Execution/Tasks/.space/def.json: Copied (new)
2026/07/23 18:30:00 INFO  : Projects/Agri/.space/def.json: Copied (new)
2026/07/23 18:30:00 INFO  : Products/Decision_PRO/Compliance_and_Regulatory/Decision_PRO_NBE_Compliance_Matrix.md: Copied (new)
2026/07/23 18:30:09 INFO  : Projects/VISA/VISA.md: Copied (new)
2026/07/23 18:30:09 INFO  : Products/EquityOne/Diagrams/README.md: Copied (new)
2026/07/23 18:30:12 INFO  : Products/WI3/Diagrams/README.md: Copied (new)
2026/07/23 18:30:22 INFO  : Products/Birrezy/Commercial/PRICING.md: Copied (new)
2026/07/23 18:30:23 INFO  : Knowledge_Base/Identity_and_Custody/MPC + IDENTUS.md: Copied (new)
2026/07/23 18:30:25 INFO  : Administration/Literature/Readwise/Readwise_Import_Hub.md: Copied (new)
2026/07/23 18:30:26 INFO  : Products/Birrezy/Commercial/RISK.md: Copied (new)
2026/07/23 18:30:39 INFO  : Products/Watchdog/Architecture_and_Engineering/Behavioral_Telemetry_Matrix.md: Copied (new)
2026/07/23 18:30:41 INFO  : Products/Watchdog/Architecture_and_Engineering/Knowledge_Graph_Topology.md: Copied (new)
2026/07/23 18:30:42 INFO  : Products/Watchdog/Architecture_and_Engineering/Watchdog_Platform_Spec.md: Copied (new)
2026/07/23 18:30:51 INFO  : Projects/Tokenization/BirrPoints.md: Copied (new)
2026/07/23 18:30:52 INFO  : Projects/Tokenization/ConsensusChain V1.md: Copied (new)
2026/07/23 18:30:55 INFO  : Projects/Tokenization/ECMA Sandbox.md: Copied (new)
2026/07/23 18:31:03 INFO  : Projects/Tokenization/ETBT.md: Copied (new)
2026/07/23 18:31:06 INFO  : Projects/Tokenization/FACTS.md: Copied (new)
2026/07/23 18:31:09 INFO  : Tags/#architecture/.space/context.mdb: Copied (new)
2026/07/23 18:31:10 INFO  : Projects/Tokenization/MINT.md: Copied (new)
2026/07/23 18:31:17 INFO  : Projects/Tokenization/SBIR.md: Copied (new)
2026/07/23 18:31:20 INFO  : Projects/Tokenization/SBIRR PLAN.csv: Copied (new)
2026/07/23 18:31:22 INFO  : Projects/Tokenization/SBIRR PLAN_all.csv: Copied (new)
2026/07/23 18:31:24 INFO  : Projects/Tokenization/Tokenization.md: Copied (new)
2026/07/23 18:31:30 INFO  : Products/Wallet_Plus/.space/context.mdb: Copied (new)
2026/07/23 18:31:33 INFO  : Products/Decision_PRO/Integrations/Core_Banking_Handshake.md: Copied (new)
2026/07/23 18:31:34 INFO  : Execution/Entities x Engagements/.space/views.mdb: Copied (new)
2026/07/23 18:31:36 INFO  : Products/Watchdog/Compliance_and_Regulatory/PDPP_Biometric_Retention_Policy.md: Copied (new)
2026/07/23 18:31:44 INFO  : Administration/Archive/Deprecated_2026/ARCHIVED_Akafay_MAP_redirect.md: Copied (new)
2026/07/23 18:31:46 INFO  : Administration/Archive/Deprecated_2026/Birrezy 2.md: Copied (new)
2026/07/23 18:31:48 INFO  : Administration/Archive/Deprecated_2026/Birrezy Travel Rule.md: Copied (new)
2026/07/23 18:31:48 INFO  : Administration/Archive/Deprecated_2026/ARCHIVED_Projects_redirect.md: Copied (new)
2026/07/23 18:31:55 INFO  : Administration/Archive/Deprecated_2026/Kanban_Vault_Migration.md: Copied (new)
2026/07/23 18:32:01 INFO  : Execution/Tasks/Meetings/Meet with DR Brook.md: Copied (new)
2026/07/23 18:32:02 INFO  : Execution/Tasks/Meetings/Meet with DR Seble.md: Copied (new)
2026/07/23 18:32:02 INFO  : Execution/Tasks/Meetings/Meet With Hanna.md: Copied (new)
2026/07/23 18:32:07 INFO  : Execution/Tasks/Meetings/Meet with Solomon.md: Copied (new)
2026/07/23 18:32:16 INFO  : Execution/Tasks/Meetings/Meeting with Selam.md: Copied (new)
2026/07/23 18:32:17 INFO  : Execution/Tasks/Meetings/Meetings.md: Copied (new)
2026/07/23 18:32:17 INFO  : Execution/Tasks/Meetings/Untitled.md: Copied (new)
2026/07/23 18:32:22 INFO  : Products/EquityOne/Product_Ecosystem/Tokenized_Deposits_for_Banks.md: Copied (new)
2026/07/23 18:32:31 INFO  : Administration/Literature/Zotero/Zotero_Import_Hub.md: Copied (new)
2026/07/23 18:32:34 INFO  : Administration/Meta/Decisions/DR-20260525-MAKE_MD_SPACES.md: Copied (new)
2026/07/23 18:32:34 INFO  : Administration/Meta/Decisions/DR-20260525-FATF_TRAVEL_RULE.md: Copied (new)
2026/07/23 18:32:35 INFO  : Products/WI3/Product_Ecosystem/CONCEPTS.md: Copied (new)
2026/07/23 18:32:42 INFO  : Administration/Meta/Decisions/DR-20260525-VAULT_HIERARCHY.md: Copied (new)
2026/07/23 18:32:46 INFO  : Administration/Meta/Decisions/DR-20260530-VAULT_E13_RESTRUCTURE.md: Copied (new)
2026/07/23 18:32:47 INFO  : Administration/Meta/Decisions/DR-20260530-PROJECTS_FOLDER.md: Copied (new)
2026/07/23 18:32:48 INFO  : Administration/Meta/Decisions/DR-20260530-QUARTERLY_VAULT_REVIEW.md: Copied (new)
2026/07/23 18:32:56 INFO  : Administration/Meta/Decisions/DR-20260603-PHASE4_UI.md: Copied (new)
2026/07/23 18:33:00 INFO  : Administration/Meta/Decisions/DR-20260615-MAP_TO_PARENT.md: Copied (new)
2026/07/23 18:33:01 INFO  : Administration/Meta/Decisions/DR-20260622-E22_STUB_SUNSET.md: Copied (new)
2026/07/23 18:33:01 INFO  : Administration/Meta/Decisions/DR-20260621-E21_POST_MAP_HYGIENE.md: Copied (new)
2026/07/23 18:33:07 INFO  : Administration/Meta/Decisions/DR-20260623-E23_PRODUCT_FOLDER_NORMALIZATION.md: Copied (new)
2026/07/23 18:33:11 INFO  : Administration/Meta/Decisions/DR-20260624-E24_KANBAN_STUB_SUNSET.md: Copied (new)
2026/07/23 18:33:12 INFO  : Administration/Meta/Decisions/DR-20260624-E24_KANBAN_AT_PRODUCT_ROOT.md: Copied (new)
2026/07/23 18:33:12 INFO  : Administration/Meta/Decisions/DR-20260624-E28_GLOBAL_DASHBOARD_REFRESH.md: Copied (new)
2026/07/23 18:33:19 INFO  : Administration/Meta/Decisions/Decisions_Index.md: Copied (new)
2026/07/23 18:33:25 INFO  : Knowledge_Base/Markets_and_Instruments/Arbitrage.md: Copied (new)
2026/07/23 18:33:26 INFO  : Knowledge_Base/Markets_and_Instruments/Boolean Trading.md: Copied (new)
2026/07/23 18:33:26 INFO  : Knowledge_Base/Markets_and_Instruments/Brokerages.md: Copied (new)
2026/07/23 18:33:42 INFO  : Knowledge_Base/Markets_and_Instruments/How_LCs_Work.md: Copied (new)
2026/07/23 18:33:42 INFO  : Knowledge_Base/Markets_and_Instruments/Credit_Underwriting_Evolution.md: Copied (new)
2026/07/23 18:33:42 INFO  : Knowledge_Base/Markets_and_Instruments/DEBTs.md: Copied (new)
2026/07/23 18:33:42 INFO  : Knowledge_Base/Markets_and_Instruments/Investment Funds.md: Copied (new)
2026/07/23 18:33:49 INFO  : Knowledge_Base/Markets_and_Instruments/Margin Lending.md: Copied (new)
2026/07/23 18:33:52 INFO  : Knowledge_Base/Markets_and_Instruments/Money_Market_Funds.md: Copied (new)
2026/07/23 18:33:52 INFO  : Knowledge_Base/Markets_and_Instruments/Stocks and Bonds.md: Copied (new)
2026/07/23 18:33:52 INFO  : Products/Birrezy/Compliance_and_Regulatory/Birrezy_Compliance_Reporting_Framework.md: Copied (new)
2026/07/23 18:33:58 INFO  : Products/Birrezy/Compliance_and_Regulatory/Birrezy_Dispute_and_Refund_Policy.md: Copied (new)
2026/07/23 18:34:03 INFO  : Products/Birrezy/Compliance_and_Regulatory/Birrezy_Onboarding_and_KYC_Spec.md: Copied (new)
2026/07/23 18:34:04 INFO  : Products/Birrezy/Compliance_and_Regulatory/Travel_Rule_Implementation.md: Copied (new)
2026/07/23 18:34:13 INFO  : Products/Akafay/Diagrams/EXCAL_Akafay_Architecture.excalidraw.md: Copied (new)
2026/07/23 18:34:13 INFO  : Products/Akafay/Diagrams/README.md: Copied (new)
2026/07/23 18:34:19 INFO  : Tags/#corridor/.space/context.mdb: Copied (new)
2026/07/23 18:34:19 INFO  : Projects/VISA/.space/def.json: Copied (new)
2026/07/23 18:34:23 INFO  : Products/Decision_PRO/Product_Ecosystem/Decision_PRO_Feature_Matrix.md: Copied (new)
2026/07/23 18:34:23 INFO  : Products/Decision_PRO/Product_Ecosystem/Decision_PRO_Localization_Amharic.md: Copied (new)
2026/07/23 18:34:28 INFO  : Administration/Templates/TPL_Compliance_Log.md: Copied (new)
2026/07/23 18:34:28 INFO  : Products/Decision_PRO/Product_Ecosystem/Decision_PRO_User_Roles_and_RBAC.md: Copied (new)
2026/07/23 18:34:35 INFO  : Administration/Templates/TPL_Corridor.md: Copied (new)
2026/07/23 18:34:36 INFO  : Administration/Templates/TPL_Daily_Note.md: Copied (new)
2026/07/23 18:34:41 INFO  : Administration/Templates/TPL_Integration.md: Copied (new)
2026/07/23 18:34:41 INFO  : Administration/Templates/TPL_Decision_Record.md: Copied (new)
2026/07/23 18:34:55 INFO  : Administration/Templates/TPL_KB_Article.md: Copied (new)
2026/07/23 18:34:56 INFO  : Administration/Templates/TPL_Kanban_Board.md: Copied (new)
2026/07/23 18:35:07 INFO  : Administration/Templates/TPL_Literature_Readwise.md: Copied (new)
2026/07/23 18:35:10 INFO  : Administration/Templates/TPL_Literature_Zotero.md: Copied (new)
2026/07/23 18:35:20 INFO  : Administration/Templates/TPL_Meeting.md: Copied (new)
2026/07/23 18:35:21 INFO  : Administration/Templates/TPL_Project.md: Copied (new)
2026/07/23 18:35:26 INFO  : Administration/Templates/TPL_Regulatory.md: Copied (new)
2026/07/23 18:35:27 INFO  : Administration/Templates/TPL_Spec.md: Copied (new)
2026/07/23 18:35:46 INFO  : Administration/Templates/Templates.md: Copied (new)
2026/07/23 18:35:48 INFO  : Products/Akafay/Compliance_and_Regulatory/Asset_Murabaha_Ledger_Specs.md: Copied (new)
2026/07/23 18:35:50 INFO  : Products/Akafay/Compliance_and_Regulatory/Control_Matrix_Akafay.md: Copied (new)
2026/07/23 18:35:51 INFO  : Products/Akafay/Compliance_and_Regulatory/Corridor_Compliance_Map.md: Copied (new)
2026/07/23 18:36:11 INFO  : Products/Akafay/Compliance_and_Regulatory/Fair_Lending_Policy.md: Copied (new)
2026/07/23 18:36:12 INFO  : Products/Akafay/Compliance_and_Regulatory/INSA_Security_Audit_Dossier.md: Copied (new)
2026/07/23 18:36:15 INFO  : Products/Akafay/Compliance_and_Regulatory/NBE_Compliance_Guidelines.md: Copied (new)
2026/07/23 18:36:23 INFO  : Products/Akafay/Compliance_and_Regulatory/NBE_Sandbox_Compliance_Log.md: Copied (new)
2026/07/23 18:36:42 INFO  : Products/Akafay/Compliance_and_Regulatory/Security_Issue_Log.md: Copied (new)
2026/07/23 18:36:42 INFO  : Products/Akafay/Compliance_and_Regulatory/Regulatory_Register.md: Copied (new)
2026/07/23 18:36:48 INFO  : Products/Akafay/Compliance_and_Regulatory/Sharia_Purification_Workflow.md: Copied (new)
2026/07/23 18:37:03 INFO  : Products/Watchdog/Diagrams/README.md: Copied (new)
2026/07/23 18:37:23 INFO  : Execution/Entities x Engagements/Banks/Zemen.md: Copied (new)
2026/07/23 18:37:24 INFO  : Execution/Entities x Engagements/Banks/Bunna.md: Copied (new)
2026/07/23 18:37:25 INFO  : Administration/Tags/#type+project/#type+project.md: Copied (new)
2026/07/23 18:37:34 INFO  : Administration/Meta/logs/README.md: Copied (new)
2026/07/23 18:37:53 INFO  : Administration/Meta/logs/drive_snapshot_dry_run_20260602-1717.log: Copied (new)
2026/07/23 18:37:54 INFO  : Products/EquityOne/Strategy_and_Capital/Equity_One_RWA.md: Copied (new)
2026/07/23 18:37:55 INFO  : Administration/Meta/logs/robocopy_listonly_20260602-1717.txt: Copied (new)
2026/07/23 18:38:05 INFO  : Products/EquityOne/Strategy_and_Capital/T-Bill_Tokenization_Project.md: Copied (new)
2026/07/23 18:38:38 INFO  : Products/Wallet_Plus/Architecture_and_Engineering/Design_Decisions.md: Copied (new)
2026/07/23 18:38:38 INFO  : Products/Wallet_Plus/Architecture_and_Engineering/Fayda_Zero_Knowledge_Bridge.md: Copied (new)
2026/07/23 18:38:47 INFO  : Products/Wallet_Plus/Architecture_and_Engineering/MPC_Shard_Recovery_SOP.md: Copied (new)
2026/07/23 18:38:56 INFO  : Projects/Tokenization/Graphics/Pasted image 20260519150457.png: Copied (new)
2026/07/23 18:39:21 INFO  : Products/Wallet_Plus/Architecture_and_Engineering/Wallet_Plus_Account_Abstraction_Specs.md: Copied (new)
2026/07/23 18:39:22 INFO  : Products/Wallet_Plus/Architecture_and_Engineering/Wallet_Plus_Architecture_Overview.md: Copied (new)
2026/07/23 18:39:35 INFO  : Products/Wallet_Plus/Architecture_and_Engineering/Wallet_Plus_Fayda_Identity_Integration.md: Copied (new)
2026/07/23 18:39:37 INFO  : Products/Wallet_Plus/Architecture_and_Engineering/Wallet_Plus_DESIGN.md: Copied (new)
2026/07/23 18:39:45 INFO  : Products/Wallet_Plus/Architecture_and_Engineering/Wallet_Plus_MPC_Key_Management.md: Copied (new)
2026/07/23 18:40:04 INFO  : Knowledge_Base/Payments_and_Rails/BRIDGING.md: Copied (new)
2026/07/23 18:40:22 INFO  : Knowledge_Base/Payments_and_Rails/Market Making and AMMs.md: Copied (new)
2026/07/23 18:40:23 INFO  : Knowledge_Base/Payments_and_Rails/PIX.md: Copied (new)
2026/07/23 18:40:39 INFO  : Products/Birrezy/Corridors/Corridors.base: Copied (new)
2026/07/23 18:40:44 INFO  : Products/Birrezy/Corridors/Corridors.md: Copied (new)
2026/07/23 18:40:57 INFO  : Products/Birrezy/Corridors/ET-AE.md: Copied (new)
2026/07/23 18:40:59 INFO  : Products/Birrezy/Corridors/ET-ET-domestic.md: Copied (new)
2026/07/23 18:41:13 INFO  : Products/Birrezy/Corridors/ET-EU.md: Copied (new)
2026/07/23 18:41:15 INFO  : Products/Birrezy/Corridors/ET-KE.md: Copied (new)
2026/07/23 18:41:32 INFO  : Products/Birrezy/Corridors/ET-US.md: Copied (new)
2026/07/23 18:41:43 INFO  : Products/WI3/Strategy_and_Capital/Briefing.md: Copied (new)
2026/07/23 18:41:53 INFO  : Products/WI3/Strategy_and_Capital/WI3_Introduction.md: Copied (new)
2026/07/23 18:42:14 INFO  : Execution/Tasks/Meetings/.space/def.json: Copied (new)
2026/07/23 18:42:21 INFO  : Products/Wallet_Plus/Compliance_and_Regulatory/Wallet_Plus_NBE_Sandbox_Dossier.md: Copied (new)
2026/07/23 18:42:29 INFO  : Products/Akafay/Integrations/Bunna_A2A_Handshake.md: Copied (new)
2026/07/23 18:42:29 INFO  : Tags/#engagement/.space/context.mdb: Copied (new)
2026/07/23 18:43:06 INFO  : Products/Akafay/Integrations/CBS_Integration.md: Copied (new)
2026/07/23 18:43:11 INFO  : Products/Akafay/Integrations/CBS_Integration_Discovery_Questions.md: Copied (new)
2026/07/23 18:43:37 INFO  : Products/Akafay/Integrations/CBS_Integration_Security_Questions.md: Copied (new)
2026/07/23 18:43:37 INFO  : Products/Akafay/Integrations/EthSwitch_Integration.md: Copied (new)
2026/07/23 18:44:17 INFO  : Products/Akafay/Integrations/Integrations_Overview.md: Copied (new)
2026/07/23 18:44:20 INFO  : Products/Akafay/Integrations/Mobile_Money_Integrations.md: Copied (new)
2026/07/23 18:44:34 INFO  : Products/Akafay/Integrations/Security_Overview.md: Copied (new)
2026/07/23 18:44:36 INFO  : Products/Decision_PRO/Strategy_and_Capital/Decision_PRO_Commercial_Flywheel.md: Copied (new)
2026/07/23 18:45:18 INFO  : Products/Decision_PRO/Strategy_and_Capital/Decision_PRO_Executive_Summary.md: Copied (new)
2026/07/23 18:45:18 INFO  : Products/Decision_PRO/Strategy_and_Capital/Decision_PRO_Roadmap.md: Copied (new)
2026/07/23 18:45:35 INFO  : Administration/Archive/Web3_Split_2026/Web3_challenger_FULL.md: Copied (new)
2026/07/23 18:46:01 INFO  : Products/Akafay/Compliance_and_Regulatory/_Audit_Log/COMP-20260521-001.md: Copied (new)
2026/07/23 18:46:03 INFO  : Administration/Archive/Legacy_Akafay_2026/Akafay/Akafay.md: Copied (new)
2026/07/23 18:46:08 INFO  : Products/Akafay/Compliance_and_Regulatory/_Audit_Log/COMP-20260521-002.md: Copied (new)
2026/07/23 18:46:11 INFO  : Products/Akafay/Compliance_and_Regulatory/_Audit_Log/Audit_Log_Index.md: Copied (new)
2026/07/23 18:46:28 INFO  : Products/Akafay/Compliance_and_Regulatory/_Audit_Log/COMP-20260525-001.md: Copied (new)
2026/07/23 18:46:29 INFO  : Products/Akafay/Compliance_and_Regulatory/_Audit_Log/COMP-20260525-002.md: Copied (new)
2026/07/23 18:46:30 INFO  : Products/Akafay/Compliance_and_Regulatory/_Audit_Log/Compliance_Logs.base: Copied (new)
2026/07/23 18:46:33 INFO  : Knowledge_Base/Regulatory/AML_CFT_Ethiopia.md: Copied (new)
2026/07/23 18:46:53 INFO  : Knowledge_Base/Regulatory/Consumer protection.md: Copied (new)
2026/07/23 18:46:55 INFO  : Knowledge_Base/Regulatory/DCP License.md: Copied (new)
2026/07/23 18:46:55 INFO  : Knowledge_Base/Regulatory/Data_Protection_Ethiopia.md: Copied (new)
2026/07/23 18:47:02 INFO  : Knowledge_Base/Regulatory/Fayda_Digital_ID.md: Copied (new)
2026/07/23 18:47:27 INFO  : Knowledge_Base/Regulatory/Green Channel.md: Copied (new)
2026/07/23 18:47:29 INFO  : Knowledge_Base/Regulatory/NBE SURVEY.md: Copied (new)
2026/07/23 18:47:32 INFO  : Knowledge_Base/Regulatory/LICENSING RELATED.md: Copied (new)
2026/07/23 18:47:38 INFO  : Knowledge_Base/Regulatory/NBE_Sandbox_Program.md: Copied (new)
2026/07/23 18:48:03 INFO  : Knowledge_Base/Regulatory/US REGULATORY.md: Copied (new)
2026/07/23 18:48:03 INFO  : Knowledge_Base/Regulatory/STABLE TOKEN COMMISION.md: Copied (new)
2026/07/23 18:48:03 INFO  : Knowledge_Base/Regulatory/PSO_and_Payment_Instrument_Issuer.md: Copied (new)
2026/07/23 18:48:04 INFO  : Knowledge_Base/Regulatory/Travel Rules.md: Copied (new)
2026/07/23 18:48:27 INFO  : Knowledge_Base/Regulatory/VASP.md: Copied (new)
2026/07/23 18:48:27 INFO  : Execution/Entities x Engagements/Government/ECMA.md: Copied (new)
2026/07/23 18:48:28 INFO  : Execution/Entities x Engagements/Government/EAII.md: Copied (new)
2026/07/23 18:48:28 INFO  : Execution/Entities x Engagements/Government/INSA.md: Copied (new)
2026/07/23 18:48:59 INFO  : Execution/Entities x Engagements/Government/MINT.md: Copied (new)
2026/07/23 18:49:01 INFO  : Execution/Entities x Engagements/Government/NBE.md: Copied (new)
2026/07/23 18:49:03 INFO  : Products/Akafay/Knowledge_base/Knowledge_base.md: Copied (new)
2026/07/23 18:49:04 INFO  : Products/Akafay/Knowledge_base/photo_2026-06-17_16-59-33.jpg: Copied (new)
2026/07/23 18:49:33 INFO  : Products/Birrezy/Diagrams/EXCAL_Birrezy_ET-ET_Flow.excalidraw.md: Copied (new)
2026/07/23 18:49:34 INFO  : Products/Birrezy/Diagrams/EXCAL_Birrezy_ET-US_Flow.excalidraw.md: Copied (new)
2026/07/23 18:49:35 INFO  : Products/Birrezy/Diagrams/FIG_Birrezy_Image_1.png: Copied (new)
2026/07/23 18:49:36 INFO  : Products/Birrezy/Diagrams/FIG_Birrezy_Image_2.png: Copied (new)
2026/07/23 18:50:13 INFO  : Products/Birrezy/Diagrams/FIG_Birrezy_Image_4.png: Copied (new)
2026/07/23 18:50:14 INFO  : Products/Birrezy/Diagrams/README.md: Copied (new)
2026/07/23 18:50:14 INFO  : Products/Birrezy/Diagrams/FIG_Birrezy_Image_3.png: Copied (new)
2026/07/23 18:50:15 INFO  : Products/Birrezy/Diagrams/Rain_-_Card_Program_Pricing_Sheet___Nov_2025.pdf: Copied (new)
2026/07/23 18:50:49 INFO  : Products/Wallet_Plus/Diagrams/EXCAL_Wallet_Plus_Fayda_Auth_Flow.excalidraw.md: Copied (new)
2026/07/23 18:50:50 INFO  : Products/Wallet_Plus/Diagrams/EXCAL_Wallet_Plus_MPC_Recovery_Process.excalidraw.md: Copied (new)
2026/07/23 18:50:55 INFO  : Products/Birrezy/Corridors/.space/def.json: Copied (new)
2026/07/23 18:51:03 INFO  : Products/Wallet_Plus/Diagrams/FIG_Wallet_Plus_Image_6.png: Copied (new)
2026/07/23 18:51:21 INFO  : Products/Wallet_Plus/Diagrams/README.md: Copied (new)
2026/07/23 18:51:27 INFO  : Execution/Entities x Engagements/NGO/Gates.md: Copied (new)
2026/07/23 18:51:34 INFO  : Products/Akafay/Integrations/.space/def.json: Copied (new)
2026/07/23 18:51:34 INFO  : Administration/Archive/Deprecated_2026/Products_Cleanup/Decision PRO Features.md: Copied (new)
2026/07/23 18:51:51 INFO  : Administration/Archive/Deprecated_2026/Products_Cleanup/Decision PRO.md: Copied (new)
2026/07/23 18:51:57 INFO  : Administration/Archive/Deprecated_2026/Products_Cleanup/Wallet+.md: Copied (new)
2026/07/23 18:52:02 INFO  : Products/Birrezy/Operations/T4_Weekend_Buffer_Rules.md: Copied (new)
2026/07/23 18:52:03 INFO  : Products/Birrezy/Operations/Reverse_Manifest_Protocol.md: Copied (new)
2026/07/23 18:52:29 INFO  : Products/Akafay/Operating_System/Dispute_and_Reversal_Management.md: Copied (new)
2026/07/23 18:52:34 INFO  : Products/Akafay/Operating_System/Compliance_and_Fayda_Anchor.md: Copied (new)
2026/07/23 18:52:51 INFO  : Products/Akafay/Operating_System/Ecosystem_Architecture.md: Copied (new)
2026/07/23 18:52:52 INFO  : Tags/#integration/.space/context.mdb: Copied (new)
2026/07/23 18:52:54 INFO  : Tags/#journal/.space/context.mdb: Copied (new)
2026/07/23 18:52:54 INFO  : Products/Akafay/Operating_System/Onboarding_and_KYC_Spec.md: Copied (new)
2026/07/23 18:53:20 INFO  : Administration/Tags/#type+project/.space/def.json: Copied (new)
2026/07/23 18:53:22 INFO  : Products/Wallet_Plus/Integrations/EthSwitch_Wallet_Bridge.md: Copied (new)
2026/07/23 18:53:22 INFO  : Products/Wallet_Plus/Integrations/Omni_Wallet.md: Copied (new)
2026/07/23 18:53:56 INFO  : Administration/Meta/onboarding/screenshots/README.md: Copied (new)
2026/07/23 18:53:56 INFO  : Administration/Meta/theme/HADID_THEME.md: Copied (new)
2026/07/23 18:53:57 INFO  : Administration/Meta/theme/copilot-vault-policy.json: Copied (new)
2026/07/23 18:53:57 INFO  : Administration/Meta/theme/excalidraw-paths.json: Copied (new)
2026/07/23 18:54:25 INFO  : Administration/Meta/theme/hadid-visual-engine.md: Copied (new)
2026/07/23 18:54:26 INFO  : Administration/Meta/theme/hadid-appearance.json: Copied (new)
2026/07/23 18:54:27 INFO  : Administration/Meta/theme/literature-paths.json: Copied (new)
2026/07/23 18:54:28 INFO  : Administration/Meta/theme/iconize-data.json: Copied (new)
2026/07/23 18:54:55 INFO  : Administration/Meta/theme/smart-connections-policy.json: Copied (new)
2026/07/23 18:54:58 INFO  : Products/Birrezy/Product_Ecosystem/HOW_THE_OTHERS_WORK.md: Copied (new)
2026/07/23 18:54:59 INFO  : Products/Akafay/Knowledge_base/.space/def.json: Copied (new)
2026/07/23 18:55:26 INFO  : Products/Birrezy/Product_Ecosystem/Products Library.md: Copied (new)
2026/07/23 18:55:29 INFO  : Administration/Archive/Deprecated_2026/E20_MAP_stubs/Knowledge_Base/KB_MAP.md: Copied (new)
2026/07/23 18:55:30 INFO  : Administration/Archive/Legacy_Akafay_2026/Akafay/.space/def.json: Copied (new)
2026/07/23 18:55:43 INFO  : Tags/#jurisdiction/.space/context.mdb: Copied (new)
2026/07/23 18:55:44 INFO  : Products/Akafay/Product_Ecosystem/Agaz_AI_Financial_Advisor.md: Copied (new)
2026/07/23 18:55:46 INFO  : Products/Akafay/Product_Ecosystem/Akafay_BNPL_Core.md: Copied (new)
2026/07/23 18:55:48 INFO  : Products/Akafay/Product_Ecosystem/Akafay_Secure_Framework.md: Copied (new)
2026/07/23 18:55:58 INFO  : Administration/Meta/scripts/Product_Factory.md: Copied (new)
2026/07/23 18:56:01 INFO  : Administration/Meta/scripts/audit_postE11.log: Copied (new)
2026/07/23 18:56:03 INFO  : Administration/Meta/scripts/audit_postE11.ps1: Copied (new)
2026/07/23 18:56:15 INFO  : Administration/Archive/Deprecated_2026/E20_MAP_stubs/Execution/Entities x Engagements/Engagements_MAP.md: Copied (new)
2026/07/23 18:56:16 INFO  : Administration/Meta/scripts/e11_content_polish.ps1: Copied (new)
2026/07/23 18:56:18 INFO  : Administration/Meta/scripts/e11_fill_missing_fields.ps1: Copied (new)
2026/07/23 18:56:20 INFO  : Administration/Meta/scripts/e11_find_remaining.ps1: Copied (new)
2026/07/23 18:56:31 INFO  : Administration/Meta/scripts/e11_kb_rename_qa.ps1: Copied (new)
2026/07/23 18:56:31 INFO  : Administration/Meta/scripts/e11_kb_rename_rewrite.ps1: Copied (new)
2026/07/23 18:56:33 INFO  : Administration/Meta/scripts/e11_normalize_frontmatter.ps1: Copied (new)
2026/07/23 18:56:40 INFO  : Administration/Meta/scripts/e11_strip_notion_inline.ps1: Copied (new)
2026/07/23 18:56:51 INFO  : Administration/Meta/scripts/e12_append_nav_footer.ps1: Copied (new)
2026/07/23 18:56:52 INFO  : Administration/Meta/scripts/e12_akafay_renumber.ps1: Copied (new)
2026/07/23 18:56:53 INFO  : Administration/Meta/scripts/e12_backfill_last_reviewed.ps1: Copied (new)
2026/07/23 18:56:56 INFO  : Administration/Meta/scripts/e12_backfill_owner.ps1: Copied (new)
2026/07/23 18:57:11 INFO  : Administration/Meta/scripts/e12_check_aliases.ps1: Copied (new)
2026/07/23 18:57:11 INFO  : Administration/Meta/scripts/e12_find_dup_h1.ps1: Copied (new)
2026/07/23 18:57:14 INFO  : Administration/Meta/scripts/e12_find_missing_embeds.ps1: Copied (new)
2026/07/23 18:57:15 INFO  : Administration/Meta/scripts/e12_link_audit.ps1: Copied (new)
2026/07/23 18:57:25 INFO  : Administration/Meta/scripts/e12_strip_alias_tags.ps1: Copied (new)
2026/07/23 18:57:26 INFO  : Administration/Meta/scripts/e13_vault_restructure.ps1: Copied (new)
2026/07/23 18:57:27 INFO  : Administration/Meta/scripts/e14_fix_mojibake_dot.ps1: Copied (new)
2026/07/23 18:57:29 INFO  : Administration/Meta/scripts/e14_projects_folder.ps1: Copied (new)
2026/07/23 18:57:39 INFO  : Administration/Meta/scripts/e15_kb_ready_sprint.ps1: Copied (new)
2026/07/23 18:57:39 INFO  : Administration/Meta/scripts/e14_ui_polish.ps1: Copied (new)
2026/07/23 18:57:41 INFO  : Administration/Meta/scripts/e16_drive_snapshot_dry_run.ps1: Copied (new)
2026/07/23 18:57:43 INFO  : Administration/Meta/scripts/e17_merge_products_tokenization.ps1: Copied (new)
2026/07/23 18:57:52 INFO  : Administration/Meta/scripts/e18_deprecated_cleanup.ps1: Copied (new)
2026/07/23 18:57:52 INFO  : Administration/Meta/scripts/e19_rename_moc_to_map.ps1: Copied (new)
2026/07/23 18:57:57 INFO  : Administration/Meta/scripts/e20_merge_map_to_parent.ps1: Copied (new)
2026/07/23 18:57:58 INFO  : Administration/Meta/scripts/e22_archive_map_stubs.ps1: Copied (new)
2026/07/23 18:58:03 INFO  : Administration/Meta/scripts/e22_verify_stub_links.ps1: Copied (new)
2026/07/23 18:58:04 INFO  : Administration/Meta/scripts/e23_create_kanban_boards.ps1: Copied (new)
2026/07/23 18:58:07 INFO  : Administration/Meta/scripts/e23_move_kanban_to_products.ps1: Copied (new)
2026/07/23 18:58:08 INFO  : Administration/Meta/scripts/e23_product_folder_hygiene.ps1: Copied (new)
2026/07/23 18:58:11 INFO  : Administration/Meta/scripts/e23_product_folder_moves.ps1: Copied (new)
2026/07/23 18:58:13 INFO  : Administration/Meta/scripts/e23_rename_excalidraw_to_diagrams.ps1: Copied (new)
2026/07/23 18:58:16 INFO  : Administration/Meta/scripts/e24_archive_kanban_stubs.ps1: Copied (new)
2026/07/23 18:58:16 INFO  : Administration/Meta/scripts/e24_diagrams_hygiene.ps1: Copied (new)
2026/07/23 18:58:20 INFO  : Administration/Meta/scripts/e24_drift_cleanup.ps1: Copied (new)
2026/07/23 18:58:22 INFO  : Administration/Meta/scripts/e24_enforce_diagrams.ps1: Copied (new)
2026/07/23 18:58:24 INFO  : Administration/Meta/scripts/e24_move_kanban_to_product_root.ps1: Copied (new)
2026/07/23 18:58:25 INFO  : Administration/Meta/scripts/e24_product_folder_hygiene.ps1: Copied (new)
2026/07/23 18:58:29 INFO  : Administration/Meta/scripts/e25_seed_product_kanbans.ps1: Copied (new)
2026/07/23 18:58:30 INFO  : Administration/Meta/scripts/e26_diagrams_polish.ps1: Copied (new)
2026/07/23 18:58:32 INFO  : Administration/Meta/scripts/e27_filename_hygiene.ps1: Copied (new)
2026/07/23 18:58:34 INFO  : Administration/Meta/scripts/e28_refresh_priorities_from_kanban.ps1: Copied (new)
2026/07/23 18:58:38 INFO  : Administration/Meta/scripts/e4_apply_tags.ps1: Copied (new)
2026/07/23 18:58:39 INFO  : Administration/Meta/scripts/pre_commit_qa.ps1: Copied (new)
2026/07/23 18:58:41 INFO  : Administration/Meta/scripts/strip_windows_metadata.ps1: Copied (new)
2026/07/23 18:58:43 INFO  : Administration/Meta/scripts/sync_iconize_data.ps1: Copied (new)
2026/07/23 18:58:45 INFO  : Products/Wallet_Plus/Product_Ecosystem/DARS_Pal_Tokenization_Schema.md: Copied (new)
2026/07/23 18:58:48 INFO  : Products/Wallet_Plus/Product_Ecosystem/Wallet_Plus_Feature_Set.md: Copied (new)
2026/07/23 18:58:48 INFO  : Products/Wallet_Plus/Product_Ecosystem/Wallet_Plus_Supplement.md: Copied (new)
2026/07/23 18:58:50 INFO  : Products/Wallet_Plus/Product_Ecosystem/Wallet_Plus_USSD_Offline_Layer.md: Copied (new)
2026/07/23 18:58:55 INFO  : Products/Wallet_Plus/Product_Ecosystem/Wallet_Plus_UX_and_Onboarding_Flow.md: Copied (new)
2026/07/23 18:58:58 INFO  : Products/Birrezy/Strategy_and_Capital/Birrezy_Deck.md: Copied (new)
2026/07/23 18:58:58 INFO  : Products/Birrezy/Strategy_and_Capital/Birrezy_Commercial_Flywheel.md: Copied (new)
2026/07/23 18:59:00 INFO  : Products/Birrezy/Strategy_and_Capital/Birrezy_Financial_Model_Authority.md: Copied (new)
2026/07/23 18:59:05 INFO  : Products/Birrezy/Strategy_and_Capital/Birrezy_Invest.md: Copied (new)
2026/07/23 18:59:12 INFO  : Products/Akafay/Strategy_and_Capital/Bunna_Bank_Partnership_SOW.md: Copied (new)
2026/07/23 18:59:16 INFO  : Products/Akafay/Strategy_and_Capital/Akafay_Executive_Summary.md: Copied (new)
2026/07/23 18:59:17 INFO  : Products/Akafay/Strategy_and_Capital/Commercial_Model_and_Pitch.md: Copied (new)
2026/07/23 18:59:23 INFO  : Products/Akafay/Strategy_and_Capital/Commercial_Scaling_Flywheel.md: Copied (new)
2026/07/23 18:59:26 INFO  : Products/Akafay/Strategy_and_Capital/Investment_Proposal_and_Metrics.md: Copied (new)
2026/07/23 18:59:27 INFO  : Products/Wallet_Plus/Strategy_and_Capital/Wallet_Plus_Commercial_Flywheel.md: Copied (new)
2026/07/23 18:59:30 INFO  : Products/Wallet_Plus/Strategy_and_Capital/Wallet_Plus_Executive_Summary.md: Copied (new)
2026/07/23 18:59:35 INFO  : Products/Wallet_Plus/Strategy_and_Capital/Wallet_Plus_Roadmap.md: Copied (new)
2026/07/23 18:59:40 INFO  : Administration/Archive/Deprecated_2026/E20_MAP_stubs/Projects/Projects_MAP.md: Copied (new)
2026/07/23 18:59:48 INFO  : Products/Birrezy/_Working/QUESTIONS.md: Copied (new)
2026/07/23 18:59:54 INFO  : Products/Birrezy/_Working/READ.md: Copied (new)
2026/07/23 19:00:01 INFO  : Tags/#kb/.space/context.mdb: Copied (new)
2026/07/23 19:00:21 INFO  : Tags/#markets/.space/context.mdb: Copied (new)
2026/07/23 19:00:33 INFO  : Tags/#meta/.space/context.mdb: Copied (new)
2026/07/23 19:00:50 INFO  : Tags/#meta+dashboard/.space/context.mdb: Copied (new)
2026/07/23 19:01:12 INFO  : Administration/Archive/Deprecated_2026/E24_Kanban_stubs/Products/Watchdog/Kanban/Kanban_Delivery.md: Copied (new)
2026/07/23 19:01:20 INFO  : Administration/Archive/Deprecated_2026/E24_Kanban_stubs/Products/Akafay/Kanban/Kanban_Delivery.md: Copied (new)
2026/07/23 19:01:21 INFO  : Administration/Archive/Deprecated_2026/E24_Kanban_stubs/Products/Akafay/Kanban/Kanban_Compliance.md: Copied (new)
2026/07/23 19:01:26 INFO  : Administration/Archive/Deprecated_2026/E24_Kanban_stubs/Products/Birrezy/Kanban/Kanban_Corridors.md: Copied (new)
2026/07/23 19:01:29 INFO  : Administration/Archive/Deprecated_2026/E24_Kanban_stubs/Products/Birrezy/Kanban/Kanban_Delivery.md: Copied (new)
2026/07/23 19:01:58 INFO  : Administration/Archive/Deprecated_2026/E24_Kanban_stubs/Products/EquityOne/Kanban/Kanban_Delivery.md: Copied (new)
2026/07/23 19:01:58 INFO  : Administration/Archive/Deprecated_2026/E24_Kanban_stubs/Products/Decision_PRO/Kanban/Kanban_Delivery.md: Copied (new)
2026/07/23 19:02:05 INFO  : Administration/Archive/Deprecated_2026/E24_Kanban_stubs/Products/WI3/Kanban/Kanban_Delivery.md: Copied (new)
2026/07/23 19:02:10 INFO  : Administration/Archive/Deprecated_2026/E24_Kanban_stubs/Products/Wallet_Plus/Kanban/Kanban_Delivery.md: Copied (new)
2026/07/23 19:02:38 INFO  : Administration/Archive/Deprecated_2026/E24_Kanban_stubs/Dashboard/Kanban/Kanban_Akafay_Delivery.md: Copied (new)
2026/07/23 19:02:39 INFO  : Administration/Archive/Deprecated_2026/E24_Kanban_stubs/Dashboard/Kanban/Kanban_Birrezy_Corridors.md: Copied (new)
2026/07/23 19:02:43 INFO  : Administration/Archive/Deprecated_2026/E20_MAP_stubs/Products/Akafay/Dashboard/Akafay_Master_MAP.md: Copied (new)
2026/07/23 19:02:46 INFO  : Administration/Archive/Deprecated_2026/E20_MAP_stubs/Products/Akafay/Dashboard/Akafay_Graph_Hub.md: Copied (new)
2026/07/23 19:02:54 INFO  : Administration/Archive/Deprecated_2026/E24_Kanban_stubs/Dashboard/Kanban/Kanban_Compliance.md: Copied (new)
2026/07/23 19:03:01 INFO  : Administration/Archive/Legacy_Akafay_2026/Akafay/Akafay/AGE LIMITS.md: Copied (new)
2026/07/23 19:03:09 INFO  : Administration/Archive/Deprecated_2026/E20_MAP_stubs/Products/Birrezy/Dashboard/Birrezy.md: Copied (new)
2026/07/23 19:03:21 INFO  : Administration/Archive/Legacy_Akafay_2026/Akafay/Akafay/AIS.md: Copied (new)
2026/07/23 19:03:21 INFO  : Administration/Archive/Legacy_Akafay_2026/Akafay/Akafay/AIS Enhancements.md: Copied (new)
2026/07/23 19:03:24 INFO  : Administration/Archive/Deprecated_2026/E20_MAP_stubs/Products/Birrezy/Dashboard/Birrezy_MAP.md: Copied (new)
2026/07/23 19:03:24 INFO  : Administration/Archive/Legacy_Akafay_2026/Akafay/Akafay/AKAFAY CARD PLANS.csv: Copied (new)
2026/07/23 19:03:40 INFO  : Administration/Archive/Legacy_Akafay_2026/Akafay/Akafay/AKAFAY CARD PLANS_all.csv: Copied (new)
2026/07/23 19:03:40 INFO  : Administration/Archive/Legacy_Akafay_2026/Akafay/Akafay/AKAFAY PLANS.csv: Copied (new)
2026/07/23 19:03:42 INFO  : Administration/Archive/Legacy_Akafay_2026/Akafay/Akafay/AKAFAY PLANS_all.csv: Copied (new)
2026/07/23 19:03:42 INFO  : Administration/Archive/Legacy_Akafay_2026/Akafay/Akafay/Agazh V1.md: Copied (new)
2026/07/23 19:03:55 INFO  : Administration/Archive/Legacy_Akafay_2026/Akafay/Akafay/Akafay Card.md: Copied (new)
2026/07/23 19:03:55 INFO  : Administration/Archive/Legacy_Akafay_2026/Akafay/Akafay/Akafay CORPORATE.md: Copied (new)
2026/07/23 19:03:56 INFO  : Administration/Archive/Legacy_Akafay_2026/Akafay/Akafay/Bunna Kickoff Meeting.md: Copied (new)
2026/07/23 19:03:56 INFO  : Administration/Archive/Legacy_Akafay_2026/Akafay/Akafay/Credit Scoring Page.md: Copied (new)
2026/07/23 19:04:11 INFO  : Administration/Archive/Legacy_Akafay_2026/Akafay/Akafay/Design Bunna Training.md: Copied (new)
2026/07/23 19:04:12 INFO  : Administration/Archive/Legacy_Akafay_2026/Akafay/Akafay/Design your card.md: Copied (new)
2026/07/23 19:04:13 INFO  : Administration/Archive/Legacy_Akafay_2026/Akafay/Akafay/Design.md: Copied (new)
2026/07/23 19:04:15 INFO  : Administration/Archive/Legacy_Akafay_2026/Akafay/Akafay/Development.md: Copied (new)
2026/07/23 19:04:31 INFO  : Administration/Archive/Legacy_Akafay_2026/Akafay/Akafay/ENHANCEMENTS.md: Copied (new)
2026/07/23 19:04:31 INFO  : Administration/Archive/Legacy_Akafay_2026/Akafay/Akafay/Requirement (1).md: Copied (new)
2026/07/23 19:04:33 INFO  : Administration/Archive/Legacy_Akafay_2026/Akafay/Akafay/Requirement.md: Copied (new)
2026/07/23 19:04:33 INFO  : Administration/Archive/Legacy_Akafay_2026/Akafay/Akafay/Rules Engine.md: Copied (new)
2026/07/23 19:05:09 INFO  : Administration/Archive/Legacy_Akafay_2026/Akafay/Akafay/image 7.png: Copied (new)
2026/07/23 19:05:09 INFO  : Administration/Archive/Legacy_Akafay_2026/Akafay/Akafay/image 5.png: Copied (new)
2026/07/23 19:05:30 INFO  : Administration/Archive/Deprecated_2026/E20_MAP_stubs/Products/Decision_PRO/Dashboard/Decision_PRO_MAP.md: Copied (new)
2026/07/23 19:05:31 INFO  : Administration/Archive/Deprecated_2026/E20_MAP_stubs/Products/Wallet_Plus/Dashboard/Wallet_Plus_MAP.md: Copied (new)
2026/07/23 19:05:42 INFO  : Administration/Archive/Deprecated_2026/E20_MAP_stubs/Products/Watchdog/Dashboard/Watchdog_MAP.md: Copied (new)
2026/07/23 19:05:44 INFO  : Tags/#meta+kb/.space/context.mdb: Copied (new)
2026/07/23 19:06:12 INFO  : Tags/#status/.space/context.mdb: Copied (new)
2026/07/23 19:06:14 INFO  : Tags/#product/.space/context.mdb: Copied (new)
2026/07/23 19:06:19 INFO  : Tags/#status+deprecated/.space/context.mdb: Copied (new)
2026/07/23 19:06:20 INFO  : Tags/#type+project/.space/context.mdb: Copied (new)
2026/07/23 19:06:40 INFO  : Tags/#type/.space/context.mdb: Copied (new)
2026/07/23 19:06:41 INFO  : Tags/#regulatory/.space/context.mdb: Copied (new)
2026/07/23 19:06:43 INFO  : Tags/#partner/.space/context.mdb: Copied (new)
2026/07/23 19:06:43 INFO  : 
Transferred:   	    7.749 MiB / 7.749 MiB, 100%, 2.666 KiB/s, ETA 0s
Checks:               171 / 171, 100%
Transferred:          470 / 470, 100%
Elapsed time:      46m7.4s

[2026-07-23 19:06:43] COPY PUSH done
2026/07/23 19:15:36 INFO  : 
Transferred:   	   45.892 MiB / 45.892 MiB, 100%, 25 B/s, ETA 0s
Transferred:          641 / 641, 100%
Elapsed time:   3h16m54.2s

[2026-07-26 17:05:58] PULL start (Nextcloud → local) 
2026/07/26 17:06:26 INFO  : .makemd/fileCache.mdc: Copied (new)
2026/07/26 17:06:27 INFO  : .space/context.mdb: Copied (new)
2026/07/26 17:06:28 INFO  : .makemd/superstate.mdc: Copied (new)
2026/07/26 17:06:28 INFO  : .space/def.json: Copied (new)
2026/07/26 17:06:45 INFO  : .space/waypoints.json: Copied (new)
2026/07/26 17:06:46 INFO  : .trash/BIRREZY PLAN.csv: Copied (new)
2026/07/26 17:06:47 INFO  : .space/views.mdb: Copied (new)
2026/07/26 17:06:47 INFO  : .trash/2026-05-30.md: Copied (new)
2026/07/26 17:07:02 INFO  : .trash/BIRREZY PLAN_all.csv: Copied (new)
2026/07/26 17:07:03 INFO  : .trash/Birrezy Per Bank.csv: Copied (new)
2026/07/26 17:07:05 INFO  : .trash/Birrezy Per Bank_all.csv: Copied (new)
2026/07/26 17:07:06 INFO  : .trash/Cardano_Midnight_Ecosystem.md: Copied (new)
2026/07/26 17:07:21 INFO  : .trash/ETBT.md: Copied (new)
2026/07/26 17:07:22 INFO  : .trash/Design SBir.md: Copied (new)
2026/07/26 17:07:22 INFO  : .trash/EXCAL_Birrezy_ET-US_Flow.md: Copied (new)
2026/07/26 17:07:24 INFO  : .trash/Executive_Cockpit.md: Copied (new)
2026/07/26 17:07:35 INFO  : .trash/Literature_Desk.md: Copied (new)
2026/07/26 17:07:35 INFO  : .trash/MINT.md: Copied (new)
2026/07/26 17:07:35 INFO  : .trash/M0.md: Copied (new)
2026/07/26 17:07:37 INFO  : .trash/Media.md: Copied (new)
2026/07/26 17:07:48 INFO  : .trash/NEW.md: Copied (new)
2026/07/26 17:07:48 INFO  : .trash/NEW PAYMENT STRUCTURES.md: Copied (new)
2026/07/26 17:07:51 INFO  : .trash/Rectangle_1_(9).png: Copied (new)
2026/07/26 17:07:54 INFO  : .trash/Untitled 2.md: Copied (new)
2026/07/26 17:08:06 INFO  : .trash/Untitled 3.md: Copied (new)
2026/07/26 17:08:06 INFO  : .trash/Untitled.md: Copied (new)
2026/07/26 17:08:09 INFO  : .trash/index.html: Copied (new)
2026/07/26 17:08:10 INFO  : Dashboard/Compliance_Command_Center.md: Copied (new)
2026/07/26 17:08:17 INFO  : Dashboard/Engineering_Status.md: Copied (new)
2026/07/26 17:08:19 INFO  : Dashboard/Dashboard.md: Copied (new)
2026/07/26 17:08:20 INFO  : Dashboard/HADID_Central.md: Copied (new)
2026/07/26 17:08:22 INFO  : Dashboard/Overview.canvas: Copied (new)
2026/07/26 17:08:31 INFO  : Dashboard/Portfolio.base: Copied (new)
2026/07/26 17:08:33 INFO  : Dashboard/Product_Operations.md: Copied (new)
2026/07/26 17:08:34 INFO  : .obsidian/app.json: Copied (new)
2026/07/26 17:08:36 INFO  : .obsidian/appearance.json: Copied (new)
2026/07/26 17:08:47 INFO  : .obsidian/bookmarks.json: Copied (new)
2026/07/26 17:08:47 INFO  : .obsidian/core-plugins.json: Copied (new)
2026/07/26 17:08:47 INFO  : .obsidian/community-plugins.json: Copied (new)
2026/07/26 17:08:49 INFO  : .obsidian/graph.json: Copied (new)
2026/07/26 17:09:01 INFO  : .obsidian/types.json: Copied (new)
2026/07/26 17:09:03 INFO  : .obsidian/workspace.json: Copied (new)
2026/07/26 17:09:04 INFO  : Products/Products.md: Copied (replaced existing)
2026/07/26 17:09:04 INFO  : Knowledge_Base/KB_Drafts.base: Copied (new)
2026/07/26 17:09:12 INFO  : Knowledge_Base/OPEN AND THOUGHTS.md: Copied (new)
2026/07/26 17:09:13 INFO  : Knowledge_Base/MONEY.md: Copied (new)
2026/07/26 17:09:15 INFO  : Knowledge_Base/NET INTEREST AND LOSS.md: Copied (new)
2026/07/26 17:09:16 INFO  : Projects/Projects.base: Copied (new)
2026/07/26 17:09:25 INFO  : Dashboard/.space/context.mdb: Copied (new)
2026/07/26 17:09:26 INFO  : Projects/Projects.md: Copied (replaced existing)
2026/07/26 17:09:28 INFO  : Execution/Entities x Engagements/Engagements.md: Copied (new)
2026/07/26 17:09:28 INFO  : .trash/Deprecated_Redirects_2026/404_Control_Matrix.md: Copied (new)
2026/07/26 17:09:34 INFO  : Execution/Entities x Engagements/Outreach_Messages.md: Copied (new)
2026/07/26 17:09:36 INFO  : .obsidian/snippets/hadid-callouts.css: Copied (new)
2026/07/26 17:09:40 INFO  : .obsidian/snippets/hadid-compliance-status.css: Copied (new)
2026/07/26 17:09:40 INFO  : .obsidian/snippets/hadid-corridor.css: Copied (new)
2026/07/26 17:09:46 INFO  : .obsidian/snippets/hadid-dashboard-tables.css: Copied (new)
2026/07/26 17:09:49 INFO  : .obsidian/snippets/hadid-deprecated.css: Copied (new)
2026/07/26 17:09:57 INFO  : .obsidian/snippets/hadid-kb.css: Copied (new)
2026/07/26 17:09:58 INFO  : .obsidian/snippets/hadid-hub-borders.css: Copied (new)
2026/07/26 17:10:20 INFO  : .obsidian/snippets/hadid-spec.css: Copied (new)
2026/07/26 17:10:24 INFO  : .obsidian/snippets/hadid-status-properties.css: Copied (new)
2026/07/26 17:10:28 INFO  : Products/.space/def.json: Copied (new)
2026/07/26 17:10:28 INFO  : Products/.space/context.mdb: Copied (new)
2026/07/26 17:10:37 INFO  : Products/.space/views.mdb: Copied (new)
2026/07/26 17:10:40 INFO  : Tags/#architecture/.space/context.mdb: Copied (new)
2026/07/26 17:10:43 INFO  : .trash/Akafay_Vault/60_Excalidraw/EXCAL_Birrezy_ET-ET_Flow.excalidraw.md: Copied (new)
2026/07/26 17:10:43 INFO  : .trash/Financial/Financial.md: Copied (new)
2026/07/26 17:10:56 INFO  : .trash/Akafay_Vault/60_Excalidraw/EXCAL_Birrezy_ET-US_Flow.excalidraw.md: Copied (new)
2026/07/26 17:11:01 INFO  : Projects/.space/context.mdb: Copied (new)
2026/07/26 17:11:03 INFO  : Projects/.space/views.mdb: Copied (new)
2026/07/26 17:11:04 INFO  : .trash/Legacy_KB_2026/MPC.md: Copied (new)
2026/07/26 17:11:14 INFO  : .trash/Legacy_KB_2026/Market Making.md: Copied (new)
2026/07/26 17:11:18 INFO  : .trash/Legacy_KB_2026/NBE Sandbox.md: Copied (new)
2026/07/26 17:11:19 INFO  : .trash/Legacy_KB_2026/Project.md: Copied (new)
2026/07/26 17:11:20 INFO  : .trash/Legacy_KB_2026/Projects.md: Copied (new)
2026/07/26 17:11:32 INFO  : .trash/Legacy_KB_2026/Smart Contracts.md: Copied (new)
2026/07/26 17:11:34 INFO  : .trash/Legacy_KB_2026/Web3 challenger.md: Copied (new)
2026/07/26 17:11:35 INFO  : .trash/Legacy_KB_2026/smart contract.md: Copied (new)
2026/07/26 17:11:37 INFO  : Tags/#corridor/.space/context.mdb: Copied (new)
2026/07/26 17:11:49 INFO  : Products/Akafay/Akafay_Kanban.md: Copied (new)
2026/07/26 17:11:53 INFO  : Knowledge_Base/Identity_and_Custody/MPC + IDENTUS.md: Copied (new)
2026/07/26 17:11:55 INFO  : .trash/Akafay_Vault 2/60_Excalidraw/EXCAL_Birrezy_ET-ET_Flow.excalidraw.md: Copied (new)
2026/07/26 17:11:56 INFO  : .trash/Akafay_Vault 2/60_Excalidraw/EXCAL_Birrezy_ET-US_Flow.excalidraw.md: Copied (new)
2026/07/26 17:12:08 INFO  : Tags/#engagement/.space/context.mdb: Copied (new)
2026/07/26 17:12:11 INFO  : .obsidian/plugins/calendar/data.json: Copied (new)
2026/07/26 17:12:12 INFO  : .obsidian/plugins/calendar/main.js: Copied (new)
2026/07/26 17:12:13 INFO  : .obsidian/plugins/calendar/manifest.json: Copied (new)
2026/07/26 17:12:23 INFO  : Products/Birrezy/Birrezy.base: Copied (new)
2026/07/26 17:12:25 INFO  : Products/Birrezy/Birrezy_Kanban.md: Copied (new)
2026/07/26 17:12:26 INFO  : Products/Birrezy/Birrezy.md: Copied (replaced existing)
2026/07/26 17:12:27 INFO  : Knowledge_Base/Markets_and_Instruments/Boolean Trading.md: Copied (new)
2026/07/26 17:12:38 INFO  : Knowledge_Base/Markets_and_Instruments/Investment Funds.md: Copied (new)
2026/07/26 17:12:40 INFO  : Knowledge_Base/Markets_and_Instruments/Margin Lending.md: Copied (new)
2026/07/26 17:12:40 INFO  : Knowledge_Base/Markets_and_Instruments/Stocks and Bonds.md: Copied (new)
2026/07/26 17:12:41 INFO  : Execution/Entities x Engagements/.space/views.mdb: Copied (new)
2026/07/26 17:12:51 INFO  : Tags/#integration/.space/context.mdb: Copied (new)
2026/07/26 17:12:53 INFO  : .trash/Financial/.space/def.json: Copied (new)
2026/07/26 17:12:53 INFO  : .trash/Financial/.space/views.mdb: Copied (new)
2026/07/26 17:12:53 INFO  : Tags/#journal/.space/context.mdb: Copied (new)
2026/07/26 17:12:57 INFO  : .obsidian/themes/GitHub Theme/manifest.json: Copied (new)
2026/07/26 17:12:58 INFO  : .obsidian/themes/GitHub Theme/theme.css: Copied (new)
2026/07/26 17:12:58 INFO  : .obsidian/plugins/copilot/data.json: Copied (new)
2026/07/26 17:13:00 INFO  : .obsidian/plugins/copilot/main.js: Copied (new)
2026/07/26 17:13:01 INFO  : .obsidian/plugins/copilot/manifest.json: Copied (new)
2026/07/26 17:13:02 INFO  : .obsidian/plugins/copilot/styles.css: Copied (new)
2026/07/26 17:13:03 INFO  : Products/Decision_PRO/Decision_PRO_Kanban.md: Copied (new)
2026/07/26 17:13:04 INFO  : Tags/#jurisdiction/.space/context.mdb: Copied (new)
2026/07/26 17:13:06 INFO  : Projects/Tokenization/ConsensusChain V1.md: Copied (new)
2026/07/26 17:13:08 INFO  : Projects/Tokenization/ECMA Sandbox.md: Copied (new)
2026/07/26 17:13:08 INFO  : Projects/Tokenization/MINT.md: Copied (new)
2026/07/26 17:13:09 INFO  : Knowledge_Base/Payments_and_Rails/Market Making and AMMs.md: Copied (new)
2026/07/26 17:13:12 INFO  : Execution/Entities x Engagements/Banks/Bunna.md: Copied (new)
2026/07/26 17:13:13 INFO  : Products/Akafay/Knowledge_base/Knowledge_base.md: Copied (new)
2026/07/26 17:13:13 INFO  : Execution/Entities x Engagements/Banks/Zemen.md: Copied (new)
2026/07/26 17:13:14 INFO  : Products/Akafay/Knowledge_base/photo_2026-06-17_16-59-33.jpg: Copied (new)
2026/07/26 17:13:17 INFO  : .obsidian/themes/Obsidian gruvbox/manifest.json: Copied (new)
2026/07/26 17:13:18 INFO  : Execution/Tasks/.space/def.json: Copied (new)
2026/07/26 17:13:18 INFO  : .obsidian/themes/Obsidian gruvbox/theme.css: Copied (new)
2026/07/26 17:13:18 INFO  : .obsidian/plugins/csv-allinone/main.js: Copied (new)
2026/07/26 17:13:24 INFO  : Execution/Engagements/Government/NBE.md: Copied (replaced existing)
2026/07/26 17:13:25 INFO  : .obsidian/plugins/csv-allinone/manifest.json: Copied (new)
2026/07/26 17:13:25 INFO  : .obsidian/plugins/csv-allinone/styles.css: Copied (new)
2026/07/26 17:13:27 INFO  : Tags/#kb/.space/context.mdb: Copied (new)
2026/07/26 17:13:31 INFO  : Projects/Agri/.space/def.json: Copied (new)
2026/07/26 17:13:31 INFO  : Products/EquityOne/EquityOne_Kanban.md: Copied (new)
2026/07/26 17:13:32 INFO  : .trash/Plans/Plans.md: Copied (new)
2026/07/26 17:13:32 INFO  : Products/Birrezy/.space/context.mdb: Copied (new)
2026/07/26 17:13:36 INFO  : .trash/Literature/Readwise/000_Readwise_Import_Hub.md: Copied (new)
2026/07/26 17:13:37 INFO  : Products/Birrezy/.space/def.json: Copied (new)
2026/07/26 17:13:37 INFO  : Execution/Entities x Engagements/Government/EAII.md: Copied (new)
2026/07/26 17:13:38 INFO  : Execution/Entities x Engagements/Government/ECMA.md: Copied (new)
2026/07/26 17:13:42 INFO  : Execution/Entities x Engagements/Government/INSA.md: Copied (new)
2026/07/26 17:13:42 INFO  : Execution/Entities x Engagements/Government/MINT.md: Copied (new)
2026/07/26 17:13:42 INFO  : Execution/Entities x Engagements/Government/NBE.md: Copied (new)
2026/07/26 17:13:44 INFO  : Knowledge_Base/Regulatory/Consumer protection.md: Copied (new)
2026/07/26 17:13:47 INFO  : Knowledge_Base/Regulatory/Green Channel.md: Copied (new)
2026/07/26 17:13:48 INFO  : Knowledge_Base/Regulatory/LICENSING RELATED.md: Copied (new)
2026/07/26 17:13:48 INFO  : Knowledge_Base/Regulatory/DCP License.md: Copied (new)
2026/07/26 17:13:50 INFO  : Knowledge_Base/Regulatory/NBE SURVEY.md: Copied (new)
2026/07/26 17:13:54 INFO  : Knowledge_Base/Regulatory/STABLE TOKEN COMMISION.md: Copied (new)
2026/07/26 17:13:54 INFO  : Knowledge_Base/Regulatory/Travel Rules.md: Copied (new)
2026/07/26 17:13:56 INFO  : Knowledge_Base/Regulatory/US REGULATORY.md: Copied (new)
2026/07/26 17:13:57 INFO  : .obsidian/themes/Red-Shadow/manifest.json: Copied (new)
2026/07/26 17:14:01 INFO  : .obsidian/themes/Red-Shadow/theme.css: Copied (new)
2026/07/26 17:14:02 INFO  : .obsidian/plugins/csv-lite/main.js: Copied (new)
2026/07/26 17:14:03 INFO  : .obsidian/plugins/csv-lite/manifest.json: Copied (new)
2026/07/26 17:14:03 INFO  : .obsidian/plugins/csv-lite/styles.css: Copied (new)
2026/07/26 17:14:06 INFO  : Tags/#markets/.space/context.mdb: Copied (new)
2026/07/26 17:14:07 INFO  : Execution/Tasks/Meetings/Meetings.md: Copied (new)
2026/07/26 17:14:09 INFO  : Execution/Tasks/Meetings/Untitled.md: Copied (new)
2026/07/26 17:14:09 INFO  : Products/Decision_PRO/.space/context.mdb: Copied (new)
2026/07/26 17:14:12 INFO  : .trash/Literature 2/Readwise/Readwise_Import_Hub.md: Copied (new)
2026/07/26 17:14:12 INFO  : Products/WI3/WI3_Kanban.md: Copied (new)
2026/07/26 17:14:14 INFO  : .trash/Literature/Zotero/000_Zotero_Import_Hub.md: Copied (new)
2026/07/26 17:14:15 INFO  : Execution/Entities x Engagements/NGO/Gates.md: Copied (new)
2026/07/26 17:14:17 INFO  : Products/Akafay/Knowledge_base/.space/def.json: Copied (new)
2026/07/26 17:14:18 INFO  : .obsidian/themes/VSCode Dark Modern/manifest.json: Copied (new)
2026/07/26 17:14:19 INFO  : .obsidian/themes/VSCode Dark Modern/theme.css: Copied (new)
2026/07/26 17:14:20 INFO  : Projects/VISA/.space/def.json: Copied (new)
2026/07/26 17:14:23 INFO  : Tags/#meta/.space/context.mdb: Copied (new)
2026/07/26 17:14:24 INFO  : Products/Wallet_Plus/Wallet_Plus_Kanban.md: Copied (new)
2026/07/26 17:14:25 INFO  : .obsidian/plugins/csv-obsidian/manifest.json: Copied (new)
2026/07/26 17:14:27 INFO  : .obsidian/plugins/csv-obsidian/main.js: Copied (new)
2026/07/26 17:14:29 INFO  : .obsidian/plugins/csv-obsidian/styles.css: Copied (new)
2026/07/26 17:14:29 INFO  : .trash/Literature 2/Zotero/Zotero_Import_Hub.md: Copied (new)
2026/07/26 17:14:31 INFO  : .trash/Plans/.space/def.json: Copied (new)
2026/07/26 17:14:31 INFO  : .obsidian/themes/Wasp/manifest.json: Copied (new)
[2026-07-27 14:58:17] PUSH start (local → Nextcloud) 
2026/07/27 14:59:02 INFO  : mkdocs.yml: Copied (new)
2026/07/27 14:59:05 INFO  : README.md: Copied (replaced existing)
2026/07/27 14:59:07 INFO  : hadid-propfind.xml: Copied (new)
2026/07/27 14:59:08 INFO  : Administration/CONVENTIONS.md: Copied (new)
2026/07/27 14:59:56 INFO  : Administration/Archive/Archive.md: Copied (new)
2026/07/27 14:59:56 INFO  : Administration/Archive/LOOKUPS.md: Copied (new)
2026/07/27 14:59:58 INFO  : Administration/Archive/Presentation.md: Copied (new)
2026/07/27 14:59:58 INFO  : Administration/Archive/Just Stuff.md: Copied (new)
2026/07/27 15:00:38 INFO  : Administration/Decisions/DR-20260530-PROJECTS_FOLDER.md: Copied (new)
2026/07/27 15:00:39 INFO  : Administration/Decisions/DR-20260530-VAULT_E13_RESTRUCTURE.md: Copied (new)
2026/07/27 15:00:45 INFO  : Administration/Decisions/DR-20260525-FATF_TRAVEL_RULE.md: Copied (new)
2026/07/27 15:00:45 INFO  : Administration/Decisions/DR-20260525-VAULT_HIERARCHY.md: Copied (new)
2026/07/27 15:01:04 INFO  : Administration/Decisions/DR-20260622-E22_STUB_SUNSET.md: Copied (new)
2026/07/27 15:01:06 INFO  : Administration/Decisions/DR-20260623-E23_PRODUCT_FOLDER_NORMALIZATION.md: Copied (new)
2026/07/27 15:01:16 INFO  : Administration/Decisions/DR-20260723-DECISION_PRO_OWNERSHIP.md: Copied (new)
2026/07/27 15:01:17 INFO  : Administration/Decisions/DR-20260723-EQUITYONE_PRODUCTIZE.md: Copied (new)
2026/07/27 15:01:36 INFO  : Administration/Decisions/DR-20260723-FUTURE_PROJECT_STUBS.md: Copied (new)
2026/07/27 15:01:38 INFO  : Administration/Decisions/DR-20260723-MARKDOWN_HUB_MIGRATION.md: Copied (new)
2026/07/27 15:01:46 INFO  : Administration/Decisions/DR-20260723-WATCHDOG_WI3_NEST.md: Copied (new)
2026/07/27 15:01:47 INFO  : Administration/Decisions/DR-20260723-WI3_PEER_PRODUCT.md: Copied (new)
2026/07/27 15:02:04 INFO  : Administration/Decisions/Decisions_Index.md: Copied (new)
2026/07/27 15:02:05 INFO  : Administration/Decisions/DR-20260724-NEXTCLOUD_FILEID_LINKS.md: Copied (new)
2026/07/27 15:02:18 INFO  : Administration/Media/ai_logo.png: Copied (new)
2026/07/27 15:02:18 INFO  : Administration/Decisions/README.md: Copied (new)
2026/07/27 15:02:26 INFO  : Administration/Media/akafay_logo.png: Copied (new)
2026/07/27 15:02:27 INFO  : Administration/Media/decision_pro_logo_only.jpeg: Copied (new)
2026/07/27 15:02:47 INFO  : Administration/Media/dlt_logo_only.png: Copied (new)
2026/07/27 15:02:50 INFO  : Administration/Media/insa_logo.webp: Copied (new)
2026/07/27 15:03:06 INFO  : Administration/Media/logo_hotizontat.png: Copied (new)
2026/07/27 15:03:06 INFO  : Administration/Media/mint_logo.jpg: Copied (new)
2026/07/27 15:03:20 INFO  : Administration/Media/payware_logo.jpeg: Copied (new)
2026/07/27 15:03:20 INFO  : Administration/Media/visa_logo.png: Copied (new)
2026/07/27 15:03:27 INFO  : Knowledge_Base/Knowledge_Base.md: Copied (replaced existing)
2026/07/27 15:03:28 INFO  : Administration/Media/zemen_bank_logo.png: Copied (new)
2026/07/27 15:03:41 INFO  : Knowledge_Base/README.md: Copied (replaced existing)
2026/07/27 15:03:44 INFO  : Products/README.md: Copied (replaced existing)
2026/07/27 15:03:46 INFO  : Administration/Templates/TPL_Compliance_Log.md: Copied (new)
2026/07/27 15:03:57 INFO  : Administration/Templates/TPL_Corridor.md: Copied (new)
2026/07/27 15:03:57 INFO  : Administration/Templates/TPL_Daily_Note.md: Copied (new)
2026/07/27 15:04:00 INFO  : Administration/Templates/TPL_Decision_Record.md: Copied (new)
2026/07/27 15:04:14 INFO  : Administration/Templates/TPL_Engagement.md: Copied (new)
2026/07/27 15:04:19 INFO  : Administration/Templates/TPL_Integration.md: Copied (new)
2026/07/27 15:04:20 INFO  : Products/Products.md: Copied (replaced existing)
2026/07/27 15:04:23 INFO  : Administration/Templates/TPL_KB_Article.md: Copied (new)
2026/07/27 15:04:29 INFO  : Administration/Templates/TPL_Literature_Readwise.md: Copied (new)
2026/07/27 15:04:33 INFO  : Administration/Templates/TPL_Literature_Zotero.md: Copied (new)
2026/07/27 15:04:33 INFO  : Administration/Templates/TPL_Meeting.md: Copied (new)
2026/07/27 15:04:34 INFO  : Administration/Templates/TPL_Project.md: Copied (new)
2026/07/27 15:04:39 INFO  : Administration/Templates/TPL_Regulatory.md: Copied (new)
2026/07/27 15:04:41 INFO  : Administration/Templates/TPL_Spec.md: Copied (new)
2026/07/27 15:04:44 INFO  : Administration/Templates/Templates.md: Copied (new)
2026/07/27 15:04:51 INFO  : Projects/README.md: Copied (replaced existing)
2026/07/27 15:04:54 INFO  : Navigation/Compliance_Command_Center.md: Copied (replaced existing)
2026/07/27 15:04:59 INFO  : Navigation/Dashboard.md: Copied (replaced existing)
2026/07/27 15:05:08 INFO  : Navigation/Engineering_Status.md: Copied (replaced existing)
2026/07/27 15:05:12 INFO  : Navigation/Executive_Overview.md: Copied (replaced existing)
2026/07/27 15:05:16 INFO  : Navigation/HADID_Central.md: Copied (replaced existing)
2026/07/27 15:05:24 INFO  : Navigation/Product_Operations.md: Copied (replaced existing)
2026/07/27 15:05:28 INFO  : Navigation/README.md: Copied (replaced existing)
2026/07/27 15:05:29 INFO  : Administration/Archive/Deprecated_2026/ARCHIVED_Akafay_MAP_redirect.md: Copied (new)
2026/07/27 15:05:40 INFO  : Administration/Archive/Deprecated_2026/ARCHIVED_Projects_redirect.md: Copied (new)
2026/07/27 15:05:44 INFO  : Administration/Archive/Deprecated_2026/Birrezy 2.md: Copied (new)
2026/07/27 15:05:45 INFO  : Administration/Archive/Deprecated_2026/Birrezy Travel Rule.md: Copied (new)
2026/07/27 15:05:59 INFO  : Administration/Archive/Deprecated_2026/Kanban_Vault_Migration.md: Copied (new)
2026/07/27 15:06:02 INFO  : Administration/scripts/convert_wikilinks.ps1: Copied (new)
2026/07/27 15:06:02 INFO  : Administration/scripts/convert_wikilinks_utf8.ps1: Copied (new)
2026/07/27 15:06:16 INFO  : Administration/scripts/fix_encoding_restore.ps1: Copied (new)
2026/07/27 15:06:19 INFO  : Administration/scripts/link_check.ps1: Copied (new)
2026/07/27 15:06:20 INFO  : Administration/scripts/nc_path_to_fileid.json: Copied (new)
2026/07/27 15:06:36 INFO  : Administration/scripts/nc_rewrite_md_links.py: Copied (new)
2026/07/27 15:06:36 INFO  : Administration/scripts/strip_dataview.py: Copied (new)
2026/07/27 15:06:36 INFO  : Administration/scripts/normalize_frontmatter.py: Copied (new)
2026/07/27 15:06:50 INFO  : Administration/scripts/wave2_complete.ps1: Copied (new)
2026/07/27 15:06:51 INFO  : Administration/scripts/wave2_deobsidianize.ps1: Copied (new)
2026/07/27 15:07:03 INFO  : Administration/Archive/KB_Scratch_2026/NET INTEREST AND LOSS.md: Copied (new)
2026/07/27 15:07:05 INFO  : Administration/Literature/Readwise/Readwise_Import_Hub.md: Copied (new)
2026/07/27 15:07:06 INFO  : Administration/Archive/KB_Scratch_2026/MONEY.md: Copied (new)
2026/07/27 15:07:15 INFO  : Organization/Charter_and_Decision_Rights.md: Copied (replaced existing)
2026/07/27 15:07:15 INFO  : Organization/Completeness_Matrix.md: Copied (replaced existing)
2026/07/27 15:07:15 INFO  : Administration/Archive/KB_Scratch_2026/OPEN AND THOUGHTS.md: Copied (new)
2026/07/27 15:07:22 INFO  : Organization/README.md: Copied (replaced existing)
2026/07/27 15:07:23 INFO  : Organization/Corporate_Profile.md: Copied (replaced existing)
2026/07/27 15:07:23 INFO  : Organization/Glossary.md: Copied (replaced existing)
2026/07/27 15:07:36 INFO  : Administration/Meta/logs/README.md: Copied (new)
2026/07/27 15:07:37 INFO  : Administration/Meta/logs/drive_snapshot_dry_run_20260602-1717.log: Copied (new)
2026/07/27 15:07:38 INFO  : Administration/Meta/logs/robocopy_listonly_20260602-1717.txt: Copied (new)
2026/07/27 15:07:51 INFO  : Knowledge_Base/Crypto_and_DeFi/CDPs.md: Copied (replaced existing)
2026/07/27 15:07:51 INFO  : Administration/Literature/Zotero/Zotero_Import_Hub.md: Copied (new)
2026/07/27 15:07:51 INFO  : Execution/Engagements/Engagements.md: Copied (replaced existing)
2026/07/27 15:07:58 INFO  : Knowledge_Base/Crypto_and_DeFi/Consensus_PoW_PoS_BFT.md: Copied (replaced existing)
2026/07/27 15:07:58 INFO  : Knowledge_Base/Crypto_and_DeFi/Crypto_Derivatives.md: Copied (replaced existing)
2026/07/27 15:08:00 INFO  : Knowledge_Base/Crypto_and_DeFi/Layer2_Rollups_and_Metrics.md: Copied (replaced existing)
2026/07/27 15:08:05 INFO  : Knowledge_Base/Crypto_and_DeFi/Smart_Contracts.md: Copied (replaced existing)
2026/07/27 15:08:06 INFO  : Knowledge_Base/Crypto_and_DeFi/Proof_of_Reserves.md: Copied (replaced existing)
2026/07/27 15:08:08 INFO  : Knowledge_Base/Crypto_and_DeFi/Stablecoins.md: Copied (replaced existing)
2026/07/27 15:08:13 INFO  : Knowledge_Base/Crypto_and_DeFi/Web3_Architecture_Overview.md: Copied (replaced existing)
2026/07/27 15:08:13 INFO  : Knowledge_Base/Crypto_and_DeFi/ZK_Rollups_and_Proofs.md: Copied (replaced existing)
2026/07/27 15:08:17 INFO  : Execution/Tasks/Lines.md: Copied (replaced existing)
2026/07/27 15:08:23 INFO  : Execution/Tasks/Tasks.md: Copied (replaced existing)
2026/07/27 15:08:24 INFO  : Administration/Archive/Obsidian_Meta_2026/ADVANCED_VAULT_CHECKLIST.md: Copied (new)
2026/07/27 15:08:30 INFO  : Administration/Archive/Obsidian_Meta_2026/AI_VAULT_POLICY.md: Copied (new)
2026/07/27 15:08:31 INFO  : Administration/Archive/Obsidian_Meta_2026/CHANGELOG.md: Copied (new)
2026/07/27 15:08:32 INFO  : Administration/Archive/Obsidian_Meta_2026/DR-20260723-DECISION_PRO_OWNERSHIP.md: Copied (new)
2026/07/27 15:08:41 INFO  : Administration/Archive/Obsidian_Meta_2026/DR-20260723-EQUITYONE_PRODUCTIZE.md: Copied (new)
2026/07/27 15:08:42 INFO  : Administration/Archive/Obsidian_Meta_2026/DR-20260723-WATCHDOG_WI3_NEST.md: Copied (new)
2026/07/27 15:08:45 INFO  : Administration/Archive/Obsidian_Meta_2026/LEGACY_AKAFAY_MAPPING.md: Copied (new)
2026/07/27 15:08:57 INFO  : Administration/Archive/Obsidian_Meta_2026/LITERATURE_SYNC.md: Copied (new)
2026/07/27 15:08:57 INFO  : Administration/Archive/Obsidian_Meta_2026/MIGRATION_PLAYBOOK.md: Copied (new)
2026/07/27 15:09:01 INFO  : Administration/Archive/Obsidian_Meta_2026/Nathan Bogale.md: Copied (new)
2026/07/27 15:09:12 INFO  : Administration/Archive/Obsidian_Meta_2026/PLUGIN_SETUP.md: Copied (new)
2026/07/27 15:09:13 INFO  : Administration/Archive/Obsidian_Meta_2026/OBSIDIAN_GIT_SETTINGS.md: Copied (new)
2026/07/27 15:09:23 INFO  : Administration/Archive/Obsidian_Meta_2026/QUARTERLY_VAULT_REVIEW.md: Copied (new)
2026/07/27 15:09:31 INFO  : Administration/Archive/Obsidian_Meta_2026/TEMPLATER_FOLDER_CONFIG.md: Copied (new)
2026/07/27 15:09:32 INFO  : Administration/Archive/Obsidian_Meta_2026/TAG_TAXONOMY.md: Copied (new)
2026/07/27 15:09:41 INFO  : Administration/Archive/Obsidian_Meta_2026/TPL_Kanban_Board.md: Copied (new)
2026/07/27 15:09:49 INFO  : Administration/Archive/Obsidian_Meta_2026/VAULT_CONVENTIONS.md: Copied (new)
2026/07/27 15:09:52 INFO  : Administration/Archive/Obsidian_Meta_2026/VAULT_DRIVE_SNAPSHOT.md: Copied (new)
2026/07/27 15:10:02 INFO  : Administration/Archive/Obsidian_Meta_2026/VAULT_ENHANCEMENT_MASTER_PLAN.md: Copied (new)
2026/07/27 15:10:07 INFO  : Administration/Archive/Obsidian_Meta_2026/VAULT_GIT_COLLABORATION.md: Copied (new)
2026/07/27 15:10:11 INFO  : Administration/Archive/Obsidian_Meta_2026/VAULT_HEALTH.md: Copied (new)
2026/07/27 15:10:17 INFO  : Administration/Archive/Obsidian_Meta_2026/VAULT_MAINTENANCE_RITUALS.md: Copied (new)
2026/07/27 15:10:25 INFO  : Products/Akafay/ADR_Index.md: Copied (replaced existing)
2026/07/27 15:10:27 INFO  : Administration/Archive/Obsidian_Meta_2026/VAULT_ONBOARDING.md: Copied (new)
2026/07/27 15:10:28 INFO  : Administration/Archive/Obsidian_Meta_2026/VAULT_QA_CHECKLIST.md: Copied (new)
2026/07/27 15:10:37 INFO  : Products/Akafay/Roadmap.md: Copied (replaced existing)
2026/07/27 15:10:40 INFO  : Administration/Meta/scripts/Product_Factory.md: Copied (new)
2026/07/27 15:10:45 INFO  : Administration/Meta/scripts/audit_postE11.log: Copied (new)
2026/07/27 15:10:48 INFO  : Administration/Meta/scripts/audit_postE11.ps1: Copied (new)
2026/07/27 15:10:54 INFO  : Administration/Meta/scripts/e11_content_polish.ps1: Copied (new)
2026/07/27 15:11:11 INFO  : Administration/Meta/scripts/e11_fill_missing_fields.ps1: Copied (new)
2026/07/27 15:11:12 INFO  : Administration/Meta/scripts/e11_find_remaining.ps1: Copied (new)
2026/07/27 15:11:26 INFO  : Administration/Meta/scripts/e11_kb_rename_qa.ps1: Copied (new)
2026/07/27 15:11:28 INFO  : Administration/Meta/scripts/e11_kb_rename_rewrite.ps1: Copied (new)
2026/07/27 15:11:45 INFO  : Administration/Meta/scripts/e11_strip_notion_inline.ps1: Copied (new)
2026/07/27 15:11:47 INFO  : Administration/Meta/scripts/e11_normalize_frontmatter.ps1: Copied (new)
2026/07/27 15:12:03 INFO  : Administration/Meta/scripts/e12_akafay_renumber.ps1: Copied (new)
2026/07/27 15:12:07 INFO  : Administration/Meta/scripts/e12_append_nav_footer.ps1: Copied (new)
2026/07/27 15:12:28 INFO  : Administration/Meta/scripts/e12_backfill_last_reviewed.ps1: Copied (new)
2026/07/27 15:12:30 INFO  : Administration/Meta/scripts/e12_backfill_owner.ps1: Copied (new)
2026/07/27 15:12:49 INFO  : Administration/Meta/scripts/e12_check_aliases.ps1: Copied (new)
2026/07/27 15:12:53 INFO  : Administration/Meta/scripts/e12_find_dup_h1.ps1: Copied (new)
2026/07/27 15:13:05 INFO  : Administration/Meta/scripts/e12_find_missing_embeds.ps1: Copied (new)
2026/07/27 15:13:07 INFO  : Administration/Meta/scripts/e12_link_audit.ps1: Copied (new)
2026/07/27 15:13:22 ERROR : Projects/Projects.md: Failed to copy: Sabre\DAV\Exception\Locked: 423 Locked
2026/07/27 15:13:23 INFO  : Administration/Meta/scripts/e12_strip_alias_tags.ps1: Copied (new)
2026/07/27 15:13:25 INFO  : Administration/Meta/scripts/e13_vault_restructure.ps1: Copied (new)
2026/07/27 15:13:40 INFO  : Administration/Meta/scripts/e14_fix_mojibake_dot.ps1: Copied (new)
2026/07/27 15:13:42 INFO  : Administration/Meta/scripts/e14_projects_folder.ps1: Copied (new)
2026/07/27 15:13:42 INFO  : Administration/Meta/scripts/e14_ui_polish.ps1: Copied (new)
2026/07/27 15:13:57 INFO  : Administration/Meta/scripts/e15_kb_ready_sprint.ps1: Copied (new)
2026/07/27 15:13:58 INFO  : Administration/Meta/scripts/e16_drive_snapshot_dry_run.ps1: Copied (new)
2026/07/27 15:14:02 INFO  : Administration/Meta/scripts/e17_merge_products_tokenization.ps1: Copied (new)
2026/07/27 15:14:14 INFO  : Administration/Meta/scripts/e18_deprecated_cleanup.ps1: Copied (new)
2026/07/27 15:14:15 INFO  : Administration/Meta/scripts/e19_rename_moc_to_map.ps1: Copied (new)
2026/07/27 15:14:16 INFO  : Administration/Meta/scripts/e20_merge_map_to_parent.ps1: Copied (new)
2026/07/27 15:14:34 INFO  : Administration/Meta/scripts/e22_archive_map_stubs.ps1: Copied (new)
2026/07/27 15:14:35 INFO  : Administration/Meta/scripts/e23_create_kanban_boards.ps1: Copied (new)
2026/07/27 15:14:35 INFO  : Administration/Meta/scripts/e22_verify_stub_links.ps1: Copied (new)
2026/07/27 15:14:51 INFO  : Administration/Meta/scripts/e23_product_folder_hygiene.ps1: Copied (new)
2026/07/27 15:14:51 INFO  : Administration/Meta/scripts/e23_product_folder_moves.ps1: Copied (new)
2026/07/27 15:14:51 INFO  : Administration/Meta/scripts/e23_move_kanban_to_products.ps1: Copied (new)
2026/07/27 15:15:08 INFO  : Administration/Meta/scripts/e24_diagrams_hygiene.ps1: Copied (new)
2026/07/27 15:15:08 INFO  : Administration/Meta/scripts/e24_archive_kanban_stubs.ps1: Copied (new)
2026/07/27 15:15:10 INFO  : Administration/Meta/scripts/e23_rename_excalidraw_to_diagrams.ps1: Copied (new)
2026/07/27 15:15:21 INFO  : Administration/Meta/scripts/e24_drift_cleanup.ps1: Copied (new)
2026/07/27 15:15:22 INFO  : Administration/Meta/scripts/e24_enforce_diagrams.ps1: Copied (new)
2026/07/27 15:15:25 INFO  : Administration/Meta/scripts/e24_move_kanban_to_product_root.ps1: Copied (new)
2026/07/27 15:15:38 INFO  : Administration/Meta/scripts/e24_product_folder_hygiene.ps1: Copied (new)
2026/07/27 15:15:41 INFO  : Administration/Meta/scripts/e25_seed_product_kanbans.ps1: Copied (new)
2026/07/27 15:15:45 INFO  : Administration/Meta/scripts/e26_diagrams_polish.ps1: Copied (new)
2026/07/27 15:16:06 INFO  : Administration/Meta/scripts/e4_apply_tags.ps1: Copied (new)
2026/07/27 15:16:06 INFO  : Administration/Meta/scripts/e28_refresh_priorities_from_kanban.ps1: Copied (new)
2026/07/27 15:16:07 INFO  : Administration/Meta/scripts/e27_filename_hygiene.ps1: Copied (new)
2026/07/27 15:16:22 INFO  : Administration/Meta/scripts/sync_iconize_data.ps1: Copied (new)
2026/07/27 15:16:22 INFO  : Administration/Meta/scripts/pre_commit_qa.ps1: Copied (new)
2026/07/27 15:16:22 INFO  : Administration/Meta/scripts/strip_windows_metadata.ps1: Copied (new)
2026/07/27 15:16:39 INFO  : Knowledge_Base/Identity_and_Custody/MPC_and_IDENTUS.md: Copied (replaced existing)
2026/07/27 15:16:40 INFO  : Administration/Archive/Web3_Split_2026/Web3_challenger_FULL.md: Copied (new)
2026/07/27 15:16:56 INFO  : Knowledge_Base/Markets_and_Instruments/Arbitrage.md: Copied (replaced existing)
2026/07/27 15:16:57 INFO  : Knowledge_Base/Markets_and_Instruments/Boolean_Trading.md: Copied (replaced existing)
2026/07/27 15:16:58 INFO  : Administration/Archive/Legacy_Akafay_2026/Akafay/Akafay.md: Copied (new)
2026/07/27 15:17:16 INFO  : Knowledge_Base/Markets_and_Instruments/Brokerages.md: Copied (replaced existing)
2026/07/27 15:17:18 INFO  : Knowledge_Base/Markets_and_Instruments/Credit_Underwriting_Evolution.md: Copied (replaced existing)
2026/07/27 15:17:19 INFO  : Knowledge_Base/Markets_and_Instruments/DEBTs.md: Copied (replaced existing)
2026/07/27 15:17:36 INFO  : Knowledge_Base/Markets_and_Instruments/ESX.md: Copied (replaced existing)
2026/07/27 15:17:36 INFO  : Knowledge_Base/Markets_and_Instruments/How_LCs_Work.md: Copied (replaced existing)
2026/07/27 15:17:38 INFO  : Knowledge_Base/Markets_and_Instruments/Investment_Funds.md: Copied (replaced existing)
2026/07/27 15:17:53 INFO  : Knowledge_Base/Markets_and_Instruments/Money_Market_Funds.md: Copied (replaced existing)
2026/07/27 15:17:54 INFO  : Knowledge_Base/Markets_and_Instruments/Margin_Lending.md: Copied (replaced existing)
2026/07/27 15:17:56 INFO  : Knowledge_Base/Markets_and_Instruments/Stocks_and_Bonds.md: Copied (replaced existing)
2026/07/27 15:18:09 INFO  : Products/Birrezy/ADR_Index.md: Copied (replaced existing)
2026/07/27 15:18:11 INFO  : Products/Birrezy/Roadmap.md: Copied (replaced existing)
2026/07/27 15:18:31 INFO  : Administration/Archive/Deprecated_2026/Products_Cleanup/Decision PRO Features.md: Copied (new)
2026/07/27 15:18:42 INFO  : Administration/Meta/onboarding/screenshots/README.md: Copied (new)
2026/07/27 15:18:59 INFO  : Administration/Archive/Deprecated_2026/Products_Cleanup/Decision PRO.md: Copied (new)
2026/07/27 15:19:09 INFO  : Administration/Archive/Deprecated_2026/Products_Cleanup/Wallet+.md: Copied (new)
2026/07/27 15:19:16 INFO  : Administration/Archive/Obsidian_Meta_2026/Excalidraw_Sources/EXCAL_Akafay_Architecture.excalidraw.md: Copied (new)
2026/07/27 15:19:22 INFO  : Administration/Archive/Obsidian_Meta_2026/Excalidraw_Sources/EXCAL_Birrezy_ET-ET_Flow.excalidraw.md: Copied (new)
2026/07/27 15:19:26 INFO  : Administration/Archive/Obsidian_Meta_2026/Excalidraw_Sources/EXCAL_Birrezy_ET-US_Flow.excalidraw.md: Copied (new)
2026/07/27 15:19:39 INFO  : Administration/Archive/Obsidian_Meta_2026/Excalidraw_Sources/EXCAL_Decision_PRO_Logic_Flow.excalidraw.md: Copied (new)
2026/07/27 15:19:46 INFO  : Administration/Archive/Obsidian_Meta_2026/Excalidraw_Sources/EXCAL_Decision_PRO_Risk_Dashboard_Mockup.excalidraw.md: Copied (new)
2026/07/27 15:20:05 INFO  : Administration/Archive/Obsidian_Meta_2026/Excalidraw_Sources/EXCAL_Wallet_Plus_Fayda_Auth_Flow.excalidraw.md: Copied (new)
2026/07/27 15:20:05 INFO  : Administration/Archive/Obsidian_Meta_2026/Excalidraw_Sources/EXCAL_Wallet_Plus_MPC_Recovery_Process.excalidraw.md: Copied (new)
2026/07/27 15:20:14 ERROR : Products/Akafay/Akafay.md: Failed to copy: Sabre\DAV\Exception\Locked: 423 Locked
2026/07/27 15:20:21 INFO  : Projects/Tokenization/MINT_Project.md: Copied (replaced existing)
2026/07/27 15:20:23 INFO  : Projects/Tokenization/SBIR.md: Copied (replaced existing)
2026/07/27 15:20:30 INFO  : Projects/Tokenization/Tokenization.md: Copied (replaced existing)
2026/07/27 15:20:37 INFO  : Knowledge_Base/Payments_and_Rails/BRIDGING.md: Copied (replaced existing)
2026/07/27 15:20:37 INFO  : Knowledge_Base/Payments_and_Rails/EthSwitch.md: Copied (replaced existing)
2026/07/27 15:20:45 INFO  : Knowledge_Base/Payments_and_Rails/Market_Making_and_AMMs.md: Copied (replaced existing)
2026/07/27 15:20:51 INFO  : Knowledge_Base/Payments_and_Rails/PIX.md: Copied (replaced existing)
2026/07/27 15:20:52 INFO  : Products/Decision_PRO/ADR_Index.md: Copied (replaced existing)
2026/07/27 15:20:55 INFO  : Products/Decision_PRO/Decision_PRO.md: Copied (replaced existing)
2026/07/27 15:20:59 INFO  : Products/Decision_PRO/Roadmap.md: Copied (replaced existing)
2026/07/27 15:21:03 INFO  : Administration/Archive/Legacy_Akafay_2026/Akafay/Akafay/AGE LIMITS.md: Copied (new)
2026/07/27 15:21:06 INFO  : Administration/Archive/Deprecated_2026/E20_MAP_stubs/Knowledge_Base/KB_MAP.md: Copied (new)
2026/07/27 15:21:07 INFO  : Administration/Archive/Legacy_Akafay_2026/Akafay/Akafay/AIS Enhancements.md: Copied (new)
2026/07/27 15:21:10 INFO  : Administration/Archive/Legacy_Akafay_2026/Akafay/Akafay/AIS.md: Copied (new)
2026/07/27 15:21:14 INFO  : Administration/Archive/Legacy_Akafay_2026/Akafay/Akafay/AKAFAY CARD PLANS.csv: Copied (new)
2026/07/27 15:21:14 INFO  : Administration/Archive/Legacy_Akafay_2026/Akafay/Akafay/AKAFAY CARD PLANS_all.csv: Copied (new)
2026/07/27 15:21:17 INFO  : Administration/Archive/Legacy_Akafay_2026/Akafay/Akafay/AKAFAY PLANS.csv: Copied (new)
2026/07/27 15:21:22 INFO  : Administration/Archive/Legacy_Akafay_2026/Akafay/Akafay/Agazh V1.md: Copied (new)
2026/07/27 15:21:22 INFO  : Administration/Archive/Legacy_Akafay_2026/Akafay/Akafay/AKAFAY PLANS_all.csv: Copied (new)
2026/07/27 15:21:25 INFO  : Administration/Archive/Legacy_Akafay_2026/Akafay/Akafay/Akafay CORPORATE.md: Copied (new)
2026/07/27 15:21:30 INFO  : Administration/Archive/Legacy_Akafay_2026/Akafay/Akafay/Bunna Kickoff Meeting.md: Copied (new)
2026/07/27 15:21:30 INFO  : Administration/Archive/Legacy_Akafay_2026/Akafay/Akafay/Akafay Card.md: Copied (new)
2026/07/27 15:21:33 INFO  : Administration/Archive/Legacy_Akafay_2026/Akafay/Akafay/Credit Scoring Page.md: Copied (new)
2026/07/27 15:21:38 INFO  : Administration/Archive/Legacy_Akafay_2026/Akafay/Akafay/Design Bunna Training.md: Copied (new)
2026/07/27 15:21:38 INFO  : Administration/Archive/Legacy_Akafay_2026/Akafay/Akafay/Design your card.md: Copied (new)
2026/07/27 15:21:44 INFO  : Administration/Archive/Legacy_Akafay_2026/Akafay/Akafay/Design.md: Copied (new)
2026/07/27 15:21:50 INFO  : Administration/Archive/Legacy_Akafay_2026/Akafay/Akafay/Development.md: Copied (new)
2026/07/27 15:21:51 INFO  : Administration/Archive/Legacy_Akafay_2026/Akafay/Akafay/ENHANCEMENTS.md: Copied (new)
2026/07/27 15:21:55 INFO  : Administration/Archive/Legacy_Akafay_2026/Akafay/Akafay/Requirement (1).md: Copied (new)
2026/07/27 15:22:02 INFO  : Administration/Archive/Legacy_Akafay_2026/Akafay/Akafay/Requirement.md: Copied (new)
2026/07/27 15:22:05 INFO  : Administration/Archive/Legacy_Akafay_2026/Akafay/Akafay/Rules Engine.md: Copied (new)
2026/07/27 15:22:08 INFO  : Administration/Archive/Legacy_Akafay_2026/Akafay/Akafay/image 5.png: Copied (new)
2026/07/27 15:22:18 INFO  : Administration/Archive/Legacy_Akafay_2026/Akafay/Akafay/image 7.png: Copied (new)
2026/07/27 15:22:20 INFO  : Products/Akafay/AIS_and_Decision_PRO/AIS_Technical_Specification.md: Copied (replaced existing)
2026/07/27 15:22:28 INFO  : Products/Akafay/AIS_and_Decision_PRO/Akafay_Decision_PRO_Embed.md: Copied (replaced existing)
2026/07/27 15:22:29 INFO  : Products/Akafay/AIS_and_Decision_PRO/Decision_PRO_Command_Center.md: Copied (replaced existing)
2026/07/27 15:22:31 INFO  : Products/Akafay/AIS_and_Decision_PRO/Decision_PRO_Service_Level_Agreements.md: Copied (replaced existing)
2026/07/27 15:22:43 INFO  : Products/Akafay/AIS_and_Decision_PRO/Implementation_and_Roadmap.md: Copied (replaced existing)
2026/07/27 15:22:44 INFO  : Products/Akafay/AIS_and_Decision_PRO/README.md: Copied (replaced existing)
2026/07/27 15:22:47 INFO  : Knowledge_Base/Regulatory/AML_CFT_Ethiopia.md: Copied (replaced existing)
2026/07/27 15:23:00 INFO  : Knowledge_Base/Regulatory/Consumer_Protection.md: Copied (replaced existing)
2026/07/27 15:23:01 INFO  : Knowledge_Base/Regulatory/DCP_License.md: Copied (replaced existing)
2026/07/27 15:23:02 INFO  : Knowledge_Base/Regulatory/Data_Protection_Ethiopia.md: Copied (replaced existing)
2026/07/27 15:23:21 INFO  : Knowledge_Base/Regulatory/Fayda_Digital_ID.md: Copied (replaced existing)
2026/07/27 15:23:28 INFO  : Knowledge_Base/Regulatory/Green_Channel.md: Copied (replaced existing)
2026/07/27 15:23:30 INFO  : Knowledge_Base/Regulatory/Licensing_Related.md: Copied (replaced existing)
2026/07/27 15:23:40 INFO  : Knowledge_Base/Regulatory/NBE_Sandbox_Program.md: Copied (replaced existing)
2026/07/27 15:23:42 INFO  : Knowledge_Base/Regulatory/NBE_Survey.md: Copied (replaced existing)
2026/07/27 15:23:46 INFO  : Knowledge_Base/Regulatory/PSO_and_Payment_Instrument_Issuer.md: Copied (replaced existing)
2026/07/27 15:23:56 INFO  : Knowledge_Base/Regulatory/Sanctions_Screening.md: Copied (replaced existing)
2026/07/27 15:23:58 INFO  : Knowledge_Base/Regulatory/Stable_Token_Commission.md: Copied (replaced existing)
2026/07/27 15:24:02 INFO  : Knowledge_Base/Regulatory/Travel_Rules.md: Copied (replaced existing)
2026/07/27 15:24:09 INFO  : Knowledge_Base/Regulatory/US_Regulatory.md: Copied (replaced existing)
2026/07/27 15:24:12 INFO  : Knowledge_Base/Regulatory/VASP.md: Copied (replaced existing)
2026/07/27 15:24:20 INFO  : Execution/Engagements/Government/MINT.md: Copied (replaced existing)
2026/07/27 15:24:30 INFO  : Execution/Engagements/Government/NBE.md: Copied (replaced existing)
2026/07/27 15:24:32 INFO  : Administration/Archive/Obsidian_Meta_2026/Obsidian_Era_DRs/DR-20260525-MAKE_MD_SPACES.md: Copied (new)
2026/07/27 15:24:38 INFO  : Administration/Archive/Obsidian_Meta_2026/Obsidian_Era_DRs/DR-20260530-QUARTERLY_VAULT_REVIEW.md: Copied (new)
2026/07/27 15:24:49 INFO  : Administration/Archive/Obsidian_Meta_2026/Obsidian_Era_DRs/DR-20260603-PHASE4_UI.md: Copied (new)
2026/07/27 15:24:50 INFO  : Administration/Archive/Obsidian_Meta_2026/Obsidian_Era_DRs/DR-20260615-MAP_TO_PARENT.md: Copied (new)
2026/07/27 15:24:56 INFO  : Administration/Archive/Obsidian_Meta_2026/Obsidian_Era_DRs/DR-20260621-E21_POST_MAP_HYGIENE.md: Copied (new)
2026/07/27 15:25:06 INFO  : Administration/Archive/Obsidian_Meta_2026/Obsidian_Era_DRs/DR-20260624-E24_KANBAN_AT_PRODUCT_ROOT.md: Copied (new)
2026/07/27 15:25:09 INFO  : Administration/Archive/Obsidian_Meta_2026/Obsidian_Era_DRs/DR-20260624-E24_KANBAN_STUB_SUNSET.md: Copied (new)
2026/07/27 15:25:19 INFO  : Execution/Tasks/Meetings/Meet With Hanna.md: Copied (replaced existing)
2026/07/27 15:25:19 INFO  : Execution/Tasks/Meetings/Meet with DR Brook.md: Copied (replaced existing)
2026/07/27 15:25:20 INFO  : Administration/Archive/Obsidian_Meta_2026/Obsidian_Era_DRs/DR-20260624-E28_GLOBAL_DASHBOARD_REFRESH.md: Copied (new)
2026/07/27 15:25:31 INFO  : Execution/Tasks/Meetings/Meet with DR Seble.md: Copied (replaced existing)
2026/07/27 15:25:31 INFO  : Execution/Tasks/Meetings/Meeting with Selam.md: Copied (replaced existing)
2026/07/27 15:25:31 INFO  : Execution/Tasks/Meetings/Meet with Solomon.md: Copied (replaced existing)
2026/07/27 15:25:42 INFO  : Products/EquityOne/EquityOne.md: Copied (replaced existing)
2026/07/27 15:25:43 INFO  : Products/EquityOne/Roadmap.md: Copied (replaced existing)
2026/07/27 15:25:55 INFO  : Products/Akafay/Architecture_and_Engineering/AIS_Risk_Engine.md: Copied (replaced existing)
2026/07/27 15:25:55 INFO  : Administration/Archive/Deprecated_2026/E20_MAP_stubs/Execution/Entities x Engagements/Engagements_MAP.md: Copied (new)
2026/07/27 15:25:56 INFO  : Products/Akafay/Architecture_and_Engineering/Embedded_Lending_and_Risk_Models.md: Copied (replaced existing)
2026/07/27 15:26:08 INFO  : Products/Akafay/Architecture_and_Engineering/System_Architecture_Overview.md: Copied (replaced existing)
2026/07/27 15:26:08 INFO  : Products/Akafay/Architecture_and_Engineering/Mobile_Application_Specs.md: Copied (replaced existing)
2026/07/27 15:26:08 INFO  : Products/Akafay/Architecture_and_Engineering/Merchant_Integration_SDK.md: Copied (replaced existing)
2026/07/27 15:26:23 INFO  : Products/Akafay/Architecture_and_Engineering/Web_Application_Specs.md: Copied (replaced existing)
2026/07/27 15:26:23 INFO  : Products/Akafay/Architecture_and_Engineering/Tokenized_Card_Issuance_Specs.md: Copied (replaced existing)
2026/07/27 15:26:47 INFO  : Administration/Archive/Deprecated_2026/E24_Kanban_stubs/Dashboard/Kanban/Kanban_Akafay_Delivery.md: Copied (new)
2026/07/27 15:26:50 INFO  : Administration/Archive/Deprecated_2026/E24_Kanban_stubs/Dashboard/Kanban/Kanban_Birrezy_Corridors.md: Copied (new)
2026/07/27 15:26:51 INFO  : Administration/Archive/Deprecated_2026/E24_Kanban_stubs/Dashboard/Kanban/Kanban_Compliance.md: Copied (new)
2026/07/27 15:26:55 ERROR : Products/Birrezy/Birrezy.md: Failed to copy: Sabre\DAV\Exception\Locked: 423 Locked
2026/07/27 15:27:01 INFO  : Administration/Archive/Obsidian_Meta_2026/theme/excalidraw-paths.json: Copied (new)
2026/07/27 15:27:01 INFO  : Administration/Archive/Obsidian_Meta_2026/theme/copilot-vault-policy.json: Copied (new)
2026/07/27 15:27:03 INFO  : Administration/Archive/Obsidian_Meta_2026/theme/HADID_THEME.md: Copied (new)
2026/07/27 15:27:04 INFO  : Administration/Archive/Obsidian_Meta_2026/theme/hadid-appearance.json: Copied (new)
2026/07/27 15:27:14 INFO  : Administration/Archive/Obsidian_Meta_2026/theme/literature-paths.json: Copied (new)
2026/07/27 15:27:14 INFO  : Administration/Archive/Obsidian_Meta_2026/theme/hadid-visual-engine.md: Copied (new)
2026/07/27 15:27:15 INFO  : Administration/Archive/Obsidian_Meta_2026/theme/smart-connections-policy.json: Copied (new)
2026/07/27 15:27:16 INFO  : Administration/Archive/Obsidian_Meta_2026/theme/iconize-data.json: Copied (new)
2026/07/27 15:27:27 INFO  : Products/WI3/WI3.md: Copied (replaced existing)
2026/07/27 15:27:29 INFO  : Products/WI3/ADR_Index.md: Copied (replaced existing)
2026/07/27 15:27:29 INFO  : Products/WI3/Roadmap.md: Copied (replaced existing)
2026/07/27 15:27:33 INFO  : Administration/Archive/Deprecated_2026/E20_MAP_stubs/Projects/Projects_MAP.md: Copied (new)
2026/07/27 15:27:42 INFO  : Products/Birrezy/Architecture_and_Engineering/Birrezy_Architecture_Overview.md: Copied (replaced existing)
2026/07/27 15:27:45 INFO  : Products/Birrezy/Architecture_and_Engineering/Birrezy_Liquidity_and_Market_Making.md: Copied (replaced existing)
2026/07/27 15:27:45 INFO  : Products/Birrezy/Architecture_and_Engineering/Birrezy_Partner_Integration_API.md: Copied (replaced existing)
2026/07/27 15:27:47 INFO  : Products/Birrezy/Architecture_and_Engineering/Birrezy_Reconciliation_and_Settlement_Protocol.md: Copied (replaced existing)
2026/07/27 15:27:57 INFO  : Products/Birrezy/Architecture_and_Engineering/Birrezy_Settlement_Rails_and_Corridor_Model.md: Copied (replaced existing)
2026/07/27 15:28:05 INFO  : Products/Birrezy/Architecture_and_Engineering/Multi_Rail_Ingress_Mapping.md: Copied (replaced existing)
2026/07/27 15:28:05 INFO  : Products/Birrezy/Architecture_and_Engineering/Fee_Splitting_Engine.md: Copied (replaced existing)
2026/07/27 15:28:06 INFO  : Products/Birrezy/Architecture_and_Engineering/Partner_API_Catalog.md: Copied (replaced existing)
2026/07/27 15:28:14 INFO  : Products/Birrezy/Architecture_and_Engineering/Side_Channel_Manifest_API.md: Copied (replaced existing)
2026/07/27 15:28:20 INFO  : Products/Akafay/Compliance_and_Regulatory/Control_Matrix_Akafay.md: Copied (replaced existing)
2026/07/27 15:28:21 INFO  : Products/Akafay/Compliance_and_Regulatory/Corridor_Compliance_Map.md: Copied (replaced existing)
2026/07/27 15:28:21 INFO  : Products/Akafay/Compliance_and_Regulatory/Asset_Murabaha_Ledger_Specs.md: Copied (replaced existing)
2026/07/27 15:28:27 INFO  : Products/Akafay/Compliance_and_Regulatory/Fair_Lending_Policy.md: Copied (replaced existing)
2026/07/27 15:28:35 INFO  : Products/Akafay/Compliance_and_Regulatory/NBE_Compliance_Guidelines.md: Copied (replaced existing)
2026/07/27 15:28:37 INFO  : Products/Akafay/Compliance_and_Regulatory/INSA_Security_Audit_Dossier.md: Copied (replaced existing)
2026/07/27 15:28:38 INFO  : Products/Akafay/Compliance_and_Regulatory/NBE_Sandbox_Compliance_Log.md: Copied (replaced existing)
2026/07/27 15:28:50 INFO  : Products/Akafay/Compliance_and_Regulatory/Regulatory_Register.md: Copied (replaced existing)
2026/07/27 15:28:52 INFO  : Products/Akafay/Compliance_and_Regulatory/Security_Issue_Log.md: Copied (replaced existing)
2026/07/27 15:28:55 INFO  : Products/Akafay/Compliance_and_Regulatory/Sharia_Purification_Workflow.md: Copied (replaced existing)
2026/07/27 15:28:56 INFO  : Products/Decision_PRO/Architecture_and_Engineering/Decision_PRO_Architecture_Overview.md: Copied (replaced existing)
2026/07/27 15:29:09 INFO  : Products/Decision_PRO/Architecture_and_Engineering/Decision_PRO_Audit_and_Security_Logs.md: Copied (replaced existing)
2026/07/27 15:29:10 INFO  : Products/Decision_PRO/Architecture_and_Engineering/Decision_PRO_MLOps_and_Scoring_Logic.md: Copied (replaced existing)
2026/07/27 15:29:13 INFO  : Products/Decision_PRO/Architecture_and_Engineering/Decision_PRO_Real_Time_Streaming_Specs.md: Copied (replaced existing)
2026/07/27 15:29:14 INFO  : Products/EquityOne/Architecture_and_Engineering/EquityOne_Architecture_Overview.md: Copied (replaced existing)
2026/07/27 15:29:25 INFO  : Products/EquityOne/Architecture_and_Engineering/Hadid_Assets.md: Copied (replaced existing)
2026/07/27 15:29:25 INFO  : Products/Wallet_Plus/ADR_Index.md: Copied (replaced existing)
2026/07/27 15:29:30 INFO  : Products/Wallet_Plus/Roadmap.md: Copied (replaced existing)
2026/07/27 15:29:30 INFO  : Products/Wallet_Plus/Wallet_Plus.md: Copied (replaced existing)
2026/07/27 15:29:42 INFO  : Products/Birrezy/Commercial/PRICING.md: Copied (replaced existing)
2026/07/27 15:29:46 INFO  : Products/Birrezy/Commercial/RISK.md: Copied (replaced existing)
2026/07/27 15:29:50 INFO  : Products/Akafay/Diagrams/EXCAL_Akafay_Architecture.md: Copied (replaced existing)
2026/07/27 15:29:51 INFO  : Products/Akafay/Diagrams/README.md: Copied (replaced existing)
2026/07/27 15:30:06 INFO  : Products/EquityOne/Compliance_and_Regulatory/EquityOne_Compliance_Posture.md: Copied (replaced existing)
2026/07/27 15:30:07 INFO  : Products/Decision_PRO/Compliance_and_Regulatory/Decision_PRO_NBE_Compliance_Matrix.md: Copied (replaced existing)
2026/07/27 15:30:25 INFO  : Products/Watchdog/Roadmap.md: Copied (replaced existing)
2026/07/27 15:30:25 INFO  : Products/Watchdog/ADR_Index.md: Copied (replaced existing)
2026/07/27 15:30:38 INFO  : Administration/Archive/Deprecated_2026/E24_Kanban_stubs/Products/Akafay/Kanban/Kanban_Compliance.md: Copied (new)
2026/07/27 15:30:38 INFO  : Products/Watchdog/Watchdog.md: Copied (replaced existing)
2026/07/27 15:30:38 INFO  : Administration/Archive/Deprecated_2026/E24_Kanban_stubs/Products/Akafay/Kanban/Kanban_Delivery.md: Copied (new)
2026/07/27 15:30:38 INFO  : Products/Watchdog/Watchdog_WI3_Boundary.md: Copied (replaced existing)
2026/07/27 15:30:53 INFO  : Products/Akafay/Integrations/CBS_Integration_Security_Questions.md: Copied (replaced existing)
2026/07/27 15:30:54 INFO  : Products/Akafay/Integrations/CBS_Integration_Discovery_Questions.md: Copied (replaced existing)
2026/07/27 15:30:54 INFO  : Products/WI3/Architecture_and_Engineering/WI3_Architecture_Overview.md: Copied (replaced existing)
2026/07/27 15:30:55 INFO  : Products/Akafay/Integrations/CBS_Integration.md: Copied (replaced existing)
2026/07/27 15:31:08 INFO  : Products/Akafay/Integrations/EthSwitch_Integration.md: Copied (replaced existing)
2026/07/27 15:31:09 INFO  : Products/Akafay/Integrations/Integrations_Overview.md: Copied (replaced existing)
2026/07/27 15:31:09 INFO  : Products/Akafay/Integrations/Mobile_Money_Integrations.md: Copied (replaced existing)
2026/07/27 15:31:09 INFO  : Products/Akafay/Integrations/Security_Overview.md: Copied (replaced existing)
2026/07/27 15:31:22 INFO  : Products/Akafay/Integrations/Bunna_A2A_Handshake.md: Copied (replaced existing)
2026/07/27 15:31:23 INFO  : Products/Birrezy/Compliance_and_Regulatory/Birrezy_Dispute_and_Refund_Policy.md: Copied (replaced existing)
2026/07/27 15:31:23 INFO  : Products/Birrezy/Compliance_and_Regulatory/Birrezy_Compliance_Reporting_Framework.md: Copied (replaced existing)
2026/07/27 15:31:24 INFO  : Products/Birrezy/Compliance_and_Regulatory/Birrezy_Onboarding_and_KYC_Spec.md: Copied (replaced existing)
2026/07/27 15:31:36 INFO  : Products/Birrezy/Compliance_and_Regulatory/Corridor_Compliance_Map.md: Copied (replaced existing)
2026/07/27 15:31:37 INFO  : Products/Birrezy/Compliance_and_Regulatory/Travel_Rule_Implementation.md: Copied (replaced existing)
2026/07/27 15:31:52 INFO  : Products/Akafay/Compliance_and_Regulatory/_Audit_Log/Audit_Log_Index.md: Copied (replaced existing)
2026/07/27 15:31:53 INFO  : Products/Birrezy/Compliance_and_Regulatory/Travel_Rule_Runbook.md: Copied (replaced existing)
2026/07/27 15:32:01 INFO  : Administration/Archive/Deprecated_2026/E20_MAP_stubs/Products/Akafay/Dashboard/Akafay_Graph_Hub.md: Copied (new)
2026/07/27 15:32:02 INFO  : Administration/Archive/Deprecated_2026/E20_MAP_stubs/Products/Akafay/Dashboard/Akafay_Master_MAP.md: Copied (new)
2026/07/27 15:32:03 INFO  : Products/Akafay/Compliance_and_Regulatory/_Audit_Log/COMP-20260521-001.md: Copied (replaced existing)
2026/07/27 15:32:04 INFO  : Products/Akafay/Compliance_and_Regulatory/_Audit_Log/COMP-20260521-002.md: Copied (replaced existing)
2026/07/27 15:32:09 INFO  : Products/Akafay/Compliance_and_Regulatory/_Audit_Log/COMP-20260525-001.md: Copied (replaced existing)
2026/07/27 15:32:10 INFO  : Products/Akafay/Compliance_and_Regulatory/_Audit_Log/COMP-20260525-002.md: Copied (replaced existing)
2026/07/27 15:32:11 INFO  : Products/EquityOne/Diagrams/README.md: Copied (replaced existing)
2026/07/27 15:32:17 INFO  : Administration/Archive/Deprecated_2026/E24_Kanban_stubs/Products/Birrezy/Kanban/Kanban_Delivery.md: Copied (new)
2026/07/27 15:32:17 INFO  : Products/Decision_PRO/Diagrams/EXCAL_Decision_PRO_Logic_Flow.md: Copied (replaced existing)
2026/07/27 15:32:18 INFO  : Administration/Archive/Deprecated_2026/E24_Kanban_stubs/Products/Birrezy/Kanban/Kanban_Corridors.md: Copied (new)
2026/07/27 15:32:18 INFO  : Products/Decision_PRO/Diagrams/EXCAL_Decision_PRO_Risk_Dashboard_Mockup.md: Copied (replaced existing)
2026/07/27 15:32:24 INFO  : Products/WI3/Compliance_and_Regulatory/WI3_Compliance_Posture.md: Copied (replaced existing)
2026/07/27 15:32:25 INFO  : Products/Decision_PRO/Diagrams/README.md: Copied (replaced existing)
2026/07/27 15:32:31 INFO  : Products/Birrezy/Corridors/ET-AE.md: Copied (replaced existing)
2026/07/27 15:32:43 INFO  : Products/Birrezy/Corridors/ET-ET-domestic.md: Copied (replaced existing)
2026/07/27 15:32:43 INFO  : Administration/Archive/Deprecated_2026/E20_MAP_stubs/Products/Birrezy/Dashboard/Birrezy_MAP.md: Copied (new)
2026/07/27 15:32:43 INFO  : Products/Birrezy/Corridors/ET-EU.md: Copied (replaced existing)
2026/07/27 15:32:43 INFO  : Administration/Archive/Deprecated_2026/E20_MAP_stubs/Products/Birrezy/Dashboard/Birrezy.md: Copied (new)
2026/07/27 15:32:53 INFO  : Products/Birrezy/Corridors/ET-KE.md: Copied (replaced existing)
2026/07/27 15:32:53 INFO  : Products/Birrezy/Corridors/ET-US.md: Copied (replaced existing)
2026/07/27 15:32:53 INFO  : Products/EquityOne/Integrations/EquityOne_Integrations_Index.md: Copied (replaced existing)
2026/07/27 15:32:54 INFO  : Products/EquityOne/Integrations/Integrations_Index.md: Copied (replaced existing)
2026/07/27 15:33:00 INFO  : Products/Decision_PRO/Integrations/Core_Banking_Handshake.md: Copied (replaced existing)
2026/07/27 15:33:02 INFO  : Products/Wallet_Plus/Architecture_and_Engineering/Design_Decisions.md: Copied (replaced existing)
2026/07/27 15:33:02 INFO  : Products/Wallet_Plus/Architecture_and_Engineering/Fayda_Zero_Knowledge_Bridge.md: Copied (replaced existing)
2026/07/27 15:33:08 INFO  : Products/Wallet_Plus/Architecture_and_Engineering/MPC_Shard_Recovery_SOP.md: Copied (replaced existing)
2026/07/27 15:33:09 INFO  : Administration/Archive/Deprecated_2026/E24_Kanban_stubs/Products/Decision_PRO/Kanban/Kanban_Delivery.md: Copied (new)
2026/07/27 15:33:10 INFO  : Products/Wallet_Plus/Architecture_and_Engineering/Wallet_Plus_Account_Abstraction_Specs.md: Copied (replaced existing)
2026/07/27 15:33:10 INFO  : Products/Wallet_Plus/Architecture_and_Engineering/Wallet_Plus_Architecture_Overview.md: Copied (replaced existing)
2026/07/27 15:33:16 INFO  : Products/Wallet_Plus/Architecture_and_Engineering/Wallet_Plus_DESIGN.md: Copied (replaced existing)
2026/07/27 15:33:17 INFO  : Products/Wallet_Plus/Architecture_and_Engineering/Wallet_Plus_Fayda_Identity_Integration.md: Copied (replaced existing)
2026/07/27 15:33:18 INFO  : Products/Watchdog/Architecture_and_Engineering/Behavioral_Telemetry_Matrix.md: Copied (replaced existing)
2026/07/27 15:33:18 INFO  : Products/Wallet_Plus/Architecture_and_Engineering/Wallet_Plus_MPC_Key_Management.md: Copied (replaced existing)
2026/07/27 15:33:24 INFO  : Products/Watchdog/Architecture_and_Engineering/Knowledge_Graph_Topology.md: Copied (replaced existing)
2026/07/27 15:33:24 INFO  : Products/Watchdog/Architecture_and_Engineering/Watchdog_Platform_Spec.md: Copied (replaced existing)
2026/07/27 15:33:26 INFO  : Products/Akafay/Operating_System/Compliance_and_Fayda_Anchor.md: Copied (replaced existing)
2026/07/27 15:33:28 INFO  : Products/Akafay/Operating_System/Dispute_and_Reversal_Management.md: Copied (replaced existing)
2026/07/27 15:33:42 INFO  : Products/Akafay/Operating_System/Onboarding_and_KYC_Spec.md: Copied (replaced existing)
2026/07/27 15:33:42 INFO  : Products/Akafay/Operating_System/Ecosystem_Architecture.md: Copied (replaced existing)
2026/07/27 15:33:44 INFO  : Products/Birrezy/Diagrams/EXCAL_Birrezy_ET-ET_Flow.md: Copied (replaced existing)
2026/07/27 15:33:54 INFO  : Administration/Archive/Deprecated_2026/E20_MAP_stubs/Products/Decision_PRO/Dashboard/Decision_PRO_MAP.md: Copied (new)
2026/07/27 15:33:56 INFO  : Products/Birrezy/Diagrams/README.md: Copied (replaced existing)
2026/07/27 15:33:58 INFO  : Products/Birrezy/Diagrams/EXCAL_Birrezy_ET-US_Flow.md: Copied (replaced existing)
2026/07/27 15:33:58 INFO  : Products/Decision_PRO/Product_Ecosystem/Decision_PRO_Feature_Matrix.md: Copied (replaced existing)
2026/07/27 15:34:09 INFO  : Products/Decision_PRO/Product_Ecosystem/Decision_PRO_Localization_Amharic.md: Copied (replaced existing)
2026/07/27 15:34:15 INFO  : Products/Decision_PRO/Product_Ecosystem/Decision_PRO_User_Roles_and_RBAC.md: Copied (replaced existing)
2026/07/27 15:34:15 INFO  : Products/WI3/Diagrams/README.md: Copied (replaced existing)
2026/07/27 15:34:26 INFO  : Products/EquityOne/Product_Ecosystem/EquityOne_Feature_Brief.md: Copied (replaced existing)
2026/07/27 15:34:27 INFO  : Products/Watchdog/Compliance_and_Regulatory/PDPP_Biometric_Retention_Policy.md: Copied (replaced existing)
2026/07/27 15:34:31 INFO  : Products/EquityOne/Product_Ecosystem/Tokenized_Deposits_for_Banks.md: Copied (replaced existing)
2026/07/27 15:34:38 INFO  : Administration/Archive/Deprecated_2026/E24_Kanban_stubs/Products/EquityOne/Kanban/Kanban_Delivery.md: Copied (new)
2026/07/27 15:34:40 INFO  : Products/Wallet_Plus/Compliance_and_Regulatory/Wallet_Plus_NBE_Sandbox_Dossier.md: Copied (replaced existing)
2026/07/27 15:34:50 INFO  : Products/Birrezy/Operations/Reverse_Manifest_Protocol.md: Copied (replaced existing)
2026/07/27 15:34:58 INFO  : Products/Birrezy/Operations/T4_Weekend_Buffer_Rules.md: Copied (replaced existing)
2026/07/27 15:34:59 INFO  : Products/Akafay/Operations/Akafay_Reconciliation_SOP.md: Copied (replaced existing)
2026/07/27 15:35:05 INFO  : Administration/Archive/Deprecated_2026/E20_MAP_stubs/Products/Wallet_Plus/Dashboard/Wallet_Plus_MAP.md: Copied (new)
2026/07/27 15:35:07 INFO  : Products/Akafay/Operations/Akafay_Weekend_Liquidity_Buffer.md: Copied (replaced existing)
2026/07/27 15:35:15 INFO  : Products/Decision_PRO/Strategy_and_Capital/Decision_PRO_Commercial_Flywheel.md: Copied (replaced existing)
2026/07/27 15:35:28 INFO  : Products/EquityOne/Strategy_and_Capital/EquityOne_Executive_Summary.md: Copied (replaced existing)
2026/07/27 15:35:28 INFO  : Products/Decision_PRO/Strategy_and_Capital/Decision_PRO_Roadmap.md: Copied (replaced existing)
2026/07/27 15:35:28 INFO  : Products/Decision_PRO/Strategy_and_Capital/Decision_PRO_Executive_Summary.md: Copied (replaced existing)
2026/07/27 15:35:46 INFO  : Products/EquityOne/Strategy_and_Capital/Equity_One_RWA.md: Copied (replaced existing)
2026/07/27 15:35:46 INFO  : Products/EquityOne/Strategy_and_Capital/T-Bill_Tokenization_Project.md: Copied (replaced existing)
2026/07/27 15:35:46 INFO  : Administration/Archive/Deprecated_2026/E24_Kanban_stubs/Products/WI3/Kanban/Kanban_Delivery.md: Copied (new)
2026/07/27 15:35:58 INFO  : Administration/Archive/Deprecated_2026/E20_MAP_stubs/Products/Watchdog/Dashboard/Watchdog_MAP.md: Copied (new)
2026/07/27 15:35:59 INFO  : Products/WI3/Product_Ecosystem/CONCEPTS.md: Copied (replaced existing)
2026/07/27 15:36:01 INFO  : Products/Watchdog/Diagrams/README.md: Copied (replaced existing)
2026/07/27 15:36:01 INFO  : Products/Wallet_Plus/Diagrams/EXCAL_Wallet_Plus_Fayda_Auth_Flow.md: Copied (replaced existing)
2026/07/27 15:36:08 INFO  : Products/Wallet_Plus/Diagrams/EXCAL_Wallet_Plus_MPC_Recovery_Process.md: Copied (replaced existing)
2026/07/27 15:36:08 INFO  : Products/Wallet_Plus/Diagrams/README.md: Copied (replaced existing)
2026/07/27 15:36:09 INFO  : Products/Akafay/Product_Ecosystem/Akafay_BNPL_Core.md: Copied (replaced existing)
2026/07/27 15:36:11 INFO  : Products/Akafay/Product_Ecosystem/Agaz_AI_Financial_Advisor.md: Copied (replaced existing)
2026/07/27 15:36:23 INFO  : Products/Birrezy/Product_Ecosystem/Competitive_Landscape.md: Copied (replaced existing)
2026/07/27 15:36:23 INFO  : Products/Akafay/Product_Ecosystem/Akafay_Secure_Framework.md: Copied (replaced existing)
2026/07/27 15:36:23 INFO  : Products/Birrezy/Product_Ecosystem/HOW_THE_OTHERS_WORK.md: Copied (replaced existing)
2026/07/27 15:36:35 INFO  : Products/WI3/Strategy_and_Capital/WI3_Introduction.md: Copied (replaced existing)
2026/07/27 15:36:35 INFO  : Products/Watchdog/Strategy_and_Capital/Watchdog_Product_Brief.md: Copied (replaced existing)
2026/07/27 15:36:35 INFO  : Administration/Archive/Deprecated_2026/E24_Kanban_stubs/Products/Wallet_Plus/Kanban/Kanban_Delivery.md: Copied (new)
2026/07/27 15:36:36 INFO  : Products/WI3/Strategy_and_Capital/Briefing.md: Copied (replaced existing)
2026/07/27 15:36:48 INFO  : Products/Wallet_Plus/Integrations/EthSwitch_Wallet_Bridge.md: Copied (replaced existing)
2026/07/27 15:36:50 INFO  : Products/Wallet_Plus/Integrations/Omni_Wallet.md: Copied (replaced existing)
2026/07/27 15:36:50 INFO  : Products/Wallet_Plus/Integrations/Fayda_Integration_Contract.md: Copied (replaced existing)
2026/07/27 15:36:50 INFO  : Products/Watchdog/Strategy_and_Capital/Watchdog_Strategy_Brief.md: Copied (replaced existing)
2026/07/27 15:37:03 INFO  : Products/Birrezy/Strategy_and_Capital/Birrezy_Deck.md: Copied (replaced existing)
2026/07/27 15:37:04 INFO  : Products/Birrezy/Strategy_and_Capital/Birrezy_Executive_Summary.md: Copied (replaced existing)
2026/07/27 15:37:05 INFO  : Products/Birrezy/Strategy_and_Capital/Birrezy_Commercial_Flywheel.md: Copied (replaced existing)
2026/07/27 15:37:24 INFO  : Products/Akafay/Strategy_and_Capital/Akafay_Executive_Summary.md: Copied (replaced existing)
2026/07/27 15:37:24 INFO  : Products/Birrezy/Strategy_and_Capital/Birrezy_Invest.md: Copied (replaced existing)
2026/07/27 15:37:26 INFO  : Products/Birrezy/Strategy_and_Capital/Birrezy_Financial_Model_Authority.md: Copied (replaced existing)
2026/07/27 15:37:26 INFO  : Administration/Archive/Deprecated_2026/E24_Kanban_stubs/Products/Watchdog/Kanban/Kanban_Delivery.md: Copied (new)
2026/07/27 15:37:33 INFO  : Products/Akafay/Strategy_and_Capital/Commercial_Model_and_Pitch.md: Copied (replaced existing)
2026/07/27 15:37:34 INFO  : Products/Akafay/Strategy_and_Capital/Bunna_Bank_Partnership_SOW.md: Copied (replaced existing)
2026/07/27 15:37:34 INFO  : Products/Akafay/Strategy_and_Capital/Commercial_Scaling_Flywheel.md: Copied (replaced existing)
2026/07/27 15:37:36 INFO  : Products/Akafay/Strategy_and_Capital/Investment_Proposal_and_Metrics.md: Copied (replaced existing)
2026/07/27 15:37:43 INFO  : Products/Birrezy/_Working/READ.md: Copied (replaced existing)
2026/07/27 15:37:44 INFO  : Products/Birrezy/_Working/QUESTIONS.md: Copied (replaced existing)
2026/07/27 15:37:45 INFO  : Products/Wallet_Plus/Operations/Wallet_Plus_Reconciliation_SOP.md: Copied (replaced existing)
2026/07/27 15:37:49 INFO  : Products/Wallet_Plus/Operations/Wallet_Plus_Weekend_Ops_Buffer.md: Copied (replaced existing)
2026/07/27 15:37:53 INFO  : Products/Wallet_Plus/Product_Ecosystem/DARS_Pal_Tokenization_Schema.md: Copied (replaced existing)
2026/07/27 15:37:53 INFO  : Products/Wallet_Plus/Product_Ecosystem/Wallet_Plus_Feature_Set.md: Copied (replaced existing)
2026/07/27 15:37:54 INFO  : Products/Wallet_Plus/Product_Ecosystem/Wallet_Plus_Supplement.md: Copied (replaced existing)
2026/07/27 15:37:59 INFO  : Products/Wallet_Plus/Product_Ecosystem/Wallet_Plus_USSD_Offline_Layer.md: Copied (replaced existing)
2026/07/27 15:38:03 INFO  : Products/Wallet_Plus/Product_Ecosystem/Wallet_Plus_UX_and_Onboarding_Flow.md: Copied (replaced existing)
2026/07/27 15:38:04 INFO  : Products/Wallet_Plus/Strategy_and_Capital/Wallet_Plus_Commercial_Flywheel.md: Copied (replaced existing)
2026/07/27 15:38:04 INFO  : Products/Wallet_Plus/Strategy_and_Capital/Wallet_Plus_Executive_Summary.md: Copied (replaced existing)
2026/07/27 15:38:06 INFO  : Products/Wallet_Plus/Strategy_and_Capital/Wallet_Plus_Roadmap.md: Copied (replaced existing)
2026/07/27 15:38:06 ERROR : webdav root 'DLT/Hadid': not deleting files as there were IO errors
2026/07/27 15:38:06 ERROR : webdav root 'DLT/Hadid': not deleting directories as there were IO errors
2026/07/27 15:38:06 ERROR : Attempt 1/3 failed with 3 errors and: Sabre\DAV\Exception\Locked: 423 Locked
2026/07/27 15:39:15 INFO  : Products/Akafay/Akafay.md: Copied (replaced existing)
2026/07/27 15:50:13 ERROR : Projects/Projects.md: Failed to copy: Sabre\DAV\Exception\Locked: 423 Locked
2026/07/27 15:50:17 ERROR : Products/Birrezy/Birrezy.md: Failed to copy: Sabre\DAV\Exception\Locked: 423 Locked
2026/07/27 15:50:17 ERROR : webdav root 'DLT/Hadid': not deleting files as there were IO errors
2026/07/27 15:50:17 ERROR : webdav root 'DLT/Hadid': not deleting directories as there were IO errors
2026/07/27 15:50:17 ERROR : Attempt 2/3 failed with 2 errors and: Sabre\DAV\Exception\Locked: 423 Locked
[2026-07-27 16:03:03] CHECK match=605 differ=2 local_only=0 remote_only=152 errors=0 rc=1
[2026-07-27 16:33:35] PUSH start (local → Nextcloud) 
2026/07/27 16:34:17 INFO  : README.md: Copied (replaced existing)
2026/07/27 16:34:19 INFO  : hadid-propfind.xml: Copied (replaced existing)
2026/07/27 16:34:30 INFO  : Administration/NEXTCLOUD_PUBLISH.md: Copied (new)
2026/07/27 16:34:31 INFO  : Administration/CONVENTIONS.md: Copied (replaced existing)
2026/07/27 16:35:05 INFO  : Navigation/Compliance_Command_Center.md: Copied (replaced existing)
2026/07/27 16:35:08 INFO  : Navigation/Dashboard.md: Copied (replaced existing)
2026/07/27 16:35:23 INFO  : Navigation/Executive_Overview.md: Copied (replaced existing)
2026/07/27 16:35:29 INFO  : Navigation/Engineering_Status.md: Copied (replaced existing)
2026/07/27 16:36:01 INFO  : Navigation/HADID_Central.md: Copied (replaced existing)
2026/07/27 16:36:02 INFO  : Navigation/Product_Operations.md: Copied (replaced existing)
2026/07/27 16:36:15 INFO  : Navigation/README.md: Copied (replaced existing)
2026/07/27 16:36:17 INFO  : Knowledge_Base/Knowledge_Base.md: Copied (replaced existing)
2026/07/27 16:36:42 INFO  : Knowledge_Base/README.md: Copied (replaced existing)
2026/07/27 16:36:57 INFO  : Projects/README.md: Copied (replaced existing)
2026/07/27 16:37:03 INFO  : Organization/Completeness_Matrix.md: Copied (replaced existing)
2026/07/27 16:37:21 INFO  : Organization/Corporate_Profile.md: Copied (replaced existing)
2026/07/27 16:37:38 INFO  : Organization/Glossary.md: Copied (replaced existing)
2026/07/27 16:37:50 INFO  : Organization/Charter_and_Decision_Rights.md: Copied (replaced existing)
2026/07/27 16:38:07 INFO  : Organization/README.md: Copied (replaced existing)
2026/07/27 16:38:20 INFO  : Products/Products.md: Copied (replaced existing)
2026/07/27 16:38:28 INFO  : Products/README.md: Copied (replaced existing)
2026/07/27 16:38:39 INFO  : Administration/Decisions/DR-20260723-WATCHDOG_WI3_NEST.md: Copied (replaced existing)
2026/07/27 16:38:52 INFO  : Administration/Decisions/DR-20260723-WI3_PEER_PRODUCT.md: Copied (replaced existing)
2026/07/27 16:38:58 INFO  : Administration/Decisions/DR-20260724-NEXTCLOUD_FILEID_LINKS.md: Copied (replaced existing)
2026/07/27 16:39:07 INFO  : Administration/Decisions/Decisions_Index.md: Copied (replaced existing)
2026/07/27 16:39:29 INFO  : Execution/Engagements/Engagements.md: Copied (replaced existing)
2026/07/27 16:39:42 INFO  : Knowledge_Base/Crypto_and_DeFi/Consensus_PoW_PoS_BFT.md: Copied (replaced existing)
2026/07/27 16:39:52 INFO  : Knowledge_Base/Crypto_and_DeFi/Layer2_Rollups_and_Metrics.md: Copied (replaced existing)
2026/07/27 16:40:17 INFO  : Knowledge_Base/Crypto_and_DeFi/Proof_of_Reserves.md: Copied (replaced existing)
2026/07/27 16:40:25 INFO  : Knowledge_Base/Crypto_and_DeFi/Stablecoins.md: Copied (replaced existing)
2026/07/27 16:40:32 INFO  : Knowledge_Base/Crypto_and_DeFi/ZK_Rollups_and_Proofs.md: Copied (replaced existing)
2026/07/27 16:40:44 INFO  : Products/Akafay/ADR_Index.md: Copied (replaced existing)
2026/07/27 16:40:48 INFO  : Products/Akafay/Akafay.md: Copied (replaced existing)
2026/07/27 16:40:51 INFO  : Products/Akafay/Roadmap.md: Copied (replaced existing)
2026/07/27 16:40:55 INFO  : Administration/Templates/TPL_Engagement.md: Copied (replaced existing)
2026/07/27 16:40:56 INFO  : Administration/Templates/TPL_Meeting.md: Copied (replaced existing)
2026/07/27 16:40:57 INFO  : Projects/Tokenization/MINT_Project.md: Copied (replaced existing)
2026/07/27 16:41:02 INFO  : Projects/Tokenization/SBIR.md: Copied (replaced existing)
2026/07/27 16:41:04 INFO  : Projects/Tokenization/Tokenization.md: Copied (replaced existing)
2026/07/27 16:41:05 INFO  : Products/Birrezy/ADR_Index.md: Copied (replaced existing)
2026/07/27 16:41:08 INFO  : Products/Birrezy/Roadmap.md: Copied (replaced existing)
2026/07/27 16:41:09 INFO  : Administration/scripts/fix_mojibake.py: Copied (new)
2026/07/27 16:41:14 INFO  : Administration/scripts/nc_complete_cleanup.py: Copied (new)
2026/07/27 16:41:15 INFO  : Administration/scripts/nc_link_unresolved.json: Copied (new)
2026/07/27 16:41:26 INFO  : Administration/scripts/nc_path_to_fileid_phase1_report.json: Copied (new)
2026/07/27 16:41:28 INFO  : Administration/scripts/recheck_leftovers.py: Copied (new)
2026/07/27 16:41:45 INFO  : Administration/scripts/nc_path_to_fileid.json: Copied (replaced existing)
2026/07/27 16:41:46 INFO  : Administration/scripts/nc_rewrite_md_links.py: Copied (replaced existing)
2026/07/27 16:42:00 INFO  : Execution/Engagements/Government/MINT.md: Copied (replaced existing)
2026/07/27 16:42:04 INFO  : Knowledge_Base/Regulatory/NBE_Sandbox_Program.md: Copied (replaced existing)
2026/07/27 16:42:21 INFO  : Knowledge_Base/Regulatory/Sanctions_Screening.md: Copied (replaced existing)
2026/07/27 16:42:27 INFO  : Knowledge_Base/Regulatory/Travel_Rules.md: Copied (replaced existing)
2026/07/27 16:42:38 INFO  : Knowledge_Base/Regulatory/US_Regulatory.md: Copied (replaced existing)
2026/07/27 16:42:47 INFO  : Products/Akafay/AIS_and_Decision_PRO/Akafay_Decision_PRO_Embed.md: Copied (replaced existing)
2026/07/27 16:42:55 INFO  : Products/Akafay/AIS_and_Decision_PRO/README.md: Copied (replaced existing)
2026/07/27 16:43:04 INFO  : Products/Decision_PRO/ADR_Index.md: Copied (replaced existing)
2026/07/27 16:43:15 INFO  : Products/Decision_PRO/Decision_PRO.md: Copied (replaced existing)
2026/07/27 16:43:21 INFO  : Products/Decision_PRO/Roadmap.md: Copied (replaced existing)
2026/07/27 16:43:33 INFO  : Execution/Tasks/Meetings/Meeting with Selam.md: Copied (replaced existing)
2026/07/27 16:43:40 INFO  : Products/Akafay/Architecture_and_Engineering/System_Architecture_Overview.md: Copied (replaced existing)
2026/07/27 16:43:49 INFO  : Products/EquityOne/EquityOne.md: Copied (replaced existing)
2026/07/27 16:43:58 INFO  : Products/EquityOne/Roadmap.md: Copied (replaced existing)
2026/07/27 16:44:08 INFO  : Products/Birrezy/Architecture_and_Engineering/Birrezy_Architecture_Overview.md: Copied (replaced existing)
2026/07/27 16:44:16 INFO  : Products/Birrezy/Architecture_and_Engineering/Partner_API_Catalog.md: Copied (replaced existing)
2026/07/27 16:44:26 INFO  : Products/Akafay/Compliance_and_Regulatory/Corridor_Compliance_Map.md: Copied (replaced existing)
2026/07/27 16:44:33 INFO  : Products/WI3/ADR_Index.md: Copied (replaced existing)
2026/07/27 16:44:43 INFO  : Products/WI3/Roadmap.md: Copied (replaced existing)
2026/07/27 16:44:52 INFO  : Products/WI3/WI3.md: Copied (replaced existing)
2026/07/27 16:45:04 INFO  : Products/Birrezy/Commercial/PRICING.md: Copied (replaced existing)
2026/07/27 16:45:07 INFO  : Products/Akafay/Diagrams/README.md: Copied (replaced existing)
2026/07/27 16:45:25 INFO  : Products/Wallet_Plus/ADR_Index.md: Copied (replaced existing)
2026/07/27 16:45:26 INFO  : Products/Wallet_Plus/Roadmap.md: Copied (replaced existing)
2026/07/27 16:45:42 INFO  : Products/Wallet_Plus/Wallet_Plus.md: Copied (replaced existing)
2026/07/27 16:45:46 INFO  : Products/EquityOne/Architecture_and_Engineering/Hadid_Assets.md: Copied (replaced existing)
2026/07/27 16:46:05 INFO  : Products/Birrezy/Compliance_and_Regulatory/Corridor_Compliance_Map.md: Copied (replaced existing)
2026/07/27 16:46:07 INFO  : Products/Birrezy/Compliance_and_Regulatory/Travel_Rule_Implementation.md: Copied (replaced existing)
2026/07/27 16:46:22 INFO  : Products/Birrezy/Compliance_and_Regulatory/Travel_Rule_Runbook.md: Copied (replaced existing)
2026/07/27 16:46:24 INFO  : Products/Akafay/Integrations/CBS_Integration.md: Copied (replaced existing)
2026/07/27 16:46:41 INFO  : Products/Akafay/Integrations/EthSwitch_Integration.md: Copied (replaced existing)
2026/07/27 16:46:43 INFO  : Products/Watchdog/ADR_Index.md: Copied (replaced existing)
2026/07/27 16:47:01 INFO  : Products/Watchdog/Roadmap.md: Copied (replaced existing)
2026/07/27 16:47:03 INFO  : Products/Watchdog/Watchdog.md: Copied (replaced existing)
2026/07/27 16:47:18 INFO  : Products/Watchdog/Watchdog_WI3_Boundary.md: Copied (replaced existing)
2026/07/27 16:47:20 INFO  : Products/WI3/Architecture_and_Engineering/WI3_Architecture_Overview.md: Copied (replaced existing)
2026/07/27 16:47:37 INFO  : Products/Birrezy/Corridors/ET-AE.md: Copied (replaced existing)
2026/07/27 16:47:40 INFO  : Products/Birrezy/Corridors/ET-ET-domestic.md: Copied (replaced existing)
2026/07/27 16:47:57 INFO  : Products/Birrezy/Corridors/ET-EU.md: Copied (replaced existing)
2026/07/27 16:48:01 INFO  : Products/Birrezy/Corridors/ET-KE.md: Copied (replaced existing)
2026/07/27 16:48:15 INFO  : Products/Birrezy/Corridors/ET-US.md: Copied (replaced existing)
2026/07/27 16:48:16 INFO  : Products/Decision_PRO/Diagrams/README.md: Copied (replaced existing)
2026/07/27 16:48:33 INFO  : Products/EquityOne/Diagrams/README.md: Copied (replaced existing)
2026/07/27 16:48:35 INFO  : Products/WI3/Compliance_and_Regulatory/WI3_Compliance_Posture.md: Copied (replaced existing)
2026/07/27 16:48:49 INFO  : Products/Birrezy/Diagrams/README.md: Copied (replaced existing)
2026/07/27 16:48:53 INFO  : Products/Akafay/Operations/Akafay_Reconciliation_SOP.md: Copied (replaced existing)
2026/07/27 16:49:10 INFO  : Products/Akafay/Operations/Akafay_Weekend_Liquidity_Buffer.md: Copied (replaced existing)
2026/07/27 16:49:14 INFO  : Products/WI3/Diagrams/README.md: Copied (replaced existing)
2026/07/27 16:49:29 INFO  : Products/Wallet_Plus/Diagrams/README.md: Copied (replaced existing)
2026/07/27 16:49:32 INFO  : Products/EquityOne/Strategy_and_Capital/EquityOne_Executive_Summary.md: Copied (replaced existing)
2026/07/27 16:49:45 ERROR : Projects/Projects.md: Failed to copy: Sabre\DAV\Exception\Locked: 423 Locked
2026/07/27 16:49:50 INFO  : Products/Watchdog/Diagrams/README.md: Copied (replaced existing)
2026/07/27 16:49:54 INFO  : Products/Birrezy/Strategy_and_Capital/Birrezy_Deck.md: Copied (replaced existing)
2026/07/27 16:49:59 INFO  : Products/Birrezy/Strategy_and_Capital/Birrezy_Executive_Summary.md: Copied (replaced existing)
2026/07/27 16:50:04 INFO  : Products/Watchdog/Strategy_and_Capital/Watchdog_Product_Brief.md: Copied (replaced existing)
2026/07/27 16:50:06 INFO  : Products/Watchdog/Strategy_and_Capital/Watchdog_Strategy_Brief.md: Copied (replaced existing)
2026/07/27 16:50:09 INFO  : Products/WI3/Strategy_and_Capital/WI3_Introduction.md: Copied (replaced existing)
2026/07/27 16:50:12 INFO  : Products/Birrezy/_Working/QUESTIONS.md: Copied (replaced existing)
2026/07/27 16:50:14 INFO  : Products/Wallet_Plus/Operations/Wallet_Plus_Reconciliation_SOP.md: Copied (replaced existing)
2026/07/27 16:50:15 INFO  : Products/Wallet_Plus/Operations/Wallet_Plus_Weekend_Ops_Buffer.md: Copied (replaced existing)
2026/07/27 16:50:57 ERROR : Products/Birrezy/Birrezy.md: Failed to copy: Sabre\DAV\Exception\Locked: 423 Locked
2026/07/27 16:50:57 ERROR : webdav root 'DLT/Hadid': not deleting files as there were IO errors
2026/07/27 16:50:57 ERROR : webdav root 'DLT/Hadid': not deleting directories as there were IO errors
2026/07/27 16:50:57 ERROR : Attempt 1/3 failed with 2 errors and: Sabre\DAV\Exception\Locked: 423 Locked
2026/07/27 17:01:57 ERROR : Projects/Projects.md: Failed to copy: Sabre\DAV\Exception\Locked: 423 Locked
2026/07/27 17:02:10 ERROR : Products/Birrezy/Birrezy.md: Failed to copy: Sabre\DAV\Exception\Locked: 423 Locked
2026/07/27 17:02:10 ERROR : webdav root 'DLT/Hadid': not deleting files as there were IO errors
2026/07/27 17:02:10 ERROR : webdav root 'DLT/Hadid': not deleting directories as there were IO errors
2026/07/27 17:02:10 ERROR : Attempt 2/3 failed with 2 errors and: Sabre\DAV\Exception\Locked: 423 Locked
2026/07/27 17:15:35 ERROR : Projects/Projects.md: Failed to copy: Sabre\DAV\Exception\Locked: 423 Locked
2026/07/27 17:15:42 ERROR : Products/Birrezy/Birrezy.md: Failed to copy: Sabre\DAV\Exception\Locked: 423 Locked
2026/07/27 17:15:42 ERROR : webdav root 'DLT/Hadid': not deleting files as there were IO errors
2026/07/27 17:15:42 ERROR : webdav root 'DLT/Hadid': not deleting directories as there were IO errors
2026/07/27 17:15:42 ERROR : Attempt 3/3 failed with 2 errors and: Sabre\DAV\Exception\Locked: 423 Locked
2026/07/27 17:15:42 INFO  : 
Transferred:   	  756.572 KiB / 756.572 KiB, 100%, 3 B/s, ETA 0s
Errors:                 2 (retrying may help)
Checks:              1833 / 1833, 100%
Transferred:          107 / 107, 100%
Elapsed time:      42m7.3s

2026/07/27 17:15:42 Failed to sync with 2 errors: last error was: Sabre\DAV\Exception\Locked: 423 Locked
[2026-07-27 17:15:42] PUSH done
[2026-07-27 17:37:45] PUSH start (local → Nextcloud) 
2026/07/27 17:38:30 INFO  : hadid-propfind.xml: Copied (replaced existing)
2026/07/27 17:38:31 INFO  : README.md: Copied (replaced existing)
2026/07/27 17:38:33 INFO  : mkdocs.yml: Copied (replaced existing)
2026/07/27 17:39:16 INFO  : Products/README.md: Copied (replaced existing)
2026/07/27 17:39:17 INFO  : Organization/README.md: Copied (replaced existing)
2026/07/27 17:39:17 INFO  : Organization/Charter_and_Decision_Rights.md: Copied (replaced existing)
2026/07/27 17:39:56 INFO  : Organization/Indexes/Compliance_Command_Center.md: Copied (new)
2026/07/27 17:39:56 INFO  : .github/workflows/link-check.yml: Copied (replaced existing)
2026/07/27 17:39:58 INFO  : Organization/Indexes/Dashboard.md: Copied (new)
2026/07/27 17:40:41 INFO  : Organization/Indexes/Executive_Overview.md: Copied (new)
2026/07/27 17:40:42 INFO  : Organization/Indexes/Engineering_Status.md: Copied (new)
2026/07/27 17:40:42 INFO  : Organization/Indexes/HADID_Central.md: Copied (new)
2026/07/27 17:41:10 INFO  : Organization/Indexes/README.md: Copied (new)
2026/07/27 17:41:11 INFO  : Organization/Indexes/Product_Operations.md: Copied (new)
2026/07/27 17:41:15 INFO  : Execution/Engagements/Engagements.md: Copied (replaced existing)
2026/07/27 17:41:38 INFO  : Organization/Templates/TPL_Corridor.md: Copied (new)
2026/07/27 17:41:39 INFO  : Organization/Templates/TPL_Compliance_Log.md: Copied (new)
2026/07/27 17:41:42 INFO  : Organization/Templates/TPL_Daily_Note.md: Copied (new)
2026/07/27 17:42:11 INFO  : Organization/Templates/TPL_Engagement.md: Copied (new)
2026/07/27 17:42:13 INFO  : Organization/Templates/TPL_Decision_Record.md: Copied (new)
2026/07/27 17:42:19 INFO  : Organization/Templates/TPL_Integration.md: Copied (new)
2026/07/27 17:42:56 INFO  : Organization/Templates/TPL_KB_Article.md: Copied (new)
2026/07/27 17:42:58 INFO  : Organization/Templates/TPL_Literature_Readwise.md: Copied (new)
2026/07/27 17:43:07 INFO  : Organization/Templates/TPL_Literature_Zotero.md: Copied (new)
2026/07/27 17:43:36 INFO  : Organization/Templates/TPL_Meeting.md: Copied (new)
2026/07/27 17:43:40 INFO  : Organization/Templates/TPL_Project.md: Copied (new)
2026/07/27 17:43:52 INFO  : Organization/Templates/TPL_Regulatory.md: Copied (new)
2026/07/27 17:44:21 INFO  : Organization/Templates/TPL_Spec.md: Copied (new)
2026/07/27 17:44:26 INFO  : Organization/Templates/Templates.md: Copied (new)
2026/07/27 17:44:33 INFO  : Products/Akafay/ADR_Index.md: Copied (replaced existing)
2026/07/27 17:44:49 INFO  : Products/Akafay/AIS_and_Decision_PRO/AIS_Technical_Specification.md: Copied (replaced existing)
2026/07/27 17:44:51 INFO  : Products/Akafay/AIS_and_Decision_PRO/Decision_PRO_Command_Center.md: Copied (replaced existing)
2026/07/27 17:44:58 INFO  : Products/Akafay/Architecture_and_Engineering/System_Architecture_Overview.md: Copied (replaced existing)
2026/07/27 17:44:59 INFO  : Products/Akafay/Diagrams/EXCAL_Akafay_Architecture.md: Copied (replaced existing)
2026/07/27 17:45:11 INFO  : Products/Akafay/Diagrams/README.md: Copied (replaced existing)
2026/07/27 17:45:13 INFO  : Products/Decision_PRO/Diagrams/EXCAL_Decision_PRO_Logic_Flow.md: Copied (replaced existing)
2026/07/27 17:45:29 INFO  : Products/Decision_PRO/Diagrams/EXCAL_Decision_PRO_Risk_Dashboard_Mockup.md: Copied (replaced existing)
2026/07/27 17:45:31 INFO  : Products/Decision_PRO/Diagrams/README.md: Copied (replaced existing)
2026/07/27 17:45:45 INFO  : Products/Birrezy/Diagrams/EXCAL_Birrezy_ET-ET_Flow.md: Copied (replaced existing)
2026/07/27 17:45:49 INFO  : Products/Birrezy/Diagrams/EXCAL_Birrezy_ET-US_Flow.md: Copied (replaced existing)
2026/07/27 17:46:24 INFO  : Products/Birrezy/Diagrams/README.md: Copied (replaced existing)
2026/07/27 17:46:27 INFO  : Products/Wallet_Plus/Diagrams/EXCAL_Wallet_Plus_Fayda_Auth_Flow.md: Copied (replaced existing)
2026/07/27 17:46:42 INFO  : Products/Wallet_Plus/Diagrams/EXCAL_Wallet_Plus_MPC_Recovery_Process.md: Copied (replaced existing)
2026/07/27 17:46:45 INFO  : Products/Wallet_Plus/Diagrams/README.md: Copied (replaced existing)
2026/07/27 17:51:13 ERROR : Projects/Projects.md: Failed to copy: Sabre\DAV\Exception\Locked: 423 Locked
2026/07/27 17:52:20 ERROR : Products/Birrezy/Birrezy.md: Failed to copy: Sabre\DAV\Exception\Locked: 423 Locked
2026/07/27 17:52:20 ERROR : webdav root 'DLT/Hadid': not deleting files as there were IO errors
2026/07/27 17:52:20 ERROR : webdav root 'DLT/Hadid': not deleting directories as there were IO errors
2026/07/27 17:52:20 ERROR : Attempt 1/3 failed with 2 errors and: Sabre\DAV\Exception\Locked: 423 Locked
2026/07/27 18:04:58 ERROR : Projects/Projects.md: Failed to copy: Sabre\DAV\Exception\Locked: 423 Locked
2026/07/27 18:05:02 ERROR : Products/Birrezy/Birrezy.md: Failed to copy: Sabre\DAV\Exception\Locked: 423 Locked
2026/07/27 18:05:02 ERROR : webdav root 'DLT/Hadid': not deleting files as there were IO errors
2026/07/27 18:05:02 ERROR : webdav root 'DLT/Hadid': not deleting directories as there were IO errors
2026/07/27 18:05:02 ERROR : Attempt 2/3 failed with 2 errors and: Sabre\DAV\Exception\Locked: 423 Locked
2026/07/27 18:16:36 ERROR : Projects/Projects.md: Failed to copy: Sabre\DAV\Exception\Locked: 423 Locked
2026/07/27 18:16:46 ERROR : Products/Birrezy/Birrezy.md: Failed to copy: Sabre\DAV\Exception\Locked: 423 Locked
2026/07/27 18:16:46 ERROR : webdav root 'DLT/Hadid': not deleting files as there were IO errors
2026/07/27 18:16:46 ERROR : webdav root 'DLT/Hadid': not deleting directories as there were IO errors
2026/07/27 18:16:46 ERROR : Attempt 3/3 failed with 2 errors and: Sabre\DAV\Exception\Locked: 423 Locked
2026/07/27 18:16:46 INFO  : 
Transferred:   	  492.336 KiB / 492.336 KiB, 100%, 2 B/s, ETA 0s
Errors:                 2 (retrying may help)
Checks:              1200 / 1200, 100%
Transferred:           44 / 44, 100%
Elapsed time:      39m1.5s

2026/07/27 18:16:46 Failed to sync with 2 errors: last error was: Sabre\DAV\Exception\Locked: 423 Locked
[2026-07-27 18:16:47] PUSH done
[2026-07-27 18:23:58] CHECK match=405 differ=2 local_only=0 remote_only=379 errors=0 rc=1
[2026-07-27 18:25:19] PUSH start (local → Nextcloud) 
2026/07/27 18:37:30 ERROR : Projects/Projects.md: Failed to copy: Sabre\DAV\Exception\Locked: 423 Locked
2026/07/27 18:37:39 ERROR : Products/Birrezy/Birrezy.md: Failed to copy: Sabre\DAV\Exception\Locked: 423 Locked
2026/07/27 18:37:39 ERROR : webdav root 'DLT/Hadid': not deleting files as there were IO errors
2026/07/27 18:37:39 ERROR : webdav root 'DLT/Hadid': not deleting directories as there were IO errors
2026/07/27 18:37:39 ERROR : Attempt 1/3 failed with 2 errors and: Sabre\DAV\Exception\Locked: 423 Locked
2026/07/27 18:48:56 ERROR : Projects/Projects.md: Failed to copy: Sabre\DAV\Exception\Locked: 423 Locked
2026/07/27 18:49:09 ERROR : Products/Birrezy/Birrezy.md: Failed to copy: Sabre\DAV\Exception\Locked: 423 Locked
2026/07/27 18:49:09 ERROR : webdav root 'DLT/Hadid': not deleting files as there were IO errors
2026/07/27 18:49:09 ERROR : webdav root 'DLT/Hadid': not deleting directories as there were IO errors
2026/07/27 18:49:09 ERROR : Attempt 2/3 failed with 2 errors and: Sabre\DAV\Exception\Locked: 423 Locked
[2026-07-27 18:50:16] PUSH start (local → Nextcloud) 
[2026-07-27 18:57:27] PUSH start (local → Nextcloud) 
2026/07/27 19:08:50 ERROR : Projects/Projects.md: Failed to copy: Sabre\DAV\Exception\Locked: 423 Locked
2026/07/27 19:09:02 ERROR : Products/Birrezy/Birrezy.md: Failed to copy: Sabre\DAV\Exception\Locked: 423 Locked
2026/07/27 19:09:02 ERROR : webdav root 'DLT/Hadid': not deleting files as there were IO errors
2026/07/27 19:09:02 ERROR : webdav root 'DLT/Hadid': not deleting directories as there were IO errors
2026/07/27 19:09:02 ERROR : Attempt 1/3 failed with 2 errors and: Sabre\DAV\Exception\Locked: 423 Locked
2026/07/27 19:20:15 ERROR : Projects/Projects.md: Failed to copy: Sabre\DAV\Exception\Locked: 423 Locked
2026/07/27 19:20:25 ERROR : Products/Birrezy/Birrezy.md: Failed to copy: Sabre\DAV\Exception\Locked: 423 Locked
2026/07/27 19:20:25 ERROR : webdav root 'DLT/Hadid': not deleting files as there were IO errors
2026/07/27 19:20:25 ERROR : webdav root 'DLT/Hadid': not deleting directories as there were IO errors
2026/07/27 19:20:25 ERROR : Attempt 2/3 failed with 2 errors and: Sabre\DAV\Exception\Locked: 423 Locked
[2026-07-29 11:44:50] PUSH start (local → Nextcloud) 
2026/07/29 11:53:59 ERROR : Projects/Projects.md: Failed to copy: Sabre\DAV\Exception\Locked: 423 Locked
2026/07/29 11:54:08 ERROR : Products/Birrezy/Birrezy.md: Failed to copy: Sabre\DAV\Exception\Locked: 423 Locked
2026/07/29 11:54:08 ERROR : webdav root 'DLT/Hadid': not deleting files as there were IO errors
2026/07/29 11:54:08 ERROR : webdav root 'DLT/Hadid': not deleting directories as there were IO errors
2026/07/29 11:54:08 ERROR : Attempt 1/3 failed with 2 errors and: Sabre\DAV\Exception\Locked: 423 Locked
2026/07/29 12:03:09 ERROR : Projects/Projects.md: Failed to copy: Sabre\DAV\Exception\Locked: 423 Locked
2026/07/29 12:03:15 ERROR : Products/Birrezy/Birrezy.md: Failed to copy: Sabre\DAV\Exception\Locked: 423 Locked
2026/07/29 12:03:15 ERROR : webdav root 'DLT/Hadid': not deleting files as there were IO errors
2026/07/29 12:03:15 ERROR : webdav root 'DLT/Hadid': not deleting directories as there were IO errors
2026/07/29 12:03:15 ERROR : Attempt 2/3 failed with 2 errors and: Sabre\DAV\Exception\Locked: 423 Locked
[2026-07-29 12:52:02] PUSH start (local → Nextcloud) 
[2026-07-29 12:56:21] CHECK match=3 differ=0 local_only=290 remote_only=91 errors=0 rc=1
[2026-07-29 12:57:21] PUSH start (local → Nextcloud) 
2026/07/29 12:57:56 INFO  : hadid-propfind.xml: Copied (new)
2026/07/29 12:57:57 INFO  : mkdocs.yml: Copied (new)
2026/07/29 12:58:00 INFO  : Knowledge_Base/Knowledge_Base.md: Copied (new)
2026/07/29 12:58:00 INFO  : README.md: Copied (new)
2026/07/29 12:58:29 INFO  : Products/README.md: Copied (new)
2026/07/29 12:58:29 INFO  : Knowledge_Base/image.png: Copied (new)
2026/07/29 12:58:29 INFO  : Products/Products.md: Copied (new)
2026/07/29 12:58:29 INFO  : Knowledge_Base/README.md: Copied (new)
2026/07/29 12:58:37 INFO  : Projects/README.md: Copied (new)
2026/07/29 12:58:37 INFO  : Organization/Charter_and_Decision_Rights.md: Copied (new)
2026/07/29 12:58:37 INFO  : Organization/Completeness_Matrix.md: Copied (new)
2026/07/29 12:58:37 INFO  : Projects/Projects.md: Copied (new)
2026/07/29 12:58:45 INFO  : Organization/HADID.md: Copied (new)
2026/07/29 12:58:45 INFO  : Organization/Corporate_Profile.md: Copied (new)
2026/07/29 12:58:45 INFO  : Organization/README.md: Copied (new)
2026/07/29 12:58:45 INFO  : Organization/Glossary.md: Copied (new)
2026/07/29 12:58:56 INFO  : Knowledge_Base/Identity_and_Custody/MPC_and_IDENTUS.md: Copied (new)
2026/07/29 12:58:58 INFO  : Knowledge_Base/Markets_and_Instruments/Arbitrage.md: Copied (new)
2026/07/29 12:58:59 INFO  : Knowledge_Base/Markets_and_Instruments/Boolean_Trading.md: Copied (new)
2026/07/29 12:58:59 INFO  : Knowledge_Base/Markets_and_Instruments/Brokerages.md: Copied (new)
2026/07/29 12:59:12 INFO  : Knowledge_Base/Markets_and_Instruments/Credit_Underwriting_Evolution.md: Copied (new)
2026/07/29 12:59:14 INFO  : Knowledge_Base/Markets_and_Instruments/How_LCs_Work.md: Copied (new)
2026/07/29 12:59:14 INFO  : Knowledge_Base/Markets_and_Instruments/DEBTs.md: Copied (new)
2026/07/29 12:59:14 INFO  : Knowledge_Base/Markets_and_Instruments/ESX.md: Copied (new)
2026/07/29 12:59:25 INFO  : Knowledge_Base/Markets_and_Instruments/Investment_Funds.md: Copied (new)
2026/07/29 12:59:26 INFO  : Knowledge_Base/Markets_and_Instruments/Money_Market_Funds.md: Copied (new)
2026/07/29 12:59:29 INFO  : Knowledge_Base/Markets_and_Instruments/Margin_Lending.md: Copied (new)
2026/07/29 12:59:30 INFO  : Knowledge_Base/Markets_and_Instruments/Stocks_and_Bonds.md: Copied (new)
2026/07/29 12:59:40 INFO  : Knowledge_Base/Payments_and_Rails/BRIDGING.md: Copied (new)
2026/07/29 12:59:41 INFO  : Knowledge_Base/Payments_and_Rails/EthSwitch.md: Copied (new)
2026/07/29 12:59:44 INFO  : Knowledge_Base/Payments_and_Rails/Market_Making_and_AMMs.md: Copied (new)
2026/07/29 12:59:45 INFO  : Knowledge_Base/Payments_and_Rails/PIX.md: Copied (new)
2026/07/29 12:59:56 INFO  : Knowledge_Base/Regulatory/Consumer_Protection.md: Copied (new)
2026/07/29 12:59:57 INFO  : Knowledge_Base/Regulatory/AML_CFT_Ethiopia.md: Copied (new)
2026/07/29 12:59:58 INFO  : Knowledge_Base/Regulatory/DCP_License.md: Copied (new)
2026/07/29 13:00:01 INFO  : Knowledge_Base/Regulatory/Data_Protection_Ethiopia.md: Copied (new)
2026/07/29 13:00:13 INFO  : Knowledge_Base/Regulatory/Green_Channel.md: Copied (new)
2026/07/29 13:00:14 INFO  : Knowledge_Base/Regulatory/Fayda_Digital_ID.md: Copied (new)
2026/07/29 13:00:15 INFO  : Knowledge_Base/Regulatory/Licensing_Related.md: Copied (new)
2026/07/29 13:00:18 INFO  : Knowledge_Base/Regulatory/NBE_Sandbox_Program.md: Copied (new)
2026/07/29 13:00:30 INFO  : Knowledge_Base/Regulatory/PSO_and_Payment_Instrument_Issuer.md: Copied (new)
2026/07/29 13:00:31 INFO  : Knowledge_Base/Regulatory/Sanctions_Screening.md: Copied (new)
2026/07/29 13:00:31 INFO  : Knowledge_Base/Regulatory/NBE_Survey.md: Copied (new)
2026/07/29 13:00:34 INFO  : Knowledge_Base/Regulatory/Stable_Token_Commission.md: Copied (new)
2026/07/29 13:00:46 INFO  : Knowledge_Base/Regulatory/Travel_Rules.md: Copied (new)
2026/07/29 13:00:47 INFO  : Knowledge_Base/Regulatory/US_Regulatory.md: Copied (new)
2026/07/29 13:00:47 INFO  : Knowledge_Base/Regulatory/VASP.md: Copied (new)
2026/07/29 13:00:51 INFO  : Products/Akafay/ADR_Index.md: Copied (new)
2026/07/29 13:01:04 INFO  : Products/Akafay/Roadmap.md: Copied (new)
2026/07/29 13:01:04 INFO  : Products/Akafay/Akafay.md: Copied (new)
2026/07/29 13:01:07 INFO  : Products/Birrezy/ADR_Index.md: Copied (new)
2026/07/29 13:01:08 INFO  : Products/Birrezy/Birrezy.md: Copied (new)
2026/07/29 13:01:24 INFO  : Products/Birrezy/Roadmap.md: Copied (new)
2026/07/29 13:01:24 INFO  : Products/Decision_PRO/Roadmap.md: Copied (new)
2026/07/29 13:01:24 INFO  : Products/Decision_PRO/ADR_Index.md: Copied (new)
2026/07/29 13:01:25 INFO  : Products/Decision_PRO/Decision_PRO.md: Copied (new)
2026/07/29 13:01:40 INFO  : Knowledge_Base/Crypto_and_DeFi/CDPs.md: Copied (new)
2026/07/29 13:01:45 INFO  : Knowledge_Base/Crypto_and_DeFi/Consensus_PoW_PoS_BFT.md: Copied (new)
2026/07/29 13:01:48 INFO  : Knowledge_Base/Crypto_and_DeFi/Crypto_Derivatives.md: Copied (new)
2026/07/29 13:01:51 INFO  : Knowledge_Base/Crypto_and_DeFi/Layer2_Rollups_and_Metrics.md: Copied (new)
2026/07/29 13:01:54 INFO  : Knowledge_Base/Crypto_and_DeFi/Proof_of_Reserves.md: Copied (new)
2026/07/29 13:02:02 INFO  : Knowledge_Base/Crypto_and_DeFi/Stablecoins.md: Copied (new)
2026/07/29 13:02:02 INFO  : Knowledge_Base/Crypto_and_DeFi/Smart_Contracts.md: Copied (new)
2026/07/29 13:02:08 INFO  : Knowledge_Base/Crypto_and_DeFi/Web3_Architecture_Overview.md: Copied (new)
2026/07/29 13:02:12 INFO  : Knowledge_Base/Crypto_and_DeFi/ZK_Rollups_and_Proofs.md: Copied (new)
2026/07/29 13:02:25 INFO  : Projects/Agri/Agri.md: Copied (new)
2026/07/29 13:02:28 INFO  : Products/WI3/ADR_Index.md: Copied (new)
2026/07/29 13:02:37 INFO  : Execution/Engagements/Outreach_Messages.md: Copied (new)
2026/07/29 13:02:41 INFO  : Execution/Engagements/Engagements.md: Copied (new)
2026/07/29 13:02:42 INFO  : Products/WI3/Roadmap.md: Copied (new)
2026/07/29 13:02:44 INFO  : Products/WI3/WI3.md: Copied (new)
2026/07/29 13:02:52 INFO  : Organization/Indexes/Compliance_Command_Center.md: Copied (new)
2026/07/29 13:02:57 INFO  : Organization/Indexes/Engineering_Status.md: Copied (new)
2026/07/29 13:02:58 INFO  : Organization/Indexes/Dashboard.md: Copied (new)
2026/07/29 13:03:00 INFO  : Organization/Indexes/Executive_Overview.md: Copied (new)
2026/07/29 13:03:09 INFO  : Organization/Indexes/HADID_Central.md: Copied (new)
2026/07/29 13:03:15 INFO  : Organization/Indexes/Product_Operations.md: Copied (new)
2026/07/29 13:03:15 INFO  : Organization/Indexes/README.md: Copied (new)
2026/07/29 13:03:15 INFO  : Execution/Tasks/Lines.md: Copied (new)
2026/07/29 13:03:21 INFO  : Execution/Tasks/Tasks.md: Copied (new)
2026/07/29 13:03:25 INFO  : Projects/Tokenization/BirrPoints.md: Copied (new)
2026/07/29 13:03:25 INFO  : Projects/Tokenization/ECMA_Sandbox.md: Copied (new)
2026/07/29 13:03:26 INFO  : Projects/Tokenization/ConsensusChain.md: Copied (new)
2026/07/29 13:03:33 INFO  : Projects/Tokenization/FACTS.md: Copied (new)
2026/07/29 13:03:33 INFO  : Projects/Tokenization/SBIR.md: Copied (new)
2026/07/29 13:03:33 INFO  : Projects/Tokenization/MINT_Project.md: Copied (new)
2026/07/29 13:03:33 INFO  : Projects/Tokenization/ETBT.md: Copied (new)
2026/07/29 13:03:40 INFO  : Projects/Tokenization/SBIRR PLAN.csv: Copied (new)
2026/07/29 13:03:41 INFO  : Projects/Tokenization/SBIRR PLAN_all.csv: Copied (new)
2026/07/29 13:03:43 INFO  : Projects/Tokenization/Tokenization.md: Copied (new)
2026/07/29 13:03:43 INFO  : Products/EquityOne/EquityOne.md: Copied (new)
2026/07/29 13:03:49 INFO  : Products/EquityOne/Roadmap.md: Copied (new)
2026/07/29 13:03:50 INFO  : Projects/VISA/VISA.md: Copied (new)
2026/07/29 13:03:51 INFO  : Products/Wallet_Plus/ADR_Index.md: Copied (new)
2026/07/29 13:03:52 INFO  : Products/Wallet_Plus/Roadmap.md: Copied (new)
2026/07/29 13:03:59 INFO  : Products/Wallet_Plus/Wallet_Plus.md: Copied (new)
2026/07/29 13:03:59 INFO  : Organization/Templates/TPL_Corridor.md: Copied (new)
2026/07/29 13:04:00 INFO  : Organization/Templates/TPL_Daily_Note.md: Copied (new)
2026/07/29 13:04:02 INFO  : Organization/Templates/TPL_Compliance_Log.md: Copied (new)
2026/07/29 13:04:07 INFO  : Organization/Templates/TPL_Decision_Record.md: Copied (new)
2026/07/29 13:04:07 INFO  : Organization/Templates/TPL_Engagement.md: Copied (new)
2026/07/29 13:04:08 INFO  : Organization/Templates/TPL_Integration.md: Copied (new)
2026/07/29 13:04:09 INFO  : Organization/Templates/TPL_KB_Article.md: Copied (new)
2026/07/29 13:04:16 INFO  : Organization/Templates/TPL_Literature_Readwise.md: Copied (new)
2026/07/29 13:04:16 INFO  : Organization/Templates/TPL_Literature_Zotero.md: Copied (new)
2026/07/29 13:04:17 INFO  : Organization/Templates/TPL_Meeting.md: Copied (new)
2026/07/29 13:04:18 INFO  : Organization/Templates/TPL_Project.md: Copied (new)
2026/07/29 13:04:28 INFO  : Organization/Templates/TPL_Regulatory.md: Copied (new)
2026/07/29 13:04:28 INFO  : Organization/Templates/Templates.md: Copied (new)
2026/07/29 13:04:28 INFO  : Organization/Templates/TPL_Spec.md: Copied (new)
2026/07/29 13:04:32 INFO  : Products/Watchdog/ADR_Index.md: Copied (new)
2026/07/29 13:04:38 INFO  : Products/Watchdog/Watchdog_WI3_Boundary.md: Copied (new)
2026/07/29 13:04:38 INFO  : Products/Watchdog/Watchdog.md: Copied (new)
2026/07/29 13:04:38 INFO  : Products/Watchdog/Roadmap.md: Copied (new)
2026/07/29 13:04:42 INFO  : Products/Akafay/AIS_and_Decision_PRO/AIS_Technical_Specification.md: Copied (new)
2026/07/29 13:04:54 INFO  : Products/Akafay/AIS_and_Decision_PRO/Decision_PRO_Service_Level_Agreements.md: Copied (new)
2026/07/29 13:04:54 INFO  : Products/Akafay/AIS_and_Decision_PRO/Implementation_and_Roadmap.md: Copied (new)
2026/07/29 13:04:54 INFO  : Products/Akafay/AIS_and_Decision_PRO/Akafay_Decision_PRO_Embed.md: Copied (new)
2026/07/29 13:04:54 INFO  : Products/Akafay/AIS_and_Decision_PRO/Decision_PRO_Command_Center.md: Copied (new)
2026/07/29 13:05:06 INFO  : Products/Decision_PRO/Architecture_and_Engineering/Decision_PRO_Architecture_Overview.md: Copied (new)
2026/07/29 13:05:06 INFO  : Products/Decision_PRO/Architecture_and_Engineering/Decision_PRO_MLOps_and_Scoring_Logic.md: Copied (new)
2026/07/29 13:05:06 INFO  : Products/Decision_PRO/Architecture_and_Engineering/Decision_PRO_Audit_and_Security_Logs.md: Copied (new)
2026/07/29 13:05:07 INFO  : Products/Akafay/AIS_and_Decision_PRO/README.md: Copied (new)
2026/07/29 13:05:25 INFO  : Products/Decision_PRO/Architecture_and_Engineering/Decision_PRO_Real_Time_Streaming_Specs.md: Copied (new)
2026/07/29 13:05:32 INFO  : Products/Birrezy/Architecture_and_Engineering/Birrezy_Architecture_Overview.md: Copied (new)
2026/07/29 13:05:33 INFO  : Execution/Engagements/Banks/Bunna.md: Copied (new)
2026/07/29 13:05:33 INFO  : Execution/Engagements/Banks/Zemen.md: Copied (new)
2026/07/29 13:05:33 INFO  : Products/Birrezy/Architecture_and_Engineering/Birrezy_Liquidity_and_Market_Making.md: Copied (new)
2026/07/29 13:05:44 INFO  : Products/Birrezy/Architecture_and_Engineering/Birrezy_Partner_Integration_API.md: Copied (new)
2026/07/29 13:05:44 INFO  : Products/Birrezy/Architecture_and_Engineering/Birrezy_Reconciliation_and_Settlement_Protocol.md: Copied (new)
2026/07/29 13:05:45 INFO  : Products/Birrezy/Architecture_and_Engineering/Birrezy_Settlement_Rails_and_Corridor_Model.md: Copied (new)
2026/07/29 13:05:46 INFO  : Products/Birrezy/Architecture_and_Engineering/Fee_Splitting_Engine.md: Copied (new)
2026/07/29 13:05:55 INFO  : Products/WI3/Architecture_and_Engineering/WI3_Architecture_Overview.md: Copied (new)
2026/07/29 13:05:56 INFO  : Products/Birrezy/Architecture_and_Engineering/Side_Channel_Manifest_API.md: Copied (new)
2026/07/29 13:05:57 INFO  : Products/Birrezy/Architecture_and_Engineering/Partner_API_Catalog.md: Copied (new)
2026/07/29 13:05:57 INFO  : Products/Birrezy/Architecture_and_Engineering/Multi_Rail_Ingress_Mapping.md: Copied (new)
2026/07/29 13:06:13 INFO  : Products/Akafay/Architecture_and_Engineering/Merchant_Integration_SDK.md: Copied (new)
2026/07/29 13:06:13 INFO  : Products/Akafay/Architecture_and_Engineering/AIS_Risk_Engine.md: Copied (new)
2026/07/29 13:06:14 INFO  : Products/Akafay/Architecture_and_Engineering/Mobile_Application_Specs.md: Copied (new)
2026/07/29 13:06:14 INFO  : Products/Akafay/Architecture_and_Engineering/Embedded_Lending_and_Risk_Models.md: Copied (new)
2026/07/29 13:06:24 INFO  : Products/Akafay/Architecture_and_Engineering/Tokenized_Card_Issuance_Specs.md: Copied (new)
2026/07/29 13:06:24 INFO  : Products/Akafay/Architecture_and_Engineering/System_Architecture_Overview.md: Copied (new)
2026/07/29 13:06:26 INFO  : Products/Akafay/Architecture_and_Engineering/Web_Application_Specs.md: Copied (new)
2026/07/29 13:06:27 INFO  : Products/Decision_PRO/Compliance_and_Regulatory/Decision_PRO_NBE_Compliance_Matrix.md: Copied (new)
2026/07/29 13:06:34 INFO  : Execution/Tasks/Meetings/Meet With Hanna.md: Copied (new)
2026/07/29 13:06:37 INFO  : Execution/Tasks/Meetings/Meet with DR Brook.md: Copied (new)
2026/07/29 13:06:41 INFO  : Execution/Tasks/Meetings/Meet with DR Seble.md: Copied (new)
2026/07/29 13:06:41 INFO  : Execution/Tasks/Meetings/Meet with Solomon.md: Copied (new)
2026/07/29 13:06:47 INFO  : Execution/Tasks/Meetings/Meeting with Selam.md: Copied (new)
2026/07/29 13:06:57 INFO  : Execution/Engagements/Government/EAII.md: Copied (new)
2026/07/29 13:06:57 INFO  : Execution/Engagements/Government/INSA.md: Copied (new)
2026/07/29 13:06:57 INFO  : Execution/Engagements/Government/ECMA.md: Copied (new)
2026/07/29 13:06:58 INFO  : Execution/Engagements/Government/MINT.md: Copied (new)
2026/07/29 13:07:10 INFO  : Products/Akafay/Compliance_and_Regulatory/Asset_Murabaha_Ledger_Specs.md: Copied (new)
2026/07/29 13:07:11 INFO  : Products/Birrezy/Commercial/PRICING.md: Copied (new)
2026/07/29 13:07:12 INFO  : Execution/Engagements/Government/NBE.md: Copied (new)
2026/07/29 13:07:12 INFO  : Products/Birrezy/Commercial/RISK.md: Copied (new)
2026/07/29 13:07:26 INFO  : Products/Akafay/Compliance_and_Regulatory/Control_Matrix_Akafay.md: Copied (new)
2026/07/29 13:07:28 INFO  : Products/Akafay/Compliance_and_Regulatory/Fair_Lending_Policy.md: Copied (new)
2026/07/29 13:07:29 INFO  : Products/Akafay/Compliance_and_Regulatory/Corridor_Compliance_Map.md: Copied (new)
2026/07/29 13:07:29 INFO  : Products/Akafay/Compliance_and_Regulatory/INSA_Security_Audit_Dossier.md: Copied (new)
2026/07/29 13:07:44 INFO  : Products/Akafay/Compliance_and_Regulatory/NBE_Compliance_Guidelines.md: Copied (new)
2026/07/29 13:07:45 INFO  : Products/Akafay/Compliance_and_Regulatory/NBE_Sandbox_Compliance_Log.md: Copied (new)
2026/07/29 13:07:45 INFO  : Products/Akafay/Compliance_and_Regulatory/Regulatory_Register.md: Copied (new)
2026/07/29 13:07:47 INFO  : Products/Akafay/Compliance_and_Regulatory/Security_Issue_Log.md: Copied (new)
2026/07/29 13:08:02 INFO  : Products/Akafay/Compliance_and_Regulatory/Sharia_Purification_Workflow.md: Copied (new)
2026/07/29 13:08:02 INFO  : Products/WI3/Compliance_and_Regulatory/WI3_Compliance_Posture.md: Copied (new)
2026/07/29 13:08:03 INFO  : Products/EquityOne/Architecture_and_Engineering/EquityOne_Architecture_Overview.md: Copied (new)
2026/07/29 13:08:05 INFO  : Products/EquityOne/Architecture_and_Engineering/Hadid_Assets.md: Copied (new)
2026/07/29 13:08:15 INFO  : Products/Birrezy/Compliance_and_Regulatory/Birrezy_Dispute_and_Refund_Policy.md: Copied (new)
2026/07/29 13:08:18 INFO  : Products/Birrezy/Compliance_and_Regulatory/Birrezy_Onboarding_and_KYC_Spec.md: Copied (new)
2026/07/29 13:08:21 INFO  : Products/Birrezy/Compliance_and_Regulatory/Birrezy_Compliance_Reporting_Framework.md: Copied (new)
2026/07/29 13:08:22 INFO  : Projects/Tokenization/Graphics/Pasted image 20260519150457.png: Copied (new)
2026/07/29 13:08:34 INFO  : Products/Birrezy/Compliance_and_Regulatory/Corridor_Compliance_Map.md: Copied (new)
2026/07/29 13:08:37 INFO  : Products/Birrezy/Compliance_and_Regulatory/Travel_Rule_Implementation.md: Copied (new)
2026/07/29 13:08:39 INFO  : Products/Birrezy/Compliance_and_Regulatory/Travel_Rule_Runbook.md: Copied (new)
2026/07/29 13:08:41 INFO  : Products/Decision_PRO/Diagrams/EXCAL_Decision_PRO_Logic_Flow.md: Copied (new)
2026/07/29 13:08:51 INFO  : Products/Decision_PRO/Diagrams/EXCAL_Decision_PRO_Risk_Dashboard_Mockup.md: Copied (new)
2026/07/29 13:08:56 INFO  : Products/Decision_PRO/Diagrams/README.md: Copied (new)
2026/07/29 13:08:59 INFO  : Execution/Engagements/NGO/Gates.md: Copied (new)
2026/07/29 13:09:01 INFO  : Products/Watchdog/Architecture_and_Engineering/Behavioral_Telemetry_Matrix.md: Copied (new)
2026/07/29 13:09:09 INFO  : Products/Watchdog/Architecture_and_Engineering/Knowledge_Graph_Topology.md: Copied (new)
2026/07/29 13:09:14 INFO  : Products/Watchdog/Architecture_and_Engineering/Watchdog_Platform_Spec.md: Copied (new)
2026/07/29 13:09:18 INFO  : Products/Wallet_Plus/Architecture_and_Engineering/Design_Decisions.md: Copied (new)
2026/07/29 13:09:20 INFO  : Products/Wallet_Plus/Architecture_and_Engineering/Fayda_Zero_Knowledge_Bridge.md: Copied (new)
2026/07/29 13:09:25 INFO  : Products/Wallet_Plus/Architecture_and_Engineering/MPC_Shard_Recovery_SOP.md: Copied (new)
2026/07/29 13:09:32 INFO  : Products/Wallet_Plus/Architecture_and_Engineering/Wallet_Plus_Account_Abstraction_Specs.md: Copied (new)
2026/07/29 13:09:38 INFO  : Products/Wallet_Plus/Architecture_and_Engineering/Wallet_Plus_Architecture_Overview.md: Copied (new)
2026/07/29 13:09:39 INFO  : Products/Wallet_Plus/Architecture_and_Engineering/Wallet_Plus_DESIGN.md: Copied (new)
2026/07/29 13:09:44 INFO  : Products/Wallet_Plus/Architecture_and_Engineering/Wallet_Plus_Fayda_Identity_Integration.md: Copied (new)
2026/07/29 13:09:49 INFO  : Products/Wallet_Plus/Architecture_and_Engineering/Wallet_Plus_MPC_Key_Management.md: Copied (new)
2026/07/29 13:09:53 INFO  : Products/WI3/Delivery_and_Roadmap/WI3 Feature Status — Complete Module Inventory.md: Copied (new)
2026/07/29 13:09:56 INFO  : Products/WI3/Delivery_and_Roadmap/WI3 Remaining Work — Phases & Priorities for Full Roadmap Completion.md: Copied (new)
2026/07/29 13:09:59 INFO  : Products/WI3/Delivery_and_Roadmap/WI3 — Complete Feature & Task Inventory.md: Copied (new)
2026/07/29 13:10:08 INFO  : Products/EquityOne/Compliance_and_Regulatory/EquityOne_Compliance_Posture.md: Copied (new)
2026/07/29 13:10:17 INFO  : Products/Birrezy/Corridors/Corridors.md: Copied (new)
2026/07/29 13:10:18 INFO  : Products/Birrezy/Corridors/ET-ET-domestic.md: Copied (new)
2026/07/29 13:10:18 INFO  : Products/Birrezy/Corridors/ET-AE.md: Copied (new)
2026/07/29 13:10:25 INFO  : Products/Birrezy/Corridors/ET-EU.md: Copied (new)
2026/07/29 13:10:38 INFO  : Products/Birrezy/Corridors/ET-US.md: Copied (new)
2026/07/29 13:10:38 INFO  : Products/Birrezy/Corridors/ET-KE.md: Copied (new)
2026/07/29 13:10:38 INFO  : Products/Wallet_Plus/Compliance_and_Regulatory/Wallet_Plus_NBE_Sandbox_Dossier.md: Copied (new)
2026/07/29 13:10:49 INFO  : Products/Decision_PRO/Integrations/Core_Banking_Handshake.md: Copied (new)
2026/07/29 13:10:53 INFO  : Products/Akafay/Diagrams/README.md: Copied (new)
2026/07/29 13:10:55 INFO  : Products/Watchdog/Compliance_and_Regulatory/PDPP_Biometric_Retention_Policy.md: Copied (new)
2026/07/29 13:10:55 INFO  : Products/Akafay/Diagrams/EXCAL_Akafay_Architecture.md: Copied (new)
2026/07/29 13:11:06 INFO  : Products/EquityOne/Diagrams/README.md: Copied (new)
2026/07/29 13:11:11 INFO  : Products/Birrezy/Diagrams/EXCAL_Birrezy_ET-ET_Flow.md: Copied (new)
2026/07/29 13:11:12 INFO  : Products/Birrezy/Diagrams/FIG_Birrezy_Image_1.png: Copied (new)
2026/07/29 13:11:12 INFO  : Products/Birrezy/Diagrams/EXCAL_Birrezy_ET-US_Flow.md: Copied (new)
2026/07/29 13:11:26 INFO  : Products/Birrezy/Diagrams/FIG_Birrezy_Image_2.png: Copied (new)
2026/07/29 13:11:27 INFO  : Products/Birrezy/Diagrams/FIG_Birrezy_Image_4.png: Copied (new)
2026/07/29 13:11:27 INFO  : Products/Birrezy/Diagrams/FIG_Birrezy_Image_3.png: Copied (new)
2026/07/29 13:11:27 INFO  : Products/Birrezy/Diagrams/README.md: Copied (new)
2026/07/29 13:11:41 INFO  : Products/Birrezy/Diagrams/Rain_-_Card_Program_Pricing_Sheet___Nov_2025.pdf: Copied (new)
2026/07/29 13:11:42 INFO  : Products/Akafay/Integrations/CBS_Integration_Discovery_Questions.md: Copied (new)
2026/07/29 13:11:42 INFO  : Products/Akafay/Integrations/CBS_Integration.md: Copied (new)
2026/07/29 13:11:42 INFO  : Products/Akafay/Integrations/Bunna_A2A_Handshake.md: Copied (new)
2026/07/29 13:11:58 INFO  : Products/Akafay/Integrations/CBS_Integration_Security_Questions.md: Copied (new)
2026/07/29 13:11:58 INFO  : Products/Akafay/Integrations/Integrations_Overview.md: Copied (new)
2026/07/29 13:11:58 INFO  : Products/Akafay/Integrations/Mobile_Money_Integrations.md: Copied (new)
2026/07/29 13:11:58 INFO  : Products/Akafay/Integrations/EthSwitch_Integration.md: Copied (new)
2026/07/29 13:12:16 INFO  : Products/Akafay/Integrations/Security_Overview.md: Copied (new)
2026/07/29 13:12:16 INFO  : Products/Wallet_Plus/Diagrams/EXCAL_Wallet_Plus_Fayda_Auth_Flow.md: Copied (new)
2026/07/29 13:12:17 INFO  : Products/WI3/Diagrams/README.md: Copied (new)
2026/07/29 13:12:17 INFO  : Products/Wallet_Plus/Diagrams/EXCAL_Wallet_Plus_MPC_Recovery_Process.md: Copied (new)
2026/07/29 13:12:34 INFO  : Products/Wallet_Plus/Diagrams/README.md: Copied (new)
2026/07/29 13:12:35 INFO  : Products/Wallet_Plus/Diagrams/FIG_Wallet_Plus_Image_6.png: Copied (new)
2026/07/29 13:12:36 INFO  : Products/Watchdog/Diagrams/README.md: Copied (new)
2026/07/29 13:12:36 INFO  : Products/Decision_PRO/Product_Ecosystem/Decision_PRO_Feature_Matrix.md: Copied (new)
2026/07/29 13:12:53 INFO  : Products/Decision_PRO/Product_Ecosystem/Decision_PRO_Localization_Amharic.md: Copied (new)
2026/07/29 13:12:54 INFO  : Products/Decision_PRO/Product_Ecosystem/Decision_PRO_User_Roles_and_RBAC.md: Copied (new)
2026/07/29 13:12:54 INFO  : Products/Akafay/Operating_System/Dispute_and_Reversal_Management.md: Copied (new)
2026/07/29 13:12:55 INFO  : Products/Akafay/Operating_System/Compliance_and_Fayda_Anchor.md: Copied (new)
2026/07/29 13:13:09 INFO  : Products/Akafay/Operating_System/Ecosystem_Architecture.md: Copied (new)
2026/07/29 13:13:11 INFO  : Products/EquityOne/Integrations/EquityOne_Integrations_Index.md: Copied (new)
2026/07/29 13:13:11 INFO  : Products/Akafay/Operating_System/Onboarding_and_KYC_Spec.md: Copied (new)
2026/07/29 13:13:11 INFO  : Products/EquityOne/Integrations/Integrations_Index.md: Copied (new)
2026/07/29 13:13:26 INFO  : Products/Birrezy/Operations/T4_Weekend_Buffer_Rules.md: Copied (new)
2026/07/29 13:13:26 INFO  : Products/Birrezy/Operations/Reverse_Manifest_Protocol.md: Copied (new)
2026/07/29 13:13:26 INFO  : Products/Wallet_Plus/Integrations/EthSwitch_Wallet_Bridge.md: Copied (new)
2026/07/29 13:13:26 INFO  : Products/WI3/Product_Ecosystem/CONCEPTS.md: Copied (new)
2026/07/29 13:13:42 INFO  : Products/Wallet_Plus/Integrations/Omni_Wallet.md: Copied (new)
2026/07/29 13:13:43 INFO  : Products/Wallet_Plus/Integrations/Fayda_Integration_Contract.md: Copied (new)
2026/07/29 13:13:44 INFO  : Products/Akafay/Compliance_and_Regulatory/_Audit_Log/COMP-20260521-001.md: Copied (new)
2026/07/29 13:13:44 INFO  : Products/Akafay/Compliance_and_Regulatory/_Audit_Log/Audit_Log_Index.md: Copied (new)
2026/07/29 13:14:00 INFO  : Products/Akafay/Compliance_and_Regulatory/_Audit_Log/COMP-20260525-001.md: Copied (new)
2026/07/29 13:14:02 INFO  : Products/Akafay/Compliance_and_Regulatory/_Audit_Log/COMP-20260525-002.md: Copied (new)
2026/07/29 13:14:02 INFO  : Products/Akafay/Compliance_and_Regulatory/_Audit_Log/COMP-20260521-002.md: Copied (new)
2026/07/29 13:14:04 INFO  : Products/Decision_PRO/Strategy_and_Capital/Decision_PRO_Commercial_Flywheel.md: Copied (new)
2026/07/29 13:14:16 INFO  : Products/Decision_PRO/Strategy_and_Capital/Decision_PRO_Executive_Summary.md: Copied (new)
2026/07/29 13:14:20 INFO  : Products/Decision_PRO/Strategy_and_Capital/Decision_PRO_Roadmap.md: Copied (new)
2026/07/29 13:14:20 INFO  : Products/Watchdog/Strategy_and_Capital/Watchdog_Product_Brief.md: Copied (new)
2026/07/29 13:14:20 INFO  : Products/Watchdog/Strategy_and_Capital/Watchdog_Strategy_Brief.md: Copied (new)
2026/07/29 13:14:31 INFO  : Products/Akafay/Operations/Akafay_Reconciliation_SOP.md: Copied (new)
2026/07/29 13:14:35 INFO  : Products/Birrezy/Product_Ecosystem/Competitive_Landscape.md: Copied (new)
2026/07/29 13:14:35 INFO  : Products/Akafay/Operations/Akafay_Weekend_Liquidity_Buffer.md: Copied (new)
2026/07/29 13:14:36 INFO  : Products/Birrezy/Product_Ecosystem/HOW_THE_OTHERS_WORK.md: Copied (new)
2026/07/29 13:14:44 INFO  : Products/Wallet_Plus/Operations/Wallet_Plus_Reconciliation_SOP.md: Copied (new)
2026/07/29 13:14:50 INFO  : Products/Wallet_Plus/Operations/Wallet_Plus_Weekend_Ops_Buffer.md: Copied (new)
2026/07/29 13:14:50 INFO  : Products/WI3/Strategy_and_Capital/Briefing.md: Copied (new)
2026/07/29 13:14:51 INFO  : Products/WI3/Strategy_and_Capital/WI3_Introduction.md: Copied (new)
2026/07/29 13:15:06 INFO  : Products/Akafay/Product_Ecosystem/Akafay_BNPL_Core.md: Copied (new)
2026/07/29 13:15:06 INFO  : Products/Akafay/Product_Ecosystem/Akafay_Secure_Framework.md: Copied (new)
2026/07/29 13:15:08 INFO  : Products/Akafay/Product_Ecosystem/Agaz_AI_Financial_Advisor.md: Copied (new)
2026/07/29 13:15:15 INFO  : Products/EquityOne/Product_Ecosystem/EquityOne_Feature_Brief.md: Copied (new)
2026/07/29 13:15:18 INFO  : Products/EquityOne/Product_Ecosystem/Tokenized_Deposits_for_Banks.md: Copied (new)
2026/07/29 13:15:20 INFO  : Products/EquityOne/Strategy_and_Capital/EquityOne_Executive_Summary.md: Copied (new)
2026/07/29 13:15:23 INFO  : Products/EquityOne/Strategy_and_Capital/Equity_One_RWA.md: Copied (new)
2026/07/29 13:15:27 INFO  : Products/EquityOne/Strategy_and_Capital/T-Bill_Tokenization_Project.md: Copied (new)
2026/07/29 13:15:31 INFO  : Products/Wallet_Plus/Product_Ecosystem/DARS_Pal_Tokenization_Schema.md: Copied (new)
2026/07/29 13:15:33 INFO  : Products/Wallet_Plus/Product_Ecosystem/Wallet_Plus_Feature_Set.md: Copied (new)
2026/07/29 13:15:33 INFO  : Products/Wallet_Plus/Product_Ecosystem/Wallet_Plus_Supplement.md: Copied (new)
2026/07/29 13:15:40 INFO  : Products/Wallet_Plus/Product_Ecosystem/Wallet_Plus_USSD_Offline_Layer.md: Copied (new)
2026/07/29 13:15:45 INFO  : Products/Wallet_Plus/Product_Ecosystem/Wallet_Plus_UX_and_Onboarding_Flow.md: Copied (new)
2026/07/29 13:15:46 INFO  : Products/Akafay/Strategy_and_Capital/Akafay_Executive_Summary.md: Copied (new)
2026/07/29 13:15:47 INFO  : Products/Akafay/Strategy_and_Capital/Bunna_Bank_Partnership_SOW.md: Copied (new)
2026/07/29 13:15:56 INFO  : Products/Akafay/Strategy_and_Capital/Commercial_Scaling_Flywheel.md: Copied (new)
2026/07/29 13:15:56 INFO  : Products/Akafay/Strategy_and_Capital/Investment_Proposal_and_Metrics.md: Copied (new)
2026/07/29 13:15:56 INFO  : Products/Akafay/Strategy_and_Capital/Commercial_Model_and_Pitch.md: Copied (new)
2026/07/29 13:15:59 INFO  : Products/Birrezy/Strategy_and_Capital/Birrezy_Commercial_Flywheel.md: Copied (new)
2026/07/29 13:16:07 INFO  : Products/Birrezy/Strategy_and_Capital/Birrezy_Financial_Model_Authority.md: Copied (new)
2026/07/29 13:16:07 INFO  : Products/Birrezy/Strategy_and_Capital/Birrezy_Invest.md: Copied (new)
2026/07/29 13:16:07 INFO  : Products/Birrezy/Strategy_and_Capital/Birrezy_Executive_Summary.md: Copied (new)
2026/07/29 13:16:07 INFO  : Products/Birrezy/Strategy_and_Capital/Birrezy_Deck.md: Copied (new)
2026/07/29 13:16:16 INFO  : Products/Birrezy/_Working/QUESTIONS.md: Copied (new)
2026/07/29 13:16:16 INFO  : Products/Wallet_Plus/Strategy_and_Capital/Wallet_Plus_Executive_Summary.md: Copied (new)
2026/07/29 13:16:16 INFO  : Products/Wallet_Plus/Strategy_and_Capital/Wallet_Plus_Commercial_Flywheel.md: Copied (new)
2026/07/29 13:16:17 INFO  : Products/Birrezy/_Working/READ.md: Copied (new)
2026/07/29 13:16:20 INFO  : Products/Wallet_Plus/Strategy_and_Capital/Wallet_Plus_Roadmap.md: Copied (new)
2026/07/29 13:16:25 INFO  : .obsidian/snippets/hadid-spec.css: Deleted
2026/07/29 13:16:25 INFO  : .obsidian/snippets/hadid-corridor.css: Deleted
2026/07/29 13:16:25 INFO  : .trash/Untitled 3.md: Deleted
2026/07/29 13:16:25 INFO  : .trash/Legacy_KB_2026/NBE Sandbox.md: Deleted
2026/07/29 13:16:30 INFO  : .obsidian/plugins/copilot/manifest.json: Deleted
2026/07/29 13:16:31 INFO  : .trash/NEW.md: Deleted
2026/07/29 13:16:31 INFO  : .obsidian/plugins/csv-obsidian/manifest.json: Deleted
2026/07/29 13:16:32 INFO  : .trash/NEW PAYMENT STRUCTURES.md: Deleted
2026/07/29 13:16:35 INFO  : .obsidian/snippets/hadid-kb.css: Deleted
2026/07/29 13:16:36 INFO  : .obsidian/plugins/csv-obsidian/styles.css: Deleted
2026/07/29 13:16:37 INFO  : .obsidian/plugins/csv-allinone/main.js: Deleted
2026/07/29 13:16:37 INFO  : .trash/Akafay_Vault/60_Excalidraw/EXCAL_Birrezy_ET-US_Flow.excalidraw.md: Deleted
2026/07/29 13:16:40 INFO  : .makemd/superstate.mdc: Deleted
2026/07/29 13:16:41 INFO  : .space/def.json: Deleted
2026/07/29 13:16:41 INFO  : .trash/BIRREZY PLAN.csv: Deleted
2026/07/29 13:16:42 INFO  : .trash/EXCAL_Birrezy_ET-US_Flow.md: Deleted
2026/07/29 13:16:45 INFO  : .trash/Legacy_KB_2026/Projects.md: Deleted
2026/07/29 13:16:46 INFO  : .obsidian/plugins/copilot/data.json: Deleted
2026/07/29 13:16:46 INFO  : .obsidian/community-plugins.json: Deleted
2026/07/29 13:16:46 INFO  : .trash/Deprecated_Redirects_2026/404_Control_Matrix.md: Deleted
2026/07/29 13:16:51 INFO  : .obsidian/themes/Obsidian gruvbox/manifest.json: Deleted
2026/07/29 13:16:51 INFO  : .obsidian/core-plugins.json: Deleted
2026/07/29 13:16:52 INFO  : .trash/Design SBir.md: Deleted
2026/07/29 13:16:52 INFO  : .trash/index.html: Deleted
2026/07/29 13:16:57 INFO  : .obsidian/snippets/hadid-deprecated.css: Deleted
2026/07/29 13:16:57 INFO  : .obsidian/plugins/csv-allinone/styles.css: Deleted
2026/07/29 13:16:57 INFO  : .obsidian/themes/VSCode Dark Modern/manifest.json: Deleted
2026/07/29 13:16:57 INFO  : .trash/Literature 2/Zotero/Zotero_Import_Hub.md: Deleted
2026/07/29 13:17:04 INFO  : .obsidian/appearance.json: Deleted
2026/07/29 13:17:05 INFO  : .space/context.mdb: Deleted
2026/07/29 13:17:05 INFO  : .makemd/fileCache.mdc: Deleted
2026/07/29 13:17:05 INFO  : .trash/M0.md: Deleted
2026/07/29 13:17:10 INFO  : .trash/Rectangle_1_(9).png: Deleted
2026/07/29 13:17:11 INFO  : .trash/Plans/Plans.md: Deleted
2026/07/29 13:17:11 INFO  : .trash/Legacy_KB_2026/Project.md: Deleted
2026/07/29 13:17:11 INFO  : .obsidian/plugins/csv-obsidian/main.js: Deleted
2026/07/29 13:17:16 INFO  : .obsidian/workspace.json: Deleted
2026/07/29 13:17:16 INFO  : .trash/Akafay_Vault 2/60_Excalidraw/EXCAL_Birrezy_ET-ET_Flow.excalidraw.md: Deleted
2026/07/29 13:17:17 INFO  : .trash/Executive_Cockpit.md: Deleted
2026/07/29 13:17:18 INFO  : .obsidian/themes/Red-Shadow/manifest.json: Deleted
2026/07/29 13:17:23 INFO  : .obsidian/snippets/hadid-compliance-status.css: Deleted
2026/07/29 13:17:23 INFO  : .trash/Legacy_KB_2026/MPC.md: Deleted
2026/07/29 13:17:23 INFO  : .trash/Legacy_KB_2026/Market Making.md: Deleted
2026/07/29 13:17:23 INFO  : .obsidian/plugins/copilot/main.js: Deleted
2026/07/29 13:17:29 INFO  : .trash/Birrezy Per Bank_all.csv: Deleted
2026/07/29 13:17:29 INFO  : .trash/Financial/.space/views.mdb: Deleted
2026/07/29 13:17:30 INFO  : .obsidian/plugins/csv-lite/styles.css: Deleted
2026/07/29 13:17:30 INFO  : .obsidian/themes/GitHub Theme/manifest.json: Deleted
2026/07/29 13:17:36 INFO  : .trash/Literature 2/Readwise/Readwise_Import_Hub.md: Deleted
2026/07/29 13:17:36 INFO  : .obsidian/snippets/hadid-status-properties.css: Deleted
2026/07/29 13:17:36 INFO  : .trash/Financial/.space/def.json: Deleted
2026/07/29 13:17:36 INFO  : .trash/Untitled 2.md: Deleted
2026/07/29 13:17:41 INFO  : .trash/Plans/.space/def.json: Deleted
2026/07/29 13:17:41 INFO  : .trash/MINT.md: Deleted
2026/07/29 13:17:42 INFO  : .trash/Cardano_Midnight_Ecosystem.md: Deleted
2026/07/29 13:17:42 INFO  : .trash/Media.md: Deleted
2026/07/29 13:17:46 INFO  : .obsidian/snippets/hadid-dashboard-tables.css: Deleted
2026/07/29 13:17:46 INFO  : .obsidian/plugins/csv-allinone/manifest.json: Deleted
2026/07/29 13:17:47 INFO  : .trash/Birrezy Per Bank.csv: Deleted
2026/07/29 13:17:47 INFO  : .trash/ETBT.md: Deleted
2026/07/29 13:17:51 INFO  : .trash/Untitled.md: Deleted
2026/07/29 13:17:51 INFO  : .obsidian/plugins/copilot/styles.css: Deleted
2026/07/29 13:17:52 INFO  : .obsidian/themes/VSCode Dark Modern/theme.css: Deleted
2026/07/29 13:17:52 INFO  : .obsidian/themes/Red-Shadow/theme.css: Deleted
2026/07/29 13:17:57 INFO  : .obsidian/app.json: Deleted
2026/07/29 13:17:59 INFO  : .obsidian/plugins/calendar/manifest.json: Deleted
2026/07/29 13:18:00 INFO  : .obsidian/plugins/calendar/data.json: Deleted
2026/07/29 13:18:00 INFO  : .trash/Literature_Desk.md: Deleted
2026/07/29 13:18:00 INFO  : .obsidian/themes/GitHub Theme/theme.css: Deleted
2026/07/29 13:18:05 INFO  : .trash/Literature/Zotero/000_Zotero_Import_Hub.md: Deleted
2026/07/29 13:18:06 INFO  : .trash/Literature/Readwise/000_Readwise_Import_Hub.md: Deleted
2026/07/29 13:18:12 INFO  : .space/views.mdb: Deleted
2026/07/29 13:18:13 INFO  : .obsidian/plugins/csv-lite/main.js: Deleted
2026/07/29 13:18:15 INFO  : .trash/Akafay_Vault 2/60_Excalidraw/EXCAL_Birrezy_ET-US_Flow.excalidraw.md: Deleted
2026/07/29 13:18:15 INFO  : .obsidian/snippets/hadid-callouts.css: Deleted
2026/07/29 13:18:15 INFO  : .trash/BIRREZY PLAN_all.csv: Deleted
2026/07/29 13:18:17 INFO  : .trash/Legacy_KB_2026/Smart Contracts.md: Deleted
2026/07/29 13:18:19 INFO  : .trash/Akafay_Vault/60_Excalidraw/EXCAL_Birrezy_ET-ET_Flow.excalidraw.md: Deleted
2026/07/29 13:18:19 INFO  : .obsidian/plugins/calendar/main.js: Deleted
2026/07/29 13:18:20 INFO  : .obsidian/graph.json: Deleted
2026/07/29 13:18:23 INFO  : .obsidian/types.json: Deleted
2026/07/29 13:18:24 INFO  : .space/waypoints.json: Deleted
2026/07/29 13:18:24 INFO  : .trash/2026-05-30.md: Deleted
2026/07/29 13:18:25 INFO  : .obsidian/themes/Obsidian gruvbox/theme.css: Deleted
2026/07/29 13:18:27 INFO  : .obsidian/themes/Wasp/manifest.json: Deleted
2026/07/29 13:18:29 INFO  : .obsidian/bookmarks.json: Deleted
2026/07/29 13:18:29 INFO  : .trash/Financial/Financial.md: Deleted
2026/07/29 13:18:30 INFO  : .trash/Legacy_KB_2026/Web3 challenger.md: Deleted
2026/07/29 13:18:31 INFO  : .trash/Legacy_KB_2026/smart contract.md: Deleted
2026/07/29 13:18:33 INFO  : .obsidian/plugins/csv-lite/manifest.json: Deleted
2026/07/29 13:18:33 INFO  : .obsidian/snippets/hadid-hub-borders.css: Deleted
2026/07/29 13:18:33 INFO  : .trash/Plans/.space: Removing directory
2026/07/29 13:18:36 INFO  : .trash/Plans: Removing directory
2026/07/29 13:18:40 INFO  : .trash/Literature/Zotero: Removing directory
2026/07/29 13:18:44 INFO  : .trash/Literature/Readwise: Removing directory
2026/07/29 13:18:47 INFO  : .trash/Literature 2/Zotero: Removing directory
2026/07/29 13:18:51 INFO  : .trash/Literature 2/Readwise: Removing directory
2026/07/29 13:18:54 INFO  : .trash/Literature 2: Removing directory
2026/07/29 13:18:57 INFO  : .trash/Literature: Removing directory
2026/07/29 13:18:59 INFO  : .trash/Legacy_KB_2026: Removing directory
2026/07/29 13:19:03 INFO  : .trash/Financial/.space: Removing directory
2026/07/29 13:19:07 INFO  : .trash/Financial: Removing directory
2026/07/29 13:19:10 INFO  : .trash/Deprecated_Redirects_2026: Removing directory
2026/07/29 13:19:13 INFO  : .trash/Akafay_Vault/60_Excalidraw: Removing directory
2026/07/29 13:19:16 INFO  : .trash/Akafay_Vault 2/60_Excalidraw: Removing directory
2026/07/29 13:19:20 INFO  : .trash/Akafay_Vault 2: Removing directory
2026/07/29 13:19:24 INFO  : .trash/Akafay_Vault: Removing directory
2026/07/29 13:19:27 INFO  : .trash: Removing directory
2026/07/29 13:19:30 INFO  : .space: Removing directory
2026/07/29 13:19:35 INFO  : .obsidian/themes/Wasp: Removing directory
2026/07/29 13:19:39 INFO  : .obsidian/themes/VSCode Dark Modern: Removing directory
2026/07/29 13:19:41 INFO  : .obsidian/themes/Red-Shadow: Removing directory
2026/07/29 13:19:45 INFO  : .obsidian/themes/Obsidian gruvbox: Removing directory
2026/07/29 13:19:48 INFO  : .obsidian/themes/GitHub Theme: Removing directory
2026/07/29 13:19:50 INFO  : .obsidian/themes: Removing directory
2026/07/29 13:19:55 INFO  : .obsidian/snippets: Removing directory
2026/07/29 13:19:58 INFO  : .obsidian/plugins/csv-obsidian: Removing directory
2026/07/29 13:20:02 INFO  : .obsidian/plugins/csv-lite: Removing directory
2026/07/29 13:20:06 INFO  : .obsidian/plugins/csv-allinone: Removing directory
2026/07/29 13:20:09 INFO  : .obsidian/plugins/copilot: Removing directory
2026/07/29 13:20:13 INFO  : .obsidian/plugins/calendar: Removing directory
2026/07/29 13:20:16 INFO  : .obsidian/plugins: Removing directory
2026/07/29 13:20:20 INFO  : .obsidian: Removing directory
2026/07/29 13:20:25 INFO  : .makemd: Removing directory
2026/07/29 13:20:28 INFO  : 
Transferred:   	    3.183 MiB / 3.183 MiB, 100%, 11 B/s, ETA 0s
Checks:                94 / 94, 100%
Deleted:               91 (files), 33 (dirs)
Transferred:          290 / 290, 100%
Elapsed time:      23m6.7s

[2026-07-29 13:20:28] PUSH done
[2026-07-29 13:45:00] PUSH start (local → Nextcloud) 
2026/07/29 13:45:42 INFO  : hadid-propfind.xml: Copied (replaced existing)
2026/07/29 13:45:42 INFO  : README.md: Copied (replaced existing)
2026/07/29 13:45:46 INFO  : Products/README.md: Copied (replaced existing)
2026/07/29 13:45:48 INFO  : Organization/CONVENTIONS.md: Copied (new)
2026/07/29 13:53:32 INFO  : Organization/README.md: Copied (replaced existing)
2026/07/29 13:53:32 INFO  : Organization/CONVENTIONS.md: Copied (replaced existing)
2026/07/29 13:53:33 INFO  : Organization/HADID.md: Copied (replaced existing)
2026/07/29 13:53:34 INFO  : Organization/Decisions/DR-20260530-VAULT_E13_RESTRUCTURE.md: Copied (new)
2026/07/29 13:53:35 INFO  : Organization/Decisions/DR-20260525-FATF_TRAVEL_RULE.md: Copied (new)
2026/07/29 13:53:35 INFO  : Organization/Decisions/DR-20260530-PROJECTS_FOLDER.md: Copied (new)
2026/07/29 13:53:37 INFO  : Organization/Decisions/DR-20260525-VAULT_HIERARCHY.md: Copied (new)
2026/07/29 13:53:50 INFO  : Organization/Decisions/DR-20260622-E22_STUB_SUNSET.md: Copied (new)
2026/07/29 13:54:19 INFO  : Organization/Decisions/DR-20260723-EQUITYONE_PRODUCTIZE.md: Copied (new)
2026/07/29 13:54:19 INFO  : Organization/Decisions/DR-20260723-MARKDOWN_HUB_MIGRATION.md: Copied (new)
2026/07/29 13:54:19 INFO  : Organization/Decisions/DR-20260623-E23_PRODUCT_FOLDER_NORMALIZATION.md: Copied (new)
2026/07/29 13:54:19 INFO  : Organization/Decisions/DR-20260723-DECISION_PRO_OWNERSHIP.md: Copied (new)
2026/07/29 13:54:20 INFO  : Organization/Decisions/DR-20260723-WATCHDOG_WI3_NEST.md: Copied (new)
2026/07/29 13:54:20 INFO  : Organization/Decisions/DR-20260723-WI3_PEER_PRODUCT.md: Copied (new)
2026/07/29 13:54:21 INFO  : Organization/Decisions/DR-20260723-FUTURE_PROJECT_STUBS.md: Copied (new)
2026/07/29 13:54:21 INFO  : Organization/Decisions/DR-20260724-NEXTCLOUD_FILEID_LINKS.md: Copied (new)
2026/07/29 13:54:40 INFO  : Organization/Decisions/DR-20260727-STRUCTURE_SIMPLIFY_NC.md: Copied (new)
2026/07/29 13:54:41 INFO  : Organization/Decisions/Decisions_Index.md: Copied (new)
2026/07/29 13:54:42 INFO  : Organization/Indexes/Dashboard.md: Copied (replaced existing)
2026/07/29 13:54:43 INFO  : Organization/Decisions/README.md: Copied (new)
2026/07/29 13:54:44 INFO  : Organization/Indexes/Executive_Overview.md: Copied (replaced existing)
2026/07/29 13:54:46 INFO  : Organization/Indexes/Compliance_Command_Center.md: Copied (replaced existing)
2026/07/29 13:54:46 INFO  : Execution/Engagements/Engagements.md: Copied (replaced existing)
2026/07/29 13:54:47 INFO  : Organization/Indexes/HADID_Central.md: Copied (replaced existing)
2026/07/29 13:55:18 INFO  : Organization/Indexes/README.md: Copied (replaced existing)
2026/07/29 13:55:18 INFO  : Knowledge_Base/Regulatory/NBE_Sandbox_Program.md: Copied (replaced existing)
2026/07/29 13:55:19 INFO  : Organization/Templates/TPL_Engagement.md: Copied (replaced existing)
2026/07/29 13:55:19 INFO  : Organization/Templates/Templates.md: Copied (replaced existing)
2026/07/29 13:55:20 INFO  : Knowledge_Base/Crypto_and_DeFi/Smart_Contracts.md: Copied (replaced existing)
2026/07/29 13:55:20 INFO  : Knowledge_Base/Crypto_and_DeFi/Stablecoins.md: Copied (replaced existing)
2026/07/29 13:55:22 INFO  : Knowledge_Base/Crypto_and_DeFi/Web3_Architecture_Overview.md: Copied (replaced existing)
2026/07/29 13:55:23 INFO  : Products/Akafay/ADR_Index.md: Copied (replaced existing)
2026/07/29 13:55:49 INFO  : Products/EquityOne/EquityOne.md: Copied (replaced existing)
2026/07/29 13:55:49 INFO  : Products/Decision_PRO/Decision_PRO.md: Copied (replaced existing)
2026/07/29 13:55:50 INFO  : Products/Decision_PRO/ADR_Index.md: Copied (replaced existing)
2026/07/29 13:55:50 INFO  : Projects/Tokenization/SBIR.md: Copied (replaced existing)
2026/07/29 13:55:50 INFO  : Products/Wallet_Plus/ADR_Index.md: Copied (replaced existing)
2026/07/29 13:55:51 INFO  : Products/WI3/ADR_Index.md: Copied (replaced existing)
2026/07/29 13:55:51 INFO  : Products/Birrezy/ADR_Index.md: Copied (replaced existing)
2026/07/29 13:55:51 INFO  : Products/WI3/WI3.md: Copied (replaced existing)
2026/07/29 13:56:09 INFO  : Products/Akafay/AIS_and_Decision_PRO/README.md: Copied (replaced existing)
2026/07/29 13:56:09 INFO  : Products/Watchdog/ADR_Index.md: Copied (replaced existing)
2026/07/29 13:56:11 INFO  : Products/Watchdog/Watchdog.md: Copied (replaced existing)
2026/07/29 13:56:12 INFO  : Products/Birrezy/Commercial/PRICING.md: Copied (replaced existing)
2026/07/29 13:56:12 INFO  : Products/Watchdog/Watchdog_WI3_Boundary.md: Copied (replaced existing)
2026/07/29 13:56:12 INFO  : Products/Akafay/AIS_and_Decision_PRO/Akafay_Decision_PRO_Embed.md: Copied (replaced existing)
2026/07/29 13:56:12 INFO  : Execution/Tasks/Meetings/Meet with DR Seble.md: Copied (replaced existing)
2026/07/29 13:56:12 INFO  : Products/Akafay/Compliance_and_Regulatory/NBE_Sandbox_Compliance_Log.md: Copied (replaced existing)
2026/07/29 13:56:17 INFO  : Products/EquityOne/Strategy_and_Capital/EquityOne_Executive_Summary.md: Copied (replaced existing)
2026/07/29 13:56:18 INFO  : Products/EquityOne/Strategy_and_Capital/T-Bill_Tokenization_Project.md: Copied (replaced existing)
2026/07/29 13:56:19 INFO  : Products/Akafay/Compliance_and_Regulatory/_Audit_Log/Audit_Log_Index.md: Copied (replaced existing)
2026/07/29 13:56:19 INFO  : 
Transferred:   	   83.828 KiB / 83.828 KiB, 100%, 426 B/s, ETA 0s
Checks:               292 / 292, 100%
Transferred:           51 / 51, 100%
Elapsed time:      4m38.2s

2026/07/29 13:59:12 INFO  : README.md: Copied (replaced existing)
2026/07/29 13:59:56 INFO  : Organization/CONVENTIONS.md: Copied (replaced existing)
2026/07/29 13:59:56 INFO  : Organization/Charter_and_Decision_Rights.md: Copied (replaced existing)
2026/07/29 14:00:00 INFO  : Organization/NEXTCLOUD_PUBLISH.md: Copied (replaced existing)
2026/07/29 14:00:02 INFO  : Organization/HADID.md: Copied (replaced existing)
2026/07/29 14:00:06 INFO  : Organization/README.md: Copied (replaced existing)
2026/07/29 14:00:08 INFO  : Products/README.md: Copied (replaced existing)
2026/07/29 14:00:38 INFO  : Execution/Engagements/Engagements.md: Copied (replaced existing)
2026/07/29 14:01:21 INFO  : Projects/Tokenization/SBIR.md: Copied (replaced existing)
2026/07/29 14:02:04 INFO  : Organization/Templates/TPL_Engagement.md: Copied (replaced existing)
2026/07/29 14:02:05 INFO  : Products/Decision_PRO/ADR_Index.md: Copied (replaced existing)
2026/07/29 14:02:05 INFO  : Organization/Templates/Templates.md: Copied (replaced existing)
2026/07/29 14:02:09 INFO  : Products/Decision_PRO/Decision_PRO.md: Copied (replaced existing)
2026/07/29 14:02:10 INFO  : Products/Akafay/ADR_Index.md: Copied (replaced existing)
2026/07/29 14:02:11 INFO  : Organization/Decisions/DR-20260525-FATF_TRAVEL_RULE.md: Copied (replaced existing)
2026/07/29 14:02:33 INFO  : Organization/Decisions/DR-20260525-VAULT_HIERARCHY.md: Copied (replaced existing)
2026/07/29 14:03:08 INFO  : Organization/Decisions/DR-20260530-PROJECTS_FOLDER.md: Copied (replaced existing)
2026/07/29 14:03:28 INFO  : Products/Birrezy/ADR_Index.md: Copied (replaced existing)
2026/07/29 14:03:29 INFO  : Products/Watchdog/Watchdog_WI3_Boundary.md: Copied (replaced existing)
2026/07/29 14:03:30 INFO  : Products/WI3/ADR_Index.md: Copied (replaced existing)
2026/07/29 14:03:31 INFO  : Products/Watchdog/ADR_Index.md: Copied (replaced existing)
2026/07/29 14:03:31 INFO  : Products/Wallet_Plus/ADR_Index.md: Copied (replaced existing)
2026/07/29 14:03:31 INFO  : Products/Watchdog/Watchdog.md: Copied (replaced existing)
2026/07/29 14:03:32 INFO  : Products/WI3/WI3.md: Copied (replaced existing)
2026/07/29 14:03:32 INFO  : Products/EquityOne/EquityOne.md: Copied (replaced existing)
2026/07/29 14:03:39 INFO  : Organization/Decisions/DR-20260530-VAULT_E13_RESTRUCTURE.md: Copied (replaced existing)
2026/07/29 14:03:40 INFO  : Organization/Decisions/DR-20260623-E23_PRODUCT_FOLDER_NORMALIZATION.md: Copied (replaced existing)
2026/07/29 14:03:41 INFO  : Organization/Decisions/DR-20260622-E22_STUB_SUNSET.md: Copied (replaced existing)
2026/07/29 14:03:44 INFO  : Organization/Decisions/DR-20260723-EQUITYONE_PRODUCTIZE.md: Copied (replaced existing)
2026/07/29 14:03:44 INFO  : Organization/Decisions/DR-20260723-FUTURE_PROJECT_STUBS.md: Copied (replaced existing)
2026/07/29 14:03:49 INFO  : Organization/Decisions/DR-20260723-MARKDOWN_HUB_MIGRATION.md: Copied (replaced existing)
2026/07/29 14:04:08 INFO  : Organization/Decisions/DR-20260723-WATCHDOG_WI3_NEST.md: Copied (replaced existing)
2026/07/29 14:04:42 INFO  : Organization/Decisions/DR-20260723-WI3_PEER_PRODUCT.md: Copied (replaced existing)
2026/07/29 14:04:58 INFO  : Organization/Decisions/DR-20260525-VAULT_HIERARCHY.md: Copied (replaced existing)
2026/07/29 14:05:03 INFO  : Organization/Decisions/DR-20260623-E23_PRODUCT_FOLDER_NORMALIZATION.md: Copied (replaced existing)
2026/07/29 14:05:03 INFO  : Organization/Decisions/DR-20260622-E22_STUB_SUNSET.md: Copied (replaced existing)
2026/07/29 14:05:04 INFO  : Organization/Decisions/DR-20260530-PROJECTS_FOLDER.md: Copied (replaced existing)
2026/07/29 14:05:04 INFO  : Organization/Decisions/DR-20260723-MARKDOWN_HUB_MIGRATION.md: Copied (replaced existing)
2026/07/29 14:05:05 INFO  : Organization/Decisions/DR-20260723-EQUITYONE_PRODUCTIZE.md: Copied (replaced existing)
2026/07/29 14:05:05 INFO  : Organization/Decisions/DR-20260530-VAULT_E13_RESTRUCTURE.md: Copied (replaced existing)
2026/07/29 14:05:06 INFO  : Organization/Decisions/DR-20260723-FUTURE_PROJECT_STUBS.md: Copied (replaced existing)
2026/07/29 14:05:12 INFO  : Organization/Decisions/DR-20260724-NEXTCLOUD_FILEID_LINKS.md: Copied (replaced existing)
2026/07/29 14:05:12 INFO  : Organization/Decisions/DR-20260727-STRUCTURE_SIMPLIFY_NC.md: Copied (replaced existing)
2026/07/29 14:05:15 INFO  : Products/Birrezy/ADR_Index.md: Copied (replaced existing)
2026/07/29 14:05:15 INFO  : Organization/Decisions/Decisions_Index.md: Copied (replaced existing)
2026/07/29 14:05:16 INFO  : Organization/Decisions/README.md: Copied (replaced existing)
2026/07/29 14:05:30 INFO  : Products/EquityOne/EquityOne.md: Copied (replaced existing)
2026/07/29 14:05:39 INFO  : Products/WI3/ADR_Index.md: Copied (replaced existing)
2026/07/29 14:06:00 INFO  : Products/WI3/WI3.md: Copied (replaced existing)
2026/07/29 14:06:19 INFO  : Organization/Decisions/DR-20260723-WATCHDOG_WI3_NEST.md: Copied (replaced existing)
2026/07/29 14:06:21 INFO  : Organization/Decisions/README.md: Copied (replaced existing)
2026/07/29 14:06:21 INFO  : Organization/Decisions/DR-20260723-WI3_PEER_PRODUCT.md: Copied (replaced existing)
2026/07/29 14:06:23 INFO  : Organization/Decisions/DR-20260724-NEXTCLOUD_FILEID_LINKS.md: Copied (replaced existing)
2026/07/29 14:06:24 INFO  : Organization/Decisions/DR-20260727-STRUCTURE_SIMPLIFY_NC.md: Copied (replaced existing)
2026/07/29 14:06:24 INFO  : Organization/Decisions/Decisions_Index.md: Copied (replaced existing)
2026/07/29 14:06:24 INFO  : Products/Akafay/AIS_and_Decision_PRO/README.md: Copied (replaced existing)
2026/07/29 14:06:25 INFO  : Products/Akafay/AIS_and_Decision_PRO/Akafay_Decision_PRO_Embed.md: Copied (replaced existing)
2026/07/29 14:06:28 INFO  : Products/Watchdog/Watchdog.md: Copied (replaced existing)
2026/07/29 14:06:28 INFO  : Products/Watchdog/ADR_Index.md: Copied (replaced existing)
2026/07/29 14:06:34 INFO  : Products/Watchdog/Watchdog_WI3_Boundary.md: Copied (replaced existing)
2026/07/29 14:06:35 INFO  : Products/Wallet_Plus/ADR_Index.md: Copied (replaced existing)
2026/07/29 14:06:35 INFO  : Products/Akafay/Compliance_and_Regulatory/NBE_Sandbox_Compliance_Log.md: Copied (replaced existing)
2026/07/29 14:06:36 INFO  : Products/Akafay/AIS_and_Decision_PRO/Akafay_Decision_PRO_Embed.md: Copied (replaced existing)
2026/07/29 14:06:40 INFO  : Products/Akafay/AIS_and_Decision_PRO/README.md: Copied (replaced existing)
2026/07/29 14:06:48 INFO  : Products/Akafay/Compliance_and_Regulatory/_Audit_Log/Audit_Log_Index.md: Copied (replaced existing)
2026/07/29 14:06:54 INFO  : Products/Akafay/Compliance_and_Regulatory/NBE_Sandbox_Compliance_Log.md: Copied (replaced existing)
2026/07/29 14:06:55 INFO  : Products/EquityOne/Strategy_and_Capital/EquityOne_Executive_Summary.md: Copied (replaced existing)
2026/07/29 14:06:56 INFO  : Products/Akafay/Compliance_and_Regulatory/_Audit_Log/Audit_Log_Index.md: Copied (replaced existing)
2026/07/29 14:06:56 INFO  : 
Transferred:   	   40.759 KiB / 40.759 KiB, 100%, 115 B/s, ETA 0s
Checks:               308 / 308, 100%
Transferred:           27 / 27, 100%
Elapsed time:      7m47.5s

2026/07/29 14:06:56 INFO  : Products/EquityOne/Strategy_and_Capital/EquityOne_Executive_Summary.md: Copied (replaced existing)
2026/07/29 14:06:56 INFO  : 
Transferred:   	   68.776 KiB / 68.776 KiB, 100%, 52 B/s, ETA 0s
Checks:               308 / 308, 100%
Transferred:           42 / 42, 100%
Elapsed time:       9m5.1s

[2026-07-29 14:54:37] PUSH start (local → Nextcloud) 
2026/07/29 14:55:30 INFO  : scripts/nc_path_to_fileid.json: Copied (new)
2026/07/29 14:55:31 INFO  : hadid-propfind.xml: Copied (replaced existing)
2026/07/29 14:55:31 INFO  : scripts/nc_link_rewrite_report.json: Copied (new)
2026/07/29 14:55:33 INFO  : scripts/nc_link_unresolved.json: Copied (new)
2026/07/29 14:56:12 INFO  : Organization/NEXTCLOUD_PUBLISH.md: Copied (replaced existing)
2026/07/29 14:56:12 INFO  : scripts/nc_rewrite_md_links.py: Copied (new)
2026/07/29 14:56:17 INFO  : Knowledge_Base/Payments_and_Rails/Market_Making_and_AMMs.md: Copied (replaced existing)
2026/07/29 14:56:17 INFO  : Knowledge_Base/Payments_and_Rails/BRIDGING.md: Copied (replaced existing)
2026/07/29 14:57:00 INFO  : Knowledge_Base/Crypto_and_DeFi/CDPs.md: Copied (replaced existing)
2026/07/29 14:57:01 INFO  : Knowledge_Base/Payments_and_Rails/PIX.md: Copied (replaced existing)
2026/07/29 14:57:02 INFO  : Knowledge_Base/Crypto_and_DeFi/Consensus_PoW_PoS_BFT.md: Copied (replaced existing)
2026/07/29 14:57:03 INFO  : Knowledge_Base/Crypto_and_DeFi/Crypto_Derivatives.md: Copied (replaced existing)
2026/07/29 14:57:12 INFO  : Knowledge_Base/Crypto_and_DeFi/Smart_Contracts.md: Copied (replaced existing)
2026/07/29 14:57:12 INFO  : Knowledge_Base/Crypto_and_DeFi/Layer2_Rollups_and_Metrics.md: Copied (replaced existing)
2026/07/29 14:57:13 INFO  : Knowledge_Base/Crypto_and_DeFi/Stablecoins.md: Copied (replaced existing)
2026/07/29 14:57:14 INFO  : Knowledge_Base/Crypto_and_DeFi/Web3_Architecture_Overview.md: Copied (replaced existing)
2026/07/29 14:57:22 INFO  : Knowledge_Base/Crypto_and_DeFi/ZK_Rollups_and_Proofs.md: Copied (replaced existing)
2026/07/29 14:57:23 INFO  : Knowledge_Base/Identity_and_Custody/MPC_and_IDENTUS.md: Copied (replaced existing)
2026/07/29 14:57:26 INFO  : Knowledge_Base/Markets_and_Instruments/Arbitrage.md: Copied (replaced existing)
2026/07/29 14:57:26 INFO  : Knowledge_Base/Markets_and_Instruments/Boolean_Trading.md: Copied (replaced existing)
2026/07/29 14:57:33 INFO  : Knowledge_Base/Markets_and_Instruments/Brokerages.md: Copied (replaced existing)
2026/07/29 14:57:34 INFO  : Knowledge_Base/Markets_and_Instruments/Credit_Underwriting_Evolution.md: Copied (replaced existing)
2026/07/29 14:57:38 INFO  : Knowledge_Base/Markets_and_Instruments/DEBTs.md: Copied (replaced existing)
2026/07/29 14:57:40 INFO  : Knowledge_Base/Markets_and_Instruments/How_LCs_Work.md: Copied (replaced existing)
2026/07/29 14:57:49 INFO  : Knowledge_Base/Markets_and_Instruments/Investment_Funds.md: Copied (replaced existing)
2026/07/29 14:57:50 INFO  : Knowledge_Base/Markets_and_Instruments/Margin_Lending.md: Copied (replaced existing)
2026/07/29 14:57:55 INFO  : Knowledge_Base/Markets_and_Instruments/Money_Market_Funds.md: Copied (replaced existing)
2026/07/29 14:57:56 INFO  : Knowledge_Base/Markets_and_Instruments/Stocks_and_Bonds.md: Copied (replaced existing)
2026/07/29 14:58:11 INFO  : Knowledge_Base/Regulatory/AML_CFT_Ethiopia.md: Copied (replaced existing)
2026/07/29 14:58:11 INFO  : Knowledge_Base/Regulatory/Consumer_Protection.md: Copied (replaced existing)
2026/07/29 14:58:18 INFO  : Knowledge_Base/Regulatory/Data_Protection_Ethiopia.md: Copied (replaced existing)
2026/07/29 14:58:20 INFO  : Knowledge_Base/Regulatory/DCP_License.md: Copied (replaced existing)
2026/07/29 14:58:22 INFO  : Knowledge_Base/Regulatory/Fayda_Digital_ID.md: Copied (replaced existing)
2026/07/29 14:58:25 INFO  : Knowledge_Base/Regulatory/Green_Channel.md: Copied (replaced existing)
2026/07/29 14:58:37 INFO  : Knowledge_Base/Regulatory/NBE_Sandbox_Program.md: Copied (replaced existing)
2026/07/29 14:58:38 INFO  : Knowledge_Base/Regulatory/Licensing_Related.md: Copied (replaced existing)
2026/07/29 14:58:45 INFO  : Knowledge_Base/Regulatory/PSO_and_Payment_Instrument_Issuer.md: Copied (replaced existing)
2026/07/29 14:58:45 INFO  : Knowledge_Base/Regulatory/Stable_Token_Commission.md: Copied (replaced existing)
2026/07/29 14:59:10 INFO  : Knowledge_Base/Regulatory/Travel_Rules.md: Copied (replaced existing)
2026/07/29 14:59:11 INFO  : Knowledge_Base/Regulatory/US_Regulatory.md: Copied (replaced existing)
2026/07/29 14:59:21 INFO  : Knowledge_Base/Regulatory/VASP.md: Copied (replaced existing)
2026/07/29 14:59:21 INFO  : Products/Birrezy/Architecture_and_Engineering/Birrezy_Architecture_Overview.md: Copied (replaced existing)
2026/07/29 14:59:35 INFO  : Products/Birrezy/Architecture_and_Engineering/Birrezy_Settlement_Rails_and_Corridor_Model.md: Copied (replaced existing)
2026/07/29 14:59:36 INFO  : Products/Birrezy/Architecture_and_Engineering/Fee_Splitting_Engine.md: Copied (replaced existing)
2026/07/29 14:59:42 INFO  : Products/Birrezy/Architecture_and_Engineering/Side_Channel_Manifest_API.md: Copied (replaced existing)
2026/07/29 14:59:43 INFO  : Products/Birrezy/Architecture_and_Engineering/Multi_Rail_Ingress_Mapping.md: Copied (replaced existing)
2026/07/29 14:59:54 INFO  : Organization/Decisions/DR-20260727-STRUCTURE_SIMPLIFY_NC.md: Copied (replaced existing)
2026/07/29 14:59:54 INFO  : Organization/Indexes/README.md: Copied (replaced existing)
2026/07/29 14:59:58 INFO  : Execution/Tasks/Lines.md: Copied (replaced existing)
2026/07/29 14:59:59 INFO  : Execution/Tasks/Tasks.md: Copied (replaced existing)
2026/07/29 15:00:15 INFO  : Products/Akafay/AIS_and_Decision_PRO/AIS_Technical_Specification.md: Copied (replaced existing)
2026/07/29 15:00:17 INFO  : Products/Akafay/AIS_and_Decision_PRO/Decision_PRO_Command_Center.md: Copied (replaced existing)
2026/07/29 15:00:17 INFO  : Products/Akafay/AIS_and_Decision_PRO/Implementation_and_Roadmap.md: Copied (replaced existing)
2026/07/29 15:00:18 INFO  : Products/Akafay/AIS_and_Decision_PRO/Decision_PRO_Service_Level_Agreements.md: Copied (replaced existing)
2026/07/29 15:00:34 INFO  : Products/Akafay/Architecture_and_Engineering/AIS_Risk_Engine.md: Copied (replaced existing)
2026/07/29 15:00:36 INFO  : Products/Akafay/Architecture_and_Engineering/System_Architecture_Overview.md: Copied (replaced existing)
2026/07/29 15:00:36 INFO  : Products/Akafay/Architecture_and_Engineering/Mobile_Application_Specs.md: Copied (replaced existing)
2026/07/29 15:00:36 INFO  : Products/Akafay/Architecture_and_Engineering/Embedded_Lending_and_Risk_Models.md: Copied (replaced existing)
2026/07/29 15:00:52 INFO  : Products/Akafay/Architecture_and_Engineering/Tokenized_Card_Issuance_Specs.md: Copied (replaced existing)
2026/07/29 15:00:55 INFO  : Products/Birrezy/Commercial/PRICING.md: Copied (replaced existing)
2026/07/29 15:00:55 INFO  : Products/Birrezy/Commercial/RISK.md: Copied (replaced existing)
2026/07/29 15:00:55 INFO  : Products/Akafay/Architecture_and_Engineering/Web_Application_Specs.md: Copied (replaced existing)
2026/07/29 15:01:11 INFO  : Products/Decision_PRO/Architecture_and_Engineering/Decision_PRO_Architecture_Overview.md: Copied (replaced existing)
2026/07/29 15:01:14 INFO  : Products/Decision_PRO/Architecture_and_Engineering/Decision_PRO_Real_Time_Streaming_Specs.md: Copied (replaced existing)
2026/07/29 15:01:14 INFO  : Products/Decision_PRO/Architecture_and_Engineering/Decision_PRO_MLOps_and_Scoring_Logic.md: Copied (replaced existing)
2026/07/29 15:01:14 INFO  : Products/Decision_PRO/Architecture_and_Engineering/Decision_PRO_Audit_and_Security_Logs.md: Copied (replaced existing)
2026/07/29 15:01:26 INFO  : Products/Akafay/Compliance_and_Regulatory/Asset_Murabaha_Ledger_Specs.md: Copied (replaced existing)
2026/07/29 15:01:29 INFO  : Products/Akafay/Compliance_and_Regulatory/Control_Matrix_Akafay.md: Copied (replaced existing)
2026/07/29 15:01:29 INFO  : Products/Akafay/Compliance_and_Regulatory/NBE_Compliance_Guidelines.md: Copied (replaced existing)
2026/07/29 15:01:30 INFO  : Products/Akafay/Compliance_and_Regulatory/INSA_Security_Audit_Dossier.md: Copied (replaced existing)
2026/07/29 15:01:42 INFO  : Products/Akafay/Compliance_and_Regulatory/NBE_Sandbox_Compliance_Log.md: Copied (replaced existing)
2026/07/29 15:01:47 INFO  : Products/Akafay/Compliance_and_Regulatory/Sharia_Purification_Workflow.md: Copied (replaced existing)
2026/07/29 15:01:47 INFO  : Products/Akafay/Compliance_and_Regulatory/Security_Issue_Log.md: Copied (replaced existing)
2026/07/29 15:01:48 INFO  : Products/Akafay/Compliance_and_Regulatory/Regulatory_Register.md: Copied (replaced existing)
2026/07/29 15:02:07 INFO  : Products/Decision_PRO/Compliance_and_Regulatory/Decision_PRO_NBE_Compliance_Matrix.md: Copied (replaced existing)
2026/07/29 15:02:07 INFO  : Products/Birrezy/Compliance_and_Regulatory/Travel_Rule_Implementation.md: Copied (replaced existing)
2026/07/29 15:02:09 INFO  : Products/Wallet_Plus/Architecture_and_Engineering/MPC_Shard_Recovery_SOP.md: Copied (replaced existing)
2026/07/29 15:02:09 INFO  : Products/Wallet_Plus/Architecture_and_Engineering/Fayda_Zero_Knowledge_Bridge.md: Copied (replaced existing)
2026/07/29 15:02:36 INFO  : Products/Wallet_Plus/Architecture_and_Engineering/Wallet_Plus_Fayda_Identity_Integration.md: Copied (replaced existing)
2026/07/29 15:02:36 INFO  : Products/Wallet_Plus/Architecture_and_Engineering/Wallet_Plus_Account_Abstraction_Specs.md: Copied (replaced existing)
2026/07/29 15:02:36 INFO  : Products/Wallet_Plus/Architecture_and_Engineering/Wallet_Plus_MPC_Key_Management.md: Copied (replaced existing)
2026/07/29 15:02:36 INFO  : Products/Wallet_Plus/Architecture_and_Engineering/Wallet_Plus_Architecture_Overview.md: Copied (replaced existing)
2026/07/29 15:02:58 INFO  : Products/Birrezy/Corridors/ET-KE.md: Copied (replaced existing)
2026/07/29 15:02:58 INFO  : Products/Birrezy/Corridors/ET-ET-domestic.md: Copied (replaced existing)
2026/07/29 15:02:58 INFO  : Products/EquityOne/Architecture_and_Engineering/Hadid_Assets.md: Copied (replaced existing)
2026/07/29 15:02:59 INFO  : Products/Birrezy/Corridors/ET-EU.md: Copied (replaced existing)
2026/07/29 15:03:16 INFO  : Products/Birrezy/Corridors/ET-US.md: Copied (replaced existing)
2026/07/29 15:03:20 INFO  : Products/Watchdog/Architecture_and_Engineering/Knowledge_Graph_Topology.md: Copied (replaced existing)
2026/07/29 15:03:20 INFO  : Products/Watchdog/Architecture_and_Engineering/Behavioral_Telemetry_Matrix.md: Copied (replaced existing)
2026/07/29 15:03:20 INFO  : Products/Watchdog/Architecture_and_Engineering/Watchdog_Platform_Spec.md: Copied (replaced existing)
2026/07/29 15:03:32 INFO  : Products/Wallet_Plus/Compliance_and_Regulatory/Wallet_Plus_NBE_Sandbox_Dossier.md: Copied (replaced existing)
2026/07/29 15:03:38 INFO  : Products/Akafay/Integrations/CBS_Integration_Discovery_Questions.md: Copied (replaced existing)
2026/07/29 15:03:39 INFO  : Products/Akafay/Integrations/Bunna_A2A_Handshake.md: Copied (replaced existing)
2026/07/29 15:03:39 INFO  : Products/Akafay/Integrations/CBS_Integration_Security_Questions.md: Copied (replaced existing)
2026/07/29 15:03:53 INFO  : Products/Akafay/Integrations/Integrations_Overview.md: Copied (replaced existing)
2026/07/29 15:04:03 INFO  : Products/Akafay/Integrations/Security_Overview.md: Copied (replaced existing)
2026/07/29 15:04:04 INFO  : Execution/Tasks/Meetings/Meet with DR Brook.md: Copied (replaced existing)
2026/07/29 15:04:09 INFO  : Execution/Tasks/Meetings/Meet With Hanna.md: Copied (replaced existing)
2026/07/29 15:04:09 INFO  : Execution/Tasks/Meetings/Meet with Solomon.md: Copied (replaced existing)
2026/07/29 15:04:23 INFO  : Execution/Tasks/Meetings/Meet with DR Seble.md: Copied (replaced existing)
2026/07/29 15:04:24 INFO  : Products/Decision_PRO/Integrations/Core_Banking_Handshake.md: Copied (replaced existing)
2026/07/29 15:04:29 INFO  : Products/Watchdog/Compliance_and_Regulatory/PDPP_Biometric_Retention_Policy.md: Copied (replaced existing)
2026/07/29 15:04:29 INFO  : Products/Birrezy/Operations/Reverse_Manifest_Protocol.md: Copied (replaced existing)
2026/07/29 15:04:40 INFO  : Products/Birrezy/Operations/T4_Weekend_Buffer_Rules.md: Copied (replaced existing)
2026/07/29 15:04:41 INFO  : Products/Akafay/Operating_System/Compliance_and_Fayda_Anchor.md: Copied (replaced existing)
2026/07/29 15:04:45 INFO  : Products/Akafay/Operating_System/Ecosystem_Architecture.md: Copied (replaced existing)
2026/07/29 15:04:46 INFO  : Products/Decision_PRO/Product_Ecosystem/Decision_PRO_Feature_Matrix.md: Copied (replaced existing)
2026/07/29 15:04:55 INFO  : Products/Decision_PRO/Product_Ecosystem/Decision_PRO_Localization_Amharic.md: Copied (replaced existing)
2026/07/29 15:04:56 INFO  : Products/Akafay/Compliance_and_Regulatory/_Audit_Log/COMP-20260521-001.md: Copied (replaced existing)
2026/07/29 15:04:56 INFO  : Products/Decision_PRO/Product_Ecosystem/Decision_PRO_User_Roles_and_RBAC.md: Copied (replaced existing)
2026/07/29 15:04:58 INFO  : Products/Akafay/Compliance_and_Regulatory/_Audit_Log/COMP-20260521-002.md: Copied (replaced existing)
2026/07/29 15:05:11 INFO  : Products/Akafay/Compliance_and_Regulatory/_Audit_Log/COMP-20260525-001.md: Copied (replaced existing)
2026/07/29 15:05:11 INFO  : Products/Wallet_Plus/Integrations/EthSwitch_Wallet_Bridge.md: Copied (replaced existing)
2026/07/29 15:05:11 INFO  : Products/Wallet_Plus/Integrations/Omni_Wallet.md: Copied (replaced existing)
2026/07/29 15:05:11 INFO  : Products/Akafay/Compliance_and_Regulatory/_Audit_Log/COMP-20260525-002.md: Copied (replaced existing)
2026/07/29 15:05:19 INFO  : Products/Decision_PRO/Strategy_and_Capital/Decision_PRO_Executive_Summary.md: Copied (replaced existing)
2026/07/29 15:05:21 INFO  : Products/Decision_PRO/Strategy_and_Capital/Decision_PRO_Commercial_Flywheel.md: Copied (replaced existing)
2026/07/29 15:05:21 INFO  : Products/EquityOne/Product_Ecosystem/Tokenized_Deposits_for_Banks.md: Copied (replaced existing)
2026/07/29 15:05:21 INFO  : Products/Decision_PRO/Strategy_and_Capital/Decision_PRO_Roadmap.md: Copied (replaced existing)
2026/07/29 15:05:34 INFO  : Products/Birrezy/Strategy_and_Capital/Birrezy_Commercial_Flywheel.md: Copied (replaced existing)
2026/07/29 15:05:34 INFO  : Products/Akafay/Product_Ecosystem/Akafay_Secure_Framework.md: Copied (replaced existing)
2026/07/29 15:05:34 INFO  : Products/Akafay/Product_Ecosystem/Agaz_AI_Financial_Advisor.md: Copied (replaced existing)
2026/07/29 15:05:34 INFO  : Products/Akafay/Product_Ecosystem/Akafay_BNPL_Core.md: Copied (replaced existing)
2026/07/29 15:05:41 INFO  : Products/Birrezy/Strategy_and_Capital/Birrezy_Deck.md: Copied (replaced existing)
2026/07/29 15:05:41 INFO  : Products/Birrezy/Strategy_and_Capital/Birrezy_Financial_Model_Authority.md: Copied (replaced existing)
2026/07/29 15:05:41 INFO  : Products/EquityOne/Strategy_and_Capital/T-Bill_Tokenization_Project.md: Copied (replaced existing)
2026/07/29 15:05:41 INFO  : Products/EquityOne/Strategy_and_Capital/Equity_One_RWA.md: Copied (replaced existing)
2026/07/29 15:05:50 INFO  : Products/Wallet_Plus/Product_Ecosystem/DARS_Pal_Tokenization_Schema.md: Copied (replaced existing)
2026/07/29 15:05:50 INFO  : Products/Wallet_Plus/Product_Ecosystem/Wallet_Plus_Feature_Set.md: Copied (replaced existing)
2026/07/29 15:05:51 INFO  : Products/Wallet_Plus/Product_Ecosystem/Wallet_Plus_Supplement.md: Copied (replaced existing)
2026/07/29 15:05:51 INFO  : Products/Wallet_Plus/Product_Ecosystem/Wallet_Plus_USSD_Offline_Layer.md: Copied (replaced existing)
2026/07/29 15:05:59 INFO  : Products/Wallet_Plus/Product_Ecosystem/Wallet_Plus_UX_and_Onboarding_Flow.md: Copied (replaced existing)
2026/07/29 15:05:59 INFO  : Products/Akafay/Strategy_and_Capital/Commercial_Model_and_Pitch.md: Copied (replaced existing)
2026/07/29 15:05:59 INFO  : Products/Akafay/Strategy_and_Capital/Akafay_Executive_Summary.md: Copied (replaced existing)
2026/07/29 15:05:59 INFO  : Products/Akafay/Strategy_and_Capital/Bunna_Bank_Partnership_SOW.md: Copied (replaced existing)
2026/07/29 15:06:07 INFO  : Products/Akafay/Strategy_and_Capital/Commercial_Scaling_Flywheel.md: Copied (replaced existing)
2026/07/29 15:06:08 INFO  : Products/Akafay/Strategy_and_Capital/Investment_Proposal_and_Metrics.md: Copied (replaced existing)
2026/07/29 15:06:10 INFO  : Products/Wallet_Plus/Strategy_and_Capital/Wallet_Plus_Commercial_Flywheel.md: Copied (replaced existing)
2026/07/29 15:06:10 INFO  : Products/Birrezy/_Working/QUESTIONS.md: Copied (replaced existing)
2026/07/29 15:06:15 INFO  : Products/Wallet_Plus/Strategy_and_Capital/Wallet_Plus_Executive_Summary.md: Copied (replaced existing)
2026/07/29 15:06:16 INFO  : Products/Wallet_Plus/Strategy_and_Capital/Wallet_Plus_Roadmap.md: Copied (replaced existing)
2026/07/29 15:06:20 INFO  : Knowledge_Base/Knowledge_Base.md: Deleted
2026/07/29 15:06:21 INFO  : Projects/Projects.md: Deleted
2026/07/29 15:06:21 INFO  : Products/Products.md: Deleted
2026/07/29 15:06:21 INFO  : mkdocs.yml: Deleted
2026/07/29 15:06:24 INFO  : Organization/Indexes/Dashboard.md: Deleted
2026/07/29 15:06:25 INFO  : Organization/Indexes/HADID_Central.md: Deleted
2026/07/29 15:06:25 INFO  : 
Transferred:   	  567.845 KiB / 567.845 KiB, 100%, 314 B/s, ETA 0s
Checks:               311 / 311, 100%
Deleted:                6 (files), 0 (dirs)
Transferred:          141 / 141, 100%
Elapsed time:     11m47.8s

[2026-07-29 15:06:25] PUSH done
2026/07/29 15:14:33 INFO  : README.md: Copied (replaced existing)
2026/07/29 15:14:57 INFO  : Organization/CONVENTIONS.md: Copied (replaced existing)
2026/07/29 15:14:57 INFO  : Organization/README.md: Copied (replaced existing)
2026/07/29 15:14:57 INFO  : Organization/NEXTCLOUD_PUBLISH.md: Copied (replaced existing)
2026/07/29 15:14:58 INFO  : Products/README.md: Copied (replaced existing)
2026/07/29 15:14:58 INFO  : Projects/README.md: Copied (replaced existing)
2026/07/29 15:14:58 INFO  : Knowledge_Base/README.md: Copied (replaced existing)
2026/07/29 15:15:18 INFO  : Execution/Engagements/Engagements.md: Copied (replaced existing)
2026/07/29 15:15:18 INFO  : Organization/Indexes/README.md: Copied (replaced existing)
2026/07/29 15:16:00 INFO  : 
Transferred:   	   13.222 KiB / 13.222 KiB, 100%, 1 B/s, ETA 0s
Checks:                18 / 18, 100%
Transferred:            9 / 9, 100%
Elapsed time:      2m34.0s

2026/07/29 15:16:27 INFO  : Organization/Completeness_Matrix.md: Copied (replaced existing)
2026/07/29 15:16:28 INFO  : Organization/Indexes/Executive_Overview.md: Copied (replaced existing)
2026/07/29 15:16:28 INFO  : Organization/Decisions/Decisions_Index.md: Copied (replaced existing)
2026/07/29 15:16:28 INFO  : 
Transferred:   	    5.710 KiB / 5.710 KiB, 100%, 418 B/s, ETA 0s
Checks:                 8 / 8, 100%
Transferred:            3 / 3, 100%
Elapsed time:        22.9s

[2026-07-29 15:17:13] PUSH start (local → Nextcloud) 
2026/07/29 15:17:45 INFO  : hadid-propfind.xml: Copied (new)
2026/07/29 15:18:28 INFO  : 
Transferred:   	  122.507 KiB / 122.507 KiB, 100%, 211 B/s, ETA 0s
Checks:               308 / 308, 100%
Transferred:            1 / 1, 100%
Elapsed time:      1m15.3s

[2026-07-29 15:18:28] PUSH done
[2026-07-29 16:46:02] PUSH start (local → Nextcloud) --dry-run
2026/07/29 16:46:20 NOTICE: .cursor/rules/birrezy-agent.mdc: Skipped copy as --dry-run is set (size 1.045Ki)
2026/07/29 16:46:20 NOTICE: .cursor/rules/no-em-dash.mdc: Skipped copy as --dry-run is set (size 634)
2026/07/29 16:46:21 NOTICE: Organization/Completeness_Matrix.md: Skipped copy as --dry-run is set (size 2.320Ki)
2026/07/29 16:46:21 NOTICE: Organization/Corporate_Profile.md: Skipped copy as --dry-run is set (size 3.758Ki)
2026/07/29 16:46:21 NOTICE: Organization/Glossary.md: Skipped copy as --dry-run is set (size 3.369Ki)
2026/07/29 16:46:21 NOTICE: Products/README.md: Skipped copy as --dry-run is set (size 1.672Ki)
2026/07/29 16:46:30 NOTICE: Execution/Engagements/Engagements.md: Skipped copy as --dry-run is set (size 1.300Ki)
2026/07/29 16:46:30 NOTICE: Execution/Tasks/Lines.md: Skipped copy as --dry-run is set (size 8.618Ki)
2026/07/29 16:46:44 NOTICE: Organization/Templates/TPL_Birrezy_MoU_Term_Sheet.md: Skipped copy as --dry-run is set (size 2.245Ki)
2026/07/29 16:46:44 NOTICE: Organization/Templates/TPL_Birrezy_Module.md: Skipped copy as --dry-run is set (size 948)
2026/07/29 16:46:44 NOTICE: Organization/Templates/TPL_Birrezy_Partner_Bank_Profile.md: Skipped copy as --dry-run is set (size 1.649Ki)
2026/07/29 16:46:44 NOTICE: Organization/Templates/Templates.md: Skipped copy as --dry-run is set (size 1.823Ki)
2026/07/29 16:46:44 NOTICE: Organization/Decisions/DR-20260729-BIRREZY_METRICS_AUTHORITY.md: Skipped copy as --dry-run is set (size 1.660Ki)
2026/07/29 16:46:44 NOTICE: Products/Birrezy/ADR_Index.md: Skipped copy as --dry-run is set (size 754)
2026/07/29 16:46:44 NOTICE: Products/Birrezy/Birrezy.md: Skipped copy as --dry-run is set (size 8.089Ki)
2026/07/29 16:46:44 NOTICE: Products/Birrezy/Roadmap.md: Skipped copy as --dry-run is set (size 3.226Ki)
2026/07/29 16:46:57 NOTICE: Execution/Engagements/Banks/CBE.md: Skipped copy as --dry-run is set (size 1.928Ki)
2026/07/29 16:46:57 NOTICE: Execution/Engagements/Banks/Bunna.md: Skipped copy as --dry-run is set (size 1.684Ki)
2026/07/29 16:46:57 NOTICE: Execution/Engagements/Banks/Zemen.md: Skipped copy as --dry-run is set (size 1.336Ki)
2026/07/29 16:47:08 NOTICE: Execution/Engagements/NGO/Gates.md: Skipped copy as --dry-run is set (size 1.085Ki)
2026/07/29 16:47:08 NOTICE: Products/Watchdog/Watchdog.md: Skipped copy as --dry-run is set (size 2.352Ki)
2026/07/29 16:47:19 NOTICE: Products/Birrezy/Commercial/PRICING.md: Skipped copy as --dry-run is set (size 2.751Ki)
2026/07/29 16:47:19 NOTICE: Products/Birrezy/Commercial/RISK.md: Skipped copy as --dry-run is set (size 2.450Ki)
2026/07/29 16:47:20 NOTICE: Products/Birrezy/Architecture_and_Engineering/Birrezy_Bank_Ops_Dashboard.md: Skipped copy as --dry-run is set (size 3.765Ki)
2026/07/29 16:47:20 NOTICE: Products/Birrezy/Architecture_and_Engineering/Birrezy_Ingestion_Gateway.md: Skipped copy as --dry-run is set (size 3.711Ki)
2026/07/29 16:47:20 NOTICE: Products/Birrezy/Architecture_and_Engineering/Birrezy_Architecture_Overview.md: Skipped copy as --dry-run is set (size 4.601Ki)
2026/07/29 16:47:20 NOTICE: Products/Birrezy/Architecture_and_Engineering/Birrezy_Liquidity_and_Market_Making.md: Skipped copy as --dry-run is set (size 3.021Ki)
2026/07/29 16:47:20 NOTICE: Products/Birrezy/Architecture_and_Engineering/Birrezy_Settlement_Rails_and_Corridor_Model.md: Skipped copy as --dry-run is set (size 3.868Ki)
2026/07/29 16:47:20 NOTICE: Products/Birrezy/Architecture_and_Engineering/Multi_Rail_Ingress_Mapping.md: Skipped copy as --dry-run is set (size 3.960Ki)
2026/07/29 16:47:21 NOTICE: Products/Birrezy/Compliance_and_Regulatory/Birrezy_Compliance_Layer.md: Skipped copy as --dry-run is set (size 3.818Ki)
2026/07/29 16:47:21 NOTICE: Products/Birrezy/Compliance_and_Regulatory/Birrezy_Onboarding_and_KYC_Spec.md: Skipped copy as --dry-run is set (size 4.343Ki)
2026/07/29 16:47:21 NOTICE: Products/Birrezy/Compliance_and_Regulatory/Birrezy_Compliance_Reporting_Framework.md: Skipped copy as --dry-run is set (size 3.997Ki)
2026/07/29 16:47:35 NOTICE: Products/Birrezy/Corridors/Corridors.md: Skipped copy as --dry-run is set (size 1.774Ki)
2026/07/29 16:47:35 NOTICE: Products/Birrezy/Corridors/ET-AE.md: Skipped copy as --dry-run is set (size 1.679Ki)
2026/07/29 16:47:35 NOTICE: Products/Birrezy/Corridors/ET-ET-domestic.md: Skipped copy as --dry-run is set (size 3.674Ki)
2026/07/29 16:47:35 NOTICE: Products/Birrezy/Corridors/ET-EU.md: Skipped copy as --dry-run is set (size 2.389Ki)
2026/07/29 16:47:35 NOTICE: Products/Birrezy/Corridors/ET-KE.md: Skipped copy as --dry-run is set (size 1.487Ki)
2026/07/29 16:47:35 NOTICE: Products/Birrezy/Corridors/ET-US.md: Skipped copy as --dry-run is set (size 3.952Ki)
2026/07/29 16:48:01 NOTICE: Products/Birrezy/Operations/Reverse_Manifest_Protocol.md: Skipped copy as --dry-run is set (size 2.223Ki)
2026/07/29 16:48:01 NOTICE: Products/Birrezy/Operations/T4_Weekend_Buffer_Rules.md: Skipped copy as --dry-run is set (size 2.435Ki)
2026/07/29 16:48:03 NOTICE: Products/Wallet_Plus/Integrations/Fayda_Integration_Contract.md: Skipped copy as --dry-run is set (size 1.955Ki)
2026/07/29 16:48:03 NOTICE: Products/Birrezy/Product_Ecosystem/Birrezy_Agencies.md: Skipped copy as --dry-run is set (size 2.897Ki)
2026/07/29 16:48:03 NOTICE: Products/Birrezy/Product_Ecosystem/Birrezy_Freelance.md: Skipped copy as --dry-run is set (size 2.847Ki)
2026/07/29 16:48:03 NOTICE: Products/Birrezy/Product_Ecosystem/Birrezy_Impact.md: Skipped copy as --dry-run is set (size 2.925Ki)
2026/07/29 16:48:03 NOTICE: Products/Birrezy/Product_Ecosystem/Birrezy_Prime.md: Skipped copy as --dry-run is set (size 3.466Ki)
2026/07/29 16:48:03 NOTICE: Products/Birrezy/Product_Ecosystem/Birrezy_Remit.md: Skipped copy as --dry-run is set (size 2.925Ki)
2026/07/29 16:48:03 NOTICE: Products/Birrezy/Product_Ecosystem/Product_Ecosystem.md: Skipped copy as --dry-run is set (size 1.830Ki)
2026/07/29 16:48:03 NOTICE: Products/Birrezy/Product_Ecosystem/Competitive_Landscape.md: Skipped copy as --dry-run is set (size 3.612Ki)
2026/07/29 16:48:03 NOTICE: Products/Birrezy/Product_Ecosystem/HOW_THE_OTHERS_WORK.md: Skipped copy as --dry-run is set (size 3.775Ki)
2026/07/29 16:48:14 NOTICE: Products/Birrezy/Strategy_and_Capital/Birrezy_AI_Agent_Directives.md: Skipped copy as --dry-run is set (size 3.384Ki)
2026/07/29 16:48:14 NOTICE: Products/Birrezy/Strategy_and_Capital/Birrezy_Bank_Partnership_Model.md: Skipped copy as --dry-run is set (size 4.300Ki)
2026/07/29 16:48:14 NOTICE: Products/Birrezy/Strategy_and_Capital/Birrezy_Bank_Treasury_Auto_Invest.md: Skipped copy as --dry-run is set (size 3.161Ki)
2026/07/29 16:48:14 NOTICE: Products/Birrezy/Strategy_and_Capital/Birrezy_Corporate_Structure.md: Skipped copy as --dry-run is set (size 3.097Ki)
2026/07/29 16:48:14 NOTICE: Products/Birrezy/Strategy_and_Capital/Birrezy_GTM_Playbook.md: Skipped copy as --dry-run is set (size 4.934Ki)
2026/07/29 16:48:14 NOTICE: Products/Birrezy/Strategy_and_Capital/Birrezy_Leadership.md: Skipped copy as --dry-run is set (size 1.756Ki)
2026/07/29 16:48:14 NOTICE: Products/Birrezy/Strategy_and_Capital/Birrezy_Market_Context.md: Skipped copy as --dry-run is set (size 2.083Ki)
2026/07/29 16:48:14 NOTICE: Products/Birrezy/Strategy_and_Capital/Birrezy_Metrics_Authority.md: Skipped copy as --dry-run is set (size 5.372Ki)
2026/07/29 16:48:14 NOTICE: Products/Birrezy/Strategy_and_Capital/Birrezy_Positioning_and_Operating_Model.md: Skipped copy as --dry-run is set (size 3.348Ki)
2026/07/29 16:48:14 NOTICE: Products/Birrezy/Strategy_and_Capital/Birrezy_Unit_Economics.md: Skipped copy as --dry-run is set (size 4.390Ki)
2026/07/29 16:48:14 NOTICE: Products/Birrezy/Strategy_and_Capital/Birrezy_Commercial_Flywheel.md: Skipped copy as --dry-run is set (size 3.192Ki)
2026/07/29 16:48:14 NOTICE: Products/Birrezy/Strategy_and_Capital/Birrezy_Deck.md: Skipped copy as --dry-run is set (size 4.313Ki)
2026/07/29 16:48:14 NOTICE: Products/Birrezy/Strategy_and_Capital/Birrezy_Executive_Summary.md: Skipped copy as --dry-run is set (size 2.913Ki)
2026/07/29 16:48:14 NOTICE: Products/Birrezy/Strategy_and_Capital/Birrezy_Financial_Model_Authority.md: Skipped copy as --dry-run is set (size 3.451Ki)
2026/07/29 16:48:14 NOTICE: Products/Birrezy/Strategy_and_Capital/Birrezy_Invest.md: Skipped copy as --dry-run is set (size 5.524Ki)
2026/07/29 16:48:14 NOTICE: Products/Birrezy/Strategy_and_Capital/Birrezy_Strategy_SSOT.md: Skipped copy as --dry-run is set (size 8.146Ki)
2026/07/29 16:48:16 NOTICE: Products/Birrezy/_Working/DEPRECATED_CLAIMS.md: Skipped copy as --dry-run is set (size 1.172Ki)
2026/07/29 16:48:18 NOTICE: 
Transferred:   	  202.104 KiB / 202.104 KiB, 100%, 2.146 KiB/s, ETA 0s
Checks:               309 / 309, 100%
Transferred:           66 / 66, 100%
Elapsed time:      2m15.0s

[2026-07-29 16:48:18] PUSH done
[2026-07-30 16:07:59] PULL start (Nextcloud → local) 
2026/07/30 16:08:13 INFO  : README.md: Copied (replaced existing)
2026/07/30 16:08:22 INFO  : Mar_Comms/akafay-content-calendar.md: Copied (new)
2026/07/30 16:08:22 INFO  : Mar_Comms/README.md: Copied (new)
2026/07/30 16:08:23 INFO  : Mar_Comms/birrezys-phase-1-go-to-market-strategy-building-waitlist-momentum-and-emotional-resonance.md: Copied (new)
2026/07/30 16:08:25 INFO  : Mar_Comms/decentral-content-calendar.md: Copied (new)
2026/07/30 16:08:33 INFO  : Mar_Comms/partnership-opportunities.md: Copied (new)
2026/07/30 16:08:34 INFO  : Mar_Comms/game-ideas.md: Copied (new)
2026/07/30 16:08:34 INFO  : Mar_Comms/outreach-and-events-tracker.md: Copied (new)
2026/07/30 16:08:36 INFO  : Mar_Comms/social-media-calendar.md: Copied (new)
2026/07/30 16:08:46 INFO  : Mar_Comms/birrezys-phase-1-go-to-market-strategy-building-waitlist-momentum-and-emotional-resonance/tik-tok-strategy.md: Copied (new)
2026/07/30 16:08:47 INFO  : Mar_Comms/birrezys-phase-1-go-to-market-strategy-building-waitlist-momentum-and-emotional-resonance/instagram-marketing-strategy-for-birrezy-building-trust-and-brand-identity.md: Copied (new)
2026/07/30 16:08:48 INFO  : Mar_Comms/birrezys-phase-1-go-to-market-strategy-building-waitlist-momentum-and-emotional-resonance/x-marketing-strategy.md: Copied (new)
2026/07/30 16:08:50 INFO  : Mar_Comms/birrezys-phase-1-go-to-market-strategy-building-waitlist-momentum-and-emotional-resonance/linked-in-content-ideas.md: Copied (new)
2026/07/30 16:08:56 INFO  : Execution/Tasks/Lines.md: Copied (replaced existing)
2026/07/30 16:08:59 INFO  : Mar_Comms/decentral-content-calendar/locked-money-how-blockchain-is-rewiring-remittance.md: Copied (new)
2026/07/30 16:09:01 INFO  : Products/Akafay/AIS/README.md: Copied (new)
2026/07/30 16:09:02 INFO  : Products/Akafay/AIS/akafay-models.md: Copied (new)
2026/07/30 16:09:07 INFO  : Products/Akafay/AIS/core.md: Copied (new)
2026/07/30 16:09:08 INFO  : Products/Akafay/AIS/teamspace-home1.md: Copied (new)
2026/07/30 16:09:09 INFO  : Products/Akafay/Akafay_Central/README.md: Copied (new)
2026/07/30 16:09:10 INFO  : Products/Akafay/Akafay_Central/accounts.md: Copied (new)
2026/07/30 16:09:15 INFO  : Products/Akafay/Akafay_Central/akafay-decisions-record.md: Copied (new)
2026/07/30 16:09:16 INFO  : Products/Akafay/Akafay_Central/applications-tracker.md: Copied (new)
2026/07/30 16:09:18 INFO  : Products/Akafay/Akafay_Central/brainstorming1.md: Copied (new)
2026/07/30 16:09:18 INFO  : Products/Akafay/Akafay_Central/birrezy3.md: Copied (new)
2026/07/30 16:09:24 INFO  : Products/Akafay/Akafay_Central/extras2.md: Copied (new)
2026/07/30 16:09:25 INFO  : Products/Akafay/Akafay_Central/hire-tracker.md: Copied (new)
2026/07/30 16:09:26 INFO  : Products/Akafay/Akafay_Central/financials.md: Copied (new)
2026/07/30 16:09:28 INFO  : Products/Akafay/Akafay_Central/hotfix-template.md: Copied (new)
2026/07/30 16:09:34 INFO  : Products/Akafay/Akafay_Central/knowledge-base1.md: Copied (new)
2026/07/30 16:09:35 INFO  : Products/Akafay/Akafay_Central/mou-tracker.md: Copied (new)
2026/07/30 16:09:37 INFO  : Products/Akafay/Akafay_Central/ops-calendar.md: Copied (new)
2026/07/30 16:09:39 INFO  : Products/Akafay/Akafay_Central/reading-list2.md: Copied (new)
2026/07/30 16:09:45 INFO  : Products/Akafay/Akafay_Central/release-template.md: Copied (new)
2026/07/30 16:09:47 INFO  : Products/Akafay/Akafay_Central/research.md: Copied (new)
2026/07/30 16:09:48 INFO  : Products/Akafay/Akafay_Central/strategy.md: Copied (new)
2026/07/30 16:09:48 INFO  : Products/Akafay/Akafay_Central/sops.md: Copied (new)
2026/07/30 16:09:57 INFO  : Products/Birrezy/Birrezy_Confluence/birrezy-app-walk-through-script.md: Copied (new)
2026/07/30 16:09:57 INFO  : Products/Birrezy/Birrezy_Confluence/README.md: Copied (new)
2026/07/30 16:09:58 INFO  : Products/Birrezy/Birrezy_Confluence/birrezy-impact-hit-list.md: Copied (new)
2026/07/30 16:09:58 INFO  : Products/Birrezy/Birrezy_Confluence/template-decision-documentation.md: Copied (new)
2026/07/30 16:10:12 INFO  : Products/Birrezy/Birrezy_Confluence/vc-list-dump.md: Copied (new)
2026/07/30 16:10:12 INFO  : Products/Birrezy/Birrezy_Confluence/template-project-plan.md: Copied (new)
2026/07/30 16:10:14 INFO  : Products/Akafay/Akafay_Home_OLD/README.md: Copied (new)
2026/07/30 16:10:15 INFO  : Products/Birrezy/Birrezy_Confluence/template-meeting-notes.md: Copied (new)
2026/07/30 16:10:24 INFO  : Products/Akafay/Akafay_Home_OLD/akafay34.md: Copied (new)
2026/07/30 16:10:25 INFO  : Products/Akafay/Akafay_Home_OLD/brainstorming.md: Copied (new)
2026/07/30 16:10:25 INFO  : Products/Akafay/Akafay_Home_OLD/akafay-deck.md: Copied (new)
2026/07/30 16:10:25 INFO  : Products/Akafay/Akafay_Home_OLD/externals.md: Copied (new)
2026/07/30 16:10:33 INFO  : Products/Akafay/Akafay_Home_OLD/knowledge-base.md: Copied (new)
2026/07/30 16:10:35 INFO  : Products/Akafay/Akafay_Home_OLD/teamspace-home2.md: Copied (new)
2026/07/30 16:10:35 INFO  : Mar_Comms/birrezys-phase-1-go-to-market-strategy-building-waitlist-momentum-and-emotional-resonance/instagram-marketing-strategy-for-birrezy-building-trust-and-brand-identity/instagram-content-id.md: Copied (new)
2026/07/30 16:10:36 INFO  : Products/Akafay/Akafay_Home_OLD/reading-list.md: Copied (new)
2026/07/30 16:10:45 INFO  : Execution/Training/Crypto for Security/CBE Concept Note.md: Copied (new)
2026/07/30 16:10:46 INFO  : Execution/Training/Crypto for Security/Training needs assessment.md: Copied (new)
2026/07/30 16:10:46 INFO  : Execution/Training/Crypto for Security/TNA.md: Copied (new)
2026/07/30 16:10:47 INFO  : Mar_Comms/birrezys-phase-1-go-to-market-strategy-building-waitlist-momentum-and-emotional-resonance/tik-tok-strategy/birrezy-tik-tok-scripts.md: Copied (new)
2026/07/30 16:10:51 INFO  : Products/Akafay/Akafay_Central/attachments/69813eaf-e385-4bb0-bee2-009f6ba88a79.png: Copied (new)
2026/07/30 16:10:51 INFO  : Products/Akafay/Akafay_Central/attachments/credit_scoring_and_competitive_pricing_of_default_risk.pdf: Copied (new)
2026/07/30 16:10:52 INFO  : Products/Akafay/Akafay_Central/attachments/e87e837a-4cf0-407e-b889-e41ca8b27055.png: Copied (new)
2026/07/30 16:10:52 INFO  : Products/Akafay/Akafay_Central/attachments/image-1.png: Copied (new)
2026/07/30 16:10:54 INFO  : Products/Akafay/Akafay_Central/attachments/image-3.png: Copied (new)
2026/07/30 16:10:54 INFO  : Products/Akafay/Akafay_Central/attachments/image-2.png: Copied (new)
2026/07/30 16:10:54 INFO  : Products/Akafay/Akafay_Central/attachments/image-4.png: Copied (new)
2026/07/30 16:10:54 INFO  : Products/Akafay/Akafay_Central/attachments/image-5.png: Copied (new)
2026/07/30 16:10:56 INFO  : Products/Akafay/Akafay_Central/attachments/image-6.png: Copied (new)
2026/07/30 16:10:56 INFO  : Products/Akafay/Akafay_Central/attachments/image-7.png: Copied (new)
2026/07/30 16:10:57 INFO  : Products/Akafay/Akafay_Central/attachments/image-8.png: Copied (new)
2026/07/30 16:10:57 INFO  : Products/Akafay/Akafay_Central/attachments/image.png: Copied (new)
2026/07/30 16:10:58 INFO  : Products/Akafay/Akafay_Central/attachments/logo_icon_only_no_bg_-_sized.png: Copied (new)
2026/07/30 16:10:59 INFO  : Products/Birrezy/Birrezy_Confluence/birrezy-impact-hit-list/mercy-corps.md: Copied (new)
2026/07/30 16:10:59 INFO  : Products/Akafay/Akafay_Central/attachments/predicting_consumer_default.pdf: Copied (new)
2026/07/30 16:10:59 INFO  : Products/Birrezy/Birrezy_Confluence/birrezy-impact-hit-list/strategy-playbook-wfp-hiper-pitch-the-proprietary-rail-modeled-page.md: Copied (new)
2026/07/30 16:11:00 INFO  : Products/Birrezy/Birrezy_Confluence/birrezy-impact-hit-list/unicef-strategic-approach.md: Copied (new)
2026/07/30 16:11:01 INFO  : Products/Akafay/Akafay_Central/brainstorming1/to-be-discussed.md: Copied (new)
2026/07/30 16:11:01 INFO  : Products/Akafay/Akafay_Home_OLD/akafay-deck/pitching-akafay-for-eaii.md: Copied (new)
2026/07/30 16:11:02 INFO  : Products/Birrezy/Birrezy_Confluence/research/annual-inflow-and-gdp-contribution-of-selected-countries-in-2025.md: Copied (new)
2026/07/30 16:11:03 INFO  : Products/Birrezy/Birrezy_Confluence/research/compitetive-analysis-africa.md: Copied (new)
2026/07/30 16:11:04 INFO  : Products/Birrezy/Birrezy_Confluence/research/coopbank-inftf-and-the-web3-remittance-blueprint.md: Copied (new)
2026/07/30 16:11:04 INFO  : Products/Birrezy/Birrezy_Confluence/research/ethiopian-banks-fx-inflows-and-remittance-innovations-for-fy-24-25.md: Copied (new)
2026/07/30 16:11:04 INFO  : Products/Birrezy/Birrezy_Confluence/research/compitetive-analysis-south-america.md: Copied (new)
2026/07/30 16:11:06 INFO  : Products/Birrezy/Birrezy_Confluence/research/fintech-partnerships-and-international-linkages-for-digital-banking-in-ethiopia.md: Copied (new)
2026/07/30 16:11:06 INFO  : Products/Birrezy/Birrezy_Confluence/research/fintech-strategies-initial-launch-tactics-and-current-scaling-approaches-for-nala-chipper-cash-lemfi.md: Copied (new)
2026/07/30 16:11:07 INFO  : Products/Birrezy/Birrezy_Confluence/research/fsd-ethiopia-mandate-strategic-pillars-and-engagement-opportunities.md: Copied (new)
2026/07/30 16:11:07 INFO  : Products/Birrezy/Birrezy_Confluence/research/fintech-strategies-for-b2b-customer-acquisition.md: Copied (new)
2026/07/30 16:11:09 INFO  : Products/Birrezy/Birrezy_Confluence/research/remittance-licenses.md: Copied (new)
2026/07/30 16:11:09 INFO  : Products/Akafay/Akafay_Home_OLD/attachments/bank-account_(1).png: Copied (new)
2026/07/30 16:11:10 INFO  : Products/Akafay/Akafay_Home_OLD/attachments/bulb_(1).png: Copied (new)
2026/07/30 16:11:10 INFO  : Products/Akafay/Akafay_Home_OLD/attachments/business-opportunity.png: Copied (new)
2026/07/30 16:11:12 INFO  : Products/Akafay/Akafay_Home_OLD/attachments/credit-card_(4).png: Copied (new)
2026/07/30 16:11:12 INFO  : Products/Akafay/Akafay_Home_OLD/attachments/credit-union_(1).png: Copied (new)
2026/07/30 16:11:12 INFO  : Products/Akafay/Akafay_Home_OLD/attachments/financial-profit.png: Copied (new)
2026/07/30 16:11:13 INFO  : Products/Akafay/Akafay_Home_OLD/attachments/grocery.png: Copied (new)
2026/07/30 16:11:14 INFO  : Products/Akafay/Akafay_Home_OLD/attachments/image.png: Copied (new)
2026/07/30 16:11:15 INFO  : Products/Akafay/Akafay_Home_OLD/attachments/institution_(1).png: Copied (new)
2026/07/30 16:11:15 INFO  : Products/Akafay/Akafay_Home_OLD/attachments/image-1.png: Copied (new)
2026/07/30 16:11:15 INFO  : Products/Akafay/Akafay_Home_OLD/attachments/logo_icon_only_no_bg_-_sized-1.png: Copied (new)
2026/07/30 16:11:19 INFO  : Products/Akafay/Akafay_Home_OLD/attachments/logo_icon_only_no_bg_-_sized.png: Copied (new)
2026/07/30 16:11:19 INFO  : Products/Akafay/Akafay_Home_OLD/attachments/me.jpg: Copied (new)
2026/07/30 16:11:19 INFO  : Products/Akafay/Akafay_Home_OLD/attachments/loyalty-program_(1).png: Copied (new)
2026/07/30 16:11:19 INFO  : Products/Akafay/Akafay_Home_OLD/attachments/mobile-app_(2).png: Copied (new)
2026/07/30 16:11:22 INFO  : Products/Akafay/Akafay_Home_OLD/attachments/online-store.png: Copied (new)
2026/07/30 16:11:22 INFO  : Products/Akafay/Akafay_Home_OLD/attachments/picture8.png: Copied (new)
2026/07/30 16:11:22 INFO  : Products/Akafay/Akafay_Home_OLD/attachments/money.png: Copied (new)
2026/07/30 16:11:23 INFO  : Products/Akafay/Akafay_Home_OLD/attachments/problem-solving.png: Copied (new)
2026/07/30 16:11:25 INFO  : Products/Akafay/Akafay_Home_OLD/attachments/speedometer_(1).png: Copied (new)
2026/07/30 16:11:25 INFO  : Products/Akafay/Akafay_Home_OLD/attachments/untitled.png: Copied (new)
2026/07/30 16:11:26 INFO  : Products/Akafay/Akafay_Home_OLD/attachments/star_(2).png: Copied (new)
2026/07/30 16:11:26 INFO  : Products/Akafay/Akafay_Central/extras2/akafay-deck-v2.md: Copied (new)
2026/07/30 16:11:28 INFO  : Products/Birrezy/Birrezy_Confluence/strategy/birrezy-b2b-ecosystem-channel-partner-strategy.md: Copied (new)
2026/07/30 16:11:30 INFO  : Products/Birrezy/Birrezy_Confluence/strategy/market-intelligence-african-cross-border-monetization-models.md: Copied (new)
2026/07/30 16:11:30 INFO  : Products/Birrezy/Birrezy_Confluence/strategy/birrezy-licensing-gtm-strategy-the-ethiopia-corridor.md: Copied (new)
2026/07/30 16:11:30 INFO  : Products/Birrezy/Birrezy_Confluence/strategy/funding-and-investment-strategy.md: Copied (new)
2026/07/30 16:11:34 INFO  : Products/Akafay/Akafay_Home_OLD/knowledge-base/akafay-environments.md: Copied (new)
2026/07/30 16:11:34 INFO  : Products/Akafay/Akafay_Home_OLD/knowledge-base/personal-protection-data.md: Copied (new)
2026/07/30 16:11:35 INFO  : Products/Akafay/Akafay_Home_OLD/knowledge-base/bucket.md: Copied (new)
2026/07/30 16:11:35 INFO  : Products/Akafay/Akafay_Home_OLD/knowledge-base/views.md: Copied (new)
2026/07/30 16:11:37 INFO  : Products/Birrezy/Birrezy_Confluence/vc-related-notes/acceler8-application-response.md: Copied (new)
2026/07/30 16:11:37 INFO  : Products/Akafay/Akafay_Central/financials/tbd-finance-tracker.md: Copied (new)
2026/07/30 16:11:38 INFO  : Products/Birrezy/Birrezy_Confluence/vc-related-notes/afcfta-application.md: Copied (new)
2026/07/30 16:11:39 INFO  : Products/Birrezy/Birrezy_Confluence/vc-related-notes/alliancexyz-application-questions.md: Copied (new)
2026/07/30 16:11:41 INFO  : Products/Birrezy/Birrezy_Confluence/vc-related-notes/da-seed-fund-answers.md: Copied (new)
2026/07/30 16:11:41 INFO  : Products/Birrezy/Birrezy_Confluence/vc-related-notes/dfslabs.md: Copied (new)
2026/07/30 16:11:41 INFO  : Products/Birrezy/Birrezy_Confluence/vc-related-notes/lava-vc-questions.md: Copied (new)
2026/07/30 16:11:42 INFO  : Products/Birrezy/Birrezy_Confluence/vc-related-notes/norskeen22-fund-application-questions.md: Copied (new)
2026/07/30 16:11:44 INFO  : Products/Birrezy/Birrezy_Confluence/vc-related-notes/notes-for-investor-meetings.md: Copied (new)
2026/07/30 16:11:45 INFO  : Products/Birrezy/Birrezy_Confluence/vc-related-notes/y-combinator-questions.md: Copied (new)
2026/07/30 16:11:45 INFO  : Products/Akafay/Akafay_Central/knowledge-base1/akafay-environments1.md: Copied (new)
2026/07/30 16:11:45 INFO  : Products/Akafay/Akafay_Home_OLD/teamspace-home2/implementation-plan.md: Copied (new)
2026/07/30 16:11:46 INFO  : Products/Akafay/Akafay_Central/knowledge-base1/bucket1.md: Copied (new)
2026/07/30 16:11:48 INFO  : Products/Akafay/Akafay_Central/knowledge-base1/company-docs.md: Copied (new)
2026/07/30 16:11:48 INFO  : Products/Akafay/Akafay_Central/knowledge-base1/prompt-engineering.md: Copied (new)
2026/07/30 16:11:49 INFO  : Products/Akafay/Akafay_Central/knowledge-base1/links.md: Copied (new)
2026/07/30 16:11:51 INFO  : Products/Akafay/Akafay_Central/knowledge-base1/response-to-digital-ethiopia-2020.md: Copied (new)
2026/07/30 16:11:52 INFO  : Products/Akafay/Akafay_Central/knowledge-base1/to-study.md: Copied (new)
2026/07/30 16:11:54 INFO  : Products/Akafay/Akafay_Central/knowledge-base1/views1.md: Copied (new)
2026/07/30 16:11:55 INFO  : Products/Birrezy/Birrezy_Confluence/research/bank-research-strategy/shelebe-bank.md: Copied (new)
2026/07/30 16:11:55 INFO  : Products/Birrezy/Birrezy_Confluence/research/bank-research-strategy/siinqee-bank.md: Copied (new)
2026/07/30 16:11:57 INFO  : Products/Akafay/Akafay_Central/research/bloomberg-intelligence-ai-in-financial-services-key-findings.md: Copied (new)
2026/07/30 16:11:58 INFO  : Products/Akafay/Akafay_Central/research/mastercard-mpgs.md: Copied (new)
2026/07/30 16:11:59 INFO  : Products/Birrezy/Birrezy_Confluence/strategy/funding-and-investment-strategy/strategy-1-institutional-fundraising-seed-round.md: Copied (new)
2026/07/30 16:11:59 INFO  : Products/Birrezy/Birrezy_Confluence/strategy/funding-and-investment-strategy/strategy-2-grants-non-dilutive-capital.md: Copied (new)
2026/07/30 16:12:01 INFO  : Products/Birrezy/Birrezy_Confluence/strategy/partnership-strategy/expanding-beyond-b2c-opportunities-in-b2b-infrastructure-for-remittances-and-treasury-solutions.md: Copied (new)
2026/07/30 16:12:01 INFO  : Products/Akafay/Akafay_Home_OLD/knowledge-base/akafay-environments/devops-documentation.md: Copied (new)
2026/07/30 16:12:02 INFO  : Products/Birrezy/Birrezy_Confluence/strategy/partnership-strategy/hashpay-birrremit-partnership-discussion.md: Copied (new)
2026/07/30 16:12:02 INFO  : Products/Akafay/Akafay_Central/strategy/akafay-x-bunna-products-strategy-pricing.md: Copied (new)
2026/07/30 16:12:04 INFO  : Products/Akafay/Akafay_Central/strategy/bunna-bank-fx-operations.md: Copied (new)
2026/07/30 16:12:04 INFO  : Products/Akafay/Akafay_Central/strategy/banks-and-their-digital-remittance-partners.md: Copied (new)
2026/07/30 16:12:05 INFO  : Products/Akafay/Akafay_Central/strategy/bunna-bank-meeting-note.md: Copied (new)
2026/07/30 16:12:05 INFO  : Products/Akafay/Akafay_Central/strategy/cybrid-bridge-partners-banks.md: Copied (new)
2026/07/30 16:12:07 INFO  : Products/Akafay/Akafay_Central/strategy/features-for-bunna-remmittance-application.md: Copied (new)
2026/07/30 16:12:07 INFO  : Products/Akafay/Akafay_Central/strategy/decision-pro-website-modifications.md: Copied (new)
2026/07/30 16:12:08 INFO  : Products/Akafay/Akafay_Central/strategy/eaii-gates-foundation-meeting.md: Copied (new)
2026/07/30 16:12:09 INFO  : Products/Akafay/Akafay_Central/strategy/licenses-registrations.md: Copied (new)
2026/07/30 16:12:12 INFO  : Products/Akafay/Akafay_Central/strategy/mfi-strategy__.md: Copied (new)
2026/07/30 16:12:12 INFO  : Products/Akafay/Akafay_Central/strategy/mfi-hit-list.md: Copied (new)
2026/07/30 16:12:12 INFO  : Products/Akafay/Akafay_Central/strategy/nbes-sandbox-directive.md: Copied (new)
2026/07/30 16:12:14 INFO  : Products/Akafay/Akafay_Central/strategy/ngos-how-does-their-money-move.md: Copied (new)
2026/07/30 16:12:15 INFO  : Products/Akafay/Akafay_Central/strategy/nib-banks-ai-center-of-excellence-implementation-roadmap-phases-from-discovery-to-advanced-intellige.md: Copied (new)
2026/07/30 16:12:16 INFO  : Products/Akafay/Akafay_Central/strategy/objectives-key-results.md: Copied (new)
2026/07/30 16:12:16 INFO  : Products/Akafay/Akafay_Central/strategy/top-5-global-bank-super-apps.md: Copied (new)
2026/07/30 16:12:17 INFO  : Products/Akafay/Akafay_Central/strategy/training-program-execution-roadmap-from-concept-to-delivery.md: Copied (new)
2026/07/30 16:12:19 INFO  : Products/Akafay/Akafay_Home_OLD/knowledge-base/attachments/proclamation_no._1321_-2024personal_data_protection.pdf: Copied (new)
2026/07/30 16:12:19 INFO  : Products/Birrezy/Birrezy_Confluence/vc-related-notes/attachments/image-20260605-155641.png: Copied (new)
2026/07/30 16:12:19 INFO  : Products/Akafay/Akafay_Home_OLD/knowledge-base/attachments/image.png: Copied (new)
2026/07/30 16:12:21 INFO  : Products/Akafay/Akafay_Home_OLD/knowledge-base/views/untitled42.md: Copied (new)
2026/07/30 16:12:22 INFO  : Products/Akafay/Akafay_Central/knowledge-base1/attachments/1000007465.jpg: Copied (new)
2026/07/30 16:12:23 INFO  : Products/Akafay/Akafay_Central/knowledge-base1/attachments/1000007464.jpg: Copied (new)
2026/07/30 16:12:23 INFO  : Products/Akafay/Akafay_Central/knowledge-base1/attachments/1000007462.jpg: Copied (new)
2026/07/30 16:12:24 INFO  : Products/Akafay/Akafay_Central/knowledge-base1/attachments/1000007466.jpg: Copied (new)
2026/07/30 16:12:26 INFO  : Products/Akafay/Akafay_Central/knowledge-base1/attachments/1000007467.jpg: Copied (new)
2026/07/30 16:12:28 INFO  : Products/Akafay/Akafay_Central/knowledge-base1/attachments/1000007468.jpg: Copied (new)
2026/07/30 16:12:28 INFO  : Products/Akafay/Akafay_Central/knowledge-base1/attachments/1000007469.jpg: Copied (new)
2026/07/30 16:12:28 INFO  : Products/Akafay/Akafay_Central/knowledge-base1/attachments/1000007470.jpg: Copied (new)
2026/07/30 16:12:29 INFO  : Products/Akafay/Akafay_Central/knowledge-base1/attachments/1000007471.jpg: Copied (new)
2026/07/30 16:12:30 INFO  : Products/Akafay/Akafay_Central/knowledge-base1/attachments/1000007473.jpg: Copied (new)
2026/07/30 16:12:30 INFO  : Products/Akafay/Akafay_Central/knowledge-base1/attachments/1000007474.jpg: Copied (new)
2026/07/30 16:12:31 INFO  : Products/Akafay/Akafay_Central/knowledge-base1/attachments/image.png: Copied (new)
2026/07/30 16:12:33 INFO  : Products/Akafay/Akafay_Central/knowledge-base1/bucket1/fintech-outlook-in-ethiopias-financial-industry-e.md: Copied (new)
2026/07/30 16:12:34 INFO  : Products/Akafay/Akafay_Central/strategy/objectives-key-results/key-results1.md: Copied (new)
2026/07/30 16:12:34 INFO  : Products/Akafay/Akafay_Central/strategy/objectives-key-results/objectives1.md: Copied (new)
2026/07/30 16:12:34 INFO  : Products/Akafay/Akafay_Central/knowledge-base1/views1/untitled65.md: Copied (new)
2026/07/30 16:12:35 INFO  : Products/Akafay/Akafay_Central/strategy/objectives-key-results/status-updates.md: Copied (new)
2026/07/30 16:12:36 INFO  : Products/Akafay/Akafay_Central/strategy/attachments/boa-8.png: Copied (new)
2026/07/30 16:12:36 INFO  : Products/Akafay/Akafay_Central/strategy/attachments/bbo.png: Copied (new)
2026/07/30 16:12:36 INFO  : Products/Akafay/Akafay_Central/strategy/attachments/boa.png: Copied (new)
2026/07/30 16:12:37 INFO  : Products/Akafay/Akafay_Central/strategy/attachments/boa1.png: Copied (new)
2026/07/30 16:12:38 INFO  : Products/Akafay/Akafay_Central/strategy/attachments/boa2.png: Copied (new)
2026/07/30 16:12:38 INFO  : Products/Akafay/Akafay_Central/strategy/attachments/boa3.png: Copied (new)
2026/07/30 16:12:39 INFO  : Products/Akafay/Akafay_Central/strategy/attachments/boa4.png: Copied (new)
2026/07/30 16:12:39 INFO  : Products/Akafay/Akafay_Central/strategy/attachments/boa5.png: Copied (new)
2026/07/30 16:12:40 INFO  : Products/Akafay/Akafay_Central/strategy/attachments/boa6.png: Copied (new)
2026/07/30 16:12:40 INFO  : Products/Akafay/Akafay_Central/strategy/attachments/boa7.png: Copied (new)
2026/07/30 16:12:41 INFO  : Products/Akafay/Akafay_Central/strategy/attachments/c.png: Copied (new)
2026/07/30 16:12:41 INFO  : Products/Akafay/Akafay_Central/strategy/attachments/co-2.png: Copied (new)
2026/07/30 16:12:42 INFO  : Products/Akafay/Akafay_Central/strategy/attachments/co3.png: Copied (new)
2026/07/30 16:12:42 INFO  : Products/Akafay/Akafay_Central/strategy/attachments/co4.png: Copied (new)
2026/07/30 16:12:43 INFO  : Products/Akafay/Akafay_Central/strategy/attachments/co6.png: Copied (new)
2026/07/30 16:12:44 INFO  : Products/Akafay/Akafay_Central/strategy/attachments/co5.png: Copied (new)
2026/07/30 16:12:45 INFO  : Products/Akafay/Akafay_Central/strategy/attachments/co7.png: Copied (new)
2026/07/30 16:12:45 INFO  : Products/Akafay/Akafay_Central/strategy/attachments/co8.png: Copied (new)
2026/07/30 16:12:46 INFO  : Products/Akafay/Akafay_Central/strategy/attachments/image-20260331-140912.png: Copied (new)
2026/07/30 16:12:47 INFO  : Products/Akafay/Akafay_Central/strategy/attachments/image-20260514-162646.png: Copied (new)
2026/07/30 16:12:47 INFO  : Products/Akafay/Akafay_Central/strategy/attachments/image-20260514-165210.png: Copied (new)
2026/07/30 16:12:48 INFO  : Products/Akafay/Akafay_Central/strategy/attachments/image-20260514-164118.png: Copied (new)
2026/07/30 16:12:48 INFO  : Products/Akafay/Akafay_Central/strategy/attachments/image-20260515-022702.png: Copied (new)
2026/07/30 16:12:49 INFO  : Products/Akafay/Akafay_Central/strategy/attachments/image-20260515-022605.png: Copied (new)
2026/07/30 16:12:49 INFO  : Products/Akafay/Akafay_Central/strategy/attachments/image-20260515-023140.png: Copied (new)
2026/07/30 16:12:49 INFO  : Products/Akafay/Akafay_Central/strategy/attachments/image-20260515-024727.png: Copied (new)
2026/07/30 16:12:50 INFO  : Products/Akafay/Akafay_Central/strategy/attachments/image-20260515-025734.png: Copied (new)
2026/07/30 16:12:51 INFO  : Products/Akafay/Akafay_Central/strategy/attachments/image-20260515-034206.png: Copied (new)
2026/07/30 16:12:52 INFO  : Products/Akafay/Akafay_Central/strategy/attachments/image-20260515-044109.png: Copied (new)
2026/07/30 16:12:52 INFO  : Products/Akafay/Akafay_Central/strategy/attachments/image-20260728-115139.png: Copied (new)
2026/07/30 16:12:53 INFO  : Products/Akafay/Akafay_Central/strategy/attachments/image-20260728-141916.png: Copied (new)
2026/07/30 16:12:54 INFO  : Products/Akafay/Akafay_Central/strategy/attachments/image.png: Copied (new)
2026/07/30 16:12:54 INFO  : Products/Akafay/Akafay_Central/strategy/attachments/maya-4.png: Copied (new)
2026/07/30 16:12:55 INFO  : Products/Akafay/Akafay_Central/strategy/attachments/maya-5.png: Copied (new)
2026/07/30 16:12:55 INFO  : Products/Akafay/Akafay_Central/strategy/attachments/maya-6.png: Copied (new)
2026/07/30 16:12:56 INFO  : Products/Akafay/Akafay_Central/strategy/attachments/maya1.png: Copied (new)
2026/07/30 16:12:57 INFO  : Products/Akafay/Akafay_Central/strategy/attachments/maya2.png: Copied (new)
2026/07/30 16:12:57 INFO  : Products/Akafay/Akafay_Central/strategy/attachments/maya3.png: Copied (new)
2026/07/30 16:12:59 INFO  : Products/Akafay/Akafay_Central/strategy/attachments/rev-3.png: Copied (new)
2026/07/30 16:12:59 INFO  : Products/Akafay/Akafay_Central/strategy/attachments/rev-7.png: Copied (new)
2026/07/30 16:13:00 INFO  : Products/Akafay/Akafay_Central/strategy/attachments/rev1.png: Copied (new)
2026/07/30 16:13:02 INFO  : Products/Akafay/Akafay_Central/strategy/attachments/rev2.png: Copied (new)
2026/07/30 16:13:02 INFO  : Products/Akafay/Akafay_Central/strategy/attachments/rev4.png: Copied (new)
2026/07/30 16:13:03 INFO  : Products/Akafay/Akafay_Central/strategy/attachments/rev5.png: Copied (new)
2026/07/30 16:13:03 INFO  : Products/Akafay/Akafay_Central/strategy/attachments/rev6.png: Copied (new)
2026/07/30 16:13:04 INFO  : Products/Akafay/Akafay_Central/strategy/attachments/rev8.png: Copied (new)
2026/07/30 16:13:06 INFO  : Products/Akafay/Akafay_Central/strategy/attachments/starling-$.png: Copied (new)
2026/07/30 16:13:06 INFO  : Products/Akafay/Akafay_Central/strategy/attachments/starling-1.png: Copied (new)
2026/07/30 16:13:06 INFO  : Products/Akafay/Akafay_Central/strategy/attachments/starling-2.png: Copied (new)
2026/07/30 16:13:06 INFO  : Products/Akafay/Akafay_Central/strategy/attachments/starling-3.png: Copied (new)
2026/07/30 16:13:09 INFO  : Products/Akafay/Akafay_Central/strategy/attachments/starling-8.png: Copied (new)
2026/07/30 16:13:09 INFO  : Products/Akafay/Akafay_Central/strategy/attachments/starling-7.png: Copied (new)
2026/07/30 16:13:09 INFO  : Products/Akafay/Akafay_Central/strategy/attachments/starling-5.png: Copied (new)
2026/07/30 16:13:09 INFO  : Products/Akafay/Akafay_Central/strategy/attachments/starling-6.png: Copied (new)
2026/07/30 16:13:10 INFO  : Products/Akafay/Akafay_Central/strategy/mfi-strategy__/decision-pro-banks-to-mfis.md: Copied (new)
2026/07/30 16:13:10 INFO  : scripts/nc_link_rewrite_report.json: Deleted
2026/07/30 16:13:10 INFO  : scripts/nc_link_unresolved.json: Deleted
2026/07/30 16:13:10 INFO  : scripts/nc_rewrite_md_links.py: Deleted
2026/07/30 16:13:10 INFO  : scripts/nc_path_to_fileid.json: Deleted
2026/07/30 16:13:10 INFO  : .cursor/rules/no-em-dash.mdc: Deleted
2026/07/30 16:13:10 INFO  : .cursor/rules/birrezy-agent.mdc: Deleted
2026/07/30 16:13:10 INFO  : hadid-propfind.xml: Deleted
2026/07/30 16:13:10 INFO  : scripts: Removing directory
2026/07/30 16:13:10 INFO  : .cursor/rules: Removing directory
2026/07/30 16:13:10 INFO  : .cursor: Removing directory
2026/07/30 16:13:10 INFO  : 
Transferred:   	   33.532 MiB / 33.532 MiB, 100%, 702 B/s, ETA 0s
Checks:               337 / 337, 100%
Deleted:                7 (files), 3 (dirs)
Transferred:          238 / 238, 100%
Elapsed time:      5m10.6s

[2026-07-30 16:13:10] PULL done
[2026-08-12 16:32:04] PULL start (Nextcloud → local) 
2026/08/12 16:32:36 INFO  : Products/Akafay/AIS/AIS RULES AND SCORECARD.md: Copied (new)
2026/08/12 16:32:37 INFO  : Products/Akafay/AIS/Complete-Dataset.md: Copied (new)
2026/08/12 16:32:37 INFO  : Products/Akafay/AIS/extract-logic.md: Copied (new)
2026/08/12 16:32:37 INFO  : Products/Akafay/AIS/AKAFAY.whiteboard: Copied (new)
2026/08/12 16:32:40 INFO  : Execution/Training/Crypto for Security/Plan/Strategic-Proposal.md: Copied (new)
2026/08/12 16:32:41 INFO  : Execution/Training/Crypto for Security/Plan/Project Initiation Document & Enterprise Proposal.md: Copied (new)
2026/08/12 16:32:53 INFO  : Products/Akafay/Operating_System/AKAFAY_HALAL_PARTNER_BRIEFING.md: Copied (new)
2026/08/12 16:32:53 INFO  : Products/Akafay/Operating_System/HALLAL INTERNAL WORKING.md: Copied (new)
2026/08/12 16:32:59 INFO  : Products/Birrezy/Birrezy_Confluence/strategy/funding-and-investment-strategy/strategy-2-grants-non-dilutive-capital.md: Copied (replaced existing)
2026/08/12 16:33:02 INFO  : Products/Akafay/Akafay_Central/strategy/mfi-strategy__/Lefayeda MFI.md: Copied (new)
2026/08/12 16:33:02 INFO  : Products/Akafay/Akafay_Central/strategy/mfi-strategy__/Africa Village MFI.md: Copied (new)
2026/08/12 16:33:02 INFO  : Products/Akafay/Akafay_Central/strategy/mfi-strategy__/mfi-hit-list.md: Copied (new)
2026/08/12 16:33:02 INFO  : Products/Akafay/Akafay_Central/strategy/mfi-hit-list.md: Deleted
2026/08/12 16:33:02 INFO  : 
Transferred:   	  213.012 KiB / 213.012 KiB, 100%, 5.901 KiB/s, ETA 0s
Checks:               566 / 566, 100%
Deleted:                1 (files), 0 (dirs)
Transferred:           12 / 12, 100%
Elapsed time:        58.2s

[2026-08-12 16:33:02] PULL done
[2026-08-17 15:09:36] PULL start (Nextcloud → local) 
2026/08/17 15:09:49 INFO  : Execution/Roadmap.md: Copied (new)
2026/08/17 15:09:57 INFO  : Knowledge_Base/Regulatory/NBE Licensing Requirements.md: Copied (new)
2026/08/17 15:10:05 INFO  : Products/Akafay/Roadmap.md: Copied (replaced existing)
2026/08/17 15:10:51 INFO  : Products/Akafay/Akafay_Central/strategy/mfi-strategy__/Lefayeda MFI.md: Copied (replaced existing)
2026/08/17 15:10:51 INFO  : 
Transferred:   	   61.239 KiB / 61.239 KiB, 100%, 193 B/s, ETA 0s
Checks:               576 / 576, 100%
Transferred:            4 / 4, 100%
Elapsed time:      1m15.1s

[2026-08-17 15:10:51] PULL done
[2026-08-17 19:04:13] PULL start (Nextcloud → local) 
2026/08/17 19:05:45 INFO  : There was nothing to transfer
2026/08/17 19:05:45 INFO  : 
Transferred:   	          0 B / 0 B, -, 0 B/s, ETA -
Checks:               578 / 578, 100%
Elapsed time:      1m32.2s

[2026-08-17 19:05:45] PULL done
[2026-08-17 19:32:41] PULL start (Nextcloud → local) 
2026/08/17 19:33:45 INFO  : There was nothing to transfer
2026/08/17 19:33:45 INFO  : 
Transferred:   	          0 B / 0 B, -, 0 B/s, ETA -
Checks:               578 / 578, 100%
Elapsed time:       1m4.1s

[2026-08-17 19:33:45] PULL done
[2026-08-17 19:47:02] PUSH start (local → Nextcloud) 
2026/08/17 19:47:31 INFO  : Products/Akafay/Akafay.md: Copied (replaced existing)
2026/08/17 19:47:38 INFO  : Products/Akafay/DEFI/GOV_Stakeholders_RACI.md: Copied (new)
2026/08/17 19:47:38 INFO  : Products/Akafay/DEFI/GOV_Crypto_Narrative_and_Non_Goals.md: Copied (new)
2026/08/17 19:47:38 INFO  : Products/Akafay/DEFI/Findings_and_Alignment.md: Copied (new)
2026/08/17 19:47:54 INFO  : Products/Akafay/DEFI/Hadid_Initiative_Complete_Plan.md: Copied (new)
2026/08/17 19:48:06 INFO  : Products/Akafay/DEFI/PLAN_Master_Timeline.md: Copied (new)
2026/08/17 19:48:06 INFO  : Products/Akafay/DEFI/PACK_Checklist.md: Copied (new)
2026/08/17 19:48:06 INFO  : Products/Akafay/DEFI/PLAN_Phase_R1.md: Copied (new)
2026/08/17 19:48:07 INFO  : Products/Akafay/DEFI/PLAN_Phase_R0.md: Copied (new)
2026/08/17 19:48:24 INFO  : Products/Akafay/DEFI/README.MD: Copied (new)
2026/08/17 19:48:24 INFO  : Products/Akafay/DEFI/PLAN_Phase_R2.md: Copied (new)
2026/08/17 19:48:25 INFO  : Products/Akafay/DEFI/PLAN_Phase_R4.md: Copied (new)
2026/08/17 19:48:25 INFO  : Products/Akafay/DEFI/PLAN_Phase_R3.md: Copied (new)
2026/08/17 19:48:31 INFO  : Products/Akafay/DEFI/README.md: Copied (new)
2026/08/17 19:48:32 INFO  : Products/Akafay/DEFI/REQ_Document_Packs.md: Copied (new)
2026/08/17 19:48:34 INFO  : Products/Akafay/DEFI/REQ_Bank_Partnership.md: Copied (new)
2026/08/17 19:48:34 INFO  : Products/Akafay/DEFI/REQ_ECMA_Capital_Markets.md: Copied (new)
2026/08/17 19:48:41 INFO  : Products/Akafay/DEFI/REQ_Master_Register.md: Copied (new)
2026/08/17 19:48:42 INFO  : Products/Akafay/DEFI/REQ_Licensing_and_Capital.md: Copied (new)
2026/08/17 19:48:42 INFO  : Products/Akafay/DEFI/REQ_Identity_Security.md: Copied (new)
2026/08/17 19:48:42 INFO  : Products/Akafay/DEFI/REQ_NBE_Financial_Inclusion.md: Copied (new)
2026/08/17 19:48:47 INFO  : Products/Akafay/DEFI/Reconciled_Master_Plan.md: Copied (new)
2026/08/17 19:48:48 INFO  : Products/Akafay/DEFI/Regulatory_Strategy_Complete_Plan.md: Copied (new)
2026/08/17 19:48:48 INFO  : Execution/Training/AI for banks: Removing directory
2026/08/17 19:48:52 INFO  : 
Transferred:   	  110.616 KiB / 110.616 KiB, 100%, 1.538 KiB/s, ETA 0s
Checks:               578 / 578, 100%
Deleted:                0 (files), 1 (dirs)
Transferred:           23 / 23, 100%
Elapsed time:      1m49.6s

[2026-08-17 19:48:52] PUSH done
[2026-08-17 20:10:45] PUSH start (local → Nextcloud) 
2026/08/17 20:11:18 INFO  : Products/Akafay/DEFI/GOV_Crypto_Narrative_and_Non_Goals.md: Copied (new)
2026/08/17 20:11:19 INFO  : Products/Akafay/DEFI/Findings_and_Alignment.md: Copied (new)
2026/08/17 20:11:30 INFO  : Products/Akafay/DEFI/Hadid_Initiative_Complete_Plan.md: Copied (new)
2026/08/17 20:11:30 INFO  : Products/Akafay/DEFI/PACK_Checklist.md: Copied (new)
2026/08/17 20:11:30 INFO  : Products/Akafay/DEFI/GOV_Stakeholders_RACI.md: Copied (new)
2026/08/17 20:11:35 INFO  : Products/Akafay/DEFI/PLAN_Master_Timeline.md: Copied (new)
2026/08/17 20:11:36 INFO  : Products/Akafay/DEFI/PLAN_Phase_R1.md: Copied (new)
2026/08/17 20:11:36 INFO  : Products/Akafay/DEFI/PLAN_Phase_R0.md: Copied (new)
2026/08/17 20:11:41 INFO  : Products/Akafay/DEFI/PLAN_Phase_R2.md: Copied (new)
2026/08/17 20:11:41 INFO  : Products/Akafay/DEFI/PLAN_Phase_R4.md: Copied (new)
2026/08/17 20:11:41 INFO  : Products/Akafay/DEFI/PLAN_Phase_R3.md: Copied (new)
2026/08/17 20:11:45 INFO  : Products/Akafay/DEFI/README.MD: Copied (new)
2026/08/17 20:11:46 INFO  : Products/Akafay/DEFI/README.md: Copied (new)
2026/08/17 20:11:46 INFO  : Products/Akafay/DEFI/REQ_Bank_Partnership.md: Copied (new)
2026/08/17 20:11:49 INFO  : Products/Akafay/DEFI/REQ_Document_Packs.md: Copied (new)
2026/08/17 20:11:50 INFO  : Products/Akafay/DEFI/REQ_ECMA_Capital_Markets.md: Copied (new)
2026/08/17 20:11:51 INFO  : Products/Akafay/DEFI/REQ_Identity_Security.md: Copied (new)
2026/08/17 20:11:54 INFO  : Products/Akafay/DEFI/REQ_Licensing_and_Capital.md: Copied (new)
2026/08/17 20:11:56 INFO  : Products/Akafay/DEFI/REQ_Master_Register.md: Copied (new)
2026/08/17 20:11:56 INFO  : Products/Akafay/DEFI/REQ_NBE_Financial_Inclusion.md: Copied (new)
2026/08/17 20:11:58 INFO  : Products/Akafay/DEFI/Reconciled_Master_Plan.md: Copied (new)
2026/08/17 20:12:00 INFO  : Products/Akafay/DEFI/Regulatory_Strategy_Complete_Plan.md: Copied (new)
2026/08/17 20:14:53 ERROR : Execution/Roadmap.md: Failed to copy: Sabre\DAV\Exception\Locked: 423 Locked
2026/08/17 20:14:53 ERROR : webdav root 'DLT/Hadid': not deleting files as there were IO errors
2026/08/17 20:14:53 ERROR : webdav root 'DLT/Hadid': not deleting directories as there were IO errors
2026/08/17 20:14:53 ERROR : Attempt 1/3 failed with 1 errors and: Sabre\DAV\Exception\Locked: 423 Locked
2026/08/17 20:19:21 ERROR : Execution/Roadmap.md: Failed to copy: Sabre\DAV\Exception\Locked: 423 Locked
2026/08/17 20:19:21 ERROR : webdav root 'DLT/Hadid': not deleting files as there were IO errors
2026/08/17 20:19:21 ERROR : webdav root 'DLT/Hadid': not deleting directories as there were IO errors
2026/08/17 20:19:21 ERROR : Attempt 2/3 failed with 1 errors and: Sabre\DAV\Exception\Locked: 423 Locked
2026/08/17 20:24:04 ERROR : Execution/Roadmap.md: Failed to copy: Sabre\DAV\Exception\Locked: 423 Locked
2026/08/17 20:24:04 ERROR : webdav root 'DLT/Hadid': not deleting files as there were IO errors
2026/08/17 20:24:04 ERROR : webdav root 'DLT/Hadid': not deleting directories as there were IO errors
2026/08/17 20:24:04 ERROR : Attempt 3/3 failed with 1 errors and: Sabre\DAV\Exception\Locked: 423 Locked
2026/08/17 20:24:04 INFO  : 
Transferred:   	  105.479 KiB / 105.479 KiB, 100%, 0 B/s, ETA 0s
Errors:                 1 (retrying may help)
Checks:              1778 / 1778, 100%
Transferred:           22 / 22, 100%
Elapsed time:     13m19.4s

2026/08/17 20:24:04 Failed to sync: Sabre\DAV\Exception\Locked: 423 Locked
[2026-08-17 20:24:04] PUSH done
[2026-08-27 15:08:17] PULL start (Nextcloud → local) 
2026/08/27 15:08:22 INFO  : Hadid Overview.whiteboard: Copied (new)
2026/08/27 15:08:27 INFO  : Execution/Roadmap.md: Copied (replaced existing)
2026/08/27 15:08:29 INFO  : Products/Akafay/Akafay DEFI Transformation Plan.md: Copied (new)
2026/08/27 15:08:36 INFO  : Execution/Roadmap/Findings_and_Alignment.md: Copied (new)
2026/08/27 15:08:36 INFO  : Execution/Roadmap/Hadid_Initiative_Complete_Plan.md: Copied (new)
2026/08/27 15:08:36 INFO  : Execution/Roadmap/GOV_Crypto_Narrative_and_Non_Goals.md: Copied (new)
2026/08/27 15:08:37 INFO  : Execution/Roadmap/GOV_Stakeholders_RACI.md: Copied (new)
2026/08/27 15:08:42 INFO  : Execution/Roadmap/PACK_Checklist.md: Copied (new)
2026/08/27 15:08:42 INFO  : Execution/Roadmap/PLAN_Phase_R1.md: Copied (new)
2026/08/27 15:08:42 INFO  : Execution/Roadmap/PLAN_Phase_R0.md: Copied (new)
2026/08/27 15:08:42 INFO  : Execution/Roadmap/PLAN_Master_Timeline.md: Copied (new)
2026/08/27 15:08:45 INFO  : Execution/Roadmap/PLAN_Phase_R2.md: Copied (new)
2026/08/27 15:08:46 INFO  : Execution/Roadmap/README.md: Copied (new)
2026/08/27 15:08:46 INFO  : Execution/Roadmap/PLAN_Phase_R3.md: Copied (new)
2026/08/27 15:08:46 INFO  : Execution/Roadmap/PLAN_Phase_R4.md: Copied (new)
2026/08/27 15:08:50 INFO  : Execution/Roadmap/REQ_Bank_Partnership.md: Copied (new)
2026/08/27 15:08:50 INFO  : Execution/Roadmap/REQ_Identity_Security.md: Copied (new)
2026/08/27 15:08:51 INFO  : Execution/Roadmap/REQ_Document_Packs.md: Copied (new)
2026/08/27 15:08:51 INFO  : Execution/Roadmap/REQ_ECMA_Capital_Markets.md: Copied (new)
2026/08/27 15:08:53 INFO  : Execution/Roadmap/REQ_Licensing_and_Capital.md: Copied (new)
2026/08/27 15:08:54 INFO  : Execution/Roadmap/REQ_Master_Register.md: Copied (new)
2026/08/27 15:08:54 INFO  : Execution/Roadmap/REQ_NBE_Financial_Inclusion.md: Copied (new)
2026/08/27 15:08:55 INFO  : Execution/Roadmap/Reconciled_Master_Plan.md: Copied (new)
2026/08/27 15:08:56 INFO  : Execution/Roadmap/Regulatory_Strategy_Complete_Plan.md: Copied (new)
2026/08/27 15:08:58 INFO  : Execution/Engagements/Government/Digital Council.md: Copied (new)
2026/08/27 15:09:01 INFO  : Execution/Engagements/NGO/Carbon Finance.md: Copied (new)
2026/08/27 15:09:01 INFO  : Execution/Engagements/NGO/UNDP.md: Copied (new)
2026/08/27 15:09:07 INFO  : Products/Akafay/DEFI/Protocols.md: Copied (new)
2026/08/27 15:09:13 INFO  : Products/Akafay/Akafay_Central/research/mastercard-mpgs.md: Copied (replaced existing)
2026/08/27 15:09:16 INFO  : Products/Akafay/Akafay_Central/strategy/mfi-strategy__/Ethiopian MFIs.md: Copied (new)
2026/08/27 15:09:16 INFO  : Products/Akafay/Akafay_Central/strategy/mfi-strategy__/AdCSI.md: Copied (new)
2026/08/27 15:09:16 INFO  : Products/Akafay/Akafay_Central/strategy/mfi-strategy__/Decision PRO X MFI.md: Copied (new)
2026/08/27 15:09:16 INFO  : Products/Akafay/Akafay_Central/strategy/mfi-strategy__/Addis Credit and saving institution.md: Copied (new)
2026/08/27 15:09:18 INFO  : Products/Akafay/Akafay_Central/strategy/mfi-strategy__/MFI AI & Digital Lending Benchmark: Kenya and India.md: Copied (new)
2026/08/27 15:09:19 INFO  : Products/Akafay/Akafay_Central/strategy/mfi-strategy__/MFIs Tracker.md: Copied (new)
2026/08/27 15:09:19 INFO  : Products/Akafay/Akafay_Central/strategy/mfi-strategy__/Market Analysis.md: Copied (new)
2026/08/27 15:09:19 INFO  : Products/Akafay/Akafay_Central/strategy/mfi-strategy__/Vision Fund Ethiopia MFI.md: Copied (new)
2026/08/27 15:09:20 INFO  : Products/Akafay/Akafay_Central/strategy/mfi-strategy__/Wasasa Microfinance S.C.md: Copied (new)
2026/08/27 15:09:20 INFO  : 
Transferred:   	  358.978 KiB / 358.978 KiB, 100%, 8.327 KiB/s, ETA 0s
Checks:               600 / 600, 100%
Transferred:           38 / 38, 100%
Elapsed time:       1m2.9s

[2026-08-27 15:09:20] PULL done
[2026-09-03 15:57:21] PULL start (Nextcloud → local) 
2026/09/03 15:57:29 INFO  : Organization/Corporate_Profile.md: Copied (replaced existing)
2026/09/03 15:57:35 INFO  : Knowledge_Base/Markets_and_Instruments/Major_lending_types.md: Copied (new)
2026/09/03 15:57:37 INFO  : Products/Akafay/Akafay DEFI Transformation Plan.md: Copied (replaced existing)
2026/09/03 15:57:42 INFO  : Execution/Engagements/NGO/UNDP.md: Copied (replaced existing)
2026/09/03 15:57:42 INFO  : Execution/Engagements/NGO/Coffee Traceability.docx: Copied (new)
2026/09/03 15:58:05 INFO  : Knowledge_Base/DLT - PRINT READYT (23).pdf: Deleted
2026/09/03 15:58:05 INFO  : Organization/Corporate_Profile_2026.md: Deleted
2026/09/03 15:58:05 INFO  : Knowledge_Base/DLT - PRINT READYT (23).md: Deleted
2026/09/03 15:58:05 INFO  : Knowledge_Base/MASTER-DECK.md: Deleted
2026/09/03 15:58:05 INFO  : Knowledge_Base/MASTER-DECK.pdf: Deleted
2026/09/03 15:58:05 INFO  : 
Transferred:   	  102.027 KiB / 102.027 KiB, 100%, 1.540 KiB/s, ETA 0s
Checks:               641 / 641, 100%
Deleted:                5 (files), 0 (dirs)
Transferred:            5 / 5, 100%
Elapsed time:        44.0s

[2026-09-03 15:58:05] PULL done
[2026-09-03 17:59:34] PUSH start (local → Nextcloud) 
2026/09/03 17:59:53 INFO  : Organization/HADID.md: Copied (replaced existing)
2026/09/03 17:59:54 INFO  : Organization/Glossary.md: Copied (replaced existing)
2026/09/03 17:59:54 INFO  : Organization/Completeness_Matrix.md: Copied (replaced existing)
2026/09/03 18:00:04 INFO  : Organization/Decisions/DR-20260903-BIRREZY_DIAGRAM.md: Copied (new)
2026/09/03 18:00:06 INFO  : Organization/Decisions/DR-20260903-BIRREZY_LC.md: Copied (new)
2026/09/03 18:00:09 INFO  : Organization/Decisions/DR-20260903-BIRREZY_REWARDS.md: Copied (new)
2026/09/03 18:00:10 INFO  : Organization/Decisions/DR-20260903-BIRREZY_VAS.md: Copied (new)
2026/09/03 18:00:16 INFO  : Organization/Decisions/DR-20260903-BIRREZY_VRA.md: Copied (new)
2026/09/03 18:00:17 INFO  : Organization/Decisions/Decisions_Index.md: Copied (replaced existing)
2026/09/03 18:00:19 INFO  : Products/Birrezy/ADR_Index.md: Copied (replaced existing)
2026/09/03 18:00:19 INFO  : Products/Birrezy/Birrezy.md: Copied (replaced existing)
2026/09/03 18:00:26 INFO  : Products/Birrezy/Architecture_and_Engineering/Birrezy_Aggregation_and_Nostro_Netting.md: Copied (new)
2026/09/03 18:00:26 INFO  : Products/Birrezy/Roadmap.md: Copied (replaced existing)
2026/09/03 18:00:30 INFO  : Products/Birrezy/Architecture_and_Engineering/Birrezy_LC_Liquidity_Handoff.md: Copied (new)
2026/09/03 18:00:31 INFO  : Products/Birrezy/Architecture_and_Engineering/Birrezy_Open_Transaction_Gateway.md: Copied (new)
2026/09/03 18:00:34 INFO  : Products/Birrezy/Architecture_and_Engineering/Birrezy_Treasury_Command_Control.md: Copied (new)
2026/09/03 18:00:36 INFO  : Products/Birrezy/Architecture_and_Engineering/Birrezy_VRA_Model.md: Copied (new)
2026/09/03 18:00:38 INFO  : Products/Birrezy/Architecture_and_Engineering/Birrezy_Architecture_Overview.md: Copied (replaced existing)
2026/09/03 18:00:38 INFO  : Products/Birrezy/Architecture_and_Engineering/Birrezy_Bank_Ops_Dashboard.md: Copied (replaced existing)
2026/09/03 18:00:39 INFO  : Products/Birrezy/Architecture_and_Engineering/Birrezy_Ingestion_Gateway.md: Copied (replaced existing)
2026/09/03 18:00:39 INFO  : Products/Birrezy/Architecture_and_Engineering/Birrezy_Liquidity_and_Market_Making.md: Copied (replaced existing)
2026/09/03 18:00:48 INFO  : Products/Birrezy/Architecture_and_Engineering/Birrezy_Settlement_Rails_and_Corridor_Model.md: Copied (replaced existing)
2026/09/03 18:00:48 INFO  : Products/Birrezy/Architecture_and_Engineering/Side_Channel_Manifest_API.md: Copied (replaced existing)
2026/09/03 18:00:48 INFO  : Products/Birrezy/Architecture_and_Engineering/Fee_Splitting_Engine.md: Copied (replaced existing)
2026/09/03 18:00:48 INFO  : Products/Birrezy/Architecture_and_Engineering/Birrezy_Partner_Integration_API.md: Copied (replaced existing)
2026/09/03 18:00:53 INFO  : Products/Birrezy/Commercial/RISK.md: Copied (replaced existing)
2026/09/03 18:00:53 INFO  : Products/Birrezy/Commercial/PRICING.md: Copied (replaced existing)
2026/09/03 18:00:53 INFO  : Products/Birrezy/Compliance_and_Regulatory/Birrezy_Compliance_Layer.md: Copied (replaced existing)
2026/09/03 18:00:54 INFO  : Products/Birrezy/Compliance_and_Regulatory/Birrezy_Compliance_Reporting_Framework.md: Copied (replaced existing)
2026/09/03 18:00:58 INFO  : Products/Birrezy/Compliance_and_Regulatory/Birrezy_Onboarding_and_KYC_Spec.md: Copied (replaced existing)
2026/09/03 18:00:58 INFO  : Products/Birrezy/Diagrams/FIG_Birrezy_Sovereign_Core_Remittance_Architecture.png: Copied (new)
2026/09/03 18:00:58 INFO  : Products/Birrezy/Diagrams/EXCAL_Birrezy_ET-US_Flow.md: Copied (replaced existing)
2026/09/03 18:00:59 INFO  : Products/Birrezy/Diagrams/README.md: Copied (replaced existing)
2026/09/03 18:01:01 INFO  : Products/Birrezy/Product_Ecosystem/Birrezy_Agent_and_Bill_Pay.md: Copied (new)
2026/09/03 18:01:01 INFO  : Products/Birrezy/Product_Ecosystem/Birrezy_Rewards_Switch_and_Zap.md: Copied (new)
2026/09/03 18:01:02 INFO  : Products/Birrezy/Product_Ecosystem/Birrezy_Remit_to_Credit.md: Copied (new)
2026/09/03 18:01:03 INFO  : Products/Birrezy/Product_Ecosystem/Birrezy_VAS_Index.md: Copied (new)
2026/09/03 18:01:05 INFO  : Products/Birrezy/Product_Ecosystem/Birrezy_Freelance.md: Copied (replaced existing)
2026/09/03 18:01:06 INFO  : Products/Birrezy/Product_Ecosystem/Birrezy_Remit.md: Copied (replaced existing)
2026/09/03 18:01:06 INFO  : Products/Birrezy/Product_Ecosystem/Birrezy_Prime.md: Copied (replaced existing)
2026/09/03 18:01:07 INFO  : Products/Birrezy/Product_Ecosystem/Product_Ecosystem.md: Copied (replaced existing)
2026/09/03 18:01:09 INFO  : Products/Birrezy/Strategy_and_Capital/Birrezy_AI_Agent_Directives.md: Copied (replaced existing)
2026/09/03 18:01:09 INFO  : Products/Birrezy/Strategy_and_Capital/Birrezy_Commercial_Flywheel.md: Copied (replaced existing)
2026/09/03 18:01:10 INFO  : Products/Birrezy/Strategy_and_Capital/Birrezy_Deck.md: Copied (replaced existing)
2026/09/03 18:01:11 INFO  : Products/Birrezy/Strategy_and_Capital/Birrezy_Executive_Summary.md: Copied (replaced existing)
2026/09/03 18:01:13 INFO  : Products/Birrezy/Strategy_and_Capital/Birrezy_Invest.md: Copied (replaced existing)
2026/09/03 18:01:13 INFO  : Products/Birrezy/Strategy_and_Capital/Birrezy_GTM_Playbook.md: Copied (replaced existing)
2026/09/03 18:01:14 INFO  : Products/Birrezy/Strategy_and_Capital/Birrezy_Positioning_and_Operating_Model.md: Copied (replaced existing)
2026/09/03 18:01:14 INFO  : Products/Birrezy/Strategy_and_Capital/Birrezy_Strategy_SSOT.md: Copied (replaced existing)
2026/09/03 18:01:16 INFO  : Products/Birrezy/Strategy_and_Capital/Birrezy_Unit_Economics.md: Copied (replaced existing)
2026/09/03 18:01:16 INFO  : Products/Birrezy/_Working/DIAGRAM_GAP_REGISTER.md: Copied (new)
2026/09/03 18:01:17 INFO  : Products/Birrezy/_Working/QUESTIONS.md: Copied (replaced existing)
2026/09/03 18:01:17 INFO  : 
Transferred:   	  733.404 KiB / 733.404 KiB, 100%, 12.443 KiB/s, ETA 0s
Checks:               638 / 638, 100%
Transferred:           52 / 52, 100%
Elapsed time:      1m42.9s

[2026-09-03 18:01:17] PUSH done
[2026-09-03 20:00:47] PUSH start (local → Nextcloud) 
2026/09/03 20:01:04 INFO  : Products/Birrezy/Birrezy FxOS_ Sovereign Liquidity Infrastructure & Core Protocol Architecture - V1.md: Copied (new)
2026/09/03 20:01:05 INFO  : Products/Birrezy/Birrezy.md: Copied (replaced existing)
2026/09/03 20:01:06 INFO  : Products/Birrezy/Birrezy_ A Blueprint for Dominating Ethiopia's Remittance Market.md: Copied (new)
2026/09/03 20:01:07 INFO  : Products/Birrezy/BIRREZY - GENERAL - V1 (1).md: Copied (new)
2026/09/03 20:01:17 INFO  : Products/Birrezy/Architecture_and_Engineering/Birrezy_Aggregation_and_Nostro_Netting.md: Copied (replaced existing)
2026/09/03 20:01:17 INFO  : Products/Birrezy/Roadmap.md: Copied (replaced existing)
2026/09/03 20:01:18 INFO  : Products/Birrezy/Architecture_and_Engineering/Birrezy_Bank_Partner_Capability_Matrix.md: Copied (new)
2026/09/03 20:01:19 INFO  : Products/Birrezy/Architecture_and_Engineering/Birrezy_Bank_Ops_Dashboard.md: Copied (replaced existing)
2026/09/03 20:01:28 INFO  : Products/Birrezy/Architecture_and_Engineering/Birrezy_Open_Transaction_Gateway.md: Copied (replaced existing)
2026/09/03 20:01:29 INFO  : Products/Birrezy/Architecture_and_Engineering/Birrezy_LC_Liquidity_Handoff.md: Copied (replaced existing)
2026/09/03 20:01:30 INFO  : Products/Birrezy/Architecture_and_Engineering/Birrezy_Ingestion_Gateway.md: Copied (replaced existing)
2026/09/03 20:01:30 INFO  : Products/Birrezy/Architecture_and_Engineering/Birrezy_Partner_Integration_API.md: Copied (replaced existing)
2026/09/03 20:01:38 INFO  : Products/Birrezy/Architecture_and_Engineering/Birrezy_Settlement_Rails_and_Corridor_Model.md: Copied (replaced existing)
2026/09/03 20:01:38 INFO  : Products/Birrezy/Architecture_and_Engineering/Birrezy_Reconciliation_and_Settlement_Protocol.md: Copied (replaced existing)
2026/09/03 20:01:38 INFO  : Products/Birrezy/Architecture_and_Engineering/Birrezy_Treasury_Command_Control.md: Copied (replaced existing)
2026/09/03 20:01:39 INFO  : Products/Birrezy/Architecture_and_Engineering/Partner_API_Catalog.md: Copied (replaced existing)
2026/09/03 20:01:43 INFO  : Products/Birrezy/Compliance_and_Regulatory/Birrezy_NBE_Sandbox_Pilot_Template.md: Copied (new)
2026/09/03 20:01:43 INFO  : Products/Birrezy/Commercial/RISK.md: Copied (replaced existing)
2026/09/03 20:01:43 INFO  : Products/Birrezy/Compliance_and_Regulatory/Birrezy_Compliance_Reporting_Framework.md: Copied (replaced existing)
2026/09/03 20:01:44 INFO  : Products/Birrezy/Compliance_and_Regulatory/Birrezy_Security_and_Custody_Control_Map.md: Copied (new)
2026/09/03 20:01:46 INFO  : Products/Birrezy/Compliance_and_Regulatory/Corridor_Compliance_Map.md: Copied (replaced existing)
2026/09/03 20:01:47 INFO  : Products/Birrezy/Operations/Reverse_Manifest_Protocol.md: Copied (replaced existing)
2026/09/03 20:01:47 INFO  : Products/Birrezy/Compliance_and_Regulatory/Travel_Rule_Runbook.md: Copied (replaced existing)
2026/09/03 20:01:47 INFO  : Products/Birrezy/Operations/T4_Weekend_Buffer_Rules.md: Copied (replaced existing)
2026/09/03 20:01:50 INFO  : Products/Birrezy/Product_Ecosystem/Birrezy_Prime.md: Copied (replaced existing)
2026/09/03 20:01:50 INFO  : Products/Birrezy/Strategy_and_Capital/Birrezy_Capital_Worksheet_by_Corridor.md: Copied (new)
2026/09/03 20:01:51 INFO  : Products/Birrezy/Product_Ecosystem/Birrezy_Remit.md: Copied (replaced existing)
2026/09/03 20:01:52 INFO  : Products/Birrezy/Strategy_and_Capital/Birrezy_Partner_Engagement_Modes.md: Copied (new)
2026/09/03 20:01:55 INFO  : Products/Birrezy/Strategy_and_Capital/Birrezy_Plan_Economics.md: Copied (new)
2026/09/03 20:01:55 INFO  : Products/Birrezy/Strategy_and_Capital/Birrezy_Bank_Partnership_Model.md: Copied (replaced existing)
2026/09/03 20:01:55 INFO  : Products/Birrezy/Strategy_and_Capital/Birrezy_Program_Readiness_and_Release_Gates.md: Copied (new)
2026/09/03 20:01:56 INFO  : Products/Birrezy/Strategy_and_Capital/Birrezy_Commercial_Flywheel.md: Copied (replaced existing)
2026/09/03 20:01:58 INFO  : Products/Birrezy/Strategy_and_Capital/Birrezy_Deck.md: Copied (replaced existing)
2026/09/03 20:01:59 INFO  : Products/Birrezy/Strategy_and_Capital/Birrezy_GTM_Playbook.md: Copied (replaced existing)
2026/09/03 20:01:59 INFO  : Products/Birrezy/Strategy_and_Capital/Birrezy_Market_Context.md: Copied (replaced existing)
2026/09/03 20:01:59 INFO  : Products/Birrezy/Strategy_and_Capital/Birrezy_Metrics_Authority.md: Copied (replaced existing)
2026/09/03 20:02:01 INFO  : Products/Birrezy/Strategy_and_Capital/Birrezy_Positioning_and_Operating_Model.md: Copied (replaced existing)
2026/09/03 20:02:01 INFO  : Products/Birrezy/Strategy_and_Capital/Birrezy_Strategy_SSOT.md: Copied (replaced existing)
2026/09/03 20:02:01 INFO  : 
Transferred:   	  479.625 KiB / 479.625 KiB, 100%, 4.947 KiB/s, ETA 0s
Checks:               654 / 654, 100%
Transferred:           38 / 38, 100%
Elapsed time:      1m14.7s

[2026-09-03 20:02:01] PUSH done
[2026-09-03 23:36:45] PUSH start (local → Nextcloud) 
2026/09/03 23:37:06 INFO  : Products/Birrezy/BIRREZY - GENERAL - V1 (1).md: Copied (replaced existing)
2026/09/03 23:37:22 INFO  : Products/Birrezy/Diagrams/README.md: Copied (replaced existing)
2026/09/03 23:37:23 INFO  : Products/Birrezy/Diagrams/Birrezy_Architecture_Diagrams_Mermaid.md: Copied (new)
2026/09/03 23:37:26 INFO  : 
Transferred:   	   88.438 KiB / 88.438 KiB, 100%, 2.536 KiB/s, ETA 0s
Checks:               664 / 664, 100%
Transferred:            3 / 3, 100%
Elapsed time:        41.1s

[2026-09-03 23:37:26] PUSH done
[2026-09-03 23:56:50] PUSH start (local → Nextcloud) 
2026/09/03 23:57:06 INFO  : Products/Birrezy/Birrezy.md: Copied (replaced existing)
2026/09/03 23:57:07 INFO  : Products/Birrezy/Birrezy FxOS_ Sovereign Liquidity Infrastructure & Core Protocol Architecture - V1.md: Copied (replaced existing)
2026/09/03 23:57:24 INFO  : Products/Birrezy/Diagrams/README.md: Copied (replaced existing)
2026/09/04 00:01:10 ERROR : Products/Birrezy/Diagrams/Birrezy_Architecture_Diagrams_Mermaid.md: Failed to copy: Sabre\DAV\Exception\Locked: 423 Locked
2026/09/04 00:01:10 ERROR : webdav root 'DLT/Hadid': not deleting files as there were IO errors
2026/09/04 00:01:10 ERROR : webdav root 'DLT/Hadid': not deleting directories as there were IO errors
2026/09/04 00:01:10 ERROR : Attempt 1/3 failed with 1 errors and: Sabre\DAV\Exception\Locked: 423 Locked
2026/09/04 00:05:29 ERROR : Products/Birrezy/Diagrams/Birrezy_Architecture_Diagrams_Mermaid.md: Failed to copy: Sabre\DAV\Exception\Locked: 423 Locked
2026/09/04 00:05:29 ERROR : webdav root 'DLT/Hadid': not deleting files as there were IO errors
2026/09/04 00:05:29 ERROR : webdav root 'DLT/Hadid': not deleting directories as there were IO errors
2026/09/04 00:05:29 ERROR : Attempt 2/3 failed with 1 errors and: Sabre\DAV\Exception\Locked: 423 Locked
2026/09/04 00:09:42 ERROR : Products/Birrezy/Diagrams/Birrezy_Architecture_Diagrams_Mermaid.md: Failed to copy: Sabre\DAV\Exception\Locked: 423 Locked
2026/09/04 00:09:42 ERROR : webdav root 'DLT/Hadid': not deleting files as there were IO errors
2026/09/04 00:09:42 ERROR : webdav root 'DLT/Hadid': not deleting directories as there were IO errors
2026/09/04 00:09:42 ERROR : Attempt 3/3 failed with 1 errors and: Sabre\DAV\Exception\Locked: 423 Locked
2026/09/04 00:09:42 INFO  : 
Transferred:   	  929.384 KiB / 929.384 KiB, 100%, 1.712 KiB/s, ETA 0s
Errors:                 1 (retrying may help)
Checks:              1995 / 1995, 100%
Transferred:            3 / 3, 100%
Elapsed time:     12m52.2s

2026/09/04 00:09:42 Failed to sync: Sabre\DAV\Exception\Locked: 423 Locked
[2026-09-04 00:09:43] PUSH done
[2026-09-04 00:44:56] PULL start (Nextcloud → local) 
2026/09/04 00:45:25 INFO  : Products/Birrezy/Diagrams/Birrezy_Architecture_Diagrams_Mermaid.md: Copied (replaced existing)
2026/09/04 00:45:32 INFO  : Products/Birrezy/Diagrams/.attachments.9994/WHITE.png: Copied (new)
2026/09/04 00:45:32 INFO  : Products/Birrezy/Diagrams/.attachments.9994/WHITE - Copy.png: Copied (new)
2026/09/04 00:45:33 INFO  : Products/Birrezy/Diagrams/.attachments.9994/WHITE (2).png: Copied (new)
2026/09/04 00:45:38 INFO  : 
Transferred:   	  108.826 KiB / 108.826 KiB, 100%, 7.775 KiB/s, ETA 0s
Checks:               665 / 665, 100%
Transferred:            4 / 4, 100%
Elapsed time:        42.0s

[2026-09-04 00:45:38] PULL done
[2026-09-04 00:45:56] PUSH start (local → Nextcloud) 
2026/09/04 00:46:30 INFO  : Products/Birrezy/Diagrams/Birrezy_Architecture_Diagrams_Mermaid.md: Copied (replaced existing)
2026/09/04 00:46:35 INFO  : 
Transferred:   	   31.069 KiB / 31.069 KiB, 100%, 2.587 KiB/s, ETA 0s
Checks:               668 / 668, 100%
Transferred:            1 / 1, 100%
Elapsed time:        38.7s

[2026-09-04 00:46:35] PUSH done
[2026-09-04 00:48:57] PUSH start (local → Nextcloud) 
2026/09/04 00:49:31 INFO  : Products/Birrezy/Diagrams/Birrezy_Architecture_Diagrams_Mermaid.md: Copied (replaced existing)
2026/09/04 00:49:33 INFO  : 
Transferred:   	   30.845 KiB / 30.845 KiB, 100%, 3.427 KiB/s, ETA 0s
Checks:               668 / 668, 100%
Transferred:            1 / 1, 100%
Elapsed time:        36.0s

[2026-09-04 00:49:33] PUSH done
[2026-09-04 00:51:36] PUSH start (local → Nextcloud) 
2026/09/04 00:52:15 INFO  : Products/Birrezy/Diagrams/Birrezy_Architecture_Diagrams_Mermaid.md: Copied (replaced existing)
2026/09/04 00:52:19 INFO  : 
Transferred:   	   30.749 KiB / 30.749 KiB, 100%, 3.077 KiB/s, ETA 0s
Checks:               668 / 668, 100%
Transferred:            1 / 1, 100%
Elapsed time:        42.5s

[2026-09-04 00:52:19] PUSH done
[2026-09-04 15:32:59] PUSH start (local → Nextcloud) 
2026/09/04 15:33:25 INFO  : Products/Birrezy/Birrezy.md: Copied (replaced existing)
2026/09/04 15:33:25 INFO  : Products/Birrezy/Birrezy_Business_Plan.md: Copied (new)
2026/09/04 15:40:44 ERROR : Products/Birrezy/Birrezy FxOS_ Sovereign Liquidity Infrastructure & Core Protocol Architecture - V1.md: Failed to copy: Sabre\DAV\Exception\Locked: 423 Locked
2026/09/04 15:40:58 ERROR : Products/Birrezy/Diagrams/Birrezy_Architecture_Diagrams_Mermaid.md: Failed to copy: Sabre\DAV\Exception\Locked: 423 Locked
2026/09/04 15:40:58 ERROR : webdav root 'DLT/Hadid': not deleting files as there were IO errors
2026/09/04 15:40:58 ERROR : webdav root 'DLT/Hadid': not deleting directories as there were IO errors
2026/09/04 15:40:58 ERROR : Attempt 1/3 failed with 2 errors and: Sabre\DAV\Exception\Locked: 423 Locked
2026/09/04 15:41:28 INFO  : Products/Birrezy/Birrezy_Business_Plan.md: Copied (replaced existing)
2026/09/04 15:41:29 INFO  : Products/Birrezy/Birrezy_FxOS_Whitepaper_V3.0.md: Copied (new)
2026/09/04 15:41:29 INFO  : Products/Birrezy/Birrezy.md: Copied (replaced existing)
2026/09/04 15:41:43 INFO  : Products/Birrezy/Diagrams/README.md: Copied (replaced existing)
2026/09/04 15:48:48 ERROR : Products/Birrezy/Birrezy FxOS_ Sovereign Liquidity Infrastructure & Core Protocol Architecture - V1.md: Failed to copy: Sabre\DAV\Exception\Locked: 423 Locked
2026/09/04 15:48:57 ERROR : Products/Birrezy/Diagrams/Birrezy_Architecture_Diagrams_Mermaid.md: Failed to copy: Sabre\DAV\Exception\Locked: 423 Locked
2026/09/04 15:48:57 ERROR : webdav root 'DLT/Hadid': not deleting files as there were IO errors
2026/09/04 15:48:57 ERROR : webdav root 'DLT/Hadid': not deleting directories as there were IO errors
2026/09/04 15:48:57 ERROR : Attempt 2/3 failed with 2 errors and: Sabre\DAV\Exception\Locked: 423 Locked
2026/09/04 15:49:21 INFO  : Products/Birrezy/Birrezy_Business_Plan.md: Copied (replaced existing)
2026/09/04 15:56:37 ERROR : Products/Birrezy/Birrezy FxOS_ Sovereign Liquidity Infrastructure & Core Protocol Architecture - V1.md: Failed to copy: Sabre\DAV\Exception\Locked: 423 Locked
2026/09/04 15:56:55 ERROR : Products/Birrezy/Diagrams/Birrezy_Architecture_Diagrams_Mermaid.md: Failed to copy: Sabre\DAV\Exception\Locked: 423 Locked
2026/09/04 15:56:55 ERROR : webdav root 'DLT/Hadid': not deleting files as there were IO errors
2026/09/04 15:56:55 ERROR : webdav root 'DLT/Hadid': not deleting directories as there were IO errors
2026/09/04 15:56:55 ERROR : Attempt 3/3 failed with 2 errors and: Sabre\DAV\Exception\Locked: 423 Locked
2026/09/04 15:56:55 INFO  : 
Transferred:   	    1.967 MiB / 1.967 MiB, 100%, 3.247 KiB/s, ETA 0s
Errors:                 2 (retrying may help)
Checks:              2007 / 2007, 100%
Transferred:            7 / 7, 100%
Elapsed time:     23m56.1s

2026/09/04 15:56:55 Failed to sync with 2 errors: last error was: Sabre\DAV\Exception\Locked: 423 Locked
[2026-09-04 15:56:55] PUSH done
[2026-09-04 16:24:56] PUSH start (local → Nextcloud) 
2026/09/04 16:25:14 INFO  : Products/Birrezy/Birrezy_FxOS_Whitepaper_V3.0.md: Copied (replaced existing)
2026/09/04 16:25:15 INFO  : Products/Birrezy/Birrezy.md: Copied (replaced existing)
2026/09/04 16:32:31 ERROR : Products/Birrezy/Birrezy FxOS_ Sovereign Liquidity Infrastructure & Core Protocol Architecture - V1.md: Failed to copy: Sabre\DAV\Exception\Locked: 423 Locked
2026/09/04 16:32:49 ERROR : Products/Birrezy/Diagrams/Birrezy_Architecture_Diagrams_Mermaid.md: Failed to copy: Sabre\DAV\Exception\Locked: 423 Locked
2026/09/04 16:32:49 ERROR : webdav root 'DLT/Hadid': not deleting files as there were IO errors
2026/09/04 16:32:49 ERROR : webdav root 'DLT/Hadid': not deleting directories as there were IO errors
2026/09/04 16:32:49 ERROR : Attempt 1/3 failed with 2 errors and: Sabre\DAV\Exception\Locked: 423 Locked
2026/09/04 16:40:24 ERROR : Products/Birrezy/Birrezy FxOS_ Sovereign Liquidity Infrastructure & Core Protocol Architecture - V1.md: Failed to copy: Sabre\DAV\Exception\Locked: 423 Locked
2026/09/04 16:40:34 ERROR : Products/Birrezy/Diagrams/Birrezy_Architecture_Diagrams_Mermaid.md: Failed to copy: Sabre\DAV\Exception\Locked: 423 Locked
2026/09/04 16:40:34 ERROR : webdav root 'DLT/Hadid': not deleting files as there were IO errors
2026/09/04 16:40:34 ERROR : webdav root 'DLT/Hadid': not deleting directories as there were IO errors
2026/09/04 16:40:34 ERROR : Attempt 2/3 failed with 2 errors and: Sabre\DAV\Exception\Locked: 423 Locked
2026/09/04 16:48:11 ERROR : Products/Birrezy/Birrezy FxOS_ Sovereign Liquidity Infrastructure & Core Protocol Architecture - V1.md: Failed to copy: Sabre\DAV\Exception\Locked: 423 Locked
2026/09/04 16:48:21 ERROR : Products/Birrezy/Diagrams/Birrezy_Architecture_Diagrams_Mermaid.md: Failed to copy: Sabre\DAV\Exception\Locked: 423 Locked
2026/09/04 16:48:21 ERROR : webdav root 'DLT/Hadid': not deleting files as there were IO errors
2026/09/04 16:48:21 ERROR : webdav root 'DLT/Hadid': not deleting directories as there were IO errors
2026/09/04 16:48:21 ERROR : Attempt 3/3 failed with 2 errors and: Sabre\DAV\Exception\Locked: 423 Locked
2026/09/04 16:48:21 INFO  : 
Transferred:   	    1.781 MiB / 1.781 MiB, 100%, 2.581 KiB/s, ETA 0s
Errors:                 2 (retrying may help)
Checks:              2010 / 2010, 100%
Transferred:            2 / 2, 100%
Elapsed time:     23m24.4s

2026/09/04 16:48:21 Failed to sync with 2 errors: last error was: Sabre\DAV\Exception\Locked: 423 Locked
[2026-09-04 16:48:21] PUSH done
[2026-09-04 17:42:01] PUSH start (local → Nextcloud) 
2026/09/04 17:42:16 INFO  : .cursorrules: Copied (new)
2026/09/04 17:42:31 INFO  : Products/Birrezy/Birrezy_FxOS_Whitepaper_V3.0.md: Copied (replaced existing)
2026/09/04 17:42:33 INFO  : .cursor/rules/no-em-dash.mdc: Copied (new)
2026/09/04 17:42:33 INFO  : Products/Birrezy/Birrezy_FxOS_Whitepaper_V3.0.pdf: Copied (new)
2026/09/04 17:42:59 INFO  : Products/Birrezy/Diagrams/Birrezy main logo.png: Copied (new)
2026/09/04 17:43:00 INFO  : Products/Birrezy/Diagrams/Birrezy Logo only.png: Copied (new)
2026/09/04 17:43:09 INFO  : Products/Birrezy/Diagrams/pdf-build/build_whitepaper_pdf.py: Copied (new)
2026/09/04 17:43:09 INFO  : Products/Birrezy/Diagrams/pdf-build/whitepaper.html: Copied (new)
2026/09/04 17:49:54 ERROR : Products/Birrezy/Birrezy FxOS_ Sovereign Liquidity Infrastructure & Core Protocol Architecture - V1.md: Failed to copy: Sabre\DAV\Exception\Locked: 423 Locked
2026/09/04 17:50:08 ERROR : Products/Birrezy/Diagrams/Birrezy_Architecture_Diagrams_Mermaid.md: Failed to copy: Sabre\DAV\Exception\Locked: 423 Locked
2026/09/04 17:50:08 ERROR : webdav root 'DLT/Hadid': not deleting files as there were IO errors
2026/09/04 17:50:08 ERROR : webdav root 'DLT/Hadid': not deleting directories as there were IO errors
2026/09/04 17:50:08 ERROR : Attempt 1/3 failed with 2 errors and: Sabre\DAV\Exception\Locked: 423 Locked
2026/09/04 17:57:49 ERROR : Products/Birrezy/Birrezy FxOS_ Sovereign Liquidity Infrastructure & Core Protocol Architecture - V1.md: Failed to copy: Sabre\DAV\Exception\Locked: 423 Locked
2026/09/04 17:58:05 ERROR : Products/Birrezy/Diagrams/Birrezy_Architecture_Diagrams_Mermaid.md: Failed to copy: Sabre\DAV\Exception\Locked: 423 Locked
2026/09/04 17:58:05 ERROR : webdav root 'DLT/Hadid': not deleting files as there were IO errors
2026/09/04 17:58:05 ERROR : webdav root 'DLT/Hadid': not deleting directories as there were IO errors
2026/09/04 17:58:05 ERROR : Attempt 2/3 failed with 2 errors and: Sabre\DAV\Exception\Locked: 423 Locked
[2026-09-04 18:09:49] PUSH start (local → Nextcloud) 
2026/09/04 18:10:08 INFO  : Products/Birrezy/Birrezy_FxOS_Whitepaper_V3.1.pdf: Copied (new)
2026/09/04 18:10:37 INFO  : Products/Birrezy/Diagrams/pdf-build/whitepaper.html: Copied (replaced existing)
2026/09/04 18:10:38 INFO  : Products/Birrezy/Diagrams/pdf-build/build_whitepaper_pdf.py: Copied (replaced existing)
2026/09/04 18:17:24 ERROR : Products/Birrezy/Birrezy FxOS_ Sovereign Liquidity Infrastructure & Core Protocol Architecture - V1.md: Failed to copy: Sabre\DAV\Exception\Locked: 423 Locked
2026/09/04 18:17:38 ERROR : Products/Birrezy/Diagrams/Birrezy_Architecture_Diagrams_Mermaid.md: Failed to copy: Sabre\DAV\Exception\Locked: 423 Locked
2026/09/04 18:17:38 ERROR : webdav root 'DLT/Hadid': not deleting files as there were IO errors
2026/09/04 18:17:38 ERROR : webdav root 'DLT/Hadid': not deleting directories as there were IO errors
2026/09/04 18:17:38 ERROR : Attempt 1/3 failed with 2 errors and: Sabre\DAV\Exception\Locked: 423 Locked
[2026-09-04 18:30:25] PUSH start (local → Nextcloud) 
2026/09/04 18:30:47 INFO  : Products/Birrezy/Birrezy_FxOS_Whitepaper_V3.1.pdf: Copied (new)
2026/09/04 18:30:48 INFO  : Products/Birrezy/Birrezy_FxOS_Whitepaper_V3.0.pdf: Copied (new)
2026/09/04 18:31:20 INFO  : Products/Birrezy/Diagrams/pdf-build/whitepaper.html: Copied (replaced existing)
2026/09/04 18:31:20 INFO  : Products/Birrezy/Diagrams/pdf-build/build_whitepaper_pdf.py: Copied (replaced existing)
2026/09/04 18:38:02 ERROR : Products/Birrezy/Birrezy FxOS_ Sovereign Liquidity Infrastructure & Core Protocol Architecture - V1.md: Failed to copy: Sabre\DAV\Exception\Locked: 423 Locked
2026/09/04 18:38:18 ERROR : Products/Birrezy/Diagrams/Birrezy_Architecture_Diagrams_Mermaid.md: Failed to copy: Sabre\DAV\Exception\Locked: 423 Locked
2026/09/04 18:38:18 ERROR : webdav root 'DLT/Hadid': not deleting files as there were IO errors
2026/09/04 18:38:18 ERROR : webdav root 'DLT/Hadid': not deleting directories as there were IO errors
2026/09/04 18:38:18 ERROR : Attempt 1/3 failed with 2 errors and: Sabre\DAV\Exception\Locked: 423 Locked
[2026-09-04 19:40:40] PUSH start (local → Nextcloud) 
2026/09/04 19:41:28 INFO  : Products/Birrezy/Birrezy_FxOS_Whitepaper_V3.0.pdf: Copied (replaced existing)
2026/09/04 19:41:28 INFO  : Products/Birrezy/Birrezy_FxOS_Whitepaper_V3.0.md: Copied (replaced existing)
2026/09/04 19:41:36 INFO  : pdf-forge-exports/Birrezy_FxOS_Whitepaper_V3.0/extracted-text.txt: Copied (new)
2026/09/04 19:41:38 INFO  : Products/Birrezy/Diagrams/pdf-build/logo_cover_cropped.png: Copied (new)
2026/09/04 19:41:39 INFO  : Products/Birrezy/Diagrams/pdf-build/build_whitepaper_pdf.py: Copied (replaced existing)
2026/09/04 19:41:41 INFO  : Products/Birrezy/Diagrams/pdf-build/whitepaper.html: Copied (replaced existing)
2026/09/04 19:45:50 ERROR : Products/Birrezy/Diagrams/Birrezy_Architecture_Diagrams_Mermaid.md: Failed to copy: Put "https://x.decentral.technology/remote.php/dav/files/admin/DLT/Hadid/Products/Birrezy/Diagrams/Birrezy_Architecture_Diagrams_Mermaid.md": http2: request body larger than specified content length
2026/09/04 19:47:06 ERROR : Products/Birrezy/Birrezy FxOS_ Sovereign Liquidity Infrastructure & Core Protocol Architecture - V1.md: Failed to copy: Sabre\DAV\Exception\Locked: 423 Locked
2026/09/04 19:47:06 ERROR : webdav root 'DLT/Hadid': not deleting files as there were IO errors
2026/09/04 19:47:06 ERROR : webdav root 'DLT/Hadid': not deleting directories as there were IO errors
2026/09/04 19:47:06 ERROR : Attempt 1/3 failed with 2 errors and: Sabre\DAV\Exception\Locked: 423 Locked
2026/09/04 19:47:28 INFO  : Products/Birrezy/Birrezy_FxOS_Whitepaper_V3.0.pdf: Copied (replaced existing)
2026/09/04 19:47:28 INFO  : Products/Birrezy/Birrezy_FxOS_Whitepaper_V3.0.md: Copied (replaced existing)
2026/09/04 19:48:03 INFO  : Products/Birrezy/Diagrams/pdf-build/build_whitepaper_pdf.py: Copied (replaced existing)
2026/09/04 19:48:10 INFO  : Products/Birrezy/Diagrams/pdf-build/whitepaper.html: Copied (replaced existing)
2026/09/04 19:54:41 ERROR : Products/Birrezy/Birrezy FxOS_ Sovereign Liquidity Infrastructure & Core Protocol Architecture - V1.md: Failed to copy: Sabre\DAV\Exception\Locked: 423 Locked
2026/09/04 19:54:59 ERROR : Products/Birrezy/Diagrams/Birrezy_Architecture_Diagrams_Mermaid.md: Failed to copy: Sabre\DAV\Exception\Locked: 423 Locked
2026/09/04 19:54:59 ERROR : webdav root 'DLT/Hadid': not deleting files as there were IO errors
2026/09/04 19:54:59 ERROR : webdav root 'DLT/Hadid': not deleting directories as there were IO errors
2026/09/04 19:54:59 ERROR : Attempt 2/3 failed with 2 errors and: Sabre\DAV\Exception\Locked: 423 Locked
2026/09/04 19:57:02 ERROR : Products/Birrezy/Birrezy_FxOS_Whitepaper_V3.0.md: Failed to copy: 502 Bad Gateway
2026/09/04 20:03:10 ERROR : Products/Birrezy/Birrezy FxOS_ Sovereign Liquidity Infrastructure & Core Protocol Architecture - V1.md: Failed to copy: Sabre\DAV\Exception\Locked: 423 Locked
2026/09/04 20:03:26 ERROR : Products/Birrezy/Diagrams/Birrezy_Architecture_Diagrams_Mermaid.md: Failed to copy: Sabre\DAV\Exception\Locked: 423 Locked
2026/09/04 20:03:26 ERROR : webdav root 'DLT/Hadid': not deleting files as there were IO errors
2026/09/04 20:03:26 ERROR : webdav root 'DLT/Hadid': not deleting directories as there were IO errors
2026/09/04 20:03:26 ERROR : Attempt 3/3 failed with 3 errors and: Sabre\DAV\Exception\Locked: 423 Locked
2026/09/04 20:03:26 INFO  : 
Transferred:   	    4.329 MiB / 4.329 MiB, 100%, 9.917 KiB/s, ETA 0s
Errors:                 3 (retrying may help)
Checks:              2035 / 2035, 100%
Transferred:           10 / 10, 100%
Elapsed time:     22m45.1s

2026/09/04 20:03:26 Failed to sync with 3 errors: last error was: Sabre\DAV\Exception\Locked: 423 Locked
[2026-09-04 20:03:26] PUSH done
[2026-10-03 19:27:31] PULL start (Nextcloud → local) 
2026/10/03 19:27:45 INFO  : Products/Birrezy/BIRREZY - GENERAL - V1 (1).md: Copied (replaced existing)
2026/10/03 19:27:45 INFO  : Products/Birrezy/Birrezy FxOS_ Sovereign Liquidity Infrastructure & Core Protocol Architecture - V1.md: Copied (replaced existing)
2026/10/03 19:27:45 INFO  : Products/Birrezy/Birrezy_Business_Plan.md: Copied (replaced existing)
2026/10/03 19:27:45 INFO  : Products/Birrezy/Birrezy.md: Copied (replaced existing)
2026/10/03 19:27:49 INFO  : Products/Birrezy/Birrezy_FxOS_Whitepaper_V3.0.pdf: Copied (replaced existing)
2026/10/03 19:27:49 INFO  : Knowledge_Base/Just Data/ARTICLE- Ethiopia Becomes Africa’s Fourth-Largest Remittance Recipient as Inflows Hit $7.14 Billion.md: Copied (new)
2026/10/03 19:27:49 INFO  : Products/Birrezy/Roadmap.md: Copied (replaced existing)
2026/10/03 19:27:50 INFO  : Knowledge_Base/Just Data/How Much Does It Cost to Survive in Addis Ababa.md: Copied (new)
2026/10/03 19:27:52 INFO  : Knowledge_Base/Just Data/NBE requirements for Integration.md: Copied (new)
2026/10/03 19:27:54 INFO  : Products/Akafay/AIS/RulesEngine.md: Copied (new)
2026/10/03 19:27:54 INFO  : Knowledge_Base/Just Data/Regarding Fee structurs.md: Copied (new)
2026/10/03 19:27:54 INFO  : Knowledge_Base/Just Data/PII-licensing-NBE.md: Copied (new)
2026/10/03 19:27:57 INFO  : Products/Birrezy/Architecture_and_Engineering/Birrezy_Aggregation_and_Nostro_Netting.md: Copied (replaced existing)
2026/10/03 19:27:57 INFO  : Products/Birrezy/Architecture_and_Engineering/Birrezy_Bank_Partner_Capability_Matrix.md: Copied (replaced existing)
2026/10/03 19:27:58 INFO  : Products/Birrezy/Architecture_and_Engineering/Birrezy_Bank_Ops_Dashboard.md: Copied (replaced existing)
2026/10/03 19:27:59 INFO  : Products/Birrezy/Architecture_and_Engineering/Birrezy_LC_Liquidity_Handoff.md: Copied (replaced existing)
2026/10/03 19:28:01 INFO  : Products/Birrezy/Architecture_and_Engineering/Birrezy_Open_Transaction_Gateway.md: Copied (replaced existing)
2026/10/03 19:28:01 INFO  : Products/Birrezy/Architecture_and_Engineering/Birrezy_Partner_Integration_API.md: Copied (replaced existing)
2026/10/03 19:28:02 INFO  : Products/Birrezy/Architecture_and_Engineering/Birrezy_Treasury_Command_Control.md: Copied (replaced existing)
2026/10/03 19:28:02 INFO  : Products/Birrezy/Birrezy_Confluence/birrezy-app-walk-through-script.md: Copied (replaced existing)
2026/10/03 19:28:06 INFO  : Products/Birrezy/Commercial/PRICING.md: Copied (replaced existing)
2026/10/03 19:28:08 INFO  : Products/Akafay/AIS/SharablePack/ProductStudio.md: Copied (new)
2026/10/03 19:28:09 INFO  : Products/Akafay/AIS/SharablePack/Risk+Scoring.md: Copied (new)
2026/10/03 19:28:09 INFO  : Products/Birrezy/Compliance_and_Regulatory/Birrezy_NBE_Sandbox_Pilot_Template.md: Copied (replaced existing)
2026/10/03 19:28:13 INFO  : Products/Birrezy/Corridors/ET-EU.md: Copied (replaced existing)
2026/10/03 19:28:13 INFO  : Products/Birrezy/Corridors/Corridors.md: Copied (replaced existing)
2026/10/03 19:28:13 INFO  : Products/Birrezy/Corridors/ET-ET-domestic.md: Copied (replaced existing)
2026/10/03 19:28:14 INFO  : Products/Birrezy/Corridors/ET-AE.md: Copied (replaced existing)
2026/10/03 19:28:15 INFO  : Products/Birrezy/Corridors/ET-KE.md: Copied (replaced existing)
2026/10/03 19:28:16 INFO  : Products/Birrezy/Corridors/ET-US.md: Copied (replaced existing)
2026/10/03 19:28:17 INFO  : Products/Birrezy/Diagrams/Birrezy_Architecture_Diagrams_Mermaid.md: Copied (replaced existing)
2026/10/03 19:28:20 INFO  : Products/Birrezy/Birrezy_Confluence/vc-related-notes/acceler8-application-response.md: Copied (replaced existing)
2026/10/03 19:28:22 INFO  : Products/Birrezy/Birrezy_Confluence/vc-related-notes/y-combinator-questions.md: Copied (replaced existing)
2026/10/03 19:28:24 INFO  : Products/Birrezy/Product_Ecosystem/Birrezy_Agencies.md: Copied (replaced existing)
2026/10/03 19:28:24 INFO  : Products/Birrezy/Product_Ecosystem/Birrezy_Agent_and_Bill_Pay.md: Copied (replaced existing)
2026/10/03 19:28:25 INFO  : Products/Birrezy/Product_Ecosystem/Birrezy_Freelance.md: Copied (replaced existing)
2026/10/03 19:28:26 INFO  : Products/Birrezy/Product_Ecosystem/Birrezy_Impact.md: Copied (replaced existing)
2026/10/03 19:28:27 INFO  : Products/Birrezy/Product_Ecosystem/Birrezy_Prime.md: Copied (replaced existing)
2026/10/03 19:28:28 INFO  : Products/Birrezy/Product_Ecosystem/Birrezy_Remit_to_Credit.md: Copied (replaced existing)
2026/10/03 19:28:28 INFO  : Products/Birrezy/Product_Ecosystem/Birrezy_Remit.md: Copied (replaced existing)
2026/10/03 19:28:29 INFO  : Products/Birrezy/Product_Ecosystem/Birrezy_Rewards_Switch_and_Zap.md: Copied (replaced existing)
2026/10/03 19:28:30 INFO  : Products/Birrezy/Product_Ecosystem/Birrezy_VAS_Index.md: Copied (replaced existing)
2026/10/03 19:28:30 INFO  : Products/Birrezy/Product_Ecosystem/Product_Ecosystem.md: Copied (replaced existing)
2026/10/03 19:28:30 INFO  : Products/Birrezy/Strategy_and_Capital/Birrezy_AI_Agent_Directives.md: Copied (replaced existing)
2026/10/03 19:28:31 INFO  : Products/Birrezy/Strategy_and_Capital/Birrezy_Bank_Partnership_Model.md: Copied (replaced existing)
2026/10/03 19:28:31 INFO  : Products/Birrezy/Strategy_and_Capital/Birrezy_Commercial_Flywheel.md: Copied (replaced existing)
2026/10/03 19:28:31 INFO  : Products/Birrezy/Strategy_and_Capital/Birrezy_Deck.md: Copied (replaced existing)
2026/10/03 19:28:31 INFO  : Products/Birrezy/Strategy_and_Capital/Birrezy_Corporate_Structure.md: Copied (replaced existing)
2026/10/03 19:28:32 INFO  : Products/Birrezy/Strategy_and_Capital/Birrezy_Executive_Summary.md: Copied (replaced existing)
2026/10/03 19:28:32 INFO  : Products/Birrezy/Strategy_and_Capital/Birrezy_Financial_Model_Authority.md: Copied (replaced existing)
2026/10/03 19:28:32 INFO  : Products/Birrezy/Strategy_and_Capital/Birrezy_GTM_Playbook.md: Copied (replaced existing)
2026/10/03 19:28:32 INFO  : Products/Birrezy/Strategy_and_Capital/Birrezy_Metrics_Authority.md: Copied (replaced existing)
2026/10/03 19:28:33 INFO  : Products/Birrezy/Strategy_and_Capital/Birrezy_Partner_Engagement_Modes.md: Copied (replaced existing)
2026/10/03 19:28:33 INFO  : Products/Birrezy/Strategy_and_Capital/Birrezy_Strategy_SSOT.md: Copied (replaced existing)
2026/10/03 19:28:33 INFO  : Products/Birrezy/Strategy_and_Capital/Birrezy_Plan_Economics.md: Copied (replaced existing)
2026/10/03 19:28:33 INFO  : Products/Birrezy/Strategy_and_Capital/Birrezy_Program_Readiness_and_Release_Gates.md: Copied (replaced existing)
2026/10/03 19:28:34 INFO  : Products/Birrezy/Strategy_and_Capital/Birrezy_Unit_Economics.md: Copied (replaced existing)
2026/10/03 19:28:34 INFO  : Products/Birrezy/_Working/DEPRECATED_CLAIMS.md: Copied (replaced existing)
2026/10/03 19:28:34 INFO  : Products/Birrezy/_Working/DIAGRAM_GAP_REGISTER.md: Copied (replaced existing)
2026/10/03 19:28:34 INFO  : Products/Birrezy/_Working/QUESTIONS.md: Copied (replaced existing)
2026/10/03 19:28:35 INFO  : Products/Birrezy/Diagrams/pdf-build/build_whitepaper_pdf.py: Copied (replaced existing)
2026/10/03 19:28:35 INFO  : Products/Birrezy/Diagrams/pdf-build/whitepaper.html: Copied (replaced existing)
2026/10/03 19:28:35 INFO  : Products/Akafay/Product_Ecosystem/TEMP-products-analysis.md: Copied (new)
2026/10/03 19:28:35 INFO  : Products/Akafay/Product_Ecosystem/akafay-intelligent-collections-overview.md: Copied (new)
2026/10/03 19:28:36 INFO  : Products/Akafay/Strategy_and_Capital/Akafay Market Sizing.md: Copied (new)
2026/10/03 19:28:36 INFO  : Products/Akafay/Strategy_and_Capital/The problem.md: Copied (new)
2026/10/03 19:28:36 INFO  : Products/Birrezy/_Working/COLLISION_RESOLUTION_LOG.md: Deleted
2026/10/03 19:28:36 INFO  : Products/Birrezy/Diagrams/pdf-build/diagrams_png/diagram_011.png: Deleted
2026/10/03 19:28:36 INFO  : Products/Birrezy/Diagrams/pdf-build/diagrams_png/diagram_015.png: Deleted
2026/10/03 19:28:36 INFO  : Products/Birrezy/Diagrams/pdf-build/page_previews/preview_fig21.png: Deleted
2026/10/03 19:28:36 INFO  : Products/Birrezy/Diagrams/pdf-build/__pycache__/build_whitepaper_pdf.cpython-312.pyc: Deleted
2026/10/03 19:28:36 INFO  : Products/Birrezy/Diagrams/pdf-build/diagrams_png/diagram_009.png: Deleted
2026/10/03 19:28:36 INFO  : Products/Birrezy/Diagrams/pdf-build/diagrams_png/diagram_013.png: Deleted
2026/10/03 19:28:36 INFO  : Products/Birrezy/Diagrams/pdf-build/diagrams_png/diagram_022.png: Deleted
2026/10/03 19:28:36 INFO  : Products/Birrezy/_Working/DECISION_OPTIONS_REGISTER.md: Deleted
2026/10/03 19:28:36 INFO  : Products/Birrezy/Diagrams/pdf-build/diagrams_png/diagram_018.png: Deleted
2026/10/03 19:28:36 INFO  : Products/Birrezy/Diagrams/pdf-build/diagrams_png/diagram_021.png: Deleted
2026/10/03 19:28:36 INFO  : Products/Birrezy/Diagrams/pdf-build/diagrams_png/diagram_002.png: Deleted
2026/10/03 19:28:36 INFO  : Products/Birrezy/Diagrams/pdf-build/diagrams_png/diagram_005.png: Deleted
2026/10/03 19:28:36 INFO  : Products/Birrezy/Diagrams/pdf-build/diagrams_png/diagram_007.png: Deleted
2026/10/03 19:28:36 INFO  : Products/Birrezy/Diagrams/pdf-build/diagrams_png/diagram_020.png: Deleted
2026/10/03 19:28:36 INFO  : Products/Birrezy/Diagrams/pdf-build/diagrams_png/diagram_024.png: Deleted
2026/10/03 19:28:36 INFO  : Products/Birrezy/Birrezy_FxOS_Whitepaper_V3.0.md: Deleted
2026/10/03 19:28:36 INFO  : Products/Birrezy/_Working/ENHANCEMENT_WAVE2_LOG.md: Deleted
2026/10/03 19:28:36 INFO  : Products/Birrezy/Diagrams/pdf-build/diagrams_png/diagram_003.png: Deleted
2026/10/03 19:28:36 INFO  : Products/Birrezy/Diagrams/pdf-build/diagrams_png/diagram_008.png: Deleted
2026/10/03 19:28:36 INFO  : Products/Birrezy/Diagrams/pdf-build/diagrams_png/diagram_016.png: Deleted
2026/10/03 19:28:36 INFO  : Products/Birrezy/Diagrams/pdf-build/diagrams_png/diagram_017.png: Deleted
2026/10/03 19:28:36 INFO  : Products/Birrezy/Diagrams/pdf-build/diagrams_png/diagram_019.png: Deleted
2026/10/03 19:28:36 INFO  : Products/Birrezy/Architecture_and_Engineering/Birrezy_Remit_MVP_Engineering_Requirements.md: Deleted
2026/10/03 19:28:36 INFO  : Products/Birrezy/Strategy_and_Capital/Birrezy_SOW_Decision_Checklist.md: Deleted
2026/10/03 19:28:36 INFO  : Products/Birrezy/Diagrams/pdf-build/diagrams_png/diagram_000.png: Deleted
2026/10/03 19:28:36 INFO  : Products/Birrezy/Diagrams/pdf-build/diagrams_png/diagram_006.png: Deleted
2026/10/03 19:28:36 INFO  : Products/Birrezy/Diagrams/pdf-build/diagrams_png/diagram_010.png: Deleted
2026/10/03 19:28:36 INFO  : Products/Birrezy/Diagrams/pdf-build/diagrams_png/diagram_012.png: Deleted
2026/10/03 19:28:36 INFO  : Products/Birrezy/Diagrams/pdf-build/diagrams_png/diagram_014.png: Deleted
2026/10/03 19:28:36 INFO  : Products/Birrezy/Diagrams/pdf-build/page_previews/preview_fig8.png: Deleted
2026/10/03 19:28:36 INFO  : Products/Birrezy/Diagrams/pdf-build/diagrams_png/diagram_004.png: Deleted
2026/10/03 19:28:36 INFO  : Products/Birrezy/Diagrams/pdf-build/page_previews/preview_storyboard.png: Deleted
2026/10/03 19:28:36 INFO  : Products/Birrezy/Diagrams/pdf-build/diagrams_png/diagram_001.png: Deleted
2026/10/03 19:28:36 INFO  : Products/Birrezy/Diagrams/pdf-build/diagrams_png/diagram_023.png: Deleted
2026/10/03 19:28:36 INFO  : Products/Birrezy/Diagrams/pdf-build/page_previews: Removing directory
2026/10/03 19:28:36 INFO  : Products/Birrezy/Diagrams/pdf-build/diagrams_png: Removing directory
2026/10/03 19:28:36 INFO  : Products/Birrezy/Diagrams/pdf-build/__pycache__: Removing directory
2026/10/03 19:28:36 INFO  : 
Transferred:   	    1.419 MiB / 1.419 MiB, 100%, 24.574 KiB/s, ETA 0s
Checks:               713 / 713, 100%
Deleted:               35 (files), 3 (dirs)
Transferred:           66 / 66, 100%
Elapsed time:       1m4.9s

[2026-10-03 19:28:36] PULL done
