2026/07/23 19:20:09 ERROR : No common hash found - not using a hash for checks
2026/07/23 19:20:11 ERROR : Phase00.md: file not in webdav root 'X'
2026/07/23 19:20:11 ERROR : Questions_for_client.md: sizes differ
2026/07/23 19:20:15 ERROR : docs/phase-00-carryover.md: file not in webdav root 'X'
2026/07/23 19:20:25 ERROR : docs/contractual doc WIP/MSA ProjectX AfricaIT draft V0.1.docx: file not in webdav root 'X'
2026/07/23 19:20:25 ERROR : docs/contractual doc WIP/README.md: file not in webdav root 'X'
2026/07/23 19:20:25 ERROR : docs/contractual doc WIP/appendix-2-project-schedule.md: file not in webdav root 'X'
2026/07/23 19:20:25 ERROR : docs/contractual doc WIP/appendix-7-equipment-list.md: file not in webdav root 'X'
2026/07/23 19:20:25 ERROR : docs/contractual doc WIP/msa-v2.0.md: file not in webdav root 'X'
2026/07/23 19:20:34 NOTICE: webdav root 'X': 7 files missing
2026/07/23 19:20:34 NOTICE: webdav root 'X': 8 differences found
2026/07/23 19:20:34 NOTICE: webdav root 'X': 8 errors while checking
2026/07/23 19:20:34 NOTICE: webdav root 'X': 124 hashes could not be checked
2026/07/23 19:20:34 NOTICE: webdav root 'X': 124 matching files
2026/07/23 19:20:34 Failed to check with 8 errors: last error was: 8 differences found
[2026-07-23 19:23:27] CHECK match=124 differ=1 local_only=7 remote_only=113 errors=0 rc=1
[2026-07-23 19:24:11] COPY PULL start (no deletes)
2026/07/23 19:24:21 INFO  : Questions_for_client.md: Copied (replaced existing)
[2026-07-24 20:27:20] PUSH start (local → Nextcloud) 
2026/07/24 20:28:06 INFO  : docs/commercial/README.md: Copied (replaced existing)
2026/07/24 20:28:07 INFO  : docs/commercial/commercial-plan.md: Copied (new)
2026/07/24 20:32:16 ERROR : docs/archive/docs/commercial/sizing-drivers.md: Failed to copy: Sabre\DAV\Exception\Locked: 423 Locked
2026/07/24 20:32:16 ERROR : webdav root 'X': not deleting files as there were IO errors
2026/07/24 20:32:16 ERROR : webdav root 'X': not deleting directories as there were IO errors
2026/07/24 20:32:16 ERROR : Attempt 1/3 failed with 1 errors and: Sabre\DAV\Exception\Locked: 423 Locked
2026/07/24 20:37:34 ERROR : docs/archive/docs/commercial/sizing-drivers.md: Failed to copy: Sabre\DAV\Exception\Locked: 423 Locked
2026/07/24 20:37:34 ERROR : webdav root 'X': not deleting files as there were IO errors
2026/07/24 20:37:34 ERROR : webdav root 'X': not deleting directories as there were IO errors
2026/07/24 20:37:34 ERROR : Attempt 2/3 failed with 1 errors and: Sabre\DAV\Exception\Locked: 423 Locked
2026/07/24 20:42:31 ERROR : docs/archive/docs/commercial/sizing-drivers.md: Failed to copy: Sabre\DAV\Exception\Locked: 423 Locked
2026/07/24 20:42:31 ERROR : webdav root 'X': not deleting files as there were IO errors
2026/07/24 20:42:31 ERROR : webdav root 'X': not deleting directories as there were IO errors
2026/07/24 20:42:31 ERROR : Attempt 3/3 failed with 1 errors and: Sabre\DAV\Exception\Locked: 423 Locked
2026/07/24 20:42:31 INFO  : 
Transferred:   	  218.145 KiB / 218.145 KiB, 100%, 270 B/s, ETA 0s
Errors:                 1 (retrying may help)
Checks:               713 / 713, 100%
Transferred:            2 / 2, 100%
Elapsed time:     15m11.7s

2026/07/24 20:42:31 Failed to sync: Sabre\DAV\Exception\Locked: 423 Locked
[2026-07-24 20:42:32] PUSH done
[2026-08-17 15:06:05] PULL start (Nextcloud → local) 
2026/08/17 15:06:26 INFO  : docs/contractual doc WIP/Project X appendix 3 governance draft V0.1.pdf: Copied (new)
2026/08/17 15:06:27 INFO  : docs/contractual doc WIP/Project X appendix 4 methodology draft V0.1.pdf: Copied (new)
2026/08/17 15:06:27 INFO  : docs/contractual doc WIP/MSA ProjectX AfricaIT draft V0.4.docx: Copied (new)
2026/08/17 15:06:28 INFO  : docs/contractual doc WIP/Project X appendix 5 quality draft V0.1.pdf: Copied (new)
2026/08/17 15:06:32 INFO  : docs/contractual doc WIP/Project X appendix 9 change control draft V0.1.pdf: Copied (new)
2026/08/17 15:06:33 INFO  : docs/contractual doc WIP/Project X appendix 8 trade sanctions and crypto compliance draft V0.1.pdf: Copied (new)
2026/08/17 15:06:36 INFO  : docs/contractual doc WIP/planning project X draft v 0.1.xlsx: Copied (new)
2026/08/17 15:06:40 INFO  : docs/contractual doc WIP/Project X appendix 7 Anti Bribery and anti corruption draft V0.1.pdf: Copied (new)
2026/08/17 15:06:42 INFO  : docs/contractual doc WIP/Project X appendix 3 governance draft V0.1.docx: Copied (replaced existing)
2026/08/17 15:06:43 INFO  : docs/contractual doc WIP/Project X appendix 4 methodology draft V0.1.docx: Copied (replaced existing)
2026/08/17 15:06:45 INFO  : docs/contractual doc WIP/Project X appendix 5 quality draft V0.1.docx: Copied (replaced existing)
2026/08/17 15:06:47 INFO  : docs/contractual doc WIP/Project X appendix 7 Anti Bribery and anti corruption draft V0.1.docx: Copied (replaced existing)
2026/08/17 15:06:49 INFO  : docs/contractual doc WIP/Project X appendix 8 trade sanctions and crypto compliance draft V0.1.docx: Copied (replaced existing)
2026/08/17 15:06:50 INFO  : docs/contractual doc WIP/Project X appendix 9 change control draft V0.1.docx: Copied (replaced existing)
2026/08/17 15:06:50 INFO  : docs/commercial/commercial-plan.md: Copied (replaced existing)
2026/08/17 15:06:52 INFO  : docs/commercial/pricing-workbook.md: Copied (replaced existing)
2026/08/17 15:06:52 INFO  : docs/commercial/resource-plan.md: Copied (replaced existing)
2026/08/17 15:06:54 INFO  : docs/operations/key-ceremony.md: Copied (replaced existing)
2026/08/17 15:06:54 INFO  : docs/operations/maintenance-retainer.md: Copied (replaced existing)
2026/08/17 15:06:55 INFO  : docs/requirements/structure version V1.2.pdf: Copied (new)
2026/08/17 15:06:56 INFO  : docs/requirements/project X high level planning V0.5.pdf: Copied (new)
2026/08/17 15:06:57 INFO  : docs/contractual doc WIP/archive/project X planning draft v 0.1.xlsx: Copied (new)
2026/08/17 15:06:58 INFO  : docs/requirements/Meeting with client minutes/July 6 answers.pdf: Copied (new)
2026/08/17 15:06:59 INFO  : docs/requirements/Meeting with client minutes/July 7 answers - Amended 9 Jul 2026 .pdf: Copied (new)
2026/08/17 15:07:00 INFO  : docs/requirements/Meeting with client minutes/June 26 answers.pdf: Copied (new)
2026/08/17 15:07:00 INFO  : docs/requirements/Meeting with client minutes/Meeting 10august26.pdf: Copied (new)
2026/08/17 15:07:03 INFO  : docs/requirements/Meeting with client minutes/Meeting 6juillet26.pdf: Copied (new)
2026/08/17 15:07:03 INFO  : docs/requirements/Meeting with client minutes/Meeting 7juillet26.pdf: Copied (new)
2026/08/17 15:07:04 INFO  : docs/archive/docs/commercial/sizing-drivers.md: Copied (replaced existing)
2026/08/17 15:07:04 INFO  : docs/contractual doc WIP/project X planning draft v 0.1.xlsx: Deleted
2026/08/17 15:07:04 INFO  : 
Transferred:   	    2.606 MiB / 2.606 MiB, 100%, 80.983 KiB/s, ETA 0s
Checks:               238 / 238, 100%
Deleted:                1 (files), 0 (dirs)
Transferred:           29 / 29, 100%
Elapsed time:        58.1s

[2026-08-17 15:07:04] PULL done
[2026-08-18 18:34:14] PULL start (Nextcloud → local) 
2026/08/18 18:34:20 INFO  : README.md: Copied (replaced existing)
2026/08/18 18:34:29 INFO  : docs/contractual doc WIP/MSA ProjectX AfricaIT draft V0.4.pdf: Copied (new)
2026/08/18 18:34:29 INFO  : docs/contractual doc WIP/MSA ProjectX AfricaIT draft V0.4.docx: Copied (replaced existing)
2026/08/18 18:34:29 INFO  : docs/commercial/contingency-options.md: Copied (replaced existing)
2026/08/18 18:34:30 INFO  : docs/contractual doc WIP/planning project X draft v 0.1.xlsx: Copied (replaced existing)
2026/08/18 18:34:33 INFO  : docs/contractual doc WIP/archive/MSA ProjectX AfricaIT draft V0.3.docx: Copied (new)
2026/08/18 18:34:37 INFO  : docs/contractual doc WIP/MSA ProjectX AfricaIT draft V0.3.docx: Deleted
2026/08/18 18:34:37 INFO  : 
Transferred:   	  266.413 KiB / 266.413 KiB, 100%, 14.610 KiB/s, ETA 0s
Checks:               254 / 254, 100%
Deleted:                1 (files), 0 (dirs)
Transferred:            6 / 6, 100%
Elapsed time:        22.0s

[2026-08-18 18:34:37] PULL done
[2026-08-18 18:57:16] PUSH start (local → Nextcloud) 
2026/08/18 18:57:26 INFO  : README.md: Copied (replaced existing)
2026/08/18 18:57:33 INFO  : docs/commercial/hiring-roles.md: Copied (new)
2026/08/18 18:57:33 INFO  : 
Transferred:   	   59.332 KiB / 59.332 KiB, 100%, 4.237 KiB/s, ETA 0s
Checks:               255 / 255, 100%
Transferred:            2 / 2, 100%
Elapsed time:        17.3s

[2026-08-18 18:57:33] PUSH done
[2026-08-18 20:07:11] PUSH start (local → Nextcloud) 
2026/08/18 20:11:31 ERROR : docs/commercial/hiring-roles.md: Failed to copy: Sabre\DAV\Exception\Locked: 423 Locked
2026/08/18 20:11:31 ERROR : webdav root 'X': not deleting files as there were IO errors
2026/08/18 20:11:31 ERROR : webdav root 'X': not deleting directories as there were IO errors
2026/08/18 20:11:31 ERROR : Attempt 1/3 failed with 1 errors and: Sabre\DAV\Exception\Locked: 423 Locked
[2026-08-19 14:05:26] PULL start (Nextcloud → local) 
2026/08/19 14:05:40 INFO  : docs/commercial/hiring-roles.md: Copied (replaced existing)
2026/08/19 14:05:52 INFO  : 
Transferred:   	   50.626 KiB / 50.626 KiB, 100%, 3.367 KiB/s, ETA 0s
Checks:               256 / 256, 100%
Transferred:            1 / 1, 100%
Elapsed time:        25.3s

[2026-08-19 14:05:52] PULL done
[2026-08-19 14:06:02] PULL start (Nextcloud → local) 
2026/08/19 14:06:20 INFO  : There was nothing to transfer
2026/08/19 14:06:20 INFO  : 
Transferred:   	          0 B / 0 B, -, 0 B/s, ETA -
Checks:               256 / 256, 100%
Elapsed time:        17.5s

[2026-08-19 14:06:20] PULL done
[2026-08-19 14:14:55] PUSH start (local → Nextcloud) 
[2026-08-19 14:15:13] PUSH start (local → Nextcloud) 
2026/08/19 14:15:31 INFO  : README.md: Copied (replaced existing)
2026/08/19 14:15:41 INFO  : docs/commercial/hiring-revised.md: Copied (new)
2026/08/19 14:15:42 INFO  : docs/commercial/hiring-roles.md: Copied (replaced existing)
2026/08/19 14:15:43 INFO  : 
Transferred:   	  133.667 KiB / 133.667 KiB, 100%, 4.399 KiB/s, ETA 0s
Checks:               256 / 256, 100%
Transferred:            3 / 3, 100%
Elapsed time:        29.4s

[2026-08-19 14:15:43] PUSH done
[2026-08-21 15:32:12] PULL start (Nextcloud → local) 
2026/08/21 15:32:27 INFO  : docs/commercial/hiring-revised.md: Copied (replaced existing)
2026/08/21 15:32:27 INFO  : docs/contractual doc WIP/Project X appendix 1 Statement of Work draft V0.1.docx: Copied (replaced existing)
2026/08/21 15:32:27 INFO  : docs/contractual doc WIP/planning project X draft v 0.1.xlsx: Copied (replaced existing)
2026/08/21 15:32:30 INFO  : docs/requirements/project X high level planning V0.6 20aug26.pdf: Copied (new)
2026/08/21 15:32:31 INFO  : docs/requirements/structure version V1.6 21aug 26.pdf: Copied (new)
2026/08/21 15:32:34 INFO  : docs/requirements/Meeting with client minutes/Meeting Louis 20aug26.pdf: Copied (new)
2026/08/21 15:32:35 INFO  : 
Transferred:   	 1003.037 KiB / 1003.037 KiB, 100%, 83.687 KiB/s, ETA 0s
Checks:               257 / 257, 100%
Transferred:            6 / 6, 100%
Elapsed time:        22.8s

[2026-08-21 15:32:35] PULL done
[2026-08-21 15:41:08] PULL start (Nextcloud → local) 
2026/08/21 15:41:28 INFO  : Track 2: Removing directory
2026/08/21 15:41:28 INFO  : There was nothing to transfer
2026/08/21 15:41:28 INFO  : 
Transferred:   	          0 B / 0 B, -, 0 B/s, ETA -
Checks:               260 / 260, 100%
Deleted:                0 (files), 1 (dirs)
Elapsed time:        19.5s

[2026-08-21 15:41:28] PULL done
[2026-08-21 15:41:52] PULL start (Nextcloud → local) 
2026/08/21 15:42:10 INFO  : There was nothing to transfer
2026/08/21 15:42:10 INFO  : 
Transferred:   	          0 B / 0 B, -, 0 B/s, ETA -
Checks:               260 / 260, 100%
Elapsed time:        17.1s

[2026-08-21 15:42:10] PULL done
[2026-08-21 15:48:37] PUSH start (local → Nextcloud) 
2026/08/21 15:48:58 INFO  : Track 2/01-full-plan.md: Copied (new)
2026/08/21 15:48:59 INFO  : Track 2/02-architecture.md: Copied (new)
2026/08/21 15:48:59 INFO  : Track 2/03-project-plan.md: Copied (new)
2026/08/21 15:49:00 INFO  : Track 2/00-brief.md: Copied (new)
2026/08/21 15:49:09 INFO  : Track 2/04-hiring-plan.md: Copied (new)
2026/08/21 15:49:10 INFO  : Track 2/07-comms.md: Copied (new)
2026/08/21 15:49:11 INFO  : Track 2/05-commercial.md: Copied (new)
2026/08/21 15:49:12 INFO  : Track 2/06-company-app.md: Copied (new)
2026/08/21 15:49:14 INFO  : Track 2/08-treasury-btc-usdc.md: Copied (new)
2026/08/21 15:49:15 INFO  : Track 2/10-data-centres.md: Copied (new)
2026/08/21 15:49:16 INFO  : Track 2/09-ai-agents.md: Copied (new)
2026/08/21 15:49:16 INFO  : Track 2/11-acceptance.md: Copied (new)
2026/08/21 15:49:19 INFO  : Track 2/README.md: Copied (new)
2026/08/21 15:49:19 INFO  : 
Transferred:   	   72.312 KiB / 72.312 KiB, 100%, 1.959 KiB/s, ETA 0s
Checks:               260 / 260, 100%
Transferred:           13 / 13, 100%
Elapsed time:        42.0s

[2026-08-21 15:49:19] PUSH done
[2026-08-21 15:58:05] PULL start (Nextcloud → local) 
2026/08/21 15:58:13 INFO  : Track 2/README.md: Copied (replaced existing)
2026/08/21 15:58:15 INFO  : Downloads/Meeting Louis 20aug26.pdf: Copied (new)
2026/08/21 15:58:15 INFO  : Downloads/structure version V1.6 21aug 26.pdf: Copied (new)
2026/08/21 15:58:15 INFO  : Downloads/structure version V1.5 aug 26.pdf: Copied (new)
2026/08/21 15:58:27 INFO  : 
Transferred:   	  340.850 KiB / 340.850 KiB, 100%, 21.285 KiB/s, ETA 0s
Checks:               273 / 273, 100%
Transferred:            4 / 4, 100%
Elapsed time:        21.6s

[2026-08-21 15:58:27] PULL done
[2026-08-21 19:45:06] PULL start (Nextcloud → local) 
2026/08/21 19:45:22 INFO  : docs/reference/Reflections.md: Copied (new)
2026/08/21 19:45:26 INFO  : docs/reference/.attachments.8260/image.png: Copied (new)
2026/08/21 19:45:26 INFO  : docs/reference/.attachments.8260/image (2).png: Copied (new)
2026/08/21 19:45:26 INFO  : Track 2/04-hiring-plan.md: Deleted
2026/08/21 19:45:26 INFO  : Track 2/README.md: Deleted
2026/08/21 19:45:26 INFO  : Track 2/06-company-app.md: Deleted
2026/08/21 19:45:26 INFO  : Track 2/09-ai-agents.md: Deleted
2026/08/21 19:45:26 INFO  : Track 2/10-data-centres.md: Deleted
2026/08/21 19:45:26 INFO  : Track 2/11-acceptance.md: Deleted
2026/08/21 19:45:26 INFO  : Track 2/00-brief.md: Deleted
2026/08/21 19:45:26 INFO  : Track 2/02-architecture.md: Deleted
2026/08/21 19:45:26 INFO  : Track 2/08-treasury-btc-usdc.md: Deleted
2026/08/21 19:45:26 INFO  : Track 2/05-commercial.md: Deleted
2026/08/21 19:45:26 INFO  : Track 2/07-comms.md: Deleted
2026/08/21 19:45:26 INFO  : Track 2/03-project-plan.md: Deleted
2026/08/21 19:45:26 INFO  : Track 2/01-full-plan.md: Deleted
2026/08/21 19:45:26 INFO  : Track 2: Removing directory
2026/08/21 19:45:26 INFO  : 
Transferred:   	  984.148 KiB / 984.148 KiB, 100%, 511 B/s, ETA 0s
Checks:               276 / 276, 100%
Deleted:               13 (files), 1 (dirs)
Transferred:            3 / 3, 100%
Elapsed time:        19.8s

[2026-08-21 19:45:26] PULL done
[2026-08-21 20:17:23] PULL start (Nextcloud → local) 
2026/08/21 20:17:34 INFO  : docs/reference/Reflections.md: Copied (replaced existing)
2026/08/21 20:17:38 INFO  : Track 2/06-company-app.md: Deleted
2026/08/21 20:17:38 INFO  : Track 2/08-treasury-btc-usdc.md: Deleted
2026/08/21 20:17:38 INFO  : Track 2/09-ai-agents.md: Deleted
2026/08/21 20:17:38 INFO  : Track 2/05-commercial.md: Deleted
2026/08/21 20:17:38 INFO  : Track 2/00-brief.md: Deleted
2026/08/21 20:17:38 INFO  : Track 2/01-full-plan.md: Deleted
2026/08/21 20:17:38 INFO  : Track 2/03-project-plan.md: Deleted
2026/08/21 20:17:38 INFO  : Track 2/README.md: Deleted
2026/08/21 20:17:38 INFO  : Track 2/02-architecture.md: Deleted
2026/08/21 20:17:38 INFO  : Track 2/07-comms.md: Deleted
2026/08/21 20:17:38 INFO  : Track 2/11-acceptance.md: Deleted
2026/08/21 20:17:38 INFO  : Track 2/10-data-centres.md: Deleted
2026/08/21 20:17:38 INFO  : Track 2/04-hiring-plan.md: Deleted
2026/08/21 20:17:38 INFO  : Track 2: Removing directory
2026/08/21 20:17:38 INFO  : 
Transferred:   	    9.060 KiB / 9.060 KiB, 100%, 1.812 KiB/s, ETA 0s
Checks:               279 / 279, 100%
Deleted:               13 (files), 1 (dirs)
Transferred:            1 / 1, 100%
Elapsed time:        13.9s

[2026-08-21 20:17:38] PULL done
[2026-08-21 20:44:21] PUSH start (local → Nextcloud) 
2026/08/21 20:44:39 INFO  : Track 2/README.md: Copied (new)
2026/08/21 20:44:39 INFO  : Track 2/architecture.md: Copied (new)
2026/08/21 20:44:42 INFO  : Track 2/commercial.md: Copied (new)
2026/08/21 20:44:44 INFO  : Track 2/ai-agents.md: Copied (new)
2026/08/21 20:44:56 INFO  : Track 2/erp.md: Copied (new)
2026/08/21 20:44:56 INFO  : Track 2/hiring-plan.md: Copied (new)
2026/08/21 20:44:56 INFO  : Track 2/full-plan.md: Copied (new)
2026/08/21 20:44:57 INFO  : Track 2/company-app.md: Copied (new)
2026/08/21 20:45:01 INFO  : Track 2/project-plan.md: Copied (new)
2026/08/21 20:45:01 INFO  : Track 2/treasury.md: Copied (new)
2026/08/21 20:45:01 INFO  : 
Transferred:   	   50.484 KiB / 50.484 KiB, 100%, 1.590 KiB/s, ETA 0s
Checks:               266 / 266, 100%
Transferred:           10 / 10, 100%
Elapsed time:        39.9s

[2026-08-21 20:45:01] PUSH done
[2026-08-21 20:58:38] PULL start (Nextcloud → local) 
2026/08/21 20:58:49 INFO  : Track 2/hiring-plan.md: Copied (replaced existing)
2026/08/21 20:58:49 INFO  : Track 2/project-plan.md: Copied (replaced existing)
2026/08/21 20:58:50 INFO  : Track 2/full-plan.md: Copied (replaced existing)
2026/08/21 20:58:50 INFO  : Track 2/architecture.md: Copied (replaced existing)
2026/08/21 20:59:04 INFO  : 
Transferred:   	   36.681 KiB / 36.681 KiB, 100%, 1.769 KiB/s, ETA 0s
Checks:               276 / 276, 100%
Transferred:            4 / 4, 100%
Elapsed time:        26.2s

[2026-08-21 20:59:04] PULL done
[2026-08-21 21:02:37] PUSH start (local → Nextcloud) 
2026/08/21 21:03:04 INFO  : Track 2/hiring-plan.md: Copied (replaced existing)
2026/08/21 21:03:04 INFO  : 
Transferred:   	   21.143 KiB / 21.143 KiB, 100%, 979 B/s, ETA 0s
Checks:               276 / 276, 100%
Transferred:            1 / 1, 100%
Elapsed time:        27.2s

[2026-08-21 21:03:04] PUSH done
[2026-08-24 13:10:46] PULL start (Nextcloud → local) 
2026/08/24 13:10:52 INFO  : Questions for Client 23aug26 partial answers from K.docx: Copied (new)
2026/08/24 13:10:57 INFO  : docs/contractual doc WIP/MSA ProjectX AfricaIT V0.4.pdf: Copied (new)
2026/08/24 13:10:58 INFO  : docs/contractual doc WIP/planning project X draft v 0.1.xlsx: Copied (replaced existing)
2026/08/24 13:10:59 INFO  : docs/contractual doc WIP/MSA ProjectX AfricaIT V0.4.docx: Copied (new)
2026/08/24 13:10:59 INFO  : docs/reference/ERP Reflections.md: Copied (new)
2026/08/24 13:11:03 INFO  : docs/requirements/Purchase_Order_Requirements.pdf: Copied (new)
2026/08/24 13:11:03 INFO  : docs/requirements/financial report requirement.pdf: Copied (new)
2026/08/24 13:11:04 INFO  : docs/requirements/invoice requirement.pdf: Copied (new)
2026/08/24 13:11:05 INFO  : docs/requirements/payslip requirements.pdf: Copied (new)
2026/08/24 13:11:07 INFO  : docs/contractual doc WIP/MSA ProjectX AfricaIT draft V0.4.docx: Deleted
2026/08/24 13:11:07 INFO  : docs/contractual doc WIP/MSA ProjectX AfricaIT draft V0.4.pdf: Deleted
2026/08/24 13:11:07 INFO  : docs/reference/Reflections.md: Deleted
2026/08/24 13:11:07 INFO  : docs/reference/.attachments.8260/image.png: Deleted
2026/08/24 13:11:07 INFO  : docs/reference/.attachments.8260/image (2).png: Deleted
2026/08/24 13:11:07 INFO  : 
Transferred:   	  812.977 KiB / 812.977 KiB, 100%, 44.658 KiB/s, ETA 0s
Checks:               276 / 276, 100%
Deleted:                5 (files), 0 (dirs)
Transferred:            9 / 9, 100%
Elapsed time:        20.9s

[2026-08-24 13:11:07] PULL done
[2026-08-24 15:54:38] PULL start (Nextcloud → local) 
2026/08/24 15:54:49 INFO  : Track 2/Clarifications.md: Copied (new)
2026/08/24 15:54:50 INFO  : Downloads/list of questions raised by L in past days 23aug26.docx: Copied (new)
2026/08/24 15:54:51 INFO  : docs/contractual doc WIP/planning project X draft v 0.1.xlsx: Copied (replaced existing)
2026/08/24 15:54:58 INFO  : 
Transferred:   	   40.015 KiB / 40.015 KiB, 100%, 3.078 KiB/s, ETA 0s
Checks:               279 / 279, 100%
Transferred:            3 / 3, 100%
Elapsed time:        19.8s

[2026-08-24 15:54:59] PULL done
[2026-08-24 17:34:03] PULL start (Nextcloud → local) 
2026/08/24 17:34:10 INFO  : Track 2/Clarifications.md: Copied (replaced existing)
2026/08/24 17:34:13 INFO  : Track 2/.attachments.8332/image (4).png: Copied (new)
2026/08/24 17:34:14 INFO  : Track 2/.attachments.8332/image (3).png: Copied (new)
2026/08/24 17:34:14 INFO  : Track 2/.attachments.8332/image (5).png: Copied (new)
2026/08/24 17:34:14 INFO  : Track 2/.attachments.8332/image (2).png: Copied (new)
2026/08/24 17:34:17 INFO  : Track 2/.attachments.8332/image (6).png: Copied (new)
2026/08/24 17:34:17 INFO  : Track 2/.attachments.8332/image (8).png: Copied (new)
2026/08/24 17:34:18 INFO  : Track 2/.attachments.8332/image (7).png: Copied (new)
2026/08/24 17:34:18 INFO  : Track 2/.attachments.8332/image (9).png: Copied (new)
2026/08/24 17:34:20 INFO  : Track 2/.attachments.8332/image.png: Copied (new)
2026/08/24 17:34:20 INFO  : docs/commercial/hiring-revised.md: Copied (replaced existing)
2026/08/24 17:34:23 INFO  : 
Transferred:   	    1.846 MiB / 1.846 MiB, 100%, 126.037 KiB/s, ETA 0s
Checks:               281 / 281, 100%
Transferred:           11 / 11, 100%
Elapsed time:        19.4s

[2026-08-24 17:34:23] PULL done
[2026-08-24 17:39:05] PUSH start (local → Nextcloud) 
2026/08/24 17:39:29 INFO  : Track 2/full-plan.md: Copied (replaced existing)
2026/08/24 17:39:29 INFO  : Track 2/commercial.md: Copied (replaced existing)
2026/08/24 17:39:29 INFO  : Track 2/README.md: Copied (replaced existing)
[2026-08-24 17:41:11] PUSH start (local → Nextcloud) 
[2026-08-24 17:43:14] PUSH start (local → Nextcloud) 
2026/08/24 17:43:36 INFO  : Track 2/.attachments.8332/image (2).png: Copied (new)
2026/08/24 17:43:37 INFO  : Track 2/.attachments.8332/image (4).png: Copied (new)
2026/08/24 17:43:38 INFO  : Track 2/.attachments.8332/image (3).png: Copied (new)
2026/08/24 17:43:38 INFO  : Track 2/.attachments.8332/image (5).png: Copied (new)
2026/08/24 17:43:41 INFO  : Track 2/.attachments.8332/image (6).png: Copied (new)
2026/08/24 17:43:42 INFO  : Track 2/.attachments.8332/image (8).png: Copied (new)
2026/08/24 17:43:42 INFO  : Track 2/.attachments.8332/image (7).png: Copied (new)
2026/08/24 17:43:42 INFO  : Track 2/.attachments.8332/image (9).png: Copied (new)
2026/08/24 17:43:47 INFO  : Track 2/.attachments.8332/image.png: Copied (new)
2026/08/24 17:43:47 INFO  : 
Transferred:   	    1.770 MiB / 1.770 MiB, 100%, 68.484 KiB/s, ETA 0s
Checks:               281 / 281, 100%
Transferred:            9 / 9, 100%
Elapsed time:        32.4s

[2026-08-24 17:43:47] PUSH done
[2026-08-24 17:45:55] PUSH start (local → Nextcloud) 
2026/08/24 17:46:12 INFO  : Track 2/company-app.md: Copied (replaced existing)
2026/08/24 17:46:12 INFO  : Track 2/README.md: Copied (replaced existing)
2026/08/24 17:46:14 INFO  : Track 2/architecture.md: Copied (replaced existing)
2026/08/24 17:46:16 INFO  : Track 2/device-kill.md: Copied (new)
2026/08/24 17:46:30 INFO  : Track 2/project-plan.md: Copied (replaced existing)
2026/08/24 17:46:30 INFO  : Track 2/treasury.md: Copied (replaced existing)
2026/08/24 17:46:30 INFO  : 
Transferred:   	   39.880 KiB / 39.880 KiB, 100%, 1.076 KiB/s, ETA 0s
Checks:               290 / 290, 100%
Transferred:            6 / 6, 100%
Elapsed time:        34.6s

[2026-08-24 17:46:30] PUSH done
[2026-08-24 18:07:55] PULL start (Nextcloud → local) 
2026/08/24 18:08:07 INFO  : Track 2/Clarifications.md: Copied (replaced existing)
2026/08/24 18:08:10 INFO  : Downloads/Mada etech Afrinovation - TJM - Simulations.pdf: Copied (new)
2026/08/24 18:08:30 INFO  : 
Transferred:   	   94.747 KiB / 94.747 KiB, 100%, 2.910 KiB/s, ETA 0s
Checks:               291 / 291, 100%
Transferred:            2 / 2, 100%
Elapsed time:        34.1s

[2026-08-24 18:08:30] PULL done
[2026-08-24 18:11:43] PUSH start (local → Nextcloud) 
2026/08/24 18:12:02 INFO  : Track 2/commercial.md: Copied (replaced existing)
2026/08/24 18:12:03 INFO  : Track 2/README.md: Copied (replaced existing)
2026/08/24 18:12:04 INFO  : Track 2/full-plan.md: Copied (replaced existing)
2026/08/24 18:12:09 INFO  : Track 2/project-plan.md: Copied (replaced existing)
2026/08/24 18:12:09 INFO  : Track 2/Clarifications.md: Copied (replaced existing)
2026/08/24 18:16:01 ERROR : Track 2/hiring-plan.md: Failed to copy: Sabre\DAV\Exception\Locked: 423 Locked
2026/08/24 18:16:01 ERROR : webdav root 'X': not deleting files as there were IO errors
2026/08/24 18:16:01 ERROR : webdav root 'X': not deleting directories as there were IO errors
2026/08/24 18:16:01 ERROR : Attempt 1/3 failed with 1 errors and: Sabre\DAV\Exception\Locked: 423 Locked
2026/08/24 18:19:00 INFO  : Track 2/hiring-plan.md: Copied (replaced existing)
2026/08/24 18:19:00 ERROR : Attempt 2/3 succeeded
2026/08/24 18:19:00 INFO  : 
Transferred:   	  339.694 KiB / 339.694 KiB, 100%, 930 B/s, ETA 0s
Checks:               584 / 584, 100%
Transferred:            6 / 6, 100%
Elapsed time:      7m17.0s

[2026-08-24 18:19:00] PUSH done
[2026-08-24 18:32:24] PUSH start (local → Nextcloud) 
2026/08/24 18:32:49 INFO  : Track 2/README.md: Copied (replaced existing)
2026/08/24 18:32:49 INFO  : Track 2/full-plan.md: Copied (replaced existing)
2026/08/24 18:32:49 INFO  : Track 2/Clarifications.md: Copied (replaced existing)
2026/08/24 18:32:50 INFO  : Track 2/commercial.md: Copied (replaced existing)
2026/08/24 18:32:55 INFO  : Track 2/hiring-plan.md: Copied (replaced existing)
2026/08/24 18:32:55 INFO  : 
Transferred:   	   53.892 KiB / 53.892 KiB, 100%, 2.104 KiB/s, ETA 0s
Checks:               292 / 292, 100%
Transferred:            5 / 5, 100%
Elapsed time:        31.3s

[2026-08-24 18:32:55] PUSH done
[2026-08-24 20:54:00] PULL start (Nextcloud → local) 
2026/08/24 20:54:09 INFO  : Track 2/hiring-plan.md: Copied (replaced existing)
2026/08/24 20:54:10 INFO  : Track 2/Roadmap.whiteboard: Copied (new)
2026/08/24 20:54:21 INFO  : 
Transferred:   	   20.202 KiB / 20.202 KiB, 100%, 1.263 KiB/s, ETA 0s
Checks:               292 / 292, 100%
Transferred:            2 / 2, 100%
Elapsed time:        21.4s

[2026-08-24 20:54:21] PULL done
[2026-08-24 21:39:31] PULL start (Nextcloud → local) 
2026/08/24 21:39:40 INFO  : plan.md: Copied (replaced existing)
2026/08/24 21:39:45 INFO  : docs/Business Requirement Analysis & Overall Plan.md: Copied (replaced existing)
2026/08/24 21:39:45 INFO  : Track 2/README.md: Copied (replaced existing)
2026/08/24 21:39:54 INFO  : 
Transferred:   	   42.655 KiB / 42.655 KiB, 100%, 2.677 KiB/s, ETA 0s
Checks:               293 / 293, 100%
Transferred:            3 / 3, 100%
Elapsed time:        23.0s

[2026-08-24 21:39:54] PULL done
[2026-08-24 21:40:03] PUSH start (local → Nextcloud) 
2026/08/24 21:40:17 INFO  : X-PLAN/GLOSSARY.md: Copied (new)
2026/08/24 21:40:17 INFO  : X-PLAN/INDEX-sources.md: Copied (new)
2026/08/24 21:40:17 INFO  : X-PLAN/BUILD-ORDER.md: Copied (new)
2026/08/24 21:40:17 INFO  : X-PLAN/DOCTRINE.md: Copied (new)
2026/08/24 21:40:26 INFO  : X-PLAN/plan.md: Copied (new)
2026/08/24 21:40:26 INFO  : X-PLAN/README.md: Copied (new)
2026/08/24 21:40:26 INFO  : X-PLAN/decisions/README.md: Copied (new)
2026/08/24 21:40:26 INFO  : X-PLAN/RAID.md: Copied (new)
2026/08/24 21:40:30 INFO  : X-PLAN/decisions/comms-simplex.md: Copied (new)
2026/08/24 21:40:30 INFO  : X-PLAN/decisions/clients-dual-shell.md: Copied (new)
2026/08/24 21:40:31 INFO  : X-PLAN/client/asset-ownership.md: Copied (new)
2026/08/24 21:40:31 INFO  : X-PLAN/client/README.md: Copied (new)
2026/08/24 21:40:35 INFO  : X-PLAN/client/clarifications.md: Copied (new)
2026/08/24 21:40:35 INFO  : X-PLAN/client/commodity-map.md: Copied (new)
2026/08/24 21:40:36 INFO  : X-PLAN/client/counterparts.md: Copied (new)
2026/08/24 21:40:37 INFO  : X-PLAN/client/group-structure.md: Copied (new)
2026/08/24 21:40:40 INFO  : X-PLAN/client/questions-workbook.md: Copied (new)
2026/08/24 21:40:40 INFO  : X-PLAN/client/inputs-from-L.md: Copied (new)
2026/08/24 21:40:42 INFO  : X-PLAN/client/requirements-index.md: Copied (new)
2026/08/24 21:40:43 INFO  : X-PLAN/phases/README.md: Copied (new)
2026/08/24 21:40:45 INFO  : X-PLAN/phases/acceptance-ladder.md: Copied (new)
2026/08/24 21:40:46 INFO  : X-PLAN/phases/milestone-register.md: Copied (new)
2026/08/24 21:40:47 INFO  : X-PLAN/phases/phase-0-carryover.md: Copied (new)
2026/08/24 21:40:50 INFO  : X-PLAN/phases/phase-0.md: Copied (new)
2026/08/24 21:40:51 INFO  : X-PLAN/phases/phase-1-fast-track.md: Copied (new)
2026/08/24 21:40:51 INFO  : X-PLAN/phases/phase-2.md: Copied (new)
2026/08/24 21:40:53 INFO  : X-PLAN/phases/phase-3-run.md: Copied (new)
2026/08/24 21:40:56 INFO  : X-PLAN/phases/pre-contract.md: Copied (new)
2026/08/24 21:40:58 INFO  : X-PLAN/commercial/README.md: Copied (new)
2026/08/24 21:40:58 INFO  : X-PLAN/phases/summary-matrix.md: Copied (new)
2026/08/24 21:41:00 INFO  : X-PLAN/commercial/capex.md: Copied (new)
2026/08/24 21:41:02 INFO  : X-PLAN/commercial/contingency-options.md: Copied (new)
2026/08/24 21:41:03 INFO  : X-PLAN/commercial/contract-pack-index.md: Copied (new)
2026/08/24 21:41:03 INFO  : X-PLAN/commercial/hiring.md: Copied (new)
2026/08/24 21:41:05 INFO  : X-PLAN/commercial/opex.md: Copied (new)
2026/08/24 21:41:07 INFO  : X-PLAN/commercial/payment-doctrine.md: Copied (new)
2026/08/24 21:41:08 INFO  : X-PLAN/commercial/phase-2-estimate.md: Copied (new)
2026/08/24 21:41:08 INFO  : X-PLAN/commercial/programme-fees.md: Copied (new)
2026/08/24 21:41:10 INFO  : X-PLAN/commercial/run-term-5y.md: Copied (new)
2026/08/24 21:41:12 INFO  : X-PLAN/commercial/sizing-drivers.md: Copied (new)
2026/08/24 21:41:12 INFO  : X-PLAN/commercial/supplier-tooling.md: Copied (new)
2026/08/24 21:41:13 INFO  : X-PLAN/commercial/to-procure.md: Copied (new)
2026/08/24 21:41:16 INFO  : X-PLAN/commercial/travel-and-logistics.md: Copied (new)
2026/08/24 21:41:17 INFO  : X-PLAN/operations/bandwidth-and-reseed.md: Copied (new)
2026/08/24 21:41:18 INFO  : X-PLAN/operations/README.md: Copied (new)
2026/08/24 21:41:25 INFO  : X-PLAN/operations/dc-build.md: Copied (new)
2026/08/24 21:41:29 INFO  : X-PLAN/operations/enrollment-factory.md: Copied (new)
2026/08/24 21:41:29 INFO  : X-PLAN/operations/disaster-recovery.md: Copied (new)
2026/08/24 21:41:30 INFO  : X-PLAN/operations/endpoint-standards.md: Copied (new)
2026/08/24 21:41:32 INFO  : X-PLAN/operations/incident-response.md: Copied (new)
2026/08/24 21:41:35 INFO  : X-PLAN/operations/key-ceremony.md: Copied (new)
2026/08/24 21:41:36 INFO  : X-PLAN/operations/maintenance-interim.md: Copied (new)
2026/08/24 21:41:36 INFO  : X-PLAN/operations/maintenance-run-term.md: Copied (new)
2026/08/24 21:41:36 INFO  : X-PLAN/operations/regional-deployment.md: Copied (new)
2026/08/24 21:41:40 INFO  : X-PLAN/operations/secops-cadence.md: Copied (new)
2026/08/24 21:41:41 INFO  : X-PLAN/operations/sovereign-update-service.md: Copied (new)
2026/08/24 21:41:41 INFO  : X-PLAN/operations/subsystem-fallbacks.md: Copied (new)
2026/08/24 21:41:42 INFO  : X-PLAN/operations/training-curriculum.md: Copied (new)
2026/08/24 21:41:47 INFO  : X-PLAN/products/README.md: Copied (new)
2026/08/24 21:41:47 INFO  : X-PLAN/products/ai-agents.md: Copied (new)
2026/08/24 21:41:48 INFO  : X-PLAN/products/clm.md: Copied (new)
2026/08/24 21:41:48 INFO  : X-PLAN/products/comms.md: Copied (new)
2026/08/24 21:41:54 INFO  : X-PLAN/products/company-app-desktop.md: Copied (new)
2026/08/24 21:41:54 INFO  : X-PLAN/products/erp.md: Copied (new)
2026/08/24 21:41:54 INFO  : X-PLAN/products/company-app-mobile.md: Copied (new)
2026/08/24 21:41:54 INFO  : X-PLAN/products/files.md: Copied (new)
2026/08/24 21:41:59 INFO  : X-PLAN/products/reporting.md: Copied (new)
2026/08/24 21:41:59 INFO  : X-PLAN/products/trade-operations.md: Copied (new)
2026/08/24 21:42:00 INFO  : X-PLAN/products/shared-ui.md: Copied (new)
2026/08/24 21:42:02 INFO  : X-PLAN/spikes/README.md: Copied (new)
2026/08/24 21:42:05 INFO  : X-PLAN/spikes/g1-desktop.md: Copied (new)
2026/08/24 21:42:06 INFO  : X-PLAN/spikes/g1-phone.md: Copied (new)
2026/08/24 21:42:06 INFO  : X-PLAN/spikes/nfc-yubikey.md: Copied (new)
2026/08/24 21:42:09 INFO  : X-PLAN/architecture/README.md: Copied (new)
2026/08/24 21:42:12 INFO  : X-PLAN/architecture/cctv-stack.md: Copied (new)
2026/08/24 21:42:12 INFO  : X-PLAN/architecture/adr-index.md: Copied (new)
2026/08/24 21:42:13 INFO  : X-PLAN/architecture/clients-dual-shell.md: Copied (new)
2026/08/24 21:42:14 INFO  : X-PLAN/architecture/clients.md: Copied (new)
2026/08/24 21:42:17 INFO  : X-PLAN/architecture/connect.md: Copied (new)
2026/08/24 21:42:17 INFO  : X-PLAN/architecture/expert-access.md: Copied (new)
2026/08/24 21:42:18 INFO  : X-PLAN/architecture/geo-stack.md: Copied (new)
2026/08/24 21:42:22 INFO  : X-PLAN/architecture/group-oversight.md: Copied (new)
2026/08/24 21:42:24 INFO  : X-PLAN/architecture/identity-zones.md: Copied (new)
2026/08/24 21:42:24 INFO  : X-PLAN/architecture/stack.md: Copied (new)
2026/08/24 21:42:24 INFO  : X-PLAN/architecture/isolation.md: Copied (new)
2026/08/24 21:42:27 INFO  : X-PLAN/architecture/topology.md: Copied (new)
2026/08/24 21:42:29 INFO  : X-PLAN/treasury/device-kill.md: Copied (new)
2026/08/24 21:42:29 INFO  : X-PLAN/treasury/README.md: Copied (new)
2026/08/24 21:42:29 INFO  : X-PLAN/treasury/custody-tiers.md: Copied (new)
2026/08/24 21:42:32 INFO  : X-PLAN/treasury/etg-options.md: Copied (new)
2026/08/24 21:42:34 INFO  : X-PLAN/treasury/phase-00.md: Copied (new)
2026/08/24 21:42:34 INFO  : X-PLAN/treasury/initiate-validate.md: Copied (new)
2026/08/24 21:42:34 INFO  : X-PLAN/treasury/run-term-treasury-ops.md: Copied (new)
2026/08/24 21:42:38 INFO  : X-PLAN/treasury/taint-and-hygiene.md: Copied (new)
2026/08/24 21:42:40 INFO  : X-PLAN/client/raci/00-cover.md: Copied (new)
2026/08/24 21:42:40 INFO  : X-PLAN/client/raci/01-holding-hk.md: Copied (new)
2026/08/24 21:42:40 INFO  : X-PLAN/client/raci/02-product-trade.md: Copied (new)
2026/08/24 21:42:43 INFO  : X-PLAN/client/raci/03-shared-service.md: Copied (new)
2026/08/24 21:42:44 INFO  : X-PLAN/client/raci/04-group-policies.md: Copied (new)
2026/08/24 21:42:45 INFO  : X-PLAN/client/raci/README.md: Copied (new)
2026/08/24 21:42:45 INFO  : 
Transferred:   	   90.050 KiB / 90.050 KiB, 100%, 412 B/s, ETA 0s
Checks:               293 / 293, 100%
Transferred:          100 / 100, 100%
Elapsed time:      2m42.2s

[2026-08-24 21:42:45] PUSH done
[2026-08-24 22:55:59] PULL start (Nextcloud → local) 
2026/08/24 22:56:20 INFO  : There was nothing to transfer
2026/08/24 22:56:20 INFO  : 
Transferred:   	          0 B / 0 B, -, 0 B/s, ETA -
Checks:               393 / 393, 100%
Elapsed time:        20.9s

[2026-08-24 22:56:20] PULL done
[2026-08-24 23:58:27] PUSH start (local → Nextcloud) 
2026/08/24 23:58:53 INFO  : X-PLAN/INDEX-sources.md: Copied (replaced existing)
2026/08/24 23:58:53 INFO  : X-PLAN/RAID.md: Copied (replaced existing)
2026/08/24 23:58:54 INFO  : X-PLAN/GLOSSARY.md: Copied (replaced existing)
2026/08/24 23:58:54 INFO  : X-PLAN/BUILD-ORDER.md: Copied (replaced existing)
2026/08/24 23:59:01 INFO  : X-PLAN/README.md: Copied (replaced existing)
2026/08/24 23:59:02 INFO  : X-PLAN/plan.md: Copied (replaced existing)
2026/08/24 23:59:02 INFO  : X-PLAN/architecture/README.md: Copied (replaced existing)
2026/08/24 23:59:02 INFO  : X-PLAN/architecture/adr-index.md: Copied (replaced existing)
2026/08/24 23:59:05 INFO  : X-PLAN/architecture/cctv-stack.md: Copied (replaced existing)
2026/08/24 23:59:06 INFO  : X-PLAN/architecture/clients.md: Copied (replaced existing)
2026/08/24 23:59:06 INFO  : X-PLAN/architecture/clients-dual-shell.md: Copied (replaced existing)
2026/08/24 23:59:07 INFO  : X-PLAN/architecture/connect.md: Copied (replaced existing)
2026/08/24 23:59:09 INFO  : X-PLAN/architecture/expert-access.md: Copied (replaced existing)
2026/08/24 23:59:11 INFO  : X-PLAN/architecture/group-oversight.md: Copied (replaced existing)
2026/08/24 23:59:12 INFO  : X-PLAN/architecture/geo-stack.md: Copied (replaced existing)
2026/08/24 23:59:12 INFO  : X-PLAN/architecture/identity-zones.md: Copied (replaced existing)
2026/08/24 23:59:15 INFO  : X-PLAN/architecture/isolation.md: Copied (replaced existing)
2026/08/24 23:59:16 INFO  : X-PLAN/architecture/topology.md: Copied (replaced existing)
2026/08/24 23:59:16 INFO  : X-PLAN/architecture/stack.md: Copied (replaced existing)
2026/08/24 23:59:17 INFO  : X-PLAN/client/README.md: Copied (replaced existing)
2026/08/24 23:59:21 INFO  : X-PLAN/client/commodity-map.md: Copied (replaced existing)
2026/08/24 23:59:21 INFO  : X-PLAN/client/counterparts.md: Copied (replaced existing)
2026/08/24 23:59:22 INFO  : X-PLAN/client/asset-ownership.md: Copied (replaced existing)
2026/08/24 23:59:23 INFO  : X-PLAN/client/clarifications.md: Copied (replaced existing)
2026/08/24 23:59:29 INFO  : X-PLAN/client/inputs-from-L.md: Copied (replaced existing)
2026/08/24 23:59:29 INFO  : X-PLAN/client/group-structure.md: Copied (replaced existing)
2026/08/24 23:59:29 INFO  : X-PLAN/client/requirements-index.md: Copied (replaced existing)
2026/08/24 23:59:34 INFO  : X-PLAN/decisions/README.md: Copied (replaced existing)
2026/08/24 23:59:34 INFO  : X-PLAN/decisions/clients-dual-shell.md: Copied (replaced existing)
2026/08/24 23:59:35 INFO  : X-PLAN/decisions/comms-simplex.md: Copied (replaced existing)
2026/08/24 23:59:37 INFO  : X-PLAN/commercial/README.md: Copied (replaced existing)
2026/08/24 23:59:38 INFO  : X-PLAN/commercial/capex.md: Copied (replaced existing)
2026/08/24 23:59:39 INFO  : X-PLAN/commercial/contingency-options.md: Copied (replaced existing)
2026/08/24 23:59:40 INFO  : X-PLAN/commercial/contract-pack-index.md: Copied (replaced existing)
2026/08/24 23:59:43 INFO  : X-PLAN/commercial/hiring.md: Copied (replaced existing)
2026/08/24 23:59:44 INFO  : X-PLAN/commercial/opex.md: Copied (replaced existing)
2026/08/24 23:59:46 INFO  : X-PLAN/commercial/payment-doctrine.md: Copied (replaced existing)
2026/08/24 23:59:47 INFO  : X-PLAN/commercial/programme-fees.md: Copied (replaced existing)
2026/08/24 23:59:49 INFO  : X-PLAN/commercial/run-term-5y.md: Copied (replaced existing)
2026/08/24 23:59:50 INFO  : X-PLAN/commercial/sizing-drivers.md: Copied (replaced existing)
2026/08/24 23:59:51 INFO  : X-PLAN/commercial/supplier-tooling.md: Copied (replaced existing)
2026/08/24 23:59:54 INFO  : X-PLAN/commercial/to-procure.md: Copied (replaced existing)
2026/08/24 23:59:55 INFO  : X-PLAN/commercial/travel-and-logistics.md: Copied (replaced existing)
2026/08/24 23:59:56 INFO  : X-PLAN/operations/README.md: Copied (replaced existing)
2026/08/24 23:59:57 INFO  : X-PLAN/operations/bandwidth-and-reseed.md: Copied (replaced existing)
2026/08/24 23:59:59 INFO  : X-PLAN/operations/dc-build.md: Copied (replaced existing)
2026/08/25 00:00:01 INFO  : X-PLAN/operations/disaster-recovery.md: Copied (replaced existing)
2026/08/25 00:00:04 INFO  : X-PLAN/operations/endpoint-standards.md: Copied (replaced existing)
2026/08/25 00:00:05 INFO  : X-PLAN/operations/enrollment-factory.md: Copied (replaced existing)
2026/08/25 00:00:07 INFO  : X-PLAN/operations/incident-response.md: Copied (replaced existing)
2026/08/25 00:00:09 INFO  : X-PLAN/operations/key-ceremony.md: Copied (replaced existing)
2026/08/25 00:00:11 INFO  : X-PLAN/operations/maintenance-interim.md: Copied (replaced existing)
2026/08/25 00:00:12 INFO  : X-PLAN/operations/maintenance-run-term.md: Copied (replaced existing)
2026/08/25 00:00:13 INFO  : X-PLAN/operations/regional-deployment.md: Copied (replaced existing)
2026/08/25 00:00:15 INFO  : X-PLAN/operations/secops-cadence.md: Copied (replaced existing)
2026/08/25 00:00:16 INFO  : X-PLAN/operations/sovereign-update-service.md: Copied (replaced existing)
2026/08/25 00:00:18 INFO  : X-PLAN/operations/subsystem-fallbacks.md: Copied (replaced existing)
2026/08/25 00:00:20 INFO  : X-PLAN/operations/training-curriculum.md: Copied (replaced existing)
2026/08/25 00:00:21 INFO  : X-PLAN/phases/README.md: Copied (replaced existing)
2026/08/25 00:00:21 INFO  : X-PLAN/phases/acceptance-ladder.md: Copied (replaced existing)
2026/08/25 00:00:24 INFO  : X-PLAN/phases/phase-0-carryover.md: Copied (replaced existing)
2026/08/25 00:00:25 INFO  : X-PLAN/phases/phase-0.md: Copied (replaced existing)
2026/08/25 00:00:26 INFO  : X-PLAN/phases/phase-1-fast-track.md: Copied (replaced existing)
2026/08/25 00:00:28 INFO  : X-PLAN/phases/phase-2.md: Copied (replaced existing)
2026/08/25 00:00:29 INFO  : X-PLAN/phases/phase-3-run.md: Copied (replaced existing)
2026/08/25 00:00:29 INFO  : X-PLAN/phases/pre-contract.md: Copied (replaced existing)
2026/08/25 00:00:32 INFO  : X-PLAN/phases/summary-matrix.md: Copied (replaced existing)
2026/08/25 00:00:33 INFO  : X-PLAN/products/README.md: Copied (replaced existing)
2026/08/25 00:00:33 INFO  : X-PLAN/products/ai-agents.md: Copied (replaced existing)
2026/08/25 00:00:35 INFO  : X-PLAN/products/clm.md: Copied (replaced existing)
2026/08/25 00:00:37 INFO  : X-PLAN/products/comms.md: Copied (replaced existing)
2026/08/25 00:00:39 INFO  : X-PLAN/products/company-app-desktop.md: Copied (replaced existing)
2026/08/25 00:00:41 INFO  : X-PLAN/products/company-app-mobile.md: Copied (replaced existing)
2026/08/25 00:00:41 INFO  : X-PLAN/products/erp.md: Copied (replaced existing)
2026/08/25 00:00:44 INFO  : X-PLAN/products/files.md: Copied (replaced existing)
2026/08/25 00:00:46 INFO  : X-PLAN/products/reporting.md: Copied (replaced existing)
2026/08/25 00:00:46 INFO  : X-PLAN/products/shared-ui.md: Copied (replaced existing)
2026/08/25 00:00:48 INFO  : X-PLAN/products/trade-operations.md: Copied (replaced existing)
2026/08/25 00:00:49 INFO  : X-PLAN/spikes/README.md: Copied (replaced existing)
2026/08/25 00:00:50 INFO  : X-PLAN/spikes/g1-desktop.md: Copied (replaced existing)
2026/08/25 00:00:52 INFO  : X-PLAN/spikes/g1-phone.md: Copied (replaced existing)
2026/08/25 00:00:54 INFO  : X-PLAN/treasury/README.md: Copied (replaced existing)
2026/08/25 00:00:54 INFO  : X-PLAN/spikes/nfc-yubikey.md: Copied (replaced existing)
2026/08/25 00:00:56 INFO  : X-PLAN/treasury/custody-tiers.md: Copied (replaced existing)
2026/08/25 00:00:57 INFO  : X-PLAN/treasury/device-kill.md: Copied (replaced existing)
2026/08/25 00:00:58 INFO  : X-PLAN/treasury/etg-options.md: Copied (replaced existing)
2026/08/25 00:01:00 INFO  : X-PLAN/treasury/phase-00.md: Copied (replaced existing)
2026/08/25 00:01:01 INFO  : X-PLAN/treasury/initiate-validate.md: Copied (replaced existing)
2026/08/25 00:01:02 INFO  : X-PLAN/treasury/run-term-treasury-ops.md: Copied (replaced existing)
2026/08/25 00:01:05 INFO  : X-PLAN/treasury/taint-and-hygiene.md: Copied (replaced existing)
2026/08/25 00:01:05 INFO  : X-PLAN/client/raci/00-cover.md: Copied (replaced existing)
2026/08/25 00:01:06 INFO  : X-PLAN/client/raci/01-holding-hk.md: Copied (replaced existing)
2026/08/25 00:01:08 INFO  : X-PLAN/client/raci/02-product-trade.md: Copied (replaced existing)
2026/08/25 00:01:09 INFO  : X-PLAN/client/raci/03-shared-service.md: Copied (replaced existing)
2026/08/25 00:01:10 INFO  : X-PLAN/client/raci/04-group-policies.md: Copied (replaced existing)
2026/08/25 00:01:12 INFO  : X-PLAN/client/raci/README.md: Copied (replaced existing)
2026/08/25 00:01:35 INFO  : X-PLAN/client/questions-workbook.md: Copied (replaced existing)
2026/08/25 00:01:35 INFO  : 
Transferred:   	  439.381 KiB / 439.381 KiB, 100%, 811 B/s, ETA 0s
Checks:               393 / 393, 100%
Transferred:           97 / 97, 100%
Elapsed time:       3m8.5s

[2026-08-25 00:01:35] PUSH done
[2026-08-25 12:59:15] PULL start (Nextcloud → local) 
2026/08/25 12:59:33 INFO  : X-PLAN/client/questions-workbook.md: Copied (replaced existing)
2026/08/25 12:59:40 INFO  : X-PLAN/client/docs/RACI profile definition.pdf: Copied (new)
2026/08/25 12:59:41 INFO  : X-PLAN/client/docs/Listing of AI agents.pdf: Copied (new)
2026/08/25 12:59:42 INFO  : 
Transferred:   	   60.392 KiB / 60.392 KiB, 100%, 5.491 KiB/s, ETA 0s
Checks:               393 / 393, 100%
Transferred:            3 / 3, 100%
Elapsed time:        27.1s

[2026-08-25 12:59:42] PULL done
[2026-08-25 13:14:38] PULL start (Nextcloud → local) 
2026/08/25 13:14:54 INFO  : X-PLAN/client/questions-workbook.md: Copied (replaced existing)
2026/08/25 13:15:00 INFO  : 
Transferred:   	    4.171 KiB / 4.171 KiB, 100%, 533 B/s, ETA 0s
Checks:               395 / 395, 100%
Transferred:            1 / 1, 100%
Elapsed time:        21.5s

[2026-08-25 13:15:00] PULL done
[2026-08-25 13:17:06] PULL start (Nextcloud → local) 
2026/08/25 13:17:27 INFO  : There was nothing to transfer
2026/08/25 13:17:27 INFO  : 
Transferred:   	          0 B / 0 B, -, 0 B/s, ETA -
Checks:               395 / 395, 100%
Elapsed time:        20.8s

[2026-08-25 13:17:27] PULL done
[2026-08-25 13:29:48] PUSH start (local → Nextcloud) 
2026/08/25 13:30:21 INFO  : X-PLAN/commercial/opex.md: Copied (replaced existing)
2026/08/25 13:30:21 INFO  : X-PLAN/client/counterparts.md: Copied (replaced existing)
2026/08/25 13:30:21 INFO  : X-PLAN/commercial/payment-doctrine.md: Copied (replaced existing)
2026/08/25 13:30:28 INFO  : X-PLAN/commercial/supplier-tooling.md: Copied (replaced existing)
2026/08/25 13:30:30 INFO  : X-PLAN/commercial/phase-2-estimate.md: Copied (replaced existing)
2026/08/25 13:30:30 INFO  : X-PLAN/commercial/to-procure.md: Copied (replaced existing)
2026/08/25 13:30:33 INFO  : X-PLAN/treasury/etg-options.md: Copied (replaced existing)
2026/08/25 13:33:37 INFO  : X-PLAN/commercial/capex.md: Copied (replaced existing)
2026/08/25 13:33:37 INFO  : 
Transferred:   	  165.854 KiB / 165.854 KiB, 100%, 924 B/s, ETA 0s
Checks:               395 / 395, 100%
Transferred:            8 / 8, 100%
Elapsed time:      3m48.7s

[2026-08-25 13:33:37] PUSH done
[2026-08-25 15:02:20] PULL start (Nextcloud → local) 
2026/08/25 15:02:33 INFO  : X-PLAN/client/questions-workbook.md: Copied (replaced existing)
2026/08/25 15:02:46 INFO  : 
Transferred:   	    4.274 KiB / 4.274 KiB, 100%, 256 B/s, ETA 0s
Checks:               395 / 395, 100%
Transferred:            1 / 1, 100%
Elapsed time:        25.6s

[2026-08-25 15:02:46] PULL done
[2026-08-25 15:11:20] PUSH start (local → Nextcloud) 
2026/08/25 15:11:46 INFO  : X-PLAN/plan.md: Copied (replaced existing)
2026/08/25 15:11:46 INFO  : X-PLAN/RAID.md: Copied (replaced existing)
2026/08/25 15:11:47 INFO  : X-PLAN/DOCTRINE.md: Copied (replaced existing)
2026/08/25 15:11:47 INFO  : X-PLAN/GLOSSARY.md: Copied (replaced existing)
2026/08/25 15:12:05 INFO  : X-PLAN/phases/phase-0-carryover.md: Copied (replaced existing)
2026/08/25 15:12:06 INFO  : X-PLAN/phases/acceptance-ladder.md: Copied (replaced existing)
2026/08/25 15:12:06 INFO  : X-PLAN/phases/phase-0.md: Copied (replaced existing)
2026/08/25 15:12:09 INFO  : X-PLAN/phases/phase-1-fast-track.md: Copied (replaced existing)
2026/08/25 15:12:13 INFO  : X-PLAN/phases/summary-matrix.md: Copied (replaced existing)
2026/08/25 15:12:14 INFO  : X-PLAN/architecture/adr-index.md: Copied (replaced existing)
2026/08/25 15:12:15 INFO  : X-PLAN/phases/phase-3-run.md: Copied (replaced existing)
2026/08/25 15:12:17 INFO  : X-PLAN/client/clarifications.md: Copied (replaced existing)
2026/08/25 15:12:21 INFO  : X-PLAN/products/trade-operations.md: Copied (replaced existing)
2026/08/25 15:12:22 INFO  : X-PLAN/treasury/README.md: Copied (replaced existing)
2026/08/25 15:12:22 INFO  : X-PLAN/commercial/contract-pack-index.md: Copied (replaced existing)
2026/08/25 15:12:25 INFO  : X-PLAN/treasury/etg-options.md: Copied (replaced existing)
2026/08/25 15:12:28 INFO  : X-PLAN/treasury/phase-00.md: Copied (replaced existing)
2026/08/25 15:12:28 INFO  : X-PLAN/treasury/taint-and-hygiene.md: Copied (replaced existing)
2026/08/25 15:12:28 INFO  : 
Transferred:   	   97.450 KiB / 97.450 KiB, 100%, 1.585 KiB/s, ETA 0s
Checks:               395 / 395, 100%
Transferred:           18 / 18, 100%
Elapsed time:       1m7.9s

[2026-08-25 15:12:28] PUSH done
[2026-08-25 15:26:17] PUSH start (local → Nextcloud) 
2026/08/25 15:26:46 INFO  : X-PLAN/README.md: Copied (replaced existing)
2026/08/25 15:26:50 INFO  : X-PLAN/INDEX-sources.md: Copied (replaced existing)
2026/08/25 15:26:59 INFO  : docs/reference/ERP Reflections.md: Copied (replaced existing)
2026/08/25 15:27:00 INFO  : docs/reference/Flow.md: Copied (replaced existing)
2026/08/25 15:27:05 INFO  : docs/reference/To Procure - ProjectX.md: Copied (replaced existing)
2026/08/25 15:27:06 INFO  : docs/reference/ai-agent-roadmap.md: Copied (replaced existing)
2026/08/25 15:27:12 INFO  : docs/reference/cards-issuer-shortlist.md: Copied (replaced existing)
[2026-08-25 15:35:50] PUSH start (local → Nextcloud) 
2026/08/25 15:36:17 INFO  : X-PLAN/phases/backlog-register.md: Copied (new)
2026/08/25 15:36:22 INFO  : X-PLAN/client/rfp-alignment-matrix.md: Copied (new)
2026/08/25 15:36:22 INFO  : X-PLAN/client/equivalence-note.md: Copied (new)
2026/08/25 15:36:23 INFO  : X-PLAN/phases/README.md: Copied (replaced existing)
2026/08/25 15:36:34 INFO  : X-PLAN/client/asset-ownership.md: Copied (replaced existing)
2026/08/25 15:36:34 INFO  : X-PLAN/client/timeline-mapping.md: Copied (new)
2026/08/25 15:36:34 INFO  : X-PLAN/client/commodity-map.md: Copied (replaced existing)
2026/08/25 15:36:34 INFO  : X-PLAN/client/README.md: Copied (replaced existing)
2026/08/25 15:36:39 INFO  : X-PLAN/client/group-structure.md: Copied (replaced existing)
2026/08/25 15:36:39 INFO  : X-PLAN/operations/README.md: Copied (replaced existing)
2026/08/25 15:36:40 INFO  : X-PLAN/operations/personal-device-opsec.md: Copied (new)
2026/08/25 15:36:47 INFO  : X-PLAN/decisions/erp-approach.md: Copied (new)
2026/08/25 15:36:47 INFO  : X-PLAN/operations/endpoint-standards.md: Copied (replaced existing)
2026/08/25 15:36:47 INFO  : X-PLAN/commercial/contingency-options.md: Copied (replaced existing)
2026/08/25 15:36:47 INFO  : X-PLAN/commercial/cards-issuer-shortlist.md: Copied (new)
2026/08/25 15:36:52 INFO  : X-PLAN/decisions/README.md: Copied (replaced existing)
2026/08/25 15:36:52 INFO  : X-PLAN/products/README.md: Copied (replaced existing)
2026/08/25 15:36:53 INFO  : X-PLAN/products/ai-agents.md: Copied (replaced existing)
2026/08/25 15:36:53 INFO  : X-PLAN/products/crypto-cards.md: Copied (new)
2026/08/25 15:36:57 INFO  : X-PLAN/treasury/approval-gate.md: Copied (new)
2026/08/25 15:36:57 INFO  : X-PLAN/products/reporting.md: Copied (replaced existing)
2026/08/25 15:36:57 INFO  : X-PLAN/products/clm.md: Copied (replaced existing)
2026/08/25 15:36:57 INFO  : X-PLAN/products/trade-operations.md: Copied (replaced existing)
2026/08/25 15:37:00 INFO  : X-PLAN/treasury/crypto-primer.md: Copied (new)
2026/08/25 15:37:01 INFO  : X-PLAN/treasury/wallet-topology.md: Copied (new)
2026/08/25 15:37:01 INFO  : X-PLAN/treasury/hk-reg-taint.md: Copied (new)
2026/08/25 15:37:01 INFO  : X-PLAN/treasury/payment-workflow-audit.md: Copied (new)
2026/08/25 15:37:07 INFO  : X-PLAN/treasury/README.md: Copied (replaced existing)
2026/08/25 15:37:08 INFO  : X-PLAN/treasury/taint-and-hygiene.md: Copied (replaced existing)
[2026-08-25 15:41:40] PUSH start (local → Nextcloud) 
2026/08/25 15:41:56 INFO  : X-PLAN/GLOSSARY.md: Copied (replaced existing)
2026/08/25 15:42:05 INFO  : docs/reference/contract-lifecycle.md: Copied (replaced existing)
2026/08/25 15:42:15 INFO  : docs/reference/crypto-primer.md: Copied (replaced existing)
2026/08/25 15:42:27 INFO  : docs/reference/crypto-research.md: Copied (replaced existing)
[2026-08-25 15:48:39] PUSH start (local → Nextcloud) 
2026/08/25 15:48:52 INFO  : X-PLAN/INDEX-sources.md: Copied (replaced existing)
2026/08/25 15:48:54 INFO  : X-PLAN/ARCHIVE.md: Copied (new)
2026/08/25 15:48:55 INFO  : X-PLAN/README.md: Copied (replaced existing)
[2026-08-26 13:15:58] PULL start (Nextcloud → local) 
2026/08/26 13:16:11 INFO  : docs/contractual doc WIP/planning project X draft v 0.1.xlsx: Copied (replaced existing)
2026/08/26 13:16:11 INFO  : docs/archive/invoice requirement.pdf: Copied (new)
2026/08/26 13:16:15 INFO  : docs/requirements/Listing of AI agents V0.2 26aug26.pdf: Copied (new)
2026/08/26 13:16:16 INFO  : docs/requirements/Invoice requirments v0.2 26aug26.pdf: Copied (new)
2026/08/26 13:16:16 INFO  : docs/requirements/user names.pdf: Copied (new)
2026/08/26 13:16:17 INFO  : docs/reference/asset-ownership-map.md: Copied (replaced existing)
2026/08/26 13:16:20 INFO  : docs/reference/bandwidth-feasibility.md: Copied (replaced existing)
2026/08/26 13:16:21 INFO  : docs/reference/crypto-cards-program.md: Copied (replaced existing)
2026/08/26 13:16:21 INFO  : docs/reference/client-timeline-mapping.md: Copied (replaced existing)
2026/08/26 13:16:22 INFO  : docs/reference/client-equivalence-note.md: Copied (replaced existing)
2026/08/26 13:16:24 INFO  : docs/reference/endpoint-standards.md: Copied (replaced existing)
2026/08/26 13:16:26 INFO  : docs/reference/i2p-reseed.md: Copied (replaced existing)
2026/08/26 13:16:26 INFO  : docs/reference/group-structure.md: Copied (replaced existing)
2026/08/26 13:16:26 INFO  : docs/reference/executive-personal-device-checklist.md: Copied (replaced existing)
2026/08/26 13:16:29 INFO  : docs/reference/payment-workflow-audit-template.md: Copied (replaced existing)
2026/08/26 13:16:30 INFO  : docs/reference/phase-4-backlog-register.md: Copied (replaced existing)
2026/08/26 13:16:30 INFO  : docs/reference/personal-device-opsec.md: Copied (replaced existing)
2026/08/26 13:16:31 INFO  : docs/reference/product-trade-commodity-map.md: Copied (replaced existing)
2026/08/26 13:16:33 INFO  : docs/reference/rfp-alignment-matrix.md: Copied (replaced existing)
2026/08/26 13:16:33 INFO  : docs/reference/raci-matrix-template.md: Copied (replaced existing)
2026/08/26 13:16:34 INFO  : docs/reference/reporting-catalogue.md: Copied (replaced existing)
2026/08/26 13:16:34 INFO  : docs/reference/trade-operations.md: Copied (replaced existing)
2026/08/26 13:16:35 INFO  : docs/reference/treasury-taint-executive-brief-fr.md: Copied (replaced existing)
2026/08/26 13:16:35 INFO  : docs/reference/user-training-curriculum.md: Copied (replaced existing)
2026/08/26 13:16:35 INFO  : docs/reference/raci/00-cover-and-checklist.md: Copied (replaced existing)
2026/08/26 13:16:36 INFO  : docs/reference/treasury-taint-executive-brief.md: Copied (replaced existing)
2026/08/26 13:16:36 INFO  : docs/reference/raci/02-product-trade-ltd.md: Copied (replaced existing)
2026/08/26 13:16:36 INFO  : docs/reference/raci/01-holding-singapore.md: Copied (replaced existing)
2026/08/26 13:16:37 INFO  : docs/reference/raci/03-shared-service.md: Copied (replaced existing)
2026/08/26 13:16:37 INFO  : docs/reference/raci/04-group-policies.md: Copied (replaced existing)
2026/08/26 13:16:37 INFO  : docs/reference/raci/README.md: Copied (replaced existing)
2026/08/26 13:16:37 INFO  : docs/requirements/invoice requirement.pdf: Deleted
2026/08/26 13:16:37 INFO  : 
Transferred:   	  693.125 KiB / 693.125 KiB, 100%, 19.389 KiB/s, ETA 0s
Checks:               471 / 471, 100%
Deleted:                1 (files), 0 (dirs)
Transferred:           31 / 31, 100%
Elapsed time:        38.8s

[2026-08-26 13:16:37] PULL done
[2026-08-26 13:18:26] PUSH start (local → Nextcloud) 
2026/08/26 13:33:14 ERROR : docs/reference/bandwidth-feasibility.md: Failed to copy: Sabre\DAV\Exception\Locked: 423 Locked
2026/08/26 13:33:25 ERROR : docs/reference/client-timeline-mapping.md: Failed to copy: Sabre\DAV\Exception\Locked: 423 Locked
2026/08/26 13:33:26 ERROR : docs/reference/client-equivalence-note.md: Failed to copy: Sabre\DAV\Exception\Locked: 423 Locked
2026/08/26 13:33:28 ERROR : docs/reference/asset-ownership-map.md: Failed to copy: Sabre\DAV\Exception\Locked: 423 Locked
2026/08/26 13:33:47 INFO  : docs/reference/executive-personal-device-checklist.md: Copied (replaced existing)
2026/08/26 13:34:09 INFO  : docs/reference/i2p-reseed.md: Copied (replaced existing)
2026/08/26 13:34:31 INFO  : docs/reference/payment-workflow-audit-template.md: Copied (replaced existing)
2026/08/26 13:34:52 INFO  : docs/reference/personal-device-opsec.md: Copied (replaced existing)
2026/08/26 13:48:24 ERROR : docs/reference/crypto-cards-program.md: Failed to copy: Sabre\DAV\Exception\Locked: 423 Locked
2026/08/26 13:48:34 ERROR : docs/reference/endpoint-standards.md: Failed to copy: Sabre\DAV\Exception\Locked: 423 Locked
2026/08/26 13:48:37 ERROR : docs/reference/group-structure.md: Failed to copy: Sabre\DAV\Exception\Locked: 423 Locked
2026/08/26 13:48:53 INFO  : docs/reference/raci-matrix-template.md: Copied (replaced existing)
2026/08/26 13:48:56 INFO  : docs/reference/reporting-catalogue.md: Copied (replaced existing)
2026/08/26 13:49:13 INFO  : docs/reference/rfp-alignment-matrix.md: Copied (replaced existing)
2026/08/26 13:49:16 INFO  : docs/reference/trade-operations.md: Copied (replaced existing)
2026/08/26 13:49:33 INFO  : docs/reference/treasury-taint-executive-brief-fr.md: Copied (replaced existing)
2026/08/26 13:49:36 INFO  : docs/reference/treasury-taint-executive-brief.md: Copied (replaced existing)
2026/08/26 13:49:53 INFO  : docs/reference/user-training-curriculum.md: Copied (replaced existing)
2026/08/26 13:49:54 ERROR : docs/reference/phase-4-backlog-register.md: Failed to copy: Sabre\DAV\Exception\Locked: 423 Locked
2026/08/26 13:49:55 INFO  : docs/reference/raci/00-cover-and-checklist.md: Copied (replaced existing)
2026/08/26 13:50:09 INFO  : docs/reference/raci/01-holding-singapore.md: Copied (replaced existing)
2026/08/26 13:50:13 INFO  : docs/reference/raci/02-product-trade-ltd.md: Copied (replaced existing)
2026/08/26 13:50:14 INFO  : docs/reference/raci/03-shared-service.md: Copied (replaced existing)
2026/08/26 13:50:20 INFO  : docs/reference/raci/04-group-policies.md: Copied (replaced existing)
2026/08/26 13:50:23 INFO  : docs/reference/raci/README.md: Copied (replaced existing)
2026/08/26 13:53:46 ERROR : docs/reference/product-trade-commodity-map.md: Failed to copy: Sabre\DAV\Exception\Locked: 423 Locked
2026/08/26 13:53:46 ERROR : webdav root 'X': not deleting files as there were IO errors
2026/08/26 13:53:46 ERROR : webdav root 'X': not deleting directories as there were IO errors
2026/08/26 13:53:46 ERROR : Attempt 1/3 failed with 9 errors and: Sabre\DAV\Exception\Locked: 423 Locked
[2026-08-26 14:11:31] PULL start (Nextcloud → local) 
2026/08/26 14:11:51 INFO  : docs/reference/asset-ownership-map.md: Copied (replaced existing)
2026/08/26 14:11:52 INFO  : docs/reference/bandwidth-feasibility.md: Copied (replaced existing)
2026/08/26 14:11:52 INFO  : docs/reference/client-equivalence-note.md: Copied (replaced existing)
2026/08/26 14:11:52 INFO  : docs/reference/client-timeline-mapping.md: Copied (replaced existing)
2026/08/26 14:11:55 INFO  : docs/reference/group-structure.md: Copied (replaced existing)
2026/08/26 14:11:55 INFO  : docs/reference/crypto-cards-program.md: Copied (replaced existing)
2026/08/26 14:11:56 INFO  : docs/reference/endpoint-standards.md: Copied (replaced existing)
2026/08/26 14:11:56 INFO  : docs/reference/phase-4-backlog-register.md: Copied (replaced existing)
2026/08/26 14:11:58 INFO  : docs/reference/product-trade-commodity-map.md: Copied (replaced existing)
2026/08/26 14:11:59 INFO  : X-PLAN/client/answers/questions fast track from G 25aug26 partial answers.docx: Copied (new)
2026/08/26 14:11:59 INFO  : X-PLAN/client/answers/questions fast track from G 25aug26 partial answers.md: Copied (new)
2026/08/26 14:12:01 INFO  : 
Transferred:   	   63.507 KiB / 63.507 KiB, 100%, 5.773 KiB/s, ETA 0s
Checks:               474 / 474, 100%
Transferred:           11 / 11, 100%
Elapsed time:        29.8s

[2026-08-26 14:12:01] PULL done
[2026-08-27 10:14:27] PULL start (Nextcloud → local) 
2026/08/27 10:14:37 INFO  : X-PLAN/phases/summary-matrix.md: Copied (replaced existing)
2026/08/27 10:14:41 INFO  : docs/contractual doc WIP/planning project X draft v 0.1.xlsx: Copied (replaced existing)
2026/08/27 10:14:44 INFO  : X-PLAN/client/answers/questions fast track from G 25aug26 partial answers.md: Copied (replaced existing)
2026/08/27 10:14:44 INFO  : docs/reference/bandwidth-feasibility.md: Copied (replaced existing)
2026/08/27 10:14:45 INFO  : docs/reference/asset-ownership-map.md: Copied (replaced existing)
2026/08/27 10:14:45 INFO  : docs/reference/client-equivalence-note.md: Copied (replaced existing)
2026/08/27 10:14:49 INFO  : docs/reference/endpoint-standards.md: Copied (replaced existing)
2026/08/27 10:14:49 INFO  : docs/reference/client-timeline-mapping.md: Copied (replaced existing)
2026/08/27 10:14:50 INFO  : docs/reference/group-structure.md: Copied (replaced existing)
2026/08/27 10:14:50 INFO  : docs/reference/crypto-cards-program.md: Copied (replaced existing)
2026/08/27 10:14:53 INFO  : docs/reference/phase-4-backlog-register.md: Copied (replaced existing)
2026/08/27 10:14:54 INFO  : X-PLAN/client/raci/02-product-trade.md: Copied (replaced existing)
2026/08/27 10:14:54 INFO  : X-PLAN/client/evidence/requirements/Payslip Payroll Requirements v0_2 26aug25.pdf: Copied (new)
2026/08/27 10:14:54 INFO  : docs/reference/product-trade-commodity-map.md: Copied (replaced existing)
2026/08/27 10:14:54 INFO  : 
Transferred:   	  464.939 KiB / 464.939 KiB, 100%, 28.173 KiB/s, ETA 0s
Checks:               476 / 476, 100%
Transferred:           14 / 14, 100%
Elapsed time:        27.0s

[2026-08-27 10:14:54] PULL done
[2026-08-27 10:17:14] PUSH start (local → Nextcloud) 
2026/08/27 10:19:57 INFO  : docs/reference/client-timeline-mapping.md: Copied (replaced existing)
[2026-08-27 10:27:47] PUSH start (local → Nextcloud) 
[2026-08-27 13:45:20] PULL start (Nextcloud → local) 
2026/08/27 13:45:29 INFO  : X-PLAN/commercial/phase-2-estimate.md: Copied (replaced existing)
2026/08/27 13:45:29 INFO  : X-PLAN/commercial/hiring.md: Copied (replaced existing)
2026/08/27 13:45:36 INFO  : docs/reference/asset-ownership-map.md: Copied (replaced existing)
2026/08/27 13:45:37 INFO  : docs/reference/client-equivalence-note.md: Copied (replaced existing)
2026/08/27 13:45:38 INFO  : docs/reference/bandwidth-feasibility.md: Copied (replaced existing)
2026/08/27 13:45:38 INFO  : docs/reference/crypto-cards-program.md: Copied (replaced existing)
2026/08/27 13:45:40 INFO  : docs/reference/endpoint-standards.md: Copied (replaced existing)
2026/08/27 13:45:42 INFO  : docs/reference/group-structure.md: Copied (replaced existing)
2026/08/27 13:45:42 INFO  : docs/reference/phase-4-backlog-register.md: Copied (replaced existing)
2026/08/27 13:45:43 INFO  : docs/reference/product-trade-commodity-map.md: Copied (replaced existing)
2026/08/27 13:45:46 INFO  : X-PLAN/commercial/role-per-phase.md: Deleted
2026/08/27 13:45:46 INFO  : X-PLAN/commercial/contingency-options.md: Deleted
2026/08/27 13:45:46 INFO  : X-PLAN/commercial/README.md: Deleted
2026/08/27 13:45:46 INFO  : 
Transferred:   	  118.157 KiB / 118.157 KiB, 100%, 5.741 KiB/s, ETA 0s
Checks:               478 / 478, 100%
Deleted:                3 (files), 0 (dirs)
Transferred:           10 / 10, 100%
Elapsed time:        25.9s

[2026-08-27 13:45:46] PULL done
[2026-08-27 13:46:43] PUSH start (local → Nextcloud) 
2026/08/27 13:47:07 INFO  : X-PLAN/commercial/role-per-phase.md: Copied (new)
[2026-08-27 14:04:46] PULL start (Nextcloud → local) 
2026/08/27 14:04:58 INFO  : docs/reference/client-equivalence-note.md: Copied (replaced existing)
2026/08/27 14:04:58 INFO  : docs/reference/bandwidth-feasibility.md: Copied (replaced existing)
2026/08/27 14:04:58 INFO  : docs/reference/crypto-cards-program.md: Copied (replaced existing)
2026/08/27 14:04:58 INFO  : docs/reference/asset-ownership-map.md: Copied (replaced existing)
2026/08/27 14:05:03 INFO  : docs/reference/endpoint-standards.md: Copied (replaced existing)
2026/08/27 14:05:03 INFO  : docs/reference/group-structure.md: Copied (replaced existing)
2026/08/27 14:05:03 INFO  : docs/reference/product-trade-commodity-map.md: Copied (replaced existing)
2026/08/27 14:05:04 INFO  : docs/reference/phase-4-backlog-register.md: Copied (replaced existing)
2026/08/27 14:05:07 INFO  : X-PLAN/commercial/role-per-phase.md: Copied (replaced existing)
[2026-08-27 14:15:13] PULL start (Nextcloud → local) 
2026/08/27 14:15:23 INFO  : X-PLAN/commercial/role-per-phase.md: Copied (replaced existing)
2026/08/27 14:15:30 INFO  : docs/reference/asset-ownership-map.md: Copied (replaced existing)
2026/08/27 14:15:30 INFO  : docs/reference/bandwidth-feasibility.md: Copied (replaced existing)
2026/08/27 14:15:30 INFO  : docs/reference/client-equivalence-note.md: Copied (replaced existing)
2026/08/27 14:15:31 INFO  : docs/reference/crypto-cards-program.md: Copied (replaced existing)
2026/08/27 14:15:33 INFO  : docs/reference/endpoint-standards.md: Copied (replaced existing)
2026/08/27 14:15:34 INFO  : docs/reference/group-structure.md: Copied (replaced existing)
2026/08/27 14:15:34 INFO  : docs/reference/phase-4-backlog-register.md: Copied (replaced existing)
2026/08/27 14:15:35 INFO  : docs/reference/product-trade-commodity-map.md: Copied (replaced existing)
2026/08/27 14:15:37 INFO  : X-PLAN/client/evidence/meetings/meeting Louis 27aug26.pdf: Copied (new)
2026/08/27 14:15:38 INFO  : 
Transferred:   	  151.201 KiB / 151.201 KiB, 100%, 9.220 KiB/s, ETA 0s
Checks:               476 / 476, 100%
Transferred:           10 / 10, 100%
Elapsed time:        24.7s

[2026-08-27 14:15:38] PULL done
[2026-08-28 14:42:49] PULL start (Nextcloud → local) 
2026/08/28 14:43:01 INFO  : docs/reference/client-equivalence-note.md: Copied (replaced existing)
2026/08/28 14:43:01 INFO  : docs/reference/asset-ownership-map.md: Copied (replaced existing)
2026/08/28 14:43:02 INFO  : docs/reference/bandwidth-feasibility.md: Copied (replaced existing)
2026/08/28 14:43:02 INFO  : docs/reference/crypto-cards-program.md: Copied (replaced existing)
2026/08/28 14:43:06 INFO  : docs/reference/endpoint-standards.md: Copied (replaced existing)
2026/08/28 14:43:07 INFO  : docs/reference/group-structure.md: Copied (replaced existing)
2026/08/28 14:43:07 INFO  : docs/reference/phase-4-backlog-register.md: Copied (replaced existing)
2026/08/28 14:43:08 INFO  : docs/reference/product-trade-commodity-map.md: Copied (replaced existing)
2026/08/28 14:43:10 INFO  : X-PLAN/commercial/role-per-phase.md: Copied (replaced existing)
2026/08/28 14:43:14 INFO  : X-PLAN/resources/JD/Back end ERP trade JD.pdf: Copied (new)
2026/08/28 14:43:14 INFO  : X-PLAN/resources/JD/Android NFC JD.pdf: Copied (new)
2026/08/28 14:43:14 INFO  : X-PLAN/resources/JD/Android lead JD.pdf: Copied (new)
2026/08/28 14:43:15 INFO  : X-PLAN/resources/JD/Back end IAM JD.pdf: Copied (new)
2026/08/28 14:43:18 INFO  : X-PLAN/resources/JD/Back end isolation JD.pdf: Copied (new)
2026/08/28 14:43:18 INFO  : X-PLAN/resources/JD/Crypto 1 JD.pdf: Copied (new)
2026/08/28 14:43:18 INFO  : X-PLAN/resources/JD/Crypto 2 JD.pdf: Copied (new)
2026/08/28 14:43:18 INFO  : X-PLAN/resources/JD/Data center JD.pdf: Copied (new)
2026/08/28 14:43:19 INFO  : X-PLAN/resources/JD/SRE endpoint factory JD.pdf: Copied (new)
2026/08/28 14:43:19 INFO  : X-PLAN/resources/JD/QA SET JD.pdf: Copied (new)
2026/08/28 14:43:19 INFO  : X-PLAN/resources/JD/SRE mesh dr updates JD.pdf: Copied (new)
2026/08/28 14:43:19 INFO  : X-PLAN/resources/JD/Scrum Master JD.pdf: Copied (new)
2026/08/28 14:43:20 INFO  : X-PLAN/resources/JD/Tauri lead JD.pdf: Copied (new)
2026/08/28 14:43:20 INFO  : X-PLAN/resources/JD/UX designer JD.pdf: Copied (new)
2026/08/28 14:43:20 INFO  : X-PLAN/resources/JD/domain BA 1 JD.pdf: Copied (new)
2026/08/28 14:43:20 INFO  : X-PLAN/resources/JD/domain BA 2 JD.pdf: Copied (new)
2026/08/28 14:43:21 INFO  : X-PLAN/resources/JD/machine learning 1 JD.pdf: Copied (new)
2026/08/28 14:43:21 INFO  : X-PLAN/resources/JD/machine learning serving JD.pdf: Copied (new)
2026/08/28 14:43:21 INFO  : X-PLAN/resources/JD/solution architect JD.pdf: Copied (new)
2026/08/28 14:43:21 INFO  : X-PLAN/resources/JD/security architect JD.pdf: Copied (new)
2026/08/28 14:43:22 INFO  : X-PLAN/resources/JD/writer trainer JD.pdf: Copied (new)
2026/08/28 14:43:22 INFO  : X-PLAN/commercial/contract-pack/planning project X draft v 0.2.xlsx: Copied (new)
2026/08/28 14:43:22 INFO  : X-PLAN/commercial/contract-pack/planning project X draft v 0.4.xlsx: Copied (new)
2026/08/28 14:43:22 INFO  : X-PLAN/client/evidence/requirements/RACI product trade received 28aug26.pdf: Copied (new)
2026/08/28 14:43:23 INFO  : X-PLAN/client/evidence/requirements/RACI shared services received 28aug26.pdf: Copied (new)
2026/08/28 14:43:23 INFO  : docs/contractual doc WIP/planning project X draft v 0.1.xlsx: Deleted
2026/08/28 14:43:23 INFO  : X-PLAN/commercial/contract-pack/planning project X draft v 0.1.xlsx: Deleted
2026/08/28 14:43:23 INFO  : 
Transferred:   	    2.404 MiB / 2.404 MiB, 100%, 122.606 KiB/s, ETA 0s
Checks:               478 / 478, 100%
Deleted:                2 (files), 0 (dirs)
Transferred:           34 / 34, 100%
Elapsed time:        34.1s

[2026-08-28 14:43:23] PULL done
[2026-08-28 17:29:55] PULL start (Nextcloud → local) 
2026/08/28 17:30:19 INFO  : There was nothing to transfer
2026/08/28 17:30:19 INFO  : 
Transferred:   	          0 B / 0 B, -, 0 B/s, ETA -
Checks:               501 / 501, 100%
Elapsed time:        23.1s

[2026-08-28 17:30:19] PULL done
[2026-08-28 17:32:33] PUSH start (local → Nextcloud) 
[2026-08-28 17:43:47] PUSH start (local → Nextcloud) 
2026/08/28 17:44:03 INFO  : X-PLAN/BUILD-ORDER.md: Copied (replaced existing)
2026/08/28 17:44:06 INFO  : X-PLAN/RAID.md: Copied (replaced existing)
2026/08/28 17:44:07 INFO  : X-PLAN/DOCTRINE.md: Copied (replaced existing)
2026/08/28 17:44:08 INFO  : X-PLAN/GLOSSARY.md: Copied (replaced existing)
2026/08/28 17:44:20 INFO  : X-PLAN/client/clarifications.md: Copied (replaced existing)
2026/08/28 17:44:20 INFO  : X-PLAN/client/group-structure.md: Copied (replaced existing)
2026/08/28 17:44:20 INFO  : X-PLAN/plan.md: Copied (replaced existing)
2026/08/28 17:44:22 INFO  : X-PLAN/client/inputs-from-L.md: Copied (replaced existing)
2026/08/28 17:44:26 INFO  : X-PLAN/client/timeline-mapping.md: Copied (replaced existing)
2026/08/28 17:44:27 INFO  : X-PLAN/client/requirements-index.md: Copied (replaced existing)
2026/08/28 17:44:27 INFO  : X-PLAN/commercial/capex.md: Copied (replaced existing)
2026/08/28 17:44:28 INFO  : X-PLAN/commercial/cards-issuer-shortlist.md: Copied (replaced existing)
2026/08/28 17:44:30 INFO  : X-PLAN/commercial/phase-2-estimate.md: Copied (replaced existing)
2026/08/28 17:44:31 INFO  : X-PLAN/commercial/programme-fees.md: Copied (replaced existing)
2026/08/28 17:44:35 INFO  : X-PLAN/commercial/run-term-5y.md: Copied (replaced existing)
2026/08/28 17:44:35 INFO  : X-PLAN/commercial/sizing-drivers.md: Copied (replaced existing)
2026/08/28 17:44:43 INFO  : X-PLAN/phases/acceptance-ladder.md: Copied (replaced existing)
2026/08/28 17:44:45 INFO  : X-PLAN/phases/backlog-register.md: Copied (replaced existing)
2026/08/28 17:45:06 INFO  : X-PLAN/phases/phase-1-fast-track.md: Copied (replaced existing)
2026/08/28 17:45:23 INFO  : X-PLAN/phases/phase-2.md: Copied (replaced existing)
2026/08/28 17:45:45 INFO  : X-PLAN/phases/pre-contract.md: Copied (replaced existing)
2026/08/28 17:46:08 INFO  : X-PLAN/phases/summary-matrix.md: Copied (replaced existing)
2026/08/28 17:46:27 INFO  : X-PLAN/architecture/adr-index.md: Copied (replaced existing)
2026/08/28 17:46:37 INFO  : X-PLAN/commercial/hiring.md: Copied (replaced existing)
2026/08/28 17:46:46 INFO  : X-PLAN/architecture/aircraft-cctv-encoder.md: Copied (replaced existing)
2026/08/28 17:46:54 INFO  : X-PLAN/architecture/cctv-stack.md: Copied (replaced existing)
2026/08/28 17:47:05 INFO  : X-PLAN/architecture/geo-stack.md: Copied (replaced existing)
2026/08/28 17:47:14 INFO  : X-PLAN/operations/maintenance-run-term.md: Copied (replaced existing)
2026/08/28 17:47:25 INFO  : X-PLAN/operations/training-curriculum.md: Copied (replaced existing)
2026/08/28 17:47:32 INFO  : X-PLAN/products/README.md: Copied (replaced existing)
2026/08/28 17:47:43 INFO  : X-PLAN/products/ai-agents.md: Copied (replaced existing)
2026/08/28 17:47:52 INFO  : X-PLAN/products/crypto-cards.md: Copied (replaced existing)
2026/08/28 17:48:07 INFO  : X-PLAN/products/trade-operations.md: Copied (replaced existing)
2026/08/28 17:48:09 INFO  : X-PLAN/products/erp.md: Copied (replaced existing)
2026/08/28 17:48:27 INFO  : X-PLAN/treasury/fund-flows.md: Copied (replaced existing)
2026/08/28 17:48:29 INFO  : X-PLAN/spikes/README.md: Copied (replaced existing)
2026/08/28 17:48:47 INFO  : X-PLAN/spikes/aircraft-edge-encoder.md: Copied (replaced existing)
[2026-08-29 17:15:17] PULL start (Nextcloud → local) 
2026/08/29 17:15:33 INFO  : X-PLAN/treasury/cleaning-process.md: Copied (replaced existing)
2026/08/29 17:15:38 INFO  : docs/reference/Flow.md: Deleted
2026/08/29 17:15:38 INFO  : docs/reference/cards-issuer-shortlist.md: Deleted
2026/08/29 17:15:38 INFO  : docs/reference/client-equivalence-note.md: Deleted
2026/08/29 17:15:38 INFO  : docs/reference/trade-operations.md: Deleted
2026/08/29 17:15:38 INFO  : docs/reference/raci/00-cover-and-checklist.md: Deleted
2026/08/29 17:15:38 INFO  : docs/reference/raci/01-holding-singapore.md: Deleted
2026/08/29 17:15:38 INFO  : docs/reference/client-timeline-mapping.md: Deleted
2026/08/29 17:15:38 INFO  : docs/reference/contract-lifecycle.md: Deleted
2026/08/29 17:15:38 INFO  : docs/reference/crypto-cards-program.md: Deleted
2026/08/29 17:15:38 INFO  : docs/reference/product-trade-commodity-map.md: Deleted
2026/08/29 17:15:38 INFO  : docs/reference/raci/03-shared-service.md: Deleted
2026/08/29 17:15:38 INFO  : docs/reference/raci/README.md: Deleted
2026/08/29 17:15:38 INFO  : docs/reference/crypto-primer.md: Deleted
2026/08/29 17:15:38 INFO  : docs/reference/treasury-taint-executive-brief.md: Deleted
2026/08/29 17:15:38 INFO  : docs/reference/rfp-alignment-matrix.md: Deleted
2026/08/29 17:15:38 INFO  : docs/reference/raci/02-product-trade-ltd.md: Deleted
2026/08/29 17:15:38 INFO  : docs/reference/reporting-catalogue.md: Deleted
2026/08/29 17:15:38 INFO  : docs/reference/raci-matrix-template.md: Deleted
2026/08/29 17:15:38 INFO  : docs/reference/payment-workflow-audit-template.md: Deleted
2026/08/29 17:15:38 INFO  : docs/reference/ERP Reflections.md: Deleted
2026/08/29 17:15:38 INFO  : docs/reference/treasury-taint-executive-brief-fr.md: Deleted
2026/08/29 17:15:38 INFO  : docs/reference/user-training-curriculum.md: Deleted
2026/08/29 17:15:38 INFO  : docs/reference/asset-ownership-map.md: Deleted
2026/08/29 17:15:38 INFO  : docs/reference/bandwidth-feasibility.md: Deleted
2026/08/29 17:15:38 INFO  : docs/reference/raci/04-group-policies.md: Deleted
2026/08/29 17:15:38 INFO  : docs/reference/To Procure - ProjectX.md: Deleted
2026/08/29 17:15:38 INFO  : docs/reference/ai-agent-roadmap.md: Deleted
2026/08/29 17:15:38 INFO  : docs/reference/crypto-research.md: Deleted
2026/08/29 17:15:38 INFO  : docs/reference/endpoint-standards.md: Deleted
2026/08/29 17:15:38 INFO  : docs/reference/i2p-reseed.md: Deleted
2026/08/29 17:15:38 INFO  : docs/reference/personal-device-opsec.md: Deleted
2026/08/29 17:15:38 INFO  : docs/reference/executive-personal-device-checklist.md: Deleted
2026/08/29 17:15:38 INFO  : docs/reference/group-structure.md: Deleted
2026/08/29 17:15:38 INFO  : docs/reference/phase-4-backlog-register.md: Deleted
2026/08/29 17:15:38 INFO  : docs/reference/raci: Removing directory
2026/08/29 17:15:38 INFO  : docs/reference/.attachments.8260: Removing directory
2026/08/29 17:15:38 INFO  : docs/reference: Removing directory
2026/08/29 17:15:38 INFO  : 
Transferred:   	   11.312 KiB / 11.312 KiB, 100%, 1.614 KiB/s, ETA 0s
Checks:               504 / 504, 100%
Deleted:               34 (files), 3 (dirs)
Transferred:            1 / 1, 100%
Elapsed time:        20.0s

[2026-08-29 17:15:38] PULL done
[2026-08-29 17:17:32] PUSH start (local → Nextcloud) 
2026/08/29 17:17:57 INFO  : docs/reference/ai-agent-roadmap.md: Copied (new)
2026/08/29 17:17:58 INFO  : docs/reference/To Procure - ProjectX.md: Copied (new)
2026/08/29 17:17:58 INFO  : docs/reference/Flow.md: Copied (new)
2026/08/29 17:17:58 INFO  : docs/reference/ERP Reflections.md: Copied (new)
2026/08/29 17:18:08 INFO  : docs/reference/asset-ownership-map.md: Copied (new)
2026/08/29 17:18:08 INFO  : docs/reference/bandwidth-feasibility.md: Copied (new)
2026/08/29 17:18:09 INFO  : docs/reference/cards-issuer-shortlist.md: Copied (new)
2026/08/29 17:18:09 INFO  : docs/reference/client-equivalence-note.md: Copied (new)
2026/08/29 17:18:13 INFO  : docs/reference/client-timeline-mapping.md: Copied (new)
2026/08/29 17:18:13 INFO  : docs/reference/crypto-cards-program.md: Copied (new)
2026/08/29 17:18:13 INFO  : docs/reference/contract-lifecycle.md: Copied (new)
2026/08/29 17:18:13 INFO  : docs/reference/crypto-primer.md: Copied (new)
2026/08/29 17:18:18 INFO  : docs/reference/executive-personal-device-checklist.md: Copied (new)
2026/08/29 17:18:18 INFO  : docs/reference/group-structure.md: Copied (new)
2026/08/29 17:18:18 INFO  : docs/reference/crypto-research.md: Copied (new)
2026/08/29 17:18:18 INFO  : docs/reference/endpoint-standards.md: Copied (new)
2026/08/29 17:18:23 INFO  : docs/reference/i2p-reseed.md: Copied (new)
2026/08/29 17:18:23 INFO  : docs/reference/payment-workflow-audit-template.md: Copied (new)
2026/08/29 17:18:23 INFO  : docs/reference/personal-device-opsec.md: Copied (new)
2026/08/29 17:18:23 INFO  : docs/reference/phase-4-backlog-register.md: Copied (new)
2026/08/29 17:18:27 INFO  : docs/reference/product-trade-commodity-map.md: Copied (new)
2026/08/29 17:18:27 INFO  : docs/reference/raci-matrix-template.md: Copied (new)
2026/08/29 17:18:28 INFO  : docs/reference/reporting-catalogue.md: Copied (new)
2026/08/29 17:18:29 INFO  : docs/reference/rfp-alignment-matrix.md: Copied (new)
2026/08/29 17:18:34 INFO  : docs/reference/trade-operations.md: Copied (new)
2026/08/29 17:18:34 INFO  : docs/reference/treasury-taint-executive-brief-fr.md: Copied (new)
2026/08/29 17:18:35 INFO  : docs/reference/treasury-taint-executive-brief.md: Copied (new)
2026/08/29 17:18:38 INFO  : docs/reference/user-training-curriculum.md: Copied (new)
2026/08/29 17:18:40 INFO  : docs/reference/raci/00-cover-and-checklist.md: Copied (new)
2026/08/29 17:18:41 INFO  : docs/reference/raci/01-holding-singapore.md: Copied (new)
2026/08/29 17:18:41 INFO  : docs/reference/raci/02-product-trade-ltd.md: Copied (new)
2026/08/29 17:18:43 INFO  : docs/reference/raci/03-shared-service.md: Copied (new)
2026/08/29 17:18:44 INFO  : docs/reference/raci/04-group-policies.md: Copied (new)
2026/08/29 17:18:45 INFO  : docs/reference/raci/README.md: Copied (new)
2026/08/29 17:18:45 INFO  : 
Transferred:   	  157.929 KiB / 157.929 KiB, 100%, 2.855 KiB/s, ETA 0s
Checks:               470 / 470, 100%
Transferred:           34 / 34, 100%
Elapsed time:      1m12.3s

[2026-08-29 17:18:45] PUSH done
[2026-08-31 14:01:21] PULL start (Nextcloud → local) 
2026/08/31 14:01:31 INFO  : X-PLAN/RAID.md: Copied (replaced existing)
2026/08/31 14:01:31 INFO  : X-PLAN/plan.md: Copied (replaced existing)
2026/08/31 14:01:32 INFO  : X-PLAN/GLOSSARY.md: Copied (replaced existing)
2026/08/31 14:01:32 INFO  : X-PLAN/DOCTRINE.md: Copied (replaced existing)
2026/08/31 14:01:35 INFO  : X-PLAN/commercial/contract-pack-index.md: Copied (replaced existing)
2026/08/31 14:01:36 INFO  : X-PLAN/commercial/README.md: Copied (replaced existing)
2026/08/31 14:01:36 INFO  : X-PLAN/commercial/capex.md: Copied (replaced existing)
2026/08/31 14:01:36 INFO  : X-PLAN/commercial/hiring.md: Copied (replaced existing)
2026/08/31 14:01:40 INFO  : X-PLAN/commercial/programme-fees.md: Copied (replaced existing)
2026/08/31 14:01:41 INFO  : X-PLAN/commercial/to-procure.md: Copied (replaced existing)
2026/08/31 14:01:41 INFO  : X-PLAN/phases/pre-contract.md: Copied (replaced existing)
2026/08/31 14:01:41 INFO  : X-PLAN/phases/acceptance-ladder.md: Copied (replaced existing)
2026/08/31 14:01:44 INFO  : X-PLAN/architecture/README.md: Copied (replaced existing)
2026/08/31 14:01:44 INFO  : X-PLAN/architecture/topology.md: Copied (replaced existing)
2026/08/31 14:01:45 INFO  : X-PLAN/client/clarifications.md: Copied (replaced existing)
2026/08/31 14:01:45 INFO  : X-PLAN/client/counterparts.md: Copied (replaced existing)
2026/08/31 14:01:48 INFO  : X-PLAN/client/inputs-from-L.md: Copied (replaced existing)
2026/08/31 14:01:48 INFO  : X-PLAN/client/questions-for-client.md: Copied (replaced existing)
2026/08/31 14:01:49 INFO  : X-PLAN/operations/README.md: Copied (replaced existing)
2026/08/31 14:01:49 INFO  : X-PLAN/client/questions-workbook.md: Copied (replaced existing)
2026/08/31 14:01:51 INFO  : X-PLAN/operations/bandwidth-and-reseed.md: Copied (replaced existing)
2026/08/31 14:01:52 INFO  : X-PLAN/operations/dc-build.md: Copied (replaced existing)
2026/08/31 14:01:53 INFO  : X-PLAN/operations/disaster-recovery.md: Copied (replaced existing)
2026/08/31 14:01:53 INFO  : X-PLAN/operations/regional-deployment.md: Copied (replaced existing)
2026/08/31 14:01:55 INFO  : docs/archive/planning project X draft v 0.2.xlsx: Copied (new)
2026/08/31 14:01:55 INFO  : X-PLAN/commercial/contract-pack/planning project X draft v 0.5 31aug26.xlsx: Copied (new)
2026/08/31 14:01:55 INFO  : docs/archive/planning project X draft v 0.4.xlsx: Copied (new)
2026/08/31 14:01:56 INFO  : X-PLAN/resources/third party/answers to clarification requestsed by Etech.docx: Copied (new)
2026/08/31 14:01:56 INFO  : X-PLAN/resources/third party/answers to clarification requestsed by Etech.pdf: Copied (new)
2026/08/31 14:01:57 INFO  : X-PLAN/client/evidence/requirements/RACI holding received 20aug26.pdf: Copied (new)
2026/08/31 14:01:57 INFO  : X-PLAN/commercial/contract-pack/planning project X draft v 0.4.xlsx: Deleted
2026/08/31 14:01:57 INFO  : X-PLAN/commercial/dc-plant-annex.md: Deleted
2026/08/31 14:01:57 INFO  : X-PLAN/commercial/contract-pack/planning project X draft v 0.2.xlsx: Deleted
2026/08/31 14:01:57 INFO  : 
Transferred:   	  580.555 KiB / 580.555 KiB, 100%, 22.353 KiB/s, ETA 0s
Checks:               505 / 505, 100%
Deleted:                3 (files), 0 (dirs)
Transferred:           30 / 30, 100%
Elapsed time:        35.8s

[2026-08-31 14:01:57] PULL done
[2026-08-31 14:06:53] PUSH start (local → Nextcloud) 
2026/08/31 14:07:08 INFO  : X-PLAN/DOCTRINE.md: Copied (replaced existing)
2026/08/31 14:07:08 INFO  : X-PLAN/RAID.md: Copied (replaced existing)
2026/08/31 14:07:08 INFO  : X-PLAN/GLOSSARY.md: Copied (replaced existing)
2026/08/31 14:07:09 INFO  : X-PLAN/plan.md: Copied (replaced existing)
2026/08/31 14:07:21 INFO  : X-PLAN/client/clarifications.md: Copied (replaced existing)
2026/08/31 14:07:29 INFO  : X-PLAN/client/questions-for-client.md: Copied (replaced existing)
2026/08/31 14:07:29 INFO  : X-PLAN/client/inputs-from-L.md: Copied (replaced existing)
2026/08/31 14:07:29 INFO  : X-PLAN/client/questions-workbook.md: Copied (replaced existing)
2026/08/31 14:07:29 INFO  : X-PLAN/client/counterparts.md: Copied (replaced existing)
2026/08/31 14:07:35 INFO  : X-PLAN/commercial/dc-plant-annex.md: Copied (new)
2026/08/31 14:07:35 INFO  : X-PLAN/commercial/contract-pack-index.md: Copied (replaced existing)
2026/08/31 14:07:35 INFO  : X-PLAN/commercial/README.md: Copied (replaced existing)
2026/08/31 14:07:36 INFO  : X-PLAN/commercial/capex.md: Copied (replaced existing)
2026/08/31 14:07:39 INFO  : X-PLAN/commercial/hiring.md: Copied (replaced existing)
2026/08/31 14:07:40 INFO  : X-PLAN/operations/README.md: Copied (replaced existing)
2026/08/31 14:07:40 INFO  : X-PLAN/commercial/programme-fees.md: Copied (replaced existing)
2026/08/31 14:07:40 INFO  : X-PLAN/commercial/to-procure.md: Copied (replaced existing)
2026/08/31 14:07:44 INFO  : X-PLAN/operations/disaster-recovery.md: Copied (replaced existing)
2026/08/31 14:07:44 INFO  : X-PLAN/operations/bandwidth-and-reseed.md: Copied (replaced existing)
2026/08/31 14:07:44 INFO  : X-PLAN/operations/dc-build.md: Copied (replaced existing)
2026/08/31 14:07:45 INFO  : X-PLAN/operations/regional-deployment.md: Copied (replaced existing)
2026/08/31 14:07:47 INFO  : X-PLAN/architecture/README.md: Copied (replaced existing)
2026/08/31 14:07:48 INFO  : X-PLAN/architecture/topology.md: Copied (replaced existing)
2026/08/31 14:07:48 INFO  : X-PLAN/phases/acceptance-ladder.md: Copied (replaced existing)
2026/08/31 14:07:49 INFO  : X-PLAN/phases/pre-contract.md: Copied (replaced existing)
2026/08/31 14:07:49 INFO  : 
Transferred:   	  282.440 KiB / 282.440 KiB, 100%, 6.257 KiB/s, ETA 0s
Checks:               508 / 508, 100%
Transferred:           25 / 25, 100%
Elapsed time:        55.6s

[2026-08-31 14:07:49] PUSH done
[2026-08-31 14:30:59] PUSH start (local → Nextcloud) 
2026/08/31 14:31:20 INFO  : X-PLAN/resources/third party/answers-to-clarification-requests-by-Etech.md: Copied (new)
2026/08/31 14:31:20 INFO  : 
Transferred:   	    6.443 KiB / 6.443 KiB, 100%, 2.146 KiB/s, ETA 0s
Checks:               509 / 509, 100%
Transferred:            1 / 1, 100%
Elapsed time:        20.9s

[2026-08-31 14:31:20] PUSH done
[2026-08-31 14:36:28] PUSH start (local → Nextcloud) 
2026/08/31 14:40:34 ERROR : X-PLAN/commercial/dc-plant-annex.md: Failed to copy: Sabre\DAV\Exception\Locked: 423 Locked
2026/08/31 14:40:34 ERROR : webdav root 'X': not deleting files as there were IO errors
2026/08/31 14:40:34 ERROR : webdav root 'X': not deleting directories as there were IO errors
2026/08/31 14:40:34 ERROR : Attempt 1/3 failed with 1 errors and: Sabre\DAV\Exception\Locked: 423 Locked
2026/08/31 14:44:42 ERROR : X-PLAN/commercial/dc-plant-annex.md: Failed to copy: Sabre\DAV\Exception\Locked: 423 Locked
2026/08/31 14:44:42 ERROR : webdav root 'X': not deleting files as there were IO errors
2026/08/31 14:44:42 ERROR : webdav root 'X': not deleting directories as there were IO errors
2026/08/31 14:44:42 ERROR : Attempt 2/3 failed with 1 errors and: Sabre\DAV\Exception\Locked: 423 Locked
[2026-08-31 14:48:40] PUSH start (local → Nextcloud) 
2026/08/31 14:48:58 INFO  : X-PLAN/commercial/dc-plant-annex.md: Copied (replaced existing)
2026/08/31 14:49:13 ERROR : X-PLAN/commercial/contract-pack/Project X appendix 8 trade sanctions and crypto compliance draft V0.2.docx: Couldn't delete: Sabre\DAV\Exception\Locked: 423 Locked
2026/08/31 14:49:13 ERROR : webdav root 'X': not deleting directories as there were IO errors
2026/08/31 14:49:13 ERROR : Attempt 1/3 failed with 2 errors and: failed to delete 1 files
2026/08/31 14:49:33 INFO  : X-PLAN/commercial/dc-plant-annex.md: Copied (replaced existing)
2026/08/31 14:49:40 INFO  : X-PLAN/client/evidence/requirements/Listing of AI agents V0.2 26aug26.pdf: Deleted
2026/08/31 14:49:40 INFO  : X-PLAN/client/evidence/requirements/user names.pdf: Deleted
2026/08/31 14:49:48 ERROR : X-PLAN/commercial/contract-pack/Project X appendix 8 trade sanctions and crypto compliance draft V0.2.docx: Couldn't delete: Sabre\DAV\Exception\Locked: 423 Locked
2026/08/31 14:49:48 ERROR : webdav root 'X': not deleting directories as there were IO errors
2026/08/31 14:49:48 ERROR : Attempt 2/3 failed with 2 errors and: failed to delete 1 files
2026/08/31 14:50:29 ERROR : X-PLAN/commercial/contract-pack/Project X appendix 8 trade sanctions and crypto compliance draft V0.2.docx: Couldn't delete: Sabre\DAV\Exception\Locked: 423 Locked
2026/08/31 14:50:29 ERROR : webdav root 'X': not deleting directories as there were IO errors
2026/08/31 14:50:29 ERROR : Attempt 3/3 failed with 2 errors and: failed to delete 1 files
2026/08/31 14:50:29 INFO  : 
Transferred:   	   30.912 KiB / 30.912 KiB, 100%, 173 B/s, ETA 0s
Errors:                 2 (retrying may help)
Checks:              1535 / 1535, 100%
Deleted:                5 (files), 0 (dirs)
Transferred:            2 / 2, 100%
Elapsed time:      1m49.4s

2026/08/31 14:50:29 Failed to sync with 2 errors: last error was: failed to delete 1 files
[2026-08-31 14:50:29] PUSH done
[2026-08-31 14:58:35] PULL start (Nextcloud → local) 
2026/08/31 14:58:54 INFO  : X-PLAN/commercial/contract-pack/Project X appendix 8 trade sanctions and crypto compliance draft V0.2.docx: Copied (new)
2026/08/31 14:58:58 INFO  : X-PLAN/.cursor/rules/no-em-dash.js: Deleted
2026/08/31 14:58:58 INFO  : X-PLAN/.cursor/rules: Removing directory
2026/08/31 14:58:58 INFO  : X-PLAN/.cursor: Removing directory
2026/08/31 14:58:58 INFO  : 
Transferred:   	   13.417 KiB / 13.417 KiB, 100%, 2.236 KiB/s, ETA 0s
Checks:               511 / 511, 100%
Deleted:                1 (files), 2 (dirs)
Transferred:            1 / 1, 100%
Elapsed time:        22.5s

[2026-08-31 14:58:58] PULL done
[2026-08-31 15:18:37] PULL start (Nextcloud → local) 
2026/08/31 15:18:59 INFO  : X-PLAN/.cursorrules: Deleted
2026/08/31 15:18:59 INFO  : X-PLAN/.markdownlint.json: Deleted
2026/08/31 15:18:59 INFO  : There was nothing to transfer
2026/08/31 15:18:59 INFO  : 
Transferred:   	          0 B / 0 B, -, 0 B/s, ETA -
Checks:               513 / 513, 100%
Deleted:                2 (files), 0 (dirs)
Elapsed time:        22.1s

[2026-08-31 15:18:59] PULL done
[2026-08-31 15:51:11] PULL start (Nextcloud → local) 
2026/08/31 15:51:17 INFO  : X-PLAN/GLOSSARY.md: Copied (replaced existing)
2026/08/31 15:51:21 INFO  : X-PLAN/client/clarifications.md: Copied (replaced existing)
2026/08/31 15:51:21 INFO  : X-PLAN/client/inputs-from-L.md: Copied (replaced existing)
2026/08/31 15:51:21 INFO  : X-PLAN/commercial/README.md: Copied (replaced existing)
2026/08/31 15:51:22 INFO  : X-PLAN/commercial/capex.md: Copied (replaced existing)
2026/08/31 15:51:25 INFO  : X-PLAN/commercial/opex.md: Copied (replaced existing)
2026/08/31 15:51:25 INFO  : X-PLAN/commercial/dc-plant-annex.md: Copied (replaced existing)
2026/08/31 15:51:26 INFO  : X-PLAN/commercial/supplier-tooling.md: Copied (replaced existing)
2026/08/31 15:51:26 INFO  : X-PLAN/commercial/sizing-drivers.md: Copied (replaced existing)
2026/08/31 15:51:29 INFO  : X-PLAN/commercial/travel-and-logistics.md: Copied (replaced existing)
2026/08/31 15:51:30 INFO  : X-PLAN/commercial/to-procure.md: Copied (replaced existing)
2026/08/31 15:51:30 INFO  : X-PLAN/phases/phase-0.md: Copied (replaced existing)
2026/08/31 15:51:31 INFO  : X-PLAN/treasury/phase-00.md: Copied (replaced existing)
2026/08/31 15:51:31 INFO  : X-PLAN/commercial/contract-pack/Project X appendix 8 trade sanctions and crypto compliance draft V0.2.docx: Copied (replaced existing)
2026/08/31 15:51:33 INFO  : X-PLAN/client/answers/questions fast track from G 25aug26 partial answers.md: Copied (replaced existing)
2026/08/31 15:51:38 INFO  : 
Transferred:   	  119.730 KiB / 119.730 KiB, 100%, 5.163 KiB/s, ETA 0s
Checks:               511 / 511, 100%
Transferred:           15 / 15, 100%
Elapsed time:        26.2s

[2026-08-31 15:51:38] PULL done
[2026-08-31 15:52:31] PULL start (Nextcloud → local) 
2026/08/31 15:52:56 INFO  : There was nothing to transfer
2026/08/31 15:52:56 INFO  : 
Transferred:   	          0 B / 0 B, -, 0 B/s, ETA -
Checks:               511 / 511, 100%
Elapsed time:        24.3s

[2026-08-31 15:52:56] PULL done
[2026-08-31 15:54:42] PUSH start (local → Nextcloud) 
2026/08/31 15:55:05 INFO  : X-PLAN/GLOSSARY.md: Copied (replaced existing)
2026/08/31 15:55:08 INFO  : X-PLAN/commercial/capex.md: Copied (replaced existing)
2026/08/31 15:55:08 INFO  : X-PLAN/commercial/README.md: Copied (replaced existing)
2026/08/31 15:55:08 INFO  : X-PLAN/commercial/dc-plant-annex.md: Copied (replaced existing)
2026/08/31 15:55:14 INFO  : X-PLAN/commercial/opex.md: Copied (replaced existing)
2026/08/31 15:55:17 INFO  : X-PLAN/commercial/supplier-tooling.md: Copied (replaced existing)
2026/08/31 15:55:17 INFO  : X-PLAN/commercial/sizing-drivers.md: Copied (replaced existing)
2026/08/31 15:55:19 INFO  : X-PLAN/commercial/travel-and-logistics.md: Copied (replaced existing)
2026/08/31 15:55:20 INFO  : X-PLAN/phases/phase-0.md: Copied (replaced existing)
2026/08/31 15:55:21 INFO  : X-PLAN/client/clarifications.md: Copied (replaced existing)
2026/08/31 15:55:22 INFO  : X-PLAN/client/inputs-from-L.md: Copied (replaced existing)
2026/08/31 15:55:23 INFO  : X-PLAN/treasury/phase-00.md: Copied (replaced existing)
2026/08/31 15:55:24 INFO  : X-PLAN/client/answers/questions fast track from G 25aug26 partial answers.md: Copied (replaced existing)
2026/08/31 15:56:48 INFO  : X-PLAN/commercial/to-procure.md: Copied (replaced existing)
2026/08/31 15:56:48 INFO  : 
Transferred:   	  160.695 KiB / 160.695 KiB, 100%, 910 B/s, ETA 0s
Checks:               511 / 511, 100%
Transferred:           14 / 14, 100%
Elapsed time:       2m5.5s

[2026-08-31 15:56:48] PUSH done
[2026-08-31 19:35:12] PULL start (Nextcloud → local) 
2026/08/31 19:35:19 INFO  : X-PLAN/README.md: Copied (replaced existing)
2026/08/31 19:35:20 INFO  : X-PLAN/plan.md: Copied (replaced existing)
2026/08/31 19:35:27 INFO  : X-PLAN/commercial/README.md: Copied (replaced existing)
2026/08/31 19:35:35 INFO  : X-PLAN/summaries/02-architecture.md: Deleted
2026/08/31 19:35:35 INFO  : X-PLAN/summaries/07-client-governance-and-acceptance.md: Deleted
2026/08/31 19:35:35 INFO  : X-PLAN/summaries/08-domain-phase-matrix.md: Deleted
2026/08/31 19:35:35 INFO  : X-PLAN/summaries/README.md: Deleted
2026/08/31 19:35:35 INFO  : X-PLAN/summaries/01-phases-and-delivery.md: Deleted
2026/08/31 19:35:35 INFO  : X-PLAN/summaries/03-products.md: Deleted
2026/08/31 19:35:35 INFO  : X-PLAN/summaries/04-treasury.md: Deleted
2026/08/31 19:35:35 INFO  : X-PLAN/summaries/00-executive-brief.md: Deleted
2026/08/31 19:35:35 INFO  : X-PLAN/commercial/contingency-options.md: Deleted
2026/08/31 19:35:35 INFO  : X-PLAN/summaries/05-operations.md: Deleted
2026/08/31 19:35:35 INFO  : X-PLAN/summaries/06-commercial.md: Deleted
2026/08/31 19:35:35 INFO  : X-PLAN/summaries: Removing directory
2026/08/31 19:35:35 INFO  : 
Transferred:   	   17.016 KiB / 17.016 KiB, 100%, 957 B/s, ETA 0s
Checks:               522 / 522, 100%
Deleted:               11 (files), 1 (dirs)
Transferred:            3 / 3, 100%
Elapsed time:        22.7s

[2026-08-31 19:35:35] PULL done
[2026-08-31 21:05:45] PULL start (Nextcloud → local) 
2026/08/31 21:06:06 INFO  : There was nothing to transfer
2026/08/31 21:06:06 INFO  : 
Transferred:   	          0 B / 0 B, -, 0 B/s, ETA -
Checks:               511 / 511, 100%
Elapsed time:        21.2s

[2026-08-31 21:06:06] PULL done
[2026-08-31 21:09:27] PUSH start (local → Nextcloud) 
2026/08/31 21:09:44 INFO  : X-PLAN/README.md: Copied (replaced existing)
2026/08/31 21:09:44 INFO  : X-PLAN/plan.md: Copied (replaced existing)
2026/08/31 21:09:47 INFO  : X-PLAN/summaries/01-phases-and-delivery.md: Copied (new)
2026/08/31 21:09:49 INFO  : X-PLAN/summaries/00-executive-brief.md: Copied (new)
2026/08/31 21:09:56 INFO  : X-PLAN/summaries/02-architecture.md: Copied (new)
2026/08/31 21:09:57 INFO  : X-PLAN/summaries/03-products.md: Copied (new)
2026/08/31 21:09:58 INFO  : X-PLAN/summaries/04-treasury.md: Copied (new)
2026/08/31 21:09:58 INFO  : X-PLAN/summaries/05-operations.md: Copied (new)
2026/08/31 21:10:01 INFO  : X-PLAN/summaries/07-client-governance-and-acceptance.md: Copied (new)
2026/08/31 21:10:01 INFO  : X-PLAN/summaries/06-commercial.md: Copied (new)
2026/08/31 21:10:01 INFO  : X-PLAN/summaries/README.md: Copied (new)
2026/08/31 21:10:02 INFO  : X-PLAN/summaries/08-domain-phase-matrix.md: Copied (new)
2026/08/31 21:10:04 INFO  : X-PLAN/commercial/README.md: Copied (replaced existing)
2026/08/31 21:10:04 INFO  : 
Transferred:   	  110.702 KiB / 110.702 KiB, 100%, 3.764 KiB/s, ETA 0s
Checks:               511 / 511, 100%
Transferred:           13 / 13, 100%
Elapsed time:        37.3s

[2026-08-31 21:10:04] PUSH done
[2026-08-31 21:27:44] PUSH start (local → Nextcloud) 
2026/08/31 21:28:04 INFO  : X-PLAN/BUILD-ORDER.md: Copied (replaced existing)
2026/08/31 21:28:07 INFO  : X-PLAN/GLOSSARY.md: Copied (replaced existing)
2026/08/31 21:28:07 INFO  : X-PLAN/DOCTRINE.md: Copied (replaced existing)
2026/08/31 21:28:08 INFO  : X-PLAN/INDEX-sources.md: Copied (replaced existing)
2026/08/31 21:28:17 INFO  : X-PLAN/RAID.md: Copied (replaced existing)
2026/08/31 21:28:17 INFO  : X-PLAN/README.md: Copied (replaced existing)
2026/08/31 21:28:18 INFO  : X-PLAN/plan.md: Copied (replaced existing)
2026/08/31 21:28:18 INFO  : X-PLAN/commercial/run-capacity-schedule.md: Copied (new)
2026/08/31 21:28:21 INFO  : X-PLAN/commercial/contract-pack-index.md: Copied (replaced existing)
2026/08/31 21:28:21 INFO  : X-PLAN/commercial/hiring.md: Copied (replaced existing)
2026/08/31 21:28:21 INFO  : X-PLAN/commercial/README.md: Copied (replaced existing)
2026/08/31 21:28:21 INFO  : X-PLAN/commercial/opex.md: Copied (replaced existing)
2026/08/31 21:28:24 INFO  : X-PLAN/commercial/programme-fees.md: Copied (replaced existing)
2026/08/31 21:28:24 INFO  : X-PLAN/commercial/role-per-phase.md: Copied (replaced existing)
2026/08/31 21:28:24 INFO  : X-PLAN/commercial/payment-doctrine.md: Copied (replaced existing)
2026/08/31 21:28:25 INFO  : X-PLAN/commercial/run-term-5y.md: Copied (replaced existing)
2026/08/31 21:28:27 INFO  : X-PLAN/commercial/sizing-drivers.md: Copied (replaced existing)
2026/08/31 21:28:27 INFO  : X-PLAN/operations/README.md: Copied (replaced existing)
2026/08/31 21:28:27 INFO  : X-PLAN/operations/maintenance-interim.md: Copied (replaced existing)
2026/08/31 21:28:28 INFO  : X-PLAN/operations/maintenance-run-term.md: Copied (replaced existing)
2026/08/31 21:28:31 INFO  : X-PLAN/phases/acceptance-ladder.md: Copied (replaced existing)
2026/08/31 21:28:31 INFO  : X-PLAN/phases/README.md: Copied (replaced existing)
2026/08/31 21:28:31 INFO  : X-PLAN/phases/milestone-register.md: Copied (replaced existing)
2026/08/31 21:28:34 INFO  : X-PLAN/phases/pre-contract.md: Copied (replaced existing)
2026/08/31 21:28:34 INFO  : X-PLAN/phases/phase-2.md: Copied (replaced existing)
2026/08/31 21:28:34 INFO  : X-PLAN/phases/phase-3-run.md: Copied (replaced existing)
2026/08/31 21:28:37 INFO  : X-PLAN/phases/summary-matrix.md: Copied (replaced existing)
2026/08/31 21:28:38 INFO  : X-PLAN/summaries/00-executive-brief.md: Copied (replaced existing)
2026/08/31 21:28:38 INFO  : X-PLAN/summaries/01-phases-and-delivery.md: Copied (replaced existing)
2026/08/31 21:28:41 INFO  : X-PLAN/summaries/05-operations.md: Copied (replaced existing)
2026/08/31 21:28:41 INFO  : X-PLAN/summaries/08-domain-phase-matrix.md: Copied (replaced existing)
2026/08/31 21:28:41 INFO  : X-PLAN/summaries/06-commercial.md: Copied (replaced existing)
2026/08/31 21:28:44 INFO  : X-PLAN/summaries/README.md: Copied (replaced existing)
2026/08/31 21:30:11 INFO  : X-PLAN/phases/phase-1-fast-track.md: Copied (replaced existing)
2026/08/31 21:30:11 INFO  : 
Transferred:   	  356.286 KiB / 356.286 KiB, 100%, 658 B/s, ETA 0s
Checks:               521 / 521, 100%
Transferred:           34 / 34, 100%
Elapsed time:      2m26.8s

[2026-08-31 21:30:11] PUSH done
[2026-09-01 12:41:30] PULL start (Nextcloud → local) 
2026/09/01 12:41:38 INFO  : docs/archive/Project X appendix 5 quality draft V0.1.pdf: Copied (new)
2026/09/01 12:41:38 INFO  : docs/archive/Project X appendix 4 methodology draft V0.1.docx: Copied (new)
2026/09/01 12:41:39 INFO  : docs/archive/Project X appendix 5 quality draft V0.1.docx: Copied (new)
2026/09/01 12:41:39 INFO  : docs/archive/Project X appendix 4 methodology draft V0.1.pdf: Copied (new)
2026/09/01 12:41:41 INFO  : X-PLAN/client/README.md: Copied (replaced existing)
2026/09/01 12:41:50 INFO  : X-PLAN/commercial/contract-pack/Project X appendix 4 methodology draft V0.2.docx: Copied (new)
2026/09/01 12:41:51 INFO  : X-PLAN/commercial/contract-pack/Project X appendix 4 methodology draft V0.2.pdf: Copied (new)
2026/09/01 12:41:51 INFO  : X-PLAN/commercial/contract-pack/Project X appendix 5 quality draft V0.2.pdf: Copied (new)
2026/09/01 12:41:51 INFO  : X-PLAN/commercial/contract-pack/Project X appendix 5 quality draft V0.2.docx: Copied (new)
2026/09/01 12:41:53 INFO  : X-PLAN/commercial/contract-pack/Project X appendix 7 Anti Bribery and anti corruption draft V0.1 REFUSED BY CLIENT.docx: Copied (new)
2026/09/01 12:41:53 INFO  : X-PLAN/commercial/contract-pack/Project X appendix 7 Anti Bribery and anti corruption draft V0.1 REFUSED BY CLIENT.pdf: Copied (new)
2026/09/01 12:41:53 INFO  : X-PLAN/commercial/contract-pack/Project X appendix 5 quality draft V0.1.docx: Deleted
2026/09/01 12:41:53 INFO  : X-PLAN/client/questions-phase-0-and-fast-track.md: Deleted
2026/09/01 12:41:53 INFO  : X-PLAN/commercial/contract-pack/Project X appendix 4 methodology draft V0.1.docx: Deleted
2026/09/01 12:41:53 INFO  : X-PLAN/commercial/contract-pack/Project X appendix 7 Anti Bribery and anti corruption draft V0.1.docx: Deleted
2026/09/01 12:41:53 INFO  : X-PLAN/commercial/contract-pack/Project X appendix 5 quality draft V0.1.pdf: Deleted
2026/09/01 12:41:53 INFO  : X-PLAN/commercial/contract-pack/Project X appendix 7 Anti Bribery and anti corruption draft V0.1.pdf: Deleted
2026/09/01 12:41:53 INFO  : X-PLAN/commercial/contract-pack/Project X appendix 4 methodology draft V0.1.pdf: Deleted
2026/09/01 12:41:53 INFO  : 
Transferred:   	    1.007 MiB / 1.007 MiB, 100%, 53.327 KiB/s, ETA 0s
Checks:               523 / 523, 100%
Deleted:                7 (files), 0 (dirs)
Transferred:           11 / 11, 100%
Elapsed time:        23.3s

[2026-09-01 12:41:53] PULL done
[2026-09-01 12:43:11] PUSH start (local → Nextcloud) 
2026/09/01 12:43:30 INFO  : X-PLAN/client/questions-phase-0-and-fast-track.md: Copied (new)
2026/09/01 12:43:35 INFO  : 
Transferred:   	   16.843 KiB / 16.843 KiB, 100%, 1.201 KiB/s, ETA 0s
Checks:               526 / 526, 100%
Transferred:            1 / 1, 100%
Elapsed time:        23.7s

[2026-09-01 12:43:35] PUSH done
[2026-09-01 13:51:12] PULL start (Nextcloud → local) 
2026/09/01 13:51:25 INFO  : X-PLAN/commercial/dc-plant-annex.md: Copied (replaced existing)
2026/09/01 13:51:25 INFO  : X-PLAN/client/questions-phase-0-and-fast-track.md: Copied (replaced existing)
2026/09/01 13:51:25 INFO  : X-PLAN/client/OLD - questions-workbook.md: Copied (new)
2026/09/01 13:51:25 INFO  : X-PLAN/client/OLD - questions-for-client.md: Copied (new)
2026/09/01 13:51:27 INFO  : X-PLAN/phases/milestone-register.md: Copied (replaced existing)
2026/09/01 13:51:33 INFO  : X-PLAN/client/questions-for-client.md: Deleted
2026/09/01 13:51:33 INFO  : X-PLAN/client/questions-workbook.md: Deleted
2026/09/01 13:51:33 INFO  : 
Transferred:   	  113.371 KiB / 113.371 KiB, 100%, 10.312 KiB/s, ETA 0s
Checks:               527 / 527, 100%
Deleted:                2 (files), 0 (dirs)
Transferred:            5 / 5, 100%
Elapsed time:        21.3s

[2026-09-01 13:51:33] PULL done
[2026-09-01 13:57:41] PULL start (Nextcloud → local) 
2026/09/01 13:57:58 INFO  : X-PLAN/client/raci/Client Responses/Copie de RACI shared services v0.1  word972003.docx: Copied (new)
2026/09/01 13:57:59 INFO  : X-PLAN/client/raci/Client Responses/Copie de RACI holding v0.1  word972003.docx: Copied (new)
2026/09/01 13:57:59 INFO  : X-PLAN/client/raci/Client Responses/Copie de RACI product trade v0.1  word972003_1.docx: Copied (new)
2026/09/01 13:58:00 INFO  : 
Transferred:   	   85.939 KiB / 85.939 KiB, 100%, 21.496 KiB/s, ETA 0s
Checks:               527 / 527, 100%
Transferred:            3 / 3, 100%
Elapsed time:        19.3s

[2026-09-01 13:58:00] PULL done
[2026-09-01 14:01:43] PULL start (Nextcloud → local) 
2026/09/01 14:02:04 INFO  : X-PLAN/client/raci/Client Responses/shared services RACI v0.1.md: Copied (new)
2026/09/01 14:02:04 INFO  : X-PLAN/client/raci/Client Responses/product trade RACI v0.1.md: Copied (new)
2026/09/01 14:02:04 INFO  : X-PLAN/client/raci/Client Responses/holding RACI v0.1.md: Copied (new)
2026/09/01 14:02:04 INFO  : X-PLAN/client/raci/Client Responses/Copie de RACI holding v0.1  word972003.docx: Copied (replaced existing)
2026/09/01 14:02:04 INFO  : 
Transferred:   	   35.720 KiB / 35.720 KiB, 100%, 0 B/s, ETA -
Checks:               530 / 530, 100%
Transferred:            4 / 4, 100%
Elapsed time:        21.2s

[2026-09-01 14:02:04] PULL done
[2026-09-01 14:41:10] PULL start (Nextcloud → local) 
2026/09/01 14:41:22 INFO  : X-PLAN/commercial/capex.md: Copied (replaced existing)
2026/09/01 14:41:22 INFO  : X-PLAN/commercial/run-term-5y.md: Copied (replaced existing)
2026/09/01 14:41:23 INFO  : X-PLAN/commercial/dc-plant-annex.md: Copied (replaced existing)
2026/09/01 14:41:23 INFO  : X-PLAN/commercial/programme-fees.md: Copied (replaced existing)
2026/09/01 14:41:25 INFO  : X-PLAN/phases/phase-3-run.md: Copied (replaced existing)
2026/09/01 14:41:26 INFO  : X-PLAN/operations/maintenance-run-term.md: Copied (replaced existing)
2026/09/01 14:41:31 INFO  : X-PLAN/.cursor/rules/no-em-dash.mdc: Deleted
2026/09/01 14:41:31 INFO  : X-PLAN/.cursorrules: Deleted
2026/09/01 14:41:31 INFO  : X-PLAN/.cursor/rules: Removing directory
2026/09/01 14:41:31 INFO  : X-PLAN/.cursor: Removing directory
2026/09/01 14:41:31 INFO  : 
Transferred:   	   89.557 KiB / 89.557 KiB, 100%, 7.464 KiB/s, ETA 0s
Checks:               535 / 535, 100%
Deleted:                2 (files), 2 (dirs)
Transferred:            6 / 6, 100%
Elapsed time:        21.6s

[2026-09-01 14:41:31] PULL done
[2026-09-01 14:53:41] PULL start (Nextcloud → local) 
2026/09/01 14:53:57 INFO  : X-PLAN/commercial/to-procure.md: Copied (replaced existing)
2026/09/01 14:54:04 INFO  : X-PLAN/.cursor/rules/no-em-dash.mdc: Deleted
2026/09/01 14:54:04 INFO  : X-PLAN/.cursor/rules: Removing directory
2026/09/01 14:54:04 INFO  : X-PLAN/.cursor: Removing directory
2026/09/01 14:54:04 INFO  : 
Transferred:   	   17.753 KiB / 17.753 KiB, 100%, 1.970 KiB/s, ETA 0s
Checks:               534 / 534, 100%
Deleted:                1 (files), 2 (dirs)
Transferred:            1 / 1, 100%
Elapsed time:        22.4s

[2026-09-01 14:54:04] PULL done
[2026-09-01 15:03:32] PULL start (Nextcloud → local) 
2026/09/01 15:03:43 INFO  : X-PLAN/commercial/programme-fees.md: Copied (replaced existing)
2026/09/01 15:03:58 INFO  : 
Transferred:   	    8.596 KiB / 8.596 KiB, 100%, 483 B/s, ETA 0s
Checks:               533 / 533, 100%
Transferred:            1 / 1, 100%
Elapsed time:        25.3s

[2026-09-01 15:03:58] PULL done
[2026-09-01 15:07:50] PUSH start (local → Nextcloud) 
2026/09/01 15:08:05 INFO  : X-PLAN/client/README.md: Copied (replaced existing)
2026/09/01 15:08:05 INFO  : X-PLAN/client/inputs-from-L.md: Copied (replaced existing)
2026/09/01 15:08:05 INFO  : X-PLAN/client/counterparts.md: Copied (replaced existing)
2026/09/01 15:08:16 INFO  : X-PLAN/summaries/00-executive-brief.md: Copied (replaced existing)
2026/09/01 15:08:16 INFO  : X-PLAN/commercial/contingency-options.md: Copied (new)
2026/09/01 15:08:24 INFO  : X-PLAN/summaries/01-phases-and-delivery.md: Copied (replaced existing)
2026/09/01 15:08:26 INFO  : X-PLAN/summaries/04-treasury.md: Copied (replaced existing)
2026/09/01 15:08:29 INFO  : X-PLAN/summaries/05-operations.md: Copied (replaced existing)
2026/09/01 15:08:29 INFO  : X-PLAN/.cursor/rules/no-em-dash.mdc: Copied (new)
2026/09/01 15:08:34 INFO  : X-PLAN/summaries/06-commercial.md: Copied (replaced existing)
2026/09/01 15:08:35 INFO  : X-PLAN/summaries/07-client-governance-and-acceptance.md: Copied (replaced existing)
2026/09/01 15:08:36 INFO  : X-PLAN/summaries/README.md: Copied (replaced existing)
2026/09/01 15:08:43 INFO  : X-PLAN/client/raci/named-people-annex.md: Copied (replaced existing)
2026/09/01 15:08:43 INFO  : X-PLAN/client/raci/01-holding-hk.md: Copied (replaced existing)
2026/09/01 15:08:43 INFO  : X-PLAN/client/raci/03-shared-service.md: Copied (replaced existing)
2026/09/01 15:08:54 INFO  : X-PLAN/client/raci/reconciliation-register.md: Copied (replaced existing)
2026/09/01 15:11:32 INFO  : X-PLAN/client/questions-phase-0-and-fast-track.md: Copied (replaced existing)
2026/09/01 15:11:32 INFO  : 
Transferred:   	  341.446 KiB / 341.446 KiB, 100%, 1.616 KiB/s, ETA 0s
Checks:               533 / 533, 100%
Transferred:           17 / 17, 100%
Elapsed time:      3m42.5s

[2026-09-01 15:11:32] PUSH done
[2026-09-01 15:33:12] PULL start (Nextcloud → local) 
2026/09/01 15:33:29 INFO  : X-PLAN/client/questions-phase-0-and-fast-track.md: Copied (replaced existing)
2026/09/01 15:33:35 INFO  : X-PLAN/summaries/00-executive-brief.md: Copied (replaced existing)
2026/09/01 15:33:41 INFO  : 
Transferred:   	   40.394 KiB / 40.394 KiB, 100%, 2.219 KiB/s, ETA 0s
Checks:               535 / 535, 100%
Transferred:            2 / 2, 100%
Elapsed time:        28.9s

[2026-09-01 15:33:41] PULL done
[2026-09-01 15:36:31] PULL start (Nextcloud → local) 
2026/09/01 15:36:52 INFO  : There was nothing to transfer
2026/09/01 15:36:52 INFO  : 
Transferred:   	          0 B / 0 B, -, 0 B/s, ETA -
Checks:               535 / 535, 100%
Elapsed time:        20.7s

[2026-09-01 15:36:52] PULL done
[2026-09-01 15:43:24] PUSH start (local → Nextcloud) 
2026/09/01 15:43:48 INFO  : X-PLAN/summaries/00-executive-brief.md: Copied (replaced existing)
2026/09/01 15:43:48 INFO  : X-PLAN/summaries/02-architecture.md: Copied (replaced existing)
2026/09/01 15:43:48 INFO  : X-PLAN/summaries/01-phases-and-delivery.md: Copied (replaced existing)
2026/09/01 15:43:56 INFO  : X-PLAN/summaries/05-operations.md: Copied (replaced existing)
2026/09/01 15:43:57 INFO  : X-PLAN/summaries/03-products.md: Copied (replaced existing)
2026/09/01 15:43:57 INFO  : X-PLAN/summaries/04-treasury.md: Copied (replaced existing)
2026/09/01 15:44:00 INFO  : X-PLAN/summaries/06-commercial.md: Copied (replaced existing)
2026/09/01 15:44:00 INFO  : X-PLAN/summaries/07-client-governance-and-acceptance.md: Copied (replaced existing)
2026/09/01 15:44:01 INFO  : X-PLAN/summaries/08-domain-phase-matrix.md: Copied (replaced existing)
2026/09/01 15:44:03 INFO  : X-PLAN/summaries/README.md: Copied (replaced existing)
2026/09/01 15:45:17 INFO  : X-PLAN/commercial/to-procure.md: Copied (replaced existing)
2026/09/01 15:45:17 INFO  : 
Transferred:   	  222.566 KiB / 222.566 KiB, 100%, 1.977 KiB/s, ETA 0s
Checks:               535 / 535, 100%
Transferred:           11 / 11, 100%
Elapsed time:      1m52.4s

[2026-09-01 15:45:17] PUSH done
[2026-09-01 16:37:25] PULL start (Nextcloud → local) 
2026/09/01 16:38:17 INFO  : X-PLAN/treasury/cleaning-process.md: Copied (replaced existing)
2026/09/01 16:38:19 INFO  : X-PLAN/treasury/hk-reg-taint.md: Copied (replaced existing)
2026/09/01 16:38:19 INFO  : X-PLAN/summaries/04-treasury.md: Copied (replaced existing)
2026/09/01 16:38:20 INFO  : X-PLAN/summaries/00-executive-brief.md: Copied (replaced existing)
2026/09/01 16:38:22 INFO  : X-PLAN/summaries/README.md: Copied (replaced existing)
2026/09/01 16:38:37 INFO  : 
Transferred:   	   61.889 KiB / 61.889 KiB, 100%, 2.308 KiB/s, ETA 0s
Checks:               535 / 535, 100%
Transferred:            5 / 5, 100%
Elapsed time:      1m12.1s

[2026-09-01 16:38:37] PULL done
[2026-09-01 16:45:50] PULL start (Nextcloud → local) 
2026/09/01 16:46:17 INFO  : There was nothing to transfer
2026/09/01 16:46:17 INFO  : 
Transferred:   	          0 B / 0 B, -, 0 B/s, ETA -
Checks:               535 / 535, 100%
Elapsed time:        26.9s

[2026-09-01 16:46:17] PULL done
[2026-09-01 16:56:38] PULL start (Nextcloud → local) 
2026/09/01 16:57:06 INFO  : There was nothing to transfer
2026/09/01 16:57:06 INFO  : 
Transferred:   	          0 B / 0 B, -, 0 B/s, ETA -
Checks:               535 / 535, 100%
Elapsed time:        27.6s

[2026-09-01 16:57:06] PULL done
[2026-09-01 17:01:11] PUSH start (local → Nextcloud) 
2026/09/01 17:01:50 ERROR : X-PLAN/summaries/01-phases-and-delivery.md: Failed to copy: Put "https://x.decentral.technology/remote.php/dav/files/admin/X/X-PLAN/summaries/01-phases-and-delivery.md": http2: request body larger than specified content length
2026/09/01 17:01:56 INFO  : X-PLAN/summaries/03-products.md: Copied (replaced existing)
2026/09/01 17:01:57 INFO  : X-PLAN/summaries/00-executive-brief.md: Copied (replaced existing)
2026/09/01 17:01:57 INFO  : X-PLAN/summaries/02-architecture.md: Copied (replaced existing)
2026/09/01 17:01:59 INFO  : X-PLAN/summaries/04-treasury.md: Copied (replaced existing)
2026/09/01 17:02:01 ERROR : X-PLAN/summaries/06-commercial.md: Failed to copy: Put "https://x.decentral.technology/remote.php/dav/files/admin/X/X-PLAN/summaries/06-commercial.md": http2: request body larger than specified content length
2026/09/01 17:02:03 ERROR : X-PLAN/summaries/07-client-governance-and-acceptance.md: Failed to copy: Put "https://x.decentral.technology/remote.php/dav/files/admin/X/X-PLAN/summaries/07-client-governance-and-acceptance.md": http2: request body larger than specified content length
2026/09/01 17:02:05 INFO  : X-PLAN/summaries/08-domain-phase-matrix.md: Copied (replaced existing)
2026/09/01 17:02:05 INFO  : X-PLAN/summaries/README.md: Copied (replaced existing)
2026/09/01 17:03:25 INFO  : X-PLAN/treasury/fund-flows.md: Copied (replaced existing)
2026/09/01 17:06:03 ERROR : X-PLAN/summaries/05-operations.md: Failed to copy: Sabre\DAV\Exception\Locked: 423 Locked
2026/09/01 17:06:03 ERROR : webdav root 'X': not deleting files as there were IO errors
2026/09/01 17:06:03 ERROR : webdav root 'X': not deleting directories as there were IO errors
2026/09/01 17:06:03 ERROR : Attempt 1/3 failed with 4 errors and: Sabre\DAV\Exception\Locked: 423 Locked
2026/09/01 17:06:31 INFO  : X-PLAN/summaries/01-phases-and-delivery.md: Copied (new)
2026/09/01 17:06:32 INFO  : X-PLAN/summaries/07-client-governance-and-acceptance.md: Copied (new)
2026/09/01 17:06:32 INFO  : X-PLAN/summaries/06-commercial.md: Copied (new)
[2026-09-01 17:06:51] PUSH start (local → Nextcloud) 
2026/09/01 17:07:52 INFO  : X-PLAN/summaries/05-operations.md: Copied (replaced existing)
2026/09/01 17:07:52 INFO  : 
Transferred:   	   44.936 KiB / 44.936 KiB, 100%, 1.113 KiB/s, ETA 0s
Checks:               535 / 535, 100%
Transferred:            1 / 1, 100%
Elapsed time:       1m1.5s

[2026-09-01 17:07:52] PUSH done
[2026-09-01 20:18:47] PULL start (Nextcloud → local) 
2026/09/01 20:18:59 INFO  : X-PLAN/commercial/to-procure.md: Copied (replaced existing)
2026/09/01 20:18:59 INFO  : X-PLAN/commercial/hiring.md: Copied (replaced existing)
2026/09/01 20:19:00 INFO  : X-PLAN/summaries/02-architecture.md: Copied (replaced existing)
2026/09/01 20:19:05 INFO  : X-PLAN/commercial/contract-pack/planning project X draft v 0.8 and financial.xlsx: Copied (new)
2026/09/01 20:19:13 INFO  : 
Transferred:   	  132.600 KiB / 132.600 KiB, 100%, 7.766 KiB/s, ETA 0s
Checks:               535 / 535, 100%
Transferred:            4 / 4, 100%
Elapsed time:        25.4s

[2026-09-01 20:19:13] PULL done
[2026-09-01 21:21:17] PULL start (Nextcloud → local) 
2026/09/01 21:21:55 INFO  : There was nothing to transfer
2026/09/01 21:21:55 INFO  : 
Transferred:   	          0 B / 0 B, -, 0 B/s, ETA -
Checks:               536 / 536, 100%
Elapsed time:        37.9s

[2026-09-01 21:21:55] PULL done
[2026-09-02 11:31:34] PULL start (Nextcloud → local) 
2026/09/02 11:31:47 INFO  : docs/archive/planning project X draft v 0.8 and financial.xlsx: Copied (new)
2026/09/02 11:31:51 INFO  : X-PLAN/commercial/to-procure.md: Copied (replaced existing)
2026/09/02 11:31:55 INFO  : X-PLAN/commercial/contract-pack/Project X appendix 8 trade sanctions and crypto compliance draft V0.2.pdf: Copied (new)
2026/09/02 11:31:56 INFO  : X-PLAN/commercial/contract-pack/tarif structure draft V .01 NOT FOR CLIENT YET.xlsx: Copied (new)
2026/09/02 11:31:56 INFO  : X-PLAN/commercial/contract-pack/planning project X draft v 0.9 and financial.xlsx: Copied (new)
2026/09/02 11:31:59 INFO  : X-PLAN/commercial/contract-pack/planning project X draft v 0.8 and financial.xlsx: Deleted
2026/09/02 11:31:59 INFO  : 
Transferred:   	  161.281 KiB / 161.281 KiB, 100%, 10.071 KiB/s, ETA 0s
Checks:               536 / 536, 100%
Deleted:                1 (files), 0 (dirs)
Transferred:            5 / 5, 100%
Elapsed time:        24.9s

[2026-09-02 11:31:59] PULL done
[2026-09-02 11:58:14] PULL start (Nextcloud → local) 
2026/09/02 11:58:36 INFO  : There was nothing to transfer
2026/09/02 11:58:36 INFO  : 
Transferred:   	          0 B / 0 B, -, 0 B/s, ETA -
Checks:               539 / 539, 100%
Elapsed time:        22.6s

[2026-09-02 11:58:36] PULL done
[2026-09-02 14:02:21] PULL start (Nextcloud → local) 
2026/09/02 14:02:35 INFO  : X-PLAN/GLOSSARY.md: Copied (replaced existing)
2026/09/02 14:02:35 INFO  : X-PLAN/INDEX-sources.md: Copied (replaced existing)
2026/09/02 14:02:35 INFO  : X-PLAN/DOCTRINE.md: Copied (replaced existing)
2026/09/02 14:02:36 INFO  : X-PLAN/BUILD-ORDER.md: Copied (replaced existing)
2026/09/02 14:02:39 INFO  : X-PLAN/RAID.md: Copied (replaced existing)
2026/09/02 14:02:39 INFO  : X-PLAN/plan.md: Copied (replaced existing)
2026/09/02 14:02:45 INFO  : X-PLAN/commercial/to-procure.md: Copied (replaced existing)
2026/09/02 14:02:46 INFO  : X-PLAN/commercial/opex.md: Copied (replaced existing)
2026/09/02 14:02:46 INFO  : X-PLAN/commercial/contingency-options.md: Copied (replaced existing)
2026/09/02 14:02:47 INFO  : X-PLAN/phases/acceptance-ladder.md: Copied (replaced existing)
2026/09/02 14:02:49 INFO  : X-PLAN/phases/backlog-register.md: Copied (replaced existing)
2026/09/02 14:02:50 INFO  : X-PLAN/phases/phase-0.md: Copied (replaced existing)
2026/09/02 14:02:50 INFO  : X-PLAN/phases/phase-0-carryover.md: Copied (replaced existing)
2026/09/02 14:02:51 INFO  : X-PLAN/phases/phase-1-fast-track.md: Copied (replaced existing)
2026/09/02 14:02:53 INFO  : X-PLAN/phases/pre-contract.md: Copied (replaced existing)
2026/09/02 14:02:53 INFO  : X-PLAN/phases/phase-2.md: Copied (replaced existing)
2026/09/02 14:02:54 INFO  : X-PLAN/summaries/00-executive-brief.md: Copied (replaced existing)
2026/09/02 14:02:55 INFO  : X-PLAN/summaries/01-phases-and-delivery.md: Copied (replaced existing)
2026/09/02 14:02:56 INFO  : X-PLAN/summaries/04-treasury.md: Copied (replaced existing)
2026/09/02 14:02:56 INFO  : X-PLAN/summaries/07-client-governance-and-acceptance.md: Copied (replaced existing)
2026/09/02 14:02:57 INFO  : X-PLAN/summaries/08-domain-phase-matrix.md: Copied (replaced existing)
2026/09/02 14:02:59 INFO  : X-PLAN/summaries/README.md: Copied (replaced existing)
2026/09/02 14:02:59 INFO  : X-PLAN/treasury/cleaning-process.md: Copied (replaced existing)
2026/09/02 14:02:59 INFO  : X-PLAN/treasury/crypto-primer.md: Copied (replaced existing)
2026/09/02 14:03:00 INFO  : X-PLAN/treasury/README.md: Copied (replaced existing)
2026/09/02 14:03:00 INFO  : X-PLAN/treasury/fund-flows.md: Copied (replaced existing)
2026/09/02 14:03:00 INFO  : X-PLAN/treasury/phase-00.md: Copied (replaced existing)
2026/09/02 14:03:01 INFO  : X-PLAN/treasury/taint-and-hygiene.md: Copied (replaced existing)
2026/09/02 14:03:01 INFO  : X-PLAN/treasury/hygiene-corridors.md: Deleted
2026/09/02 14:03:01 INFO  : 
Transferred:   	  257.098 KiB / 257.098 KiB, 100%, 9.449 KiB/s, ETA 0s
Checks:               540 / 540, 100%
Deleted:                1 (files), 0 (dirs)
Transferred:           28 / 28, 100%
Elapsed time:        39.2s

[2026-09-02 14:03:01] PULL done
[2026-09-02 14:58:20] PULL start (Nextcloud → local) 
2026/09/02 14:58:39 INFO  : There was nothing to transfer
2026/09/02 14:58:39 INFO  : 
Transferred:   	          0 B / 0 B, -, 0 B/s, ETA -
Checks:               539 / 539, 100%
Elapsed time:        18.7s

[2026-09-02 14:58:39] PULL done
[2026-09-02 15:02:38] PUSH start (local → Nextcloud) 
2026/09/02 15:02:52 INFO  : X-PLAN/DOCTRINE.md: Copied (replaced existing)
2026/09/02 15:02:53 INFO  : X-PLAN/BUILD-ORDER.md: Copied (replaced existing)
2026/09/02 15:02:53 INFO  : X-PLAN/GLOSSARY.md: Copied (replaced existing)
2026/09/02 15:02:54 INFO  : X-PLAN/INDEX-sources.md: Copied (replaced existing)
2026/09/02 15:03:02 INFO  : X-PLAN/RAID.md: Copied (replaced existing)
2026/09/02 15:03:03 INFO  : X-PLAN/commercial/opex.md: Copied (replaced existing)
2026/09/02 15:03:04 INFO  : X-PLAN/commercial/contingency-options.md: Copied (replaced existing)
2026/09/02 15:03:04 INFO  : X-PLAN/plan.md: Copied (replaced existing)
2026/09/02 15:03:09 INFO  : X-PLAN/phases/backlog-register.md: Copied (replaced existing)
2026/09/02 15:03:09 INFO  : X-PLAN/phases/acceptance-ladder.md: Copied (replaced existing)
2026/09/02 15:03:09 INFO  : X-PLAN/phases/phase-0-carryover.md: Copied (replaced existing)
2026/09/02 15:03:13 INFO  : X-PLAN/phases/phase-0.md: Copied (replaced existing)
2026/09/02 15:03:13 INFO  : X-PLAN/phases/phase-2.md: Copied (replaced existing)
2026/09/02 15:03:17 INFO  : X-PLAN/phases/pre-contract.md: Copied (replaced existing)
2026/09/02 15:03:39 INFO  : X-PLAN/summaries/01-phases-and-delivery.md: Copied (replaced existing)
2026/09/02 15:04:01 INFO  : X-PLAN/summaries/04-treasury.md: Copied (replaced existing)
2026/09/02 15:04:22 INFO  : X-PLAN/summaries/07-client-governance-and-acceptance.md: Copied (replaced existing)
2026/09/02 15:04:44 INFO  : X-PLAN/summaries/08-domain-phase-matrix.md: Copied (replaced existing)
2026/09/02 15:05:06 INFO  : X-PLAN/summaries/README.md: Copied (replaced existing)
2026/09/02 15:05:28 INFO  : X-PLAN/treasury/hygiene-corridors.md: Copied (new)
2026/09/02 15:05:50 INFO  : X-PLAN/treasury/README.md: Copied (replaced existing)
2026/09/02 15:17:25 ERROR : X-PLAN/commercial/to-procure.md: Failed to copy: Sabre\DAV\Exception\Locked: 423 Locked
2026/09/02 15:17:48 INFO  : X-PLAN/treasury/crypto-primer.md: Copied (replaced existing)
2026/09/02 15:18:00 ERROR : X-PLAN/phases/phase-1-fast-track.md: Failed to copy: Sabre\DAV\Exception\Locked: 423 Locked
2026/09/02 15:18:18 INFO  : X-PLAN/treasury/cleaning-process.md: Copied (replaced existing)
2026/09/02 15:18:21 ERROR : X-PLAN/summaries/00-executive-brief.md: Failed to copy: Sabre\DAV\Exception\Locked: 423 Locked
2026/09/02 15:18:21 INFO  : X-PLAN/treasury/phase-00.md: Copied (replaced existing)
2026/09/02 15:18:31 INFO  : X-PLAN/treasury/taint-and-hygiene.md: Copied (replaced existing)
2026/09/02 15:21:19 INFO  : X-PLAN/treasury/fund-flows.md: Copied (replaced existing)
2026/09/02 15:21:19 ERROR : webdav root 'X': not deleting files as there were IO errors
2026/09/02 15:21:19 ERROR : webdav root 'X': not deleting directories as there were IO errors
2026/09/02 15:21:19 ERROR : Attempt 1/3 failed with 3 errors and: Sabre\DAV\Exception\Locked: 423 Locked
2026/09/02 15:26:36 INFO  : X-PLAN/summaries/00-executive-brief.md: Copied (replaced existing)
2026/09/02 15:29:27 INFO  : X-PLAN/phases/phase-1-fast-track.md: Copied (replaced existing)
2026/09/02 15:30:02 ERROR : X-PLAN/commercial/to-procure.md: Failed to copy: Sabre\DAV\Exception\Locked: 423 Locked
2026/09/02 15:30:02 ERROR : webdav root 'X': not deleting files as there were IO errors
2026/09/02 15:30:02 ERROR : webdav root 'X': not deleting directories as there were IO errors
2026/09/02 15:30:02 ERROR : Attempt 2/3 failed with 1 errors and: Sabre\DAV\Exception\Locked: 423 Locked
2026/09/02 15:30:26 INFO  : X-PLAN/phases/milestone-register.md: Copied (replaced existing)
2026/09/02 15:31:50 INFO  : X-PLAN/commercial/to-procure.md: Copied (replaced existing)
2026/09/02 15:31:50 ERROR : Attempt 3/3 succeeded
2026/09/02 15:31:50 INFO  : 
Transferred:   	    1.477 MiB / 1.477 MiB, 100%, 2.122 KiB/s, ETA 0s
Checks:              1619 / 1619, 100%
Transferred:           30 / 30, 100%
Elapsed time:     29m12.0s

[2026-09-02 15:31:50] PUSH done
[2026-09-02 15:40:29] PUSH start (local → Nextcloud) 
2026/09/02 15:40:47 INFO  : X-PLAN/BUILD-ORDER.md: Copied (replaced existing)
2026/09/02 15:40:47 INFO  : X-PLAN/GLOSSARY.md: Copied (replaced existing)
2026/09/02 15:40:48 INFO  : X-PLAN/DOCTRINE.md: Copied (replaced existing)
2026/09/02 15:40:48 INFO  : X-PLAN/RAID.md: Copied (replaced existing)
2026/09/02 15:40:59 INFO  : X-PLAN/README.md: Copied (replaced existing)
2026/09/02 15:41:00 INFO  : X-PLAN/plan.md: Copied (replaced existing)
2026/09/02 15:41:01 INFO  : X-PLAN/commercial/contract-pack-index.md: Copied (replaced existing)
2026/09/02 15:41:02 INFO  : X-PLAN/commercial/README.md: Copied (replaced existing)
2026/09/02 15:41:10 INFO  : X-PLAN/commercial/opex.md: Copied (replaced existing)
2026/09/02 15:41:10 INFO  : X-PLAN/commercial/phase-2-estimate.md: Copied (replaced existing)
2026/09/02 15:41:15 INFO  : X-PLAN/commercial/role-per-phase.md: Copied (replaced existing)
2026/09/02 15:41:36 INFO  : X-PLAN/client/OLD - questions-for-client.md: Copied (replaced existing)
2026/09/02 15:42:01 INFO  : X-PLAN/client/OLD - questions-workbook.md: Copied (replaced existing)
2026/09/02 15:45:37 ERROR : X-PLAN/client/README.md: Failed to copy: 502 Bad Gateway
2026/09/02 15:45:39 INFO  : X-PLAN/commercial/payment-doctrine.md: Copied (replaced existing)
2026/09/02 15:45:58 INFO  : X-PLAN/client/clarifications.md: Copied (replaced existing)
2026/09/02 15:46:02 INFO  : X-PLAN/client/inputs-from-L.md: Copied (replaced existing)
2026/09/02 15:46:22 INFO  : X-PLAN/client/requirements-index.md: Copied (replaced existing)
2026/09/02 15:46:23 INFO  : X-PLAN/client/timeline-mapping.md: Copied (replaced existing)
2026/09/02 15:46:37 INFO  : X-PLAN/phases/README.md: Copied (replaced existing)
2026/09/02 15:46:40 INFO  : X-PLAN/phases/acceptance-ladder.md: Copied (replaced existing)
2026/09/02 15:47:06 INFO  : X-PLAN/phases/milestone-register.md: Copied (replaced existing)
2026/09/02 15:47:22 INFO  : X-PLAN/phases/phase-1-fast-track.md: Copied (replaced existing)
2026/09/02 15:47:31 INFO  : X-PLAN/phases/phase-2.md: Copied (replaced existing)
2026/09/02 15:47:38 INFO  : X-PLAN/phases/pre-contract.md: Copied (replaced existing)
2026/09/02 15:47:47 INFO  : X-PLAN/phases/summary-matrix.md: Copied (replaced existing)
2026/09/02 15:48:04 INFO  : X-PLAN/operations/README.md: Copied (replaced existing)
2026/09/02 15:48:20 INFO  : X-PLAN/operations/maintenance-interim.md: Copied (replaced existing)
2026/09/02 15:48:22 INFO  : X-PLAN/operations/maintenance-run-term.md: Copied (replaced existing)
2026/09/02 15:51:52 ERROR : X-PLAN/summaries/00-executive-brief.md: Failed to copy: 502 Bad Gateway
2026/09/02 15:51:56 ERROR : X-PLAN/summaries/01-phases-and-delivery.md: Failed to copy: 502 Bad Gateway
2026/09/02 15:54:06 ERROR : X-PLAN/commercial/hiring.md: Failed to copy: Sabre\DAV\Exception\Locked: 423 Locked
2026/09/02 15:54:22 ERROR : X-PLAN/commercial/programme-fees.md: Failed to copy: Sabre\DAV\Exception\Locked: 423 Locked
2026/09/02 15:54:46 ERROR : X-PLAN/summaries/08-domain-phase-matrix.md: Failed to copy: Put "https://x.decentral.technology/remote.php/dav/files/admin/X/X-PLAN/summaries/08-domain-phase-matrix.md": http2: request body larger than specified content length
2026/09/02 15:54:55 ERROR : X-PLAN/summaries/05-operations.md: Failed to copy: 502 Bad Gateway
2026/09/02 15:54:56 ERROR : X-PLAN/summaries/06-commercial.md: Failed to copy: 502 Bad Gateway
2026/09/02 15:55:19 ERROR : X-PLAN/summaries/README.md: Failed to copy: Put "https://x.decentral.technology/remote.php/dav/files/admin/X/X-PLAN/summaries/README.md": http2: request body larger than specified content length
2026/09/02 15:55:20 ERROR : X-PLAN/summaries/07-client-governance-and-acceptance.md: Failed to copy: 502 Bad Gateway
2026/09/02 15:55:22 INFO  : X-PLAN/spikes/README.md: Copied (replaced existing)
2026/09/02 15:55:26 INFO  : X-PLAN/commercial/contract-pack/README.md: Copied (replaced existing)
2026/09/02 15:55:29 INFO  : X-PLAN/client/answers/questions fast track from G 25aug26 partial answers.md: Copied (replaced existing)
2026/09/02 15:55:34 INFO  : X-PLAN/client/answers/README.md: Copied (replaced existing)
2026/09/02 15:55:34 ERROR : webdav root 'X': not deleting files as there were IO errors
2026/09/02 15:55:34 ERROR : webdav root 'X': not deleting directories as there were IO errors
2026/09/02 15:55:34 ERROR : Attempt 1/3 failed with 10 errors and: 502 Bad Gateway
2026/09/02 15:55:50 INFO  : X-PLAN/plan.md: Copied (replaced existing)
2026/09/02 15:55:51 INFO  : X-PLAN/RAID.md: Copied (replaced existing)
2026/09/02 15:55:51 INFO  : X-PLAN/README.md: Copied (replaced existing)
2026/09/02 15:55:59 INFO  : X-PLAN/client/README.md: Copied (new)
2026/09/02 15:56:28 INFO  : X-PLAN/commercial/README.md: Copied (replaced existing)
2026/09/02 15:56:40 INFO  : X-PLAN/summaries/00-executive-brief.md: Copied (new)
2026/09/02 15:56:54 INFO  : X-PLAN/summaries/01-phases-and-delivery.md: Copied (new)
2026/09/02 15:57:06 INFO  : X-PLAN/summaries/05-operations.md: Copied (new)
2026/09/02 15:57:16 INFO  : X-PLAN/summaries/06-commercial.md: Copied (new)
2026/09/02 15:57:21 INFO  : X-PLAN/summaries/07-client-governance-and-acceptance.md: Copied (new)
2026/09/02 15:57:36 INFO  : X-PLAN/summaries/08-domain-phase-matrix.md: Copied (new)
2026/09/02 15:57:45 INFO  : X-PLAN/summaries/README.md: Copied (new)
2026/09/02 16:01:37 INFO  : X-PLAN/commercial/programme-fees.md: Copied (replaced existing)
2026/09/02 16:02:36 ERROR : X-PLAN/commercial/hiring.md: Failed to copy: Sabre\DAV\Exception\Locked: 423 Locked
2026/09/02 16:02:36 ERROR : webdav root 'X': not deleting files as there were IO errors
2026/09/02 16:02:36 ERROR : webdav root 'X': not deleting directories as there were IO errors
2026/09/02 16:02:36 ERROR : Attempt 2/3 failed with 1 errors and: Sabre\DAV\Exception\Locked: 423 Locked
2026/09/02 16:06:43 ERROR : X-PLAN/commercial/hiring.md: Failed to copy: Sabre\DAV\Exception\Locked: 423 Locked
2026/09/02 16:06:43 ERROR : webdav root 'X': not deleting files as there were IO errors
2026/09/02 16:06:43 ERROR : webdav root 'X': not deleting directories as there were IO errors
2026/09/02 16:06:43 ERROR : Attempt 3/3 failed with 1 errors and: Sabre\DAV\Exception\Locked: 423 Locked
2026/09/02 16:06:43 INFO  : 
Transferred:   	    3.365 MiB / 3.365 MiB, 100%, 708 B/s, ETA 0s
Errors:                 1 (retrying may help)
Checks:              1612 / 1612, 100%
Transferred:           45 / 45, 100%
Elapsed time:     26m13.2s

2026/09/02 16:06:43 Failed to sync: Sabre\DAV\Exception\Locked: 423 Locked
[2026-09-02 16:06:43] PUSH done
[2026-09-02 16:12:36] PUSH start (local → Nextcloud) 
2026/09/02 16:13:20 INFO  : X-PLAN/summaries/00-executive-brief.md: Copied (replaced existing)
2026/09/02 16:13:21 INFO  : X-PLAN/summaries/01-phases-and-delivery.md: Copied (replaced existing)
2026/09/02 16:13:23 INFO  : X-PLAN/summaries/02-architecture.md: Copied (replaced existing)
2026/09/02 16:13:51 INFO  : X-PLAN/summaries/05-operations.md: Copied (replaced existing)
2026/09/02 16:13:53 INFO  : X-PLAN/summaries/07-client-governance-and-acceptance.md: Copied (replaced existing)
2026/09/02 16:13:53 INFO  : X-PLAN/summaries/06-commercial.md: Copied (replaced existing)
2026/09/02 16:14:03 INFO  : X-PLAN/summaries/08-domain-phase-matrix.md: Copied (replaced existing)
2026/09/02 16:14:05 INFO  : X-PLAN/summaries/README.md: Copied (replaced existing)
2026/09/02 16:17:02 ERROR : X-PLAN/commercial/hiring.md: Failed to copy: Sabre\DAV\Exception\Locked: 423 Locked
2026/09/02 16:17:02 ERROR : webdav root 'X': not deleting files as there were IO errors
2026/09/02 16:17:02 ERROR : webdav root 'X': not deleting directories as there were IO errors
2026/09/02 16:17:02 ERROR : Attempt 1/3 failed with 1 errors and: Sabre\DAV\Exception\Locked: 423 Locked
2026/09/02 16:20:04 INFO  : X-PLAN/commercial/hiring.md: Copied (replaced existing)
2026/09/02 16:20:04 ERROR : Attempt 2/3 succeeded
2026/09/02 16:20:04 INFO  : 
Transferred:   	    1.257 MiB / 1.257 MiB, 100%, 4.433 KiB/s, ETA 0s
Checks:              1080 / 1080, 100%
Transferred:            9 / 9, 100%
Elapsed time:      7m27.7s

[2026-09-02 16:20:04] PUSH done
[2026-09-02 16:48:26] PUSH start (local → Nextcloud) 
2026/09/02 16:48:51 INFO  : X-PLAN/summaries/01-phases-and-delivery.md: Copied (replaced existing)
2026/09/02 16:48:52 INFO  : X-PLAN/summaries/02-architecture.md: Copied (replaced existing)
2026/09/02 16:48:52 INFO  : X-PLAN/summaries/00-executive-brief.md: Copied (replaced existing)
2026/09/02 16:48:52 INFO  : X-PLAN/summaries/03-products.md: Copied (replaced existing)
2026/09/02 16:49:06 INFO  : X-PLAN/summaries/04-treasury.md: Copied (replaced existing)
2026/09/02 16:49:07 INFO  : X-PLAN/summaries/06-commercial.md: Copied (replaced existing)
2026/09/02 16:49:07 INFO  : X-PLAN/summaries/07-client-governance-and-acceptance.md: Copied (replaced existing)
2026/09/02 16:49:07 INFO  : X-PLAN/summaries/05-operations.md: Copied (replaced existing)
2026/09/02 16:49:23 INFO  : X-PLAN/summaries/README.md: Copied (replaced existing)
2026/09/02 16:49:24 INFO  : X-PLAN/summaries/08-domain-phase-matrix.md: Copied (replaced existing)
2026/09/02 16:49:24 INFO  : 
Transferred:   	  127.078 KiB / 127.078 KiB, 100%, 1.422 KiB/s, ETA 0s
Checks:               540 / 540, 100%
Transferred:           10 / 10, 100%
Elapsed time:        57.7s

[2026-09-02 16:49:24] PUSH done
[2026-09-02 17:55:30] PULL start (Nextcloud → local) 
2026/09/02 17:55:42 INFO  : X-PLAN/summaries/00-executive-brief.md: Copied (replaced existing)
2026/09/02 17:55:49 INFO  : X-PLAN/client/evidence/meetings/Meeting CEO questions and requirements 2sept25.pdf: Copied (new)
2026/09/02 17:55:53 INFO  : 
Transferred:   	  141.521 KiB / 141.521 KiB, 100%, 10.886 KiB/s, ETA 0s
Checks:               540 / 540, 100%
Transferred:            2 / 2, 100%
Elapsed time:        22.3s

[2026-09-02 17:55:53] PULL done
[2026-09-02 18:04:22] PULL start (Nextcloud → local) 
2026/09/02 18:04:42 INFO  : X-PLAN/client/evidence/meetings/CEO Meeting 2sep25.md: Copied (new)
2026/09/02 18:04:44 INFO  : 
Transferred:   	    4.933 KiB / 4.933 KiB, 100%, 1010 B/s, ETA 0s
Checks:               541 / 541, 100%
Transferred:            1 / 1, 100%
Elapsed time:        22.6s

[2026-09-02 18:04:44] PULL done
[2026-09-05 14:11:54] PULL start (Nextcloud → local) 
2026/09/05 14:12:00 INFO  : X-PLAN/DOCTRINE.md: Copied (replaced existing)
2026/09/05 14:12:01 INFO  : X-PLAN/GLOSSARY.md: Copied (replaced existing)
2026/09/05 14:12:09 INFO  : X-PLAN/commercial/payment-doctrine.md: Copied (replaced existing)
2026/09/05 14:12:10 INFO  : X-PLAN/phases/milestone-register.md: Copied (replaced existing)
2026/09/05 14:12:14 INFO  : X-PLAN/commercial/contract-pack/tarif structure draft V .01 NOT FOR CLIENT YET.xlsx: Copied (replaced existing)
2026/09/05 14:12:19 INFO  : X-PLAN/client/evidence/meetings/CEO Meeting 2sep25.md: Copied (replaced existing)
2026/09/05 14:12:19 INFO  : 
Transferred:   	   44.791 KiB / 44.791 KiB, 100%, 1.956 KiB/s, ETA 0s
Checks:               542 / 542, 100%
Transferred:            6 / 6, 100%
Elapsed time:        24.7s

[2026-09-05 14:12:19] PULL done
[2026-09-05 14:51:52] PUSH start (local → Nextcloud) 
2026/09/05 14:52:08 INFO  : X-PLAN/GLOSSARY.md: Copied (replaced existing)
2026/09/05 14:52:08 INFO  : X-PLAN/RAID.md: Copied (replaced existing)
2026/09/05 14:52:08 INFO  : X-PLAN/DOCTRINE.md: Copied (replaced existing)
2026/09/05 14:52:09 INFO  : X-PLAN/BUILD-ORDER.md: Copied (replaced existing)
2026/09/05 14:52:19 INFO  : X-PLAN/README.md: Copied (replaced existing)
2026/09/05 14:52:21 INFO  : X-PLAN/client/enhancement-register-2026-09.md: Copied (new)
2026/09/05 14:52:22 INFO  : X-PLAN/plan.md: Copied (replaced existing)
2026/09/05 14:52:23 INFO  : X-PLAN/client/OLD - questions-for-client.md: Copied (replaced existing)
2026/09/05 14:52:27 INFO  : X-PLAN/client/OLD - questions-workbook.md: Copied (replaced existing)
2026/09/05 14:52:28 INFO  : X-PLAN/client/clarifications.md: Copied (replaced existing)
2026/09/05 14:52:28 INFO  : X-PLAN/client/group-structure.md: Copied (replaced existing)
2026/09/05 14:52:28 INFO  : X-PLAN/client/README.md: Copied (replaced existing)
2026/09/05 14:52:31 INFO  : X-PLAN/client/inputs-from-L.md: Copied (replaced existing)
2026/09/05 14:52:32 INFO  : X-PLAN/client/timeline-mapping.md: Copied (replaced existing)
2026/09/05 14:52:32 INFO  : X-PLAN/client/questions-phase-0-and-fast-track.md: Copied (replaced existing)
2026/09/05 14:52:32 INFO  : X-PLAN/client/requirements-index.md: Copied (replaced existing)
2026/09/05 14:52:35 INFO  : X-PLAN/commercial/README.md: Copied (replaced existing)
2026/09/05 14:52:37 INFO  : X-PLAN/commercial/contingency-options.md: Copied (replaced existing)
2026/09/05 14:52:38 INFO  : X-PLAN/commercial/contract-pack-index.md: Copied (replaced existing)
2026/09/05 14:52:41 INFO  : X-PLAN/commercial/hiring.md: Copied (replaced existing)
2026/09/05 14:52:44 INFO  : X-PLAN/commercial/opex.md: Copied (replaced existing)
2026/09/05 14:52:45 INFO  : X-PLAN/commercial/payment-doctrine.md: Copied (replaced existing)
2026/09/05 14:52:45 INFO  : X-PLAN/commercial/phase-2-estimate.md: Copied (replaced existing)
2026/09/05 14:52:49 INFO  : X-PLAN/commercial/role-per-phase.md: Copied (replaced existing)
2026/09/05 14:52:49 INFO  : X-PLAN/commercial/programme-fees.md: Copied (replaced existing)
2026/09/05 14:52:59 INFO  : X-PLAN/operations/maintenance-interim.md: Copied (replaced existing)
2026/09/05 14:53:01 INFO  : X-PLAN/operations/README.md: Copied (replaced existing)
2026/09/05 14:53:19 INFO  : X-PLAN/operations/maintenance-run-term.md: Copied (replaced existing)
2026/09/05 14:53:21 INFO  : X-PLAN/phases/README.md: Copied (replaced existing)
2026/09/05 14:53:38 INFO  : X-PLAN/phases/acceptance-ladder.md: Copied (replaced existing)
2026/09/05 14:53:38 INFO  : X-PLAN/phases/backlog-register.md: Copied (replaced existing)
2026/09/05 14:53:55 INFO  : X-PLAN/phases/phase-1-fast-track.md: Copied (replaced existing)
2026/09/05 14:54:17 INFO  : X-PLAN/phases/phase-2.md: Copied (replaced existing)
2026/09/05 14:54:40 INFO  : X-PLAN/phases/pre-contract.md: Copied (replaced existing)
2026/09/05 14:55:01 INFO  : X-PLAN/phases/summary-matrix.md: Copied (replaced existing)
2026/09/05 14:55:20 INFO  : X-PLAN/products/erp.md: Copied (replaced existing)
2026/09/05 14:55:43 INFO  : X-PLAN/products/reporting.md: Copied (replaced existing)
2026/09/05 14:56:05 INFO  : X-PLAN/summaries/00-executive-brief.md: Copied (replaced existing)
2026/09/05 14:56:27 INFO  : X-PLAN/summaries/01-phases-and-delivery.md: Copied (replaced existing)
2026/09/05 14:56:46 INFO  : X-PLAN/summaries/04-treasury.md: Copied (replaced existing)
2026/09/05 14:57:08 INFO  : X-PLAN/summaries/05-operations.md: Copied (replaced existing)
2026/09/05 14:57:31 INFO  : X-PLAN/summaries/06-commercial.md: Copied (replaced existing)
2026/09/05 14:57:52 INFO  : X-PLAN/summaries/07-client-governance-and-acceptance.md: Copied (replaced existing)
2026/09/05 14:58:11 INFO  : X-PLAN/summaries/08-domain-phase-matrix.md: Copied (replaced existing)
2026/09/05 14:58:34 INFO  : X-PLAN/summaries/README.md: Copied (replaced existing)
2026/09/05 14:58:56 INFO  : X-PLAN/treasury/README.md: Copied (replaced existing)
2026/09/05 14:59:19 INFO  : X-PLAN/treasury/cleaning-process.md: Copied (replaced existing)
2026/09/05 14:59:38 INFO  : X-PLAN/treasury/crypto-primer.md: Copied (replaced existing)
2026/09/05 15:00:00 INFO  : X-PLAN/treasury/fund-flows.md: Copied (replaced existing)
2026/09/05 15:00:23 INFO  : X-PLAN/treasury/hk-reg-taint.md: Copied (replaced existing)
2026/09/05 15:00:44 INFO  : X-PLAN/treasury/hygiene-corridors.md: Copied (replaced existing)
2026/09/05 15:01:03 INFO  : X-PLAN/treasury/phase-00.md: Copied (replaced existing)
2026/09/05 15:01:26 INFO  : X-PLAN/treasury/taint-and-hygiene.md: Copied (replaced existing)
2026/09/05 15:01:49 INFO  : X-PLAN/treasury/wallet-topology.md: Copied (replaced existing)
2026/09/05 15:02:10 INFO  : X-PLAN/client/answers/README.md: Copied (replaced existing)
2026/09/05 15:02:29 INFO  : X-PLAN/client/answers/questions fast track from G 25aug26 partial answers.md: Copied (replaced existing)
2026/09/05 15:02:52 INFO  : X-PLAN/commercial/contract-pack/README.md: Copied (replaced existing)
2026/09/05 15:03:14 INFO  : X-PLAN/client/raci/01-holding-hk.md: Copied (replaced existing)
2026/09/05 15:03:36 INFO  : X-PLAN/client/raci/02-product-trade.md: Copied (replaced existing)
2026/09/05 15:03:56 INFO  : X-PLAN/client/raci/03-shared-service.md: Copied (replaced existing)
2026/09/05 15:04:19 INFO  : X-PLAN/client/raci/04-group-policies.md: Copied (replaced existing)
2026/09/05 15:04:41 INFO  : X-PLAN/client/raci/named-people-annex.md: Copied (replaced existing)
2026/09/05 15:05:01 ERROR : X-PLAN/commercial/capex.md: Failed to copy: Sabre\DAV\Exception\Locked: 423 Locked
2026/09/05 15:05:03 INFO  : X-PLAN/client/raci/reconciliation-register.md: Copied (replaced existing)
2026/09/05 15:05:44 ERROR : X-PLAN/commercial/to-procure.md: Failed to copy: Sabre\DAV\Exception\Locked: 423 Locked
2026/09/05 15:06:12 ERROR : X-PLAN/phases/milestone-register.md: Failed to copy: Sabre\DAV\Exception\Locked: 423 Locked
2026/09/05 15:06:12 ERROR : webdav root 'X': not deleting files as there were IO errors
2026/09/05 15:06:12 ERROR : webdav root 'X': not deleting directories as there were IO errors
2026/09/05 15:06:12 ERROR : Attempt 1/3 failed with 3 errors and: Sabre\DAV\Exception\Locked: 423 Locked
2026/09/05 15:11:21 INFO  : X-PLAN/phases/milestone-register.md: Copied (replaced existing)
2026/09/05 15:15:27 ERROR : X-PLAN/commercial/capex.md: Failed to copy: Sabre\DAV\Exception\Locked: 423 Locked
2026/09/05 15:15:29 ERROR : X-PLAN/commercial/to-procure.md: Failed to copy: Sabre\DAV\Exception\Locked: 423 Locked
2026/09/05 15:15:29 ERROR : webdav root 'X': not deleting files as there were IO errors
2026/09/05 15:15:29 ERROR : webdav root 'X': not deleting directories as there were IO errors
2026/09/05 15:15:29 ERROR : Attempt 2/3 failed with 2 errors and: Sabre\DAV\Exception\Locked: 423 Locked
2026/09/05 15:15:49 INFO  : X-PLAN/BUILD-ORDER.md: Copied (replaced existing)
2026/09/05 15:15:49 INFO  : X-PLAN/plan.md: Copied (replaced existing)
2026/09/05 15:15:49 INFO  : X-PLAN/INDEX-sources.md: Copied (replaced existing)
2026/09/05 15:15:49 INFO  : X-PLAN/README.md: Copied (replaced existing)
2026/09/05 15:16:00 INFO  : X-PLAN/architecture/ai-serving.md: Copied (new)
2026/09/05 15:16:01 INFO  : X-PLAN/architecture/api-and-contracts.md: Copied (new)
[2026-09-05 15:16:10] PUSH start (local → Nextcloud) 
2026/09/05 15:16:30 INFO  : X-PLAN/architecture/observability.md: Copied (new)
2026/09/05 15:16:31 INFO  : X-PLAN/architecture/service-catalog.md: Copied (new)
2026/09/05 15:16:31 INFO  : X-PLAN/architecture/security-architecture.md: Copied (new)
2026/09/05 15:16:32 INFO  : X-PLAN/architecture/provisioner.md: Copied (new)
2026/09/05 15:16:40 INFO  : X-PLAN/architecture/adr-index.md: Copied (replaced existing)
2026/09/05 15:16:41 INFO  : X-PLAN/architecture/treasury-integration.md: Copied (new)
2026/09/05 15:16:41 INFO  : X-PLAN/architecture/cctv-stack.md: Copied (replaced existing)
2026/09/05 15:16:43 INFO  : X-PLAN/architecture/README.md: Copied (replaced existing)
2026/09/05 15:16:45 INFO  : X-PLAN/architecture/expert-access.md: Copied (replaced existing)
2026/09/05 15:16:45 INFO  : X-PLAN/architecture/clients.md: Copied (replaced existing)
2026/09/05 15:16:45 INFO  : X-PLAN/architecture/geo-stack.md: Copied (replaced existing)
2026/09/05 15:16:46 INFO  : X-PLAN/architecture/connect.md: Copied (replaced existing)
2026/09/05 15:16:48 INFO  : X-PLAN/architecture/group-oversight.md: Copied (replaced existing)
2026/09/05 15:16:48 INFO  : X-PLAN/architecture/identity-zones.md: Copied (replaced existing)
2026/09/05 15:16:49 INFO  : X-PLAN/architecture/isolation.md: Copied (replaced existing)
2026/09/05 15:16:49 INFO  : X-PLAN/architecture/stack.md: Copied (replaced existing)
2026/09/05 15:16:51 INFO  : X-PLAN/decisions/authentik-shared-control.md: Copied (new)
2026/09/05 15:16:51 INFO  : X-PLAN/architecture/topology.md: Copied (replaced existing)
2026/09/05 15:16:51 INFO  : X-PLAN/decisions/holding-summary-events.md: Copied (new)
2026/09/05 15:16:52 INFO  : X-PLAN/decisions/hygiene-plane-separation.md: Copied (new)
2026/09/05 15:16:54 INFO  : X-PLAN/decisions/sus-dual-package.md: Copied (new)
2026/09/05 15:16:54 INFO  : X-PLAN/decisions/README.md: Copied (replaced existing)
2026/09/05 15:16:57 INFO  : X-PLAN/summaries/02-architecture.md: Copied (replaced existing)
2026/09/05 15:16:57 INFO  : X-PLAN/summaries/README.md: Copied (replaced existing)
2026/09/05 15:24:16 ERROR : X-PLAN/commercial/capex.md: Failed to copy: Sabre\DAV\Exception\Locked: 423 Locked
2026/09/05 15:24:18 ERROR : X-PLAN/commercial/to-procure.md: Failed to copy: Sabre\DAV\Exception\Locked: 423 Locked
2026/09/05 15:24:18 ERROR : webdav root 'X': not deleting files as there were IO errors
2026/09/05 15:24:18 ERROR : webdav root 'X': not deleting directories as there were IO errors
2026/09/05 15:24:18 ERROR : Attempt 1/3 failed with 2 errors and: Sabre\DAV\Exception\Locked: 423 Locked
2026/09/05 15:24:35 INFO  : X-PLAN/BUILD-ORDER.md: Copied (replaced existing)
2026/09/05 15:24:39 INFO  : X-PLAN/architecture/ai-serving.md: Copied (replaced existing)
2026/09/05 15:24:39 INFO  : X-PLAN/INDEX-sources.md: Copied (replaced existing)
2026/09/05 15:24:42 INFO  : X-PLAN/architecture/README.md: Copied (replaced existing)
2026/09/05 15:24:46 INFO  : X-PLAN/architecture/aircraft-cctv-encoder.md: Copied (replaced existing)
2026/09/05 15:24:49 INFO  : X-PLAN/architecture/api-and-contracts.md: Copied (replaced existing)
2026/09/05 15:24:50 INFO  : X-PLAN/architecture/cctv-stack.md: Copied (replaced existing)
2026/09/05 15:24:51 INFO  : X-PLAN/architecture/data-architecture.md: Copied (replaced existing)
2026/09/05 15:24:52 INFO  : X-PLAN/architecture/geo-stack.md: Copied (replaced existing)
2026/09/05 15:24:52 INFO  : X-PLAN/architecture/network-and-mesh.md: Copied (replaced existing)
2026/09/05 15:24:53 INFO  : X-PLAN/architecture/observability.md: Copied (replaced existing)
2026/09/05 15:24:54 INFO  : X-PLAN/architecture/provisioner.md: Copied (replaced existing)
2026/09/05 15:24:55 INFO  : X-PLAN/architecture/security-architecture.md: Copied (replaced existing)
2026/09/05 15:24:55 INFO  : X-PLAN/architecture/treasury-integration.md: Copied (replaced existing)
2026/09/05 15:24:58 INFO  : X-PLAN/summaries/README.md: Copied (replaced existing)
2026/09/05 15:32:21 ERROR : X-PLAN/commercial/to-procure.md: Failed to copy: Sabre\DAV\Exception\Locked: 423 Locked
2026/09/05 15:32:23 ERROR : X-PLAN/commercial/capex.md: Failed to copy: Sabre\DAV\Exception\Locked: 423 Locked
2026/09/05 15:32:23 ERROR : webdav root 'X': not deleting files as there were IO errors
2026/09/05 15:32:23 ERROR : webdav root 'X': not deleting directories as there were IO errors
2026/09/05 15:32:23 ERROR : Attempt 2/3 failed with 2 errors and: Sabre\DAV\Exception\Locked: 423 Locked
2026/09/05 15:43:35 ERROR : X-PLAN/commercial/to-procure.md: Failed to copy: Sabre\DAV\Exception\Locked: 423 Locked
2026/09/05 15:43:37 ERROR : X-PLAN/commercial/capex.md: Failed to copy: Sabre\DAV\Exception\Locked: 423 Locked
2026/09/05 15:43:39 ERROR : X-PLAN/commercial/sizing-drivers.md: Failed to copy: Sabre\DAV\Exception\Locked: 423 Locked
2026/09/05 15:43:39 ERROR : webdav root 'X': not deleting files as there were IO errors
2026/09/05 15:43:39 ERROR : webdav root 'X': not deleting directories as there were IO errors
2026/09/05 15:43:39 ERROR : Attempt 3/3 failed with 3 errors and: Sabre\DAV\Exception\Locked: 423 Locked
2026/09/05 15:43:39 INFO  : 
Transferred:   	    1.827 MiB / 1.827 MiB, 100%, 1.399 KiB/s, ETA 0s
Errors:                 3 (retrying may help)
Checks:              1659 / 1659, 100%
Transferred:           39 / 39, 100%
Elapsed time:     27m28.9s

2026/09/05 15:43:39 Failed to sync with 3 errors: last error was: Sabre\DAV\Exception\Locked: 423 Locked
[2026-09-05 15:43:39] PUSH done
[2026-09-07 18:17:22] PULL start (Nextcloud → local) 
2026/09/07 18:17:30 INFO  : X-PLAN/plan.md: Copied (replaced existing)
2026/09/07 18:17:32 INFO  : docs/archive/Meeting CEO questions and requirements 2sept25.pdf: Copied (new)
2026/09/07 18:17:39 INFO  : X-PLAN/commercial/capex.md: Copied (replaced existing)
2026/09/07 18:17:39 INFO  : X-PLAN/commercial/sizing-drivers.md: Copied (replaced existing)
2026/09/07 18:17:40 INFO  : X-PLAN/commercial/hiring.md: Copied (replaced existing)
2026/09/07 18:17:40 INFO  : X-PLAN/commercial/role-per-phase.md: Copied (replaced existing)
2026/09/07 18:17:42 INFO  : X-PLAN/client/timeline-mapping.md: Copied (replaced existing)
2026/09/07 18:17:43 INFO  : X-PLAN/commercial/to-procure.md: Copied (replaced existing)
2026/09/07 18:17:43 INFO  : X-PLAN/phases/acceptance-ladder.md: Copied (replaced existing)
2026/09/07 18:17:44 INFO  : X-PLAN/phases/README.md: Copied (replaced existing)
2026/09/07 18:17:46 INFO  : X-PLAN/phases/milestone-register.md: Copied (replaced existing)
2026/09/07 18:17:46 INFO  : X-PLAN/phases/phase-0.md: Copied (replaced existing)
2026/09/07 18:17:47 INFO  : X-PLAN/phases/phase-1-fast-track.md: Copied (replaced existing)
2026/09/07 18:17:48 INFO  : X-PLAN/phases/phase-2.md: Copied (replaced existing)
2026/09/07 18:17:50 INFO  : X-PLAN/phases/phase-3-run.md: Copied (replaced existing)
2026/09/07 18:17:51 INFO  : X-PLAN/phases/pre-contract.md: Copied (replaced existing)
2026/09/07 18:17:51 INFO  : X-PLAN/summaries/01-phases-and-delivery.md: Copied (replaced existing)
2026/09/07 18:17:52 INFO  : X-PLAN/commercial/contract-pack/planning project X draft v 0.5 31aug26.xlsx: Copied (replaced existing)
2026/09/07 18:17:53 INFO  : X-PLAN/client/evidence/meetings/Meeting CEO questions and requirements 2 4 sept25.pdf: Copied (new)
2026/09/07 18:17:54 INFO  : X-PLAN/resources/CV/Etech Madagascar/Etech [1075_MXEN] Mendrika Enterprise Architect.pdf: Copied (new)
2026/09/07 18:17:54 INFO  : X-PLAN/resources/CV/Etech Madagascar/Etech [1008_MXEN] keila Senior Android & Mobile Developer.pdf: Copied (new)
2026/09/07 18:17:54 INFO  : X-PLAN/resources/CV/Etech Madagascar/Etech [1229_MXEN] Dani Tauri Lead.pdf: Copied (new)
2026/09/07 18:17:54 INFO  : X-PLAN/resources/CV/Etech Madagascar/Etech [1106_MXEN] Nick Senior Backend & Machine Learning Engineer.pdf: Copied (new)
2026/09/07 18:17:55 INFO  : X-PLAN/resources/CV/Etech Madagascar/Etech [1362_MXEN] Andrisoa Senior Backend Engineer.pdf: Copied (new)
2026/09/07 18:17:56 INFO  : X-PLAN/resources/CV/Etech Madagascar/Etech [1366_MXEN] Tahiri Mobile & Full Stack Developer.pdf: Copied (new)
2026/09/07 18:17:56 INFO  : X-PLAN/resources/CV/Etech Madagascar/Etech [141_MXEN] Tahirintsoa Senior SRE & Endpoint Automation Engineer.pdf: Copied (new)
2026/09/07 18:17:56 INFO  : X-PLAN/resources/CV/Etech Madagascar/Etech [1573_MXEN] Sitrakaniaina Machine Learning Enginee _ Data Scientist.pdf: Copied (new)
2026/09/07 18:17:57 INFO  : X-PLAN/resources/CV/Etech Madagascar/Etech [397_MXEN] Manu Senior Scrum Master.pdf: Copied (new)
2026/09/07 18:17:57 INFO  : X-PLAN/resources/CV/Etech Madagascar/Etech [409_MXEN] hobim Senior Domain Business Analyst.pdf: Copied (new)
2026/09/07 18:17:57 INFO  : X-PLAN/resources/CV/Etech Madagascar/Etech [465_MXEN] Jose Senior SRE & Infrastructure Architect.pdf: Copied (new)
2026/09/07 18:17:58 INFO  : X-PLAN/resources/CV/Etech Madagascar/Etech [670_MXEN] Nancy Senior Domain Business Analyst.pdf: Copied (new)
2026/09/07 18:17:58 INFO  : X-PLAN/resources/CV/Etech Madagascar/Etech [923_MXEN] geldah Senior Data Center Engineer.pdf: Copied (new)
2026/09/07 18:17:58 INFO  : X-PLAN/resources/CV/Etech Madagascar/Etech [935_MXEN] Tanjona Senior Domain Business Analyst & Scrum Master.pdf: Copied (new)
2026/09/07 18:17:58 INFO  : X-PLAN/resources/CV/Etech Madagascar/Etech message with first wave of 15 CVs.pdf: Copied (new)
2026/09/07 18:17:59 INFO  : X-PLAN/resources/CV/Etech Madagascar/Etech[1392_MXEN] hardly Lead Solutions & Enterprise Architect.pdf: Copied (new)
2026/09/07 18:17:59 INFO  : X-PLAN/resources/CV/upto change Madagascar/uptochange CV Program Manager to be considered for scrum master.pdf: Copied (new)
2026/09/07 18:17:59 INFO  : X-PLAN/client/evidence/meetings/Meeting CEO questions and requirements 2sept25.pdf: Deleted
2026/09/07 18:17:59 INFO  : 
Transferred:   	    2.950 MiB / 2.950 MiB, 100%, 149.297 KiB/s, ETA 0s
Checks:               556 / 556, 100%
Deleted:                1 (files), 0 (dirs)
Transferred:           36 / 36, 100%
Elapsed time:        37.7s

[2026-09-07 18:17:59] PULL done
[2026-09-09 14:05:39] PULL start (Nextcloud → local) 
2026/09/09 14:05:51 INFO  : docs/archive/Project X appendix 1 Statement of Work draft V0.1.docx: Copied (new)
2026/09/09 14:06:02 INFO  : X-PLAN/commercial/contract-pack/Project X appendix 1 Statement of Work - [TO REVIEW] - 9,8,260.docx: Copied (new)
2026/09/09 14:06:03 INFO  : X-PLAN/commercial/contract-pack/README.md: Copied (replaced existing)
2026/09/09 14:06:03 INFO  : X-PLAN/commercial/contract-pack/Project X appendix 1 Statement of Work V0.2.docx: Copied (new)
2026/09/09 14:06:03 INFO  : X-PLAN/commercial/contract-pack/Project X appendix 1 Statement of Work V0.2.pdf: Copied (new)
2026/09/09 14:06:07 INFO  : X-PLAN/commercial/contract-pack/Project X appendix 1 Statement of Work V0.2.md: Deleted
2026/09/09 14:06:07 INFO  : X-PLAN/commercial/contract-pack/Project X appendix 1 Statement of Work draft V0.1.docx: Deleted
2026/09/09 14:06:07 INFO  : 
Transferred:   	    1.465 MiB / 1.465 MiB, 100%, 75.587 KiB/s, ETA 0s
Checks:               575 / 575, 100%
Deleted:                2 (files), 0 (dirs)
Transferred:            5 / 5, 100%
Elapsed time:        28.2s

[2026-09-09 14:06:07] PULL done
[2026-09-09 16:38:21] PULL start (Nextcloud → local) 
2026/09/09 16:38:34 INFO  : X-PLAN/commercial/capex.md: Copied (replaced existing)
2026/09/09 16:38:40 INFO  : X-PLAN/commercial/contract-pack/Project X appendix 1 Statement of Work V0.2.docx: Copied (replaced existing)
2026/09/09 16:38:43 INFO  : X-PLAN/client/evidence/meetings/Response to 4 Sep 25 - Questions By CEO.md: Copied (new)
2026/09/09 16:38:43 INFO  : X-PLAN/pdf-forge-exports/Meeting CEO questions and requirements 2 4 sept25/extracted-text.txt: Deleted
2026/09/09 16:38:43 INFO  : X-PLAN/pdf-forge-exports/Meeting CEO questions and requirements 2 4 sept25: Removing directory
2026/09/09 16:38:43 INFO  : X-PLAN/pdf-forge-exports: Removing directory
2026/09/09 16:38:43 INFO  : 
Transferred:   	  522.042 KiB / 522.042 KiB, 100%, 42.758 KiB/s, ETA 0s
Checks:               578 / 578, 100%
Deleted:                1 (files), 2 (dirs)
Transferred:            3 / 3, 100%
Elapsed time:        22.1s

[2026-09-09 16:38:43] PULL done
[2026-09-09 18:10:42] PULL start (Nextcloud → local) 
2026/09/09 18:10:52 INFO  : X-PLAN/commercial/to-procure.md: Copied (replaced existing)
2026/09/09 18:10:57 INFO  : docs/archive/Project X appendix 1 Statement of Work - [TO REVIEW] - 9,8,260.docx: Copied (new)
2026/09/09 18:10:58 INFO  : docs/archive/Project X appendix 1 Statement of Work V0.2.docx: Copied (new)
2026/09/09 18:10:58 INFO  : docs/archive/Project X appendix 1 Statement of Work V0.2.pdf: Copied (new)
2026/09/09 18:11:00 INFO  : X-PLAN/commercial/contract-pack/Project X appendix 1 Statement of Work V0.3.pdf: Copied (new)
2026/09/09 18:11:00 INFO  : X-PLAN/commercial/contract-pack/Project X appendix 1 Statement of Work V0.3.docx: Copied (new)
2026/09/09 18:11:07 INFO  : X-PLAN/resources/CV/Etech Madagascar/REVIEWS.md: Copied (new)
2026/09/09 18:11:09 INFO  : X-PLAN/commercial/contract-pack/Project X appendix 1 Statement of Work - [TO REVIEW] - 9,8,260.docx: Deleted
2026/09/09 18:11:09 INFO  : X-PLAN/commercial/contract-pack/Project X appendix 1 Statement of Work V0.2.pdf: Deleted
2026/09/09 18:11:09 INFO  : X-PLAN/commercial/contract-pack/Project X appendix 1 Statement of Work V0.2.docx: Deleted
2026/09/09 18:11:09 INFO  : 
Transferred:   	    1.910 MiB / 1.910 MiB, 100%, 94.443 KiB/s, ETA 0s
Checks:               578 / 578, 100%
Deleted:                3 (files), 0 (dirs)
Transferred:            7 / 7, 100%
Elapsed time:        26.4s

[2026-09-09 18:11:09] PULL done
[2026-09-09 19:03:09] PULL start (Nextcloud → local) 
2026/09/09 19:03:33 INFO  : There was nothing to transfer
2026/09/09 19:03:33 INFO  : 
Transferred:   	          0 B / 0 B, -, 0 B/s, ETA -
Checks:               581 / 581, 100%
Elapsed time:        24.0s

[2026-09-09 19:03:33] PULL done
[2026-09-09 19:04:15] PULL start (Nextcloud → local) 
2026/09/09 19:04:38 INFO  : There was nothing to transfer
2026/09/09 19:04:38 INFO  : 
Transferred:   	          0 B / 0 B, -, 0 B/s, ETA -
Checks:               581 / 581, 100%
Elapsed time:        22.8s

[2026-09-09 19:04:38] PULL done
[2026-09-09 19:06:11] PUSH start (local → Nextcloud) 
2026/09/09 19:06:26 INFO  : X-PLAN/RAID.md: Copied (replaced existing)
2026/09/09 19:06:35 INFO  : X-PLAN/architecture/clients.md: Copied (replaced existing)
2026/09/09 19:06:37 INFO  : X-PLAN/commercial/README.md: Copied (replaced existing)
2026/09/09 19:06:44 INFO  : X-PLAN/commercial/phase-2-estimate.md: Copied (replaced existing)
2026/09/09 19:09:36 INFO  : X-PLAN/architecture/service-catalog.md: Copied (replaced existing)
2026/09/09 19:09:57 INFO  : X-PLAN/products/company-app-desktop.md: Copied (replaced existing)
2026/09/09 19:10:20 INFO  : X-PLAN/phases/phase-1-fast-track.md: Copied (replaced existing)
2026/09/09 19:10:42 INFO  : X-PLAN/spikes/README.md: Copied (replaced existing)
2026/09/09 19:11:04 INFO  : X-PLAN/summaries/01-phases-and-delivery.md: Copied (replaced existing)
2026/09/09 19:11:26 INFO  : X-PLAN/summaries/06-commercial.md: Copied (replaced existing)
2026/09/09 19:20:08 INFO  : X-PLAN/resources/third party/answers-to-clarification-requests-by-Etech.md: Copied (replaced existing)
2026/09/09 19:20:34 ERROR : X-PLAN/GLOSSARY.md: Failed to copy: Sabre\DAV\Exception\Locked: 423 Locked
2026/09/09 19:21:02 ERROR : X-PLAN/commercial/hiring.md: Failed to copy: Sabre\DAV\Exception\Locked: 423 Locked
2026/09/09 19:21:08 ERROR : X-PLAN/commercial/role-per-phase.md: Failed to copy: Sabre\DAV\Exception\Locked: 423 Locked
2026/09/09 19:21:08 ERROR : webdav root 'X': not deleting files as there were IO errors
2026/09/09 19:21:08 ERROR : webdav root 'X': not deleting directories as there were IO errors
2026/09/09 19:21:08 ERROR : Attempt 1/3 failed with 3 errors and: Sabre\DAV\Exception\Locked: 423 Locked
2026/09/09 19:29:43 INFO  : X-PLAN/commercial/role-per-phase.md: Copied (replaced existing)
2026/09/09 19:31:22 ERROR : X-PLAN/commercial/hiring.md: Failed to copy: Sabre\DAV\Exception\Locked: 423 Locked
2026/09/09 19:31:24 ERROR : X-PLAN/GLOSSARY.md: Failed to copy: Sabre\DAV\Exception\Locked: 423 Locked
2026/09/09 19:31:24 ERROR : webdav root 'X': not deleting files as there were IO errors
2026/09/09 19:31:24 ERROR : webdav root 'X': not deleting directories as there were IO errors
2026/09/09 19:31:24 ERROR : Attempt 2/3 failed with 2 errors and: Sabre\DAV\Exception\Locked: 423 Locked
2026/09/09 19:36:31 INFO  : X-PLAN/resources/CV/Etech Madagascar/REVIEWS.md: Copied (replaced existing)
2026/09/09 19:40:30 ERROR : X-PLAN/commercial/hiring.md: Failed to copy: Sabre\DAV\Exception\Locked: 423 Locked
2026/09/09 19:40:37 ERROR : X-PLAN/GLOSSARY.md: Failed to copy: Sabre\DAV\Exception\Locked: 423 Locked
2026/09/09 19:40:37 ERROR : webdav root 'X': not deleting files as there were IO errors
2026/09/09 19:40:37 ERROR : webdav root 'X': not deleting directories as there were IO errors
2026/09/09 19:40:37 ERROR : Attempt 3/3 failed with 2 errors and: Sabre\DAV\Exception\Locked: 423 Locked
2026/09/09 19:40:37 INFO  : 
Transferred:   	    3.061 MiB / 3.061 MiB, 100%, 6.856 KiB/s, ETA 0s
Errors:                 2 (retrying may help)
Checks:              1743 / 1743, 100%
Transferred:           13 / 13, 100%
Elapsed time:     34m25.6s

2026/09/09 19:40:37 Failed to sync with 2 errors: last error was: Sabre\DAV\Exception\Locked: 423 Locked
[2026-09-09 19:40:37] PUSH done
[2026-09-09 19:54:28] PULL start (Nextcloud → local) 
2026/09/09 19:54:35 INFO  : X-PLAN/GLOSSARY.md: Copied (replaced existing)
2026/09/09 19:54:48 INFO  : X-PLAN/resources/CV/Etech Madagascar/REVIEWS.md: Copied (replaced existing)
2026/09/09 19:54:52 INFO  : X-PLAN/commercial/hiring.md: Deleted
2026/09/09 19:54:52 INFO  : 
Transferred:   	   16.699 KiB / 16.699 KiB, 100%, 895 B/s, ETA 0s
Checks:               581 / 581, 100%
Deleted:                1 (files), 0 (dirs)
Transferred:            2 / 2, 100%
Elapsed time:        23.1s

[2026-09-09 19:54:52] PULL done
[2026-09-09 19:55:51] PUSH start (local → Nextcloud) 
2026/09/09 19:56:07 INFO  : X-PLAN/commercial/hiring.md: Copied (new)
2026/09/09 19:56:12 INFO  : 
Transferred:   	   71.807 KiB / 71.807 KiB, 100%, 6.525 KiB/s, ETA 0s
Checks:               580 / 580, 100%
Transferred:            1 / 1, 100%
Elapsed time:        20.6s

[2026-09-09 19:56:12] PUSH done
[2026-09-09 20:17:11] PUSH start (local → Nextcloud) 
2026/09/09 20:17:41 INFO  : X-PLAN/commercial/to-procure.md: Copied (replaced existing)
2026/09/09 20:20:56 INFO  : X-PLAN/GLOSSARY.md: Copied (replaced existing)
2026/09/09 20:20:56 INFO  : 
Transferred:   	  175.006 KiB / 175.006 KiB, 100%, 878 B/s, ETA 0s
Checks:               581 / 581, 100%
Transferred:            2 / 2, 100%
Elapsed time:      3m44.6s

[2026-09-09 20:20:56] PUSH done
[2026-09-13 11:55:56] PULL start (Nextcloud → local) 
2026/09/13 11:56:05 INFO  : X-PLAN/GLOSSARY.md: Copied (replaced existing)
2026/09/13 11:56:07 INFO  : X-PLAN/commercial/to-procure.md: Copied (replaced existing)
2026/09/13 11:56:09 INFO  : X-PLAN/resources/Job_postings.md: Copied (new)
2026/09/13 11:56:11 INFO  : docs/archive/MSA ProjectX AfricaIT V0.4.docx: Copied (new)
2026/09/13 11:56:11 INFO  : docs/archive/Project X appendix 2 Project Schedule.docx: Copied (new)
2026/09/13 11:56:12 INFO  : docs/archive/MSA ProjectX AfricaIT V0.4.pdf: Copied (new)
2026/09/13 11:56:13 INFO  : docs/archive/Project X appendix 3 governance V0.2.docx: Copied (new)
2026/09/13 11:56:13 INFO  : docs/archive/Project X appendix 3 governance V0.2.pdf: Copied (new)
2026/09/13 11:56:14 INFO  : docs/archive/Project X appendix 3 governance draft V0.1.docx: Copied (new)
2026/09/13 11:56:14 INFO  : docs/archive/Project X appendix 3 governance draft V0.1.pdf: Copied (new)
2026/09/13 11:56:16 INFO  : docs/archive/Project X appendix 4 methodology draft V0.2.docx: Copied (new)
2026/09/13 11:56:17 INFO  : docs/archive/Project X appendix 4 methodology draft V0.2.pdf: Copied (new)
2026/09/13 11:56:18 INFO  : docs/archive/Project X appendix 5 quality draft V0.2.docx: Copied (new)
2026/09/13 11:56:19 INFO  : docs/archive/Project X appendix 5 quality draft V0.2.pdf: Copied (new)
2026/09/13 11:56:19 INFO  : docs/archive/Project X appendix 7 Anti Bribery and anti corruption draft V0.1 REFUSED BY CLIENT.docx: Copied (new)
2026/09/13 11:56:21 INFO  : docs/archive/Project X appendix 7 Anti Bribery and anti corruption draft V0.1 REFUSED BY CLIENT.pdf: Copied (new)
2026/09/13 11:56:22 INFO  : docs/archive/Project X appendix 8 trade sanctions and crypto compliance draft V0.1.docx: Copied (new)
2026/09/13 11:56:22 INFO  : docs/archive/Project X appendix 8 trade sanctions and crypto compliance draft V0.1.pdf: Copied (new)
2026/09/13 11:56:22 INFO  : docs/archive/Project X appendix 8 trade sanctions and crypto compliance draft V0.2.docx: Copied (new)
2026/09/13 11:56:25 INFO  : docs/archive/Project X appendix 8 trade sanctions and crypto compliance draft V0.2.pdf: Copied (new)
2026/09/13 11:56:25 INFO  : docs/archive/Project X appendix 9 change control draft V0.1.docx: Copied (new)
2026/09/13 11:56:25 INFO  : docs/archive/Project X appendix 9 change control draft V0.1.pdf: Copied (new)
2026/09/13 11:56:25 INFO  : docs/archive/planning project X draft v 0.5 31aug26.xlsx: Copied (new)
2026/09/13 11:56:26 INFO  : X-PLAN/commercial/contract-pack/MSA ProjectX AfricaIT V0.5.pdf: Copied (new)
2026/09/13 11:56:26 INFO  : X-PLAN/commercial/contract-pack/MSA ProjectX AfricaIT V0.5.docx: Copied (new)
2026/09/13 11:56:26 INFO  : X-PLAN/commercial/contract-pack/Project X appendix 2 project schedule V0.2.docx: Copied (new)
2026/09/13 11:56:27 INFO  : X-PLAN/commercial/contract-pack/Project X appendix 2 project schedule V0.2.pdf: Copied (new)
2026/09/13 11:56:27 INFO  : X-PLAN/commercial/contract-pack/Project X appendix 3 governance sept 2026.pdf: Copied (new)
2026/09/13 11:56:27 INFO  : X-PLAN/commercial/contract-pack/Project X appendix 3 governance sept 2026.docx: Copied (new)
2026/09/13 11:56:27 INFO  : X-PLAN/commercial/contract-pack/Project X appendix 4 methodology september 2026.docx: Copied (new)
2026/09/13 11:56:28 INFO  : X-PLAN/commercial/contract-pack/Project X appendix 4 methodology september 2026.pdf: Copied (new)
2026/09/13 11:56:28 INFO  : X-PLAN/commercial/contract-pack/Project X appendix 5 quality september 2026.docx: Copied (new)
2026/09/13 11:56:28 INFO  : X-PLAN/commercial/contract-pack/Project X appendix 5 quality september 2026.pdf: Copied (new)
2026/09/13 11:56:28 INFO  : X-PLAN/commercial/contract-pack/Project X appendix 6 Price and payment september 2026.pdf: Copied (new)
2026/09/13 11:56:29 INFO  : X-PLAN/commercial/contract-pack/Project X appendix 7 trade sanctions and crypto compliance september 2026.docx: Copied (new)
2026/09/13 11:56:29 INFO  : X-PLAN/commercial/contract-pack/Project X appendix 7 trade sanctions and crypto compliance september 2026.pdf: Copied (new)
2026/09/13 11:56:29 INFO  : X-PLAN/commercial/contract-pack/Project X appendix 8 change control september 2026.docx: Copied (new)
2026/09/13 11:56:29 INFO  : X-PLAN/commercial/contract-pack/Project X appendix 8 change control september 2026.pdf: Copied (new)
2026/09/13 11:56:29 INFO  : X-PLAN/commercial/contract-pack/Project X appendix 4 methodology draft V0.2.pdf: Deleted
2026/09/13 11:56:29 INFO  : X-PLAN/commercial/contract-pack/Project X appendix 3 governance draft V0.1.pdf: Deleted
2026/09/13 11:56:29 INFO  : X-PLAN/commercial/contract-pack/Project X appendix 5 quality draft V0.2.docx: Deleted
2026/09/13 11:56:29 INFO  : X-PLAN/commercial/contract-pack/MSA ProjectX AfricaIT V0.4.pdf: Deleted
2026/09/13 11:56:29 INFO  : X-PLAN/commercial/contract-pack/Project X appendix 8 trade sanctions and crypto compliance draft V0.2.docx: Deleted
2026/09/13 11:56:29 INFO  : X-PLAN/commercial/contract-pack/Project X appendix 8 trade sanctions and crypto compliance draft V0.2.pdf: Deleted
2026/09/13 11:56:29 INFO  : X-PLAN/commercial/contract-pack/Project X appendix 9 change control draft V0.1.pdf: Deleted
2026/09/13 11:56:29 INFO  : X-PLAN/commercial/contract-pack/planning project X draft v 0.5 31aug26.xlsx: Deleted
2026/09/13 11:56:30 INFO  : X-PLAN/commercial/contract-pack/Project X appendix 9 change control draft V0.1.docx: Deleted
2026/09/13 11:56:30 INFO  : X-PLAN/commercial/contract-pack/Project X appendix 8 trade sanctions and crypto compliance draft V0.1.docx: Deleted
2026/09/13 11:56:30 INFO  : X-PLAN/commercial/contract-pack/Project X appendix 3 governance draft V0.1.docx: Deleted
2026/09/13 11:56:30 INFO  : X-PLAN/commercial/contract-pack/Project X appendix 8 trade sanctions and crypto compliance draft V0.1.pdf: Deleted
2026/09/13 11:56:30 INFO  : X-PLAN/commercial/contract-pack/MSA ProjectX AfricaIT V0.4.docx: Deleted
2026/09/13 11:56:30 INFO  : X-PLAN/commercial/contract-pack/Project X appendix 2 Project Schedule.docx: Deleted
2026/09/13 11:56:30 INFO  : X-PLAN/commercial/contract-pack/Project X appendix 5 quality draft V0.2.pdf: Deleted
2026/09/13 11:56:30 INFO  : X-PLAN/commercial/contract-pack/Project X appendix 4 methodology draft V0.2.docx: Deleted
2026/09/13 11:56:30 INFO  : X-PLAN/commercial/contract-pack/Project X appendix 7 Anti Bribery and anti corruption draft V0.1 REFUSED BY CLIENT.docx: Deleted
2026/09/13 11:56:30 INFO  : X-PLAN/commercial/contract-pack/Project X appendix 7 Anti Bribery and anti corruption draft V0.1 REFUSED BY CLIENT.pdf: Deleted
2026/09/13 11:56:30 INFO  : 
Transferred:   	    3.557 MiB / 3.557 MiB, 100%, 163.356 KiB/s, ETA 0s
Checks:               581 / 581, 100%
Deleted:               18 (files), 0 (dirs)
Transferred:           38 / 38, 100%
Elapsed time:        33.0s

[2026-09-13 11:56:30] PULL done
[2026-09-13 12:40:40] PULL start (Nextcloud → local) 
2026/09/13 12:41:00 INFO  : There was nothing to transfer
2026/09/13 12:41:00 INFO  : 
Transferred:   	          0 B / 0 B, -, 0 B/s, ETA -
Checks:               599 / 599, 100%
Elapsed time:        19.9s

[2026-09-13 12:41:00] PULL done
[2026-09-14 22:37:47] PULL start (Nextcloud → local) 
2026/09/14 22:38:08 INFO  : X-PLAN/resources/CV/Etech Madagascar/REVIEWS.md: Copied (replaced existing)
2026/09/14 22:38:08 INFO  : 
Transferred:   	    7.438 KiB / 7.438 KiB, 100%, 0 B/s, ETA -
Checks:               599 / 599, 100%
Transferred:            1 / 1, 100%
Elapsed time:        20.0s

[2026-09-14 22:38:08] PULL done
[2026-09-15 10:36:28] PULL start (Nextcloud → local) 
2026/09/15 10:36:46 INFO  : X-PLAN/resources/Assessments/Domain Business Analyst 1 - Trade & Selling (Senior, 5–10 yrs).md: Copied (new)
2026/09/15 10:36:46 INFO  : X-PLAN/resources/Assessments/Backend - IAM & Identity (Senior, 5–10 yrs).md: Copied (new)
2026/09/15 10:36:46 INFO  : X-PLAN/resources/Assessments/Domain BA 2 - CLM, Geo, Cards.md: Copied (new)
2026/09/15 10:36:47 INFO  : X-PLAN/resources/Assessments/Frontend Engineering Lead (Senior, 5–10 yrs).md: Copied (new)
2026/09/15 10:36:49 INFO  : X-PLAN/resources/Assessments/Interview 1 - MASTER TRACKER.md: Copied (new)
2026/09/15 10:36:49 INFO  : X-PLAN/resources/Assessments/SRE - Endpoint Factory (Senior, 5–10 yrs).md: Copied (new)
2026/09/15 10:36:49 INFO  : X-PLAN/resources/Assessments/Scrum Master (Senior, 5–10 yrs).md: Copied (new)
2026/09/15 10:36:49 INFO  : X-PLAN/resources/Assessments/SRE - Mesh, DR, Updates (Expert, 10+ yrs).md: Copied (new)
2026/09/15 10:36:50 INFO  : X-PLAN/resources/CV/Etech Madagascar/REVIEWS.md: Copied (replaced existing)
2026/09/15 10:36:50 INFO  : 
Transferred:   	   64.050 KiB / 64.050 KiB, 100%, 9.946 KiB/s, ETA 0s
Checks:               599 / 599, 100%
Transferred:            9 / 9, 100%
Elapsed time:        22.2s

[2026-09-15 10:36:50] PULL done
[2026-09-15 15:37:46] PULL start (Nextcloud → local) 
2026/09/15 15:38:02 INFO  : X-PLAN/resources/Assessments/Domain Business Analyst 1 - Trade & Selling (Senior, 5–10 yrs).md: Copied (replaced existing)
2026/09/15 15:38:03 INFO  : X-PLAN/resources/Assessments/Domain BA 2 - CLM, Geo, Cards.md: Copied (replaced existing)
2026/09/15 15:38:05 INFO  : X-PLAN/resources/Assessments/Frontend Engineering Lead (Senior, 5–10 yrs).md: Copied (replaced existing)
2026/09/15 15:38:05 INFO  : X-PLAN/resources/Assessments/Backend - IAM & Identity (Senior, 5–10 yrs).md: Copied (replaced existing)
2026/09/15 15:38:06 INFO  : X-PLAN/resources/Assessments/Interview 1 - MASTER TRACKER.md: Copied (replaced existing)
2026/09/15 15:38:08 INFO  : X-PLAN/resources/Assessments/SRE - Endpoint Factory (Senior, 5–10 yrs).md: Copied (replaced existing)
2026/09/15 15:38:08 INFO  : X-PLAN/resources/Assessments/SRE - Mesh, DR, Updates (Expert, 10+ yrs).md: Copied (replaced existing)
2026/09/15 15:38:09 INFO  : X-PLAN/resources/Assessments/Scrum Master (Senior, 5–10 yrs).md: Copied (replaced existing)
2026/09/15 15:38:15 INFO  : 
Transferred:   	  591.438 KiB / 591.438 KiB, 100%, 39.432 KiB/s, ETA 0s
Checks:               607 / 607, 100%
Transferred:            8 / 8, 100%
Elapsed time:        28.6s

[2026-09-15 15:38:15] PULL done
[2026-09-15 16:44:37] PULL start (Nextcloud → local) 
2026/09/15 16:44:54 INFO  : X-PLAN/resources/Assessments/Interview 1 - MASTER TRACKER.md: Copied (replaced existing)
2026/09/15 16:44:54 INFO  : X-PLAN/resources/Assessments/Scrum Master (Senior, 5–10 yrs).md: Copied (replaced existing)
2026/09/15 16:45:00 INFO  : 
Transferred:   	   81.881 KiB / 81.881 KiB, 100%, 10.235 KiB/s, ETA 0s
Checks:               607 / 607, 100%
Transferred:            2 / 2, 100%
Elapsed time:        22.9s

[2026-09-15 16:45:00] PULL done
[2026-09-15 16:46:47] PULL start (Nextcloud → local) 
2026/09/15 16:47:06 INFO  : There was nothing to transfer
2026/09/15 16:47:06 INFO  : 
Transferred:   	          0 B / 0 B, -, 0 B/s, ETA -
Checks:               607 / 607, 100%
Elapsed time:        18.8s

[2026-09-15 16:47:06] PULL done
[2026-09-15 17:01:04] PULL start (Nextcloud → local) 
2026/09/15 17:01:25 INFO  : There was nothing to transfer
2026/09/15 17:01:25 INFO  : 
Transferred:   	          0 B / 0 B, -, 0 B/s, ETA -
Checks:               607 / 607, 100%
Elapsed time:        20.4s

[2026-09-15 17:01:25] PULL done
[2026-09-15 17:10:11] PUSH start (local → Nextcloud) 
2026/09/15 17:10:23 INFO  : X-PLAN/README.md: Copied (replaced existing)
2026/09/15 17:10:23 INFO  : X-PLAN/RAID.md: Copied (replaced existing)
2026/09/15 17:10:30 INFO  : X-PLAN/client/clarifications.md: Copied (replaced existing)
2026/09/15 17:10:30 INFO  : X-PLAN/client/README.md: Copied (replaced existing)
2026/09/15 17:10:32 INFO  : X-PLAN/client/inputs-from-L.md: Copied (replaced existing)
2026/09/15 17:10:34 INFO  : X-PLAN/client/enhancement-register-2026-09.md: Copied (replaced existing)
2026/09/15 17:10:37 INFO  : X-PLAN/client/timeline-mapping.md: Copied (replaced existing)
2026/09/15 17:10:37 INFO  : X-PLAN/commercial/contract-pack-index.md: Copied (replaced existing)
2026/09/15 17:10:40 INFO  : X-PLAN/commercial/payment-doctrine.md: Copied (replaced existing)
2026/09/15 17:10:40 INFO  : X-PLAN/commercial/programme-fees.md: Copied (replaced existing)
2026/09/15 17:10:43 INFO  : X-PLAN/commercial/role-per-phase.md: Copied (replaced existing)
2026/09/15 17:10:43 INFO  : X-PLAN/operations/README.md: Copied (replaced existing)
2026/09/15 17:10:56 INFO  : X-PLAN/operations/dc-build.md: Copied (replaced existing)
2026/09/15 17:10:58 INFO  : X-PLAN/operations/disaster-recovery.md: Copied (replaced existing)
2026/09/15 17:11:17 INFO  : X-PLAN/operations/endpoint-standards.md: Copied (replaced existing)
2026/09/15 17:11:38 INFO  : X-PLAN/operations/maintenance-interim.md: Copied (replaced existing)
2026/09/15 17:12:00 INFO  : X-PLAN/operations/regional-deployment.md: Copied (replaced existing)
2026/09/15 17:12:23 INFO  : X-PLAN/operations/secops-cadence.md: Copied (replaced existing)
2026/09/15 17:12:44 INFO  : X-PLAN/operations/sovereign-update-service.md: Copied (replaced existing)
2026/09/15 17:13:08 INFO  : X-PLAN/operations/training-curriculum.md: Copied (replaced existing)
2026/09/15 17:13:30 INFO  : X-PLAN/phases/design-and-update-checklist.md: Copied (new)
2026/09/15 17:13:53 INFO  : X-PLAN/phases/README.md: Copied (replaced existing)
2026/09/15 17:14:14 INFO  : X-PLAN/phases/milestone-register.md: Copied (replaced existing)
2026/09/15 17:14:36 INFO  : X-PLAN/phases/phase-1-fast-track.md: Copied (replaced existing)
2026/09/15 17:14:58 INFO  : X-PLAN/phases/pre-contract.md: Copied (replaced existing)
2026/09/15 17:15:21 INFO  : X-PLAN/spikes/README.md: Copied (replaced existing)
2026/09/15 17:18:27 INFO  : X-PLAN/resources/Job_postings.md: Copied (replaced existing)
2026/09/15 17:18:48 INFO  : X-PLAN/summaries/00-executive-brief.md: Copied (replaced existing)
2026/09/15 17:19:09 INFO  : X-PLAN/summaries/01-phases-and-delivery.md: Copied (replaced existing)
2026/09/15 17:19:32 INFO  : X-PLAN/summaries/05-operations.md: Copied (replaced existing)
2026/09/15 17:19:54 INFO  : X-PLAN/summaries/06-commercial.md: Copied (replaced existing)
2026/09/15 17:20:18 INFO  : X-PLAN/summaries/README.md: Copied (replaced existing)
2026/09/15 17:20:38 INFO  : X-PLAN/commercial/contract-pack/REWRITE-CHECKLIST.md: Copied (new)
2026/09/15 17:21:00 INFO  : X-PLAN/commercial/contract-pack/README.md: Copied (replaced existing)
2026/09/15 17:23:48 ERROR : X-PLAN/commercial/dc-plant-annex.md: Failed to copy: Sabre\DAV\Exception\Locked: 423 Locked
2026/09/15 17:23:50 ERROR : X-PLAN/commercial/hiring.md: Failed to copy: Sabre\DAV\Exception\Locked: 423 Locked
2026/09/15 17:24:10 ERROR : X-PLAN/operations/enrollment-factory.md: Failed to copy: Sabre\DAV\Exception\Locked: 423 Locked
2026/09/15 17:24:10 ERROR : webdav root 'X': not deleting files as there were IO errors
2026/09/15 17:24:10 ERROR : webdav root 'X': not deleting directories as there were IO errors
2026/09/15 17:24:10 ERROR : Attempt 1/3 failed with 3 errors and: Sabre\DAV\Exception\Locked: 423 Locked
2026/09/15 17:35:22 ERROR : X-PLAN/commercial/hiring.md: Failed to copy: Sabre\DAV\Exception\Locked: 423 Locked
2026/09/15 17:35:24 ERROR : X-PLAN/commercial/dc-plant-annex.md: Failed to copy: Sabre\DAV\Exception\Locked: 423 Locked
2026/09/15 17:35:26 ERROR : X-PLAN/operations/enrollment-factory.md: Failed to copy: Sabre\DAV\Exception\Locked: 423 Locked
2026/09/15 17:35:26 ERROR : webdav root 'X': not deleting files as there were IO errors
2026/09/15 17:35:26 ERROR : webdav root 'X': not deleting directories as there were IO errors
2026/09/15 17:35:26 ERROR : Attempt 2/3 failed with 3 errors and: Sabre\DAV\Exception\Locked: 423 Locked
2026/09/15 17:36:41 INFO  : X-PLAN/operations/enrollment-factory.md: Copied (replaced existing)
2026/09/15 17:43:19 ERROR : X-PLAN/commercial/dc-plant-annex.md: Failed to copy: Sabre\DAV\Exception\Locked: 423 Locked
2026/09/15 17:43:23 ERROR : X-PLAN/commercial/hiring.md: Failed to copy: Sabre\DAV\Exception\Locked: 423 Locked
2026/09/15 17:43:23 ERROR : webdav root 'X': not deleting files as there were IO errors
2026/09/15 17:43:23 ERROR : webdav root 'X': not deleting directories as there were IO errors
2026/09/15 17:43:23 ERROR : Attempt 3/3 failed with 2 errors and: Sabre\DAV\Exception\Locked: 423 Locked
2026/09/15 17:43:23 INFO  : 
Transferred:   	    3.285 MiB / 3.285 MiB, 100%, 466 B/s, ETA 0s
Errors:                 2 (retrying may help)
Checks:              1825 / 1825, 100%
Transferred:           35 / 35, 100%
Elapsed time:     33m12.4s

2026/09/15 17:43:23 Failed to sync with 2 errors: last error was: Sabre\DAV\Exception\Locked: 423 Locked
[2026-09-15 17:43:23] PUSH done
[2026-09-15 18:37:41] PUSH start (local → Nextcloud) 
2026/09/15 18:37:57 INFO  : X-PLAN/GLOSSARY.md: Copied (replaced existing)
2026/09/15 18:37:57 INFO  : X-PLAN/DOCTRINE.md: Copied (replaced existing)
2026/09/15 18:37:57 INFO  : X-PLAN/RAID.md: Copied (replaced existing)
2026/09/15 18:37:58 INFO  : X-PLAN/README.md: Copied (replaced existing)
2026/09/15 18:38:01 ERROR : X-PLAN/commercial/contract-pack-md: error reading source directory: directory not found
2026/09/15 18:38:08 INFO  : X-PLAN/client/clarifications.md: Copied (replaced existing)
2026/09/15 18:38:08 INFO  : X-PLAN/architecture/adr-index.md: Copied (replaced existing)
2026/09/15 18:38:09 INFO  : X-PLAN/architecture/ai-serving.md: Copied (replaced existing)
2026/09/15 18:38:14 INFO  : X-PLAN/client/commodity-map.md: Copied (replaced existing)
2026/09/15 18:38:14 INFO  : X-PLAN/client/counterparts.md: Copied (replaced existing)
2026/09/15 18:38:17 INFO  : X-PLAN/client/inputs-from-L.md: Copied (replaced existing)
2026/09/15 18:38:18 INFO  : X-PLAN/commercial/contract-reconciliation.md: Copied (new)
2026/09/15 18:38:28 INFO  : X-PLAN/commercial/README.md: Copied (replaced existing)
2026/09/15 18:38:31 INFO  : X-PLAN/commercial/contingency-options.md: Copied (replaced existing)
2026/09/15 18:38:47 INFO  : X-PLAN/commercial/contract-pack-index.md: Copied (replaced existing)
2026/09/15 18:52:28 ERROR : X-PLAN/plan.md: Failed to copy: Sabre\DAV\Exception\Locked: 423 Locked
2026/09/15 18:52:51 INFO  : X-PLAN/commercial/payment-doctrine.md: Copied (replaced existing)
2026/09/15 18:52:54 ERROR : X-PLAN/client/enhancement-register-2026-09.md: Failed to copy: Sabre\DAV\Exception\Locked: 423 Locked
2026/09/15 18:53:11 INFO  : X-PLAN/commercial/phase-2-estimate.md: Copied (replaced existing)
2026/09/15 18:53:15 INFO  : X-PLAN/commercial/programme-fees.md: Copied (replaced existing)
2026/09/15 18:53:33 INFO  : X-PLAN/commercial/run-term-5y.md: Copied (replaced existing)
2026/09/15 18:53:55 INFO  : X-PLAN/operations/key-ceremony.md: Copied (replaced existing)
2026/09/15 18:53:57 ERROR : X-PLAN/commercial/dc-plant-annex.md: Failed to copy: Sabre\DAV\Exception\Locked: 423 Locked
2026/09/15 18:54:14 ERROR : X-PLAN/commercial/hiring.md: Failed to copy: Sabre\DAV\Exception\Locked: 423 Locked
2026/09/15 18:54:16 INFO  : X-PLAN/operations/maintenance-interim.md: Copied (replaced existing)
2026/09/15 18:54:18 INFO  : X-PLAN/products/ai-agents.md: Copied (replaced existing)
2026/09/15 18:54:31 INFO  : X-PLAN/products/erp.md: Copied (replaced existing)
2026/09/15 18:54:32 INFO  : X-PLAN/products/trade-operations.md: Copied (replaced existing)
2026/09/15 18:54:33 INFO  : X-PLAN/phases/acceptance-ladder.md: Copied (replaced existing)
2026/09/15 18:54:40 INFO  : X-PLAN/phases/design-and-update-checklist.md: Copied (replaced existing)
2026/09/15 18:54:40 INFO  : X-PLAN/phases/milestone-register.md: Copied (replaced existing)
2026/09/15 18:54:41 INFO  : X-PLAN/phases/phase-1-fast-track.md: Copied (replaced existing)
2026/09/15 18:54:43 INFO  : X-PLAN/phases/phase-2.md: Copied (replaced existing)
2026/09/15 18:54:43 INFO  : X-PLAN/phases/pre-contract.md: Copied (replaced existing)
2026/09/15 18:54:44 INFO  : X-PLAN/phases/summary-matrix.md: Copied (replaced existing)
2026/09/15 18:54:46 INFO  : X-PLAN/summaries/00-executive-brief.md: Copied (replaced existing)
2026/09/15 18:54:46 INFO  : X-PLAN/summaries/01-phases-and-delivery.md: Copied (replaced existing)
2026/09/15 18:54:46 INFO  : X-PLAN/summaries/03-products.md: Copied (replaced existing)
2026/09/15 18:54:49 INFO  : X-PLAN/summaries/07-client-governance-and-acceptance.md: Copied (replaced existing)
2026/09/15 18:54:49 INFO  : X-PLAN/summaries/06-commercial.md: Copied (replaced existing)
2026/09/15 18:54:50 INFO  : X-PLAN/summaries/08-domain-phase-matrix.md: Copied (replaced existing)
2026/09/15 18:54:53 INFO  : X-PLAN/summaries/README.md: Copied (replaced existing)
2026/09/15 18:54:53 INFO  : X-PLAN/treasury/device-kill.md: Copied (replaced existing)
2026/09/15 18:54:54 INFO  : X-PLAN/commercial/contract-pack/README.md: Copied (new)
2026/09/15 18:54:57 INFO  : X-PLAN/commercial/contract-pack/planning project X draft v 0.9 and financial.xlsx: Copied (replaced existing)
2026/09/15 18:54:57 INFO  : X-PLAN/commercial/contract-pack/REWRITE-CHECKLIST.md: Copied (new)
2026/09/15 19:00:34 ERROR : X-PLAN/commercial/sizing-drivers.md: Failed to copy: Sabre\DAV\Exception\Locked: 423 Locked
2026/09/15 19:01:36 ERROR : X-PLAN/resources/Assessments/Domain BA 2 - CLM, Geo, Cards.md: Failed to copy: Sabre\DAV\Exception\Locked: 423 Locked
2026/09/15 19:01:36 ERROR : webdav root 'X': not deleting files as there were IO errors
2026/09/15 19:01:36 ERROR : webdav root 'X': not deleting directories as there were IO errors
2026/09/15 19:01:36 ERROR : Attempt 1/3 failed with 7 errors and: Sabre\DAV\Exception\Locked: 423 Locked
2026/09/15 19:16:21 ERROR : X-PLAN/plan.md: Failed to copy: Sabre\DAV\Exception\Locked: 423 Locked
2026/09/15 19:16:39 ERROR : X-PLAN/client/enhancement-register-2026-09.md: Failed to copy: Sabre\DAV\Exception\Locked: 423 Locked
2026/09/15 19:16:40 ERROR : X-PLAN/commercial/hiring.md: Failed to copy: Sabre\DAV\Exception\Locked: 423 Locked
2026/09/15 19:16:43 ERROR : X-PLAN/commercial/dc-plant-annex.md: Failed to copy: Sabre\DAV\Exception\Locked: 423 Locked
2026/09/15 19:24:21 ERROR : X-PLAN/commercial/sizing-drivers.md: Failed to copy: Sabre\DAV\Exception\Locked: 423 Locked
2026/09/15 19:24:29 ERROR : X-PLAN/resources/Assessments/Domain BA 2 - CLM, Geo, Cards.md: Failed to copy: Sabre\DAV\Exception\Locked: 423 Locked
2026/09/15 19:24:29 ERROR : webdav root 'X': not deleting files as there were IO errors
2026/09/15 19:24:29 ERROR : webdav root 'X': not deleting directories as there were IO errors
2026/09/15 19:24:29 ERROR : Attempt 2/3 failed with 6 errors and: Sabre\DAV\Exception\Locked: 423 Locked
2026/09/15 19:39:32 ERROR : X-PLAN/plan.md: Failed to copy: Sabre\DAV\Exception\Locked: 423 Locked
2026/09/15 19:39:36 ERROR : X-PLAN/commercial/hiring.md: Failed to copy: Sabre\DAV\Exception\Locked: 423 Locked
2026/09/15 19:39:38 ERROR : X-PLAN/commercial/dc-plant-annex.md: Failed to copy: Sabre\DAV\Exception\Locked: 423 Locked
2026/09/15 19:39:42 ERROR : X-PLAN/commercial/sizing-drivers.md: Failed to copy: Sabre\DAV\Exception\Locked: 423 Locked
2026/09/15 19:47:24 ERROR : X-PLAN/resources/Assessments/Domain BA 2 - CLM, Geo, Cards.md: Failed to copy: Sabre\DAV\Exception\Locked: 423 Locked
2026/09/15 19:47:26 ERROR : X-PLAN/client/enhancement-register-2026-09.md: Failed to copy: Sabre\DAV\Exception\Locked: 423 Locked
2026/09/15 19:47:26 ERROR : webdav root 'X': not deleting files as there were IO errors
2026/09/15 19:47:26 ERROR : webdav root 'X': not deleting directories as there were IO errors
2026/09/15 19:47:26 ERROR : Attempt 3/3 failed with 6 errors and: Sabre\DAV\Exception\Locked: 423 Locked
2026/09/15 19:47:26 INFO  : 
Transferred:   	    5.507 MiB / 5.507 MiB, 100%, 522 B/s, ETA 0s
Errors:                 6 (retrying may help)
Checks:              1827 / 1827, 100%
Transferred:           41 / 41, 100%
Elapsed time:    1h9m44.9s

2026/09/15 19:47:26 Failed to sync with 6 errors: last error was: Sabre\DAV\Exception\Locked: 423 Locked
[2026-09-15 19:47:26] PUSH done
[2026-09-15 19:48:49] PUSH start (local → Nextcloud) 
2026/09/15 20:03:35 ERROR : X-PLAN/plan.md: Failed to copy: Sabre\DAV\Exception\Locked: 423 Locked
2026/09/15 20:03:54 ERROR : X-PLAN/commercial/sizing-drivers.md: Failed to copy: Sabre\DAV\Exception\Locked: 423 Locked
2026/09/15 20:03:56 ERROR : X-PLAN/commercial/dc-plant-annex.md: Failed to copy: Sabre\DAV\Exception\Locked: 423 Locked
2026/09/15 20:03:58 ERROR : X-PLAN/commercial/hiring.md: Failed to copy: Sabre\DAV\Exception\Locked: 423 Locked
2026/09/15 20:04:00 INFO  : X-PLAN/client/enhancement-register-2026-09.md: Copied (replaced existing)
[2026-09-15 21:56:49] PUSH start (local → Nextcloud) 
2026/09/15 22:11:48 ERROR : X-PLAN/plan.md: Failed to copy: Sabre\DAV\Exception\Locked: 423 Locked
2026/09/15 22:11:59 ERROR : X-PLAN/architecture/observability.md: Failed to copy: Sabre\DAV\Exception\Locked: 423 Locked
2026/09/15 22:12:00 ERROR : X-PLAN/architecture/provisioner.md: Failed to copy: Sabre\DAV\Exception\Locked: 423 Locked
2026/09/15 22:12:09 ERROR : X-PLAN/commercial/dc-plant-annex.md: Failed to copy: Sabre\DAV\Exception\Locked: 423 Locked
2026/09/15 22:27:24 ERROR : X-PLAN/commercial/hiring.md: Failed to copy: Sabre\DAV\Exception\Locked: 423 Locked
2026/09/15 22:27:36 ERROR : X-PLAN/commercial/sizing-drivers.md: Failed to copy: Sabre\DAV\Exception\Locked: 423 Locked
2026/09/15 22:27:42 ERROR : X-PLAN/products/files.md: Failed to copy: Sabre\DAV\Exception\Locked: 423 Locked
2026/09/15 22:27:44 ERROR : X-PLAN/resources/Job_postings.md: Failed to copy: Sabre\DAV\Exception\Locked: 423 Locked
2026/09/15 22:31:39 ERROR : X-PLAN/resources/Assessments/Domain BA 2 - CLM, Geo, Cards.md: Failed to copy: Sabre\DAV\Exception\Locked: 423 Locked
2026/09/15 22:31:39 ERROR : webdav root 'X': not deleting files as there were IO errors
2026/09/15 22:31:39 ERROR : webdav root 'X': not deleting directories as there were IO errors
2026/09/15 22:31:39 ERROR : Attempt 1/3 failed with 9 errors and: Sabre\DAV\Exception\Locked: 423 Locked
2026/09/15 22:46:34 ERROR : X-PLAN/plan.md: Failed to copy: Sabre\DAV\Exception\Locked: 423 Locked
2026/09/15 22:46:38 ERROR : X-PLAN/commercial/dc-plant-annex.md: Failed to copy: Sabre\DAV\Exception\Locked: 423 Locked
2026/09/15 22:46:44 ERROR : X-PLAN/commercial/hiring.md: Failed to copy: Sabre\DAV\Exception\Locked: 423 Locked
2026/09/15 22:46:54 ERROR : X-PLAN/commercial/sizing-drivers.md: Failed to copy: Sabre\DAV\Exception\Locked: 423 Locked
2026/09/15 23:02:14 ERROR : X-PLAN/architecture/observability.md: Failed to copy: Sabre\DAV\Exception\Locked: 423 Locked
2026/09/15 23:02:18 ERROR : X-PLAN/architecture/provisioner.md: Failed to copy: Sabre\DAV\Exception\Locked: 423 Locked
2026/09/15 23:02:24 ERROR : X-PLAN/products/files.md: Failed to copy: Sabre\DAV\Exception\Locked: 423 Locked
2026/09/15 23:02:30 ERROR : X-PLAN/resources/Job_postings.md: Failed to copy: Sabre\DAV\Exception\Locked: 423 Locked
[2026-09-17 15:52:46] PULL start (Nextcloud → local) 
2026/09/17 15:52:52 INFO  : X-PLAN/plan.md: Copied (replaced existing)
2026/09/17 15:52:56 INFO  : X-PLAN/architecture/provisioner.md: Copied (replaced existing)
2026/09/17 15:52:57 INFO  : X-PLAN/architecture/observability.md: Copied (replaced existing)
2026/09/17 15:53:00 INFO  : X-PLAN/commercial/sizing-drivers.md: Copied (replaced existing)
2026/09/17 15:53:00 INFO  : X-PLAN/commercial/hiring.md: Copied (replaced existing)
2026/09/17 15:53:00 INFO  : X-PLAN/commercial/dc-plant-annex.md: Copied (replaced existing)
2026/09/17 15:53:02 INFO  : X-PLAN/resources/Job_postings.md: Copied (replaced existing)
2026/09/17 15:53:07 INFO  : X-PLAN/resources/Assessments/Domain BA 2 - CLM, Geo, Cards.md: Copied (replaced existing)
2026/09/17 15:53:09 INFO  : 
Transferred:   	  226.201 KiB / 226.201 KiB, 100%, 11.300 KiB/s, ETA 0s
Checks:               633 / 633, 100%
Transferred:            8 / 8, 100%
Elapsed time:        23.6s

[2026-09-17 15:53:09] PULL done
[2026-09-17 15:53:43] PUSH start (local → Nextcloud) 
2026/09/17 16:08:21 ERROR : X-PLAN/plan.md: Failed to copy: Sabre\DAV\Exception\Locked: 423 Locked
2026/09/17 16:08:27 ERROR : X-PLAN/commercial/sizing-drivers.md: Failed to copy: Sabre\DAV\Exception\Locked: 423 Locked
2026/09/17 16:08:31 ERROR : X-PLAN/commercial/dc-plant-annex.md: Failed to copy: Sabre\DAV\Exception\Locked: 423 Locked
2026/09/17 16:08:32 ERROR : X-PLAN/commercial/hiring.md: Failed to copy: Sabre\DAV\Exception\Locked: 423 Locked
2026/09/17 16:20:10 ERROR : X-PLAN/architecture/observability.md: Failed to copy: Sabre\DAV\Exception\Locked: 423 Locked
2026/09/17 16:20:14 ERROR : X-PLAN/architecture/provisioner.md: Failed to copy: Sabre\DAV\Exception\Locked: 423 Locked
2026/09/17 16:20:16 ERROR : X-PLAN/resources/Assessments/Domain BA 2 - CLM, Geo, Cards.md: Failed to copy: Sabre\DAV\Exception\Locked: 423 Locked
2026/09/17 16:20:16 ERROR : webdav root 'X': not deleting files as there were IO errors
2026/09/17 16:20:16 ERROR : webdav root 'X': not deleting directories as there were IO errors
2026/09/17 16:20:16 ERROR : Attempt 1/3 failed with 7 errors and: Sabre\DAV\Exception\Locked: 423 Locked
2026/09/17 16:34:51 ERROR : X-PLAN/commercial/hiring.md: Failed to copy: Sabre\DAV\Exception\Locked: 423 Locked
2026/09/17 16:34:53 ERROR : X-PLAN/commercial/sizing-drivers.md: Failed to copy: Sabre\DAV\Exception\Locked: 423 Locked
2026/09/17 16:34:55 ERROR : X-PLAN/plan.md: Failed to copy: Sabre\DAV\Exception\Locked: 423 Locked
2026/09/17 16:34:58 ERROR : X-PLAN/commercial/dc-plant-annex.md: Failed to copy: Sabre\DAV\Exception\Locked: 423 Locked
2026/09/17 16:46:15 ERROR : X-PLAN/architecture/observability.md: Failed to copy: Sabre\DAV\Exception\Locked: 423 Locked
2026/09/17 16:46:17 ERROR : X-PLAN/architecture/provisioner.md: Failed to copy: Sabre\DAV\Exception\Locked: 423 Locked
2026/09/17 16:46:19 ERROR : X-PLAN/resources/Assessments/Domain BA 2 - CLM, Geo, Cards.md: Failed to copy: Sabre\DAV\Exception\Locked: 423 Locked
2026/09/17 16:46:19 ERROR : webdav root 'X': not deleting files as there were IO errors
2026/09/17 16:46:19 ERROR : webdav root 'X': not deleting directories as there were IO errors
2026/09/17 16:46:19 ERROR : Attempt 2/3 failed with 7 errors and: Sabre\DAV\Exception\Locked: 423 Locked
[2026-09-17 16:52:44] PUSH start (local → Nextcloud) 
2026/09/17 17:07:43 ERROR : X-PLAN/plan.md: Failed to copy: Sabre\DAV\Exception\Locked: 423 Locked
2026/09/17 17:07:47 ERROR : X-PLAN/architecture/provisioner.md: Failed to copy: Sabre\DAV\Exception\Locked: 423 Locked
2026/09/17 17:07:49 ERROR : X-PLAN/architecture/observability.md: Failed to copy: Sabre\DAV\Exception\Locked: 423 Locked
2026/09/17 17:07:53 ERROR : X-PLAN/commercial/dc-plant-annex.md: Failed to copy: Sabre\DAV\Exception\Locked: 423 Locked
[2026-09-17 17:15:51] PUSH start (local → Nextcloud) 
2026/09/17 17:16:08 INFO  : X-PLAN/architecture/observability.md: Copied (new)
2026/09/17 17:30:45 ERROR : X-PLAN/plan.md: Failed to copy: Sabre\DAV\Exception\Locked: 423 Locked
2026/09/17 17:30:48 ERROR : X-PLAN/architecture/topology.md: Failed to copy: Sabre\DAV\Exception\Locked: 423 Locked
2026/09/17 17:30:51 ERROR : X-PLAN/architecture/provisioner.md: Failed to copy: Sabre\DAV\Exception\Locked: 423 Locked
2026/09/17 17:31:12 ERROR : X-PLAN/commercial/dc-plant-annex.md: Failed to copy: Sabre\DAV\Exception\Locked: 423 Locked
2026/09/17 17:42:21 ERROR : X-PLAN/commercial/hiring.md: Failed to copy: Sabre\DAV\Exception\Locked: 423 Locked
2026/09/17 17:42:23 ERROR : X-PLAN/commercial/sizing-drivers.md: Failed to copy: Sabre\DAV\Exception\Locked: 423 Locked
2026/09/17 17:42:25 ERROR : X-PLAN/resources/Assessments/Domain BA 2 - CLM, Geo, Cards.md: Failed to copy: Sabre\DAV\Exception\Locked: 423 Locked
2026/09/17 17:42:25 ERROR : webdav root 'X': not deleting files as there were IO errors
2026/09/17 17:42:25 ERROR : webdav root 'X': not deleting directories as there were IO errors
2026/09/17 17:42:25 ERROR : Attempt 1/3 failed with 7 errors and: Sabre\DAV\Exception\Locked: 423 Locked
2026/09/17 17:42:50 INFO  : X-PLAN/architecture/provisioner.md: Copied (replaced existing)
2026/09/17 17:42:50 INFO  : X-PLAN/architecture/observability.md: Copied (replaced existing)
[2026-09-17 18:03:39] PUSH start (local → Nextcloud) 
2026/09/17 18:03:57 INFO  : X-PLAN/commercial/sizing-drivers.md: Copied (replaced existing)
2026/09/17 18:18:33 ERROR : X-PLAN/plan.md: Failed to copy: Sabre\DAV\Exception\Locked: 423 Locked
2026/09/17 18:18:39 ERROR : X-PLAN/commercial/hiring.md: Failed to copy: Sabre\DAV\Exception\Locked: 423 Locked
2026/09/17 18:18:45 ERROR : X-PLAN/commercial/dc-plant-annex.md: Failed to copy: Sabre\DAV\Exception\Locked: 423 Locked
2026/09/17 18:18:57 ERROR : X-PLAN/architecture/topology.md: Failed to copy: Sabre\DAV\Exception\Locked: 423 Locked
2026/09/17 18:22:49 ERROR : X-PLAN/resources/Assessments/Domain BA 2 - CLM, Geo, Cards.md: Failed to copy: Sabre\DAV\Exception\Locked: 423 Locked
2026/09/17 18:22:49 ERROR : webdav root 'X': not deleting files as there were IO errors
2026/09/17 18:22:49 ERROR : webdav root 'X': not deleting directories as there were IO errors
2026/09/17 18:22:49 ERROR : Attempt 1/3 failed with 5 errors and: Sabre\DAV\Exception\Locked: 423 Locked
2026/09/17 18:37:39 ERROR : X-PLAN/plan.md: Failed to copy: Sabre\DAV\Exception\Locked: 423 Locked
2026/09/17 18:37:52 ERROR : X-PLAN/architecture/topology.md: Failed to copy: Sabre\DAV\Exception\Locked: 423 Locked
2026/09/17 18:37:57 ERROR : X-PLAN/commercial/hiring.md: Failed to copy: Sabre\DAV\Exception\Locked: 423 Locked
2026/09/17 18:37:58 ERROR : X-PLAN/commercial/dc-plant-annex.md: Failed to copy: Sabre\DAV\Exception\Locked: 423 Locked
2026/09/17 18:41:53 ERROR : X-PLAN/resources/Assessments/Domain BA 2 - CLM, Geo, Cards.md: Failed to copy: Sabre\DAV\Exception\Locked: 423 Locked
2026/09/17 18:41:53 ERROR : webdav root 'X': not deleting files as there were IO errors
2026/09/17 18:41:53 ERROR : webdav root 'X': not deleting directories as there were IO errors
2026/09/17 18:41:53 ERROR : Attempt 2/3 failed with 5 errors and: Sabre\DAV\Exception\Locked: 423 Locked
2026/09/17 18:56:38 ERROR : X-PLAN/plan.md: Failed to copy: Sabre\DAV\Exception\Locked: 423 Locked
2026/09/17 18:56:55 ERROR : X-PLAN/commercial/hiring.md: Failed to copy: Sabre\DAV\Exception\Locked: 423 Locked
2026/09/17 18:56:57 ERROR : X-PLAN/architecture/topology.md: Failed to copy: Sabre\DAV\Exception\Locked: 423 Locked
2026/09/17 18:56:59 ERROR : X-PLAN/commercial/dc-plant-annex.md: Failed to copy: Sabre\DAV\Exception\Locked: 423 Locked
2026/09/17 19:00:54 ERROR : X-PLAN/resources/Assessments/Domain BA 2 - CLM, Geo, Cards.md: Failed to copy: Sabre\DAV\Exception\Locked: 423 Locked
2026/09/17 19:00:54 ERROR : webdav root 'X': not deleting files as there were IO errors
2026/09/17 19:00:54 ERROR : webdav root 'X': not deleting directories as there were IO errors
2026/09/17 19:00:54 ERROR : Attempt 3/3 failed with 5 errors and: Sabre\DAV\Exception\Locked: 423 Locked
2026/09/17 19:00:54 INFO  : 
Transferred:   	    5.018 MiB / 5.018 MiB, 100%, 437 B/s, ETA 0s
Errors:                 5 (retrying may help)
Checks:              1899 / 1899, 100%
Transferred:            1 / 1, 100%
Elapsed time:     57m15.3s

2026/09/17 19:00:54 Failed to sync with 5 errors: last error was: Sabre\DAV\Exception\Locked: 423 Locked
[2026-09-17 19:00:54] PUSH done
[2026-09-17 19:25:03] PULL start (Nextcloud → local) 
2026/09/17 19:25:09 INFO  : X-PLAN/plan.md: Copied (replaced existing)
2026/09/17 19:25:14 INFO  : X-PLAN/architecture/topology.md: Copied (replaced existing)
2026/09/17 19:25:17 INFO  : X-PLAN/commercial/hiring.md: Copied (replaced existing)
2026/09/17 19:25:17 INFO  : X-PLAN/commercial/dc-plant-annex.md: Copied (replaced existing)
2026/09/17 19:25:25 INFO  : X-PLAN/resources/Assessments/Domain BA 2 - CLM, Geo, Cards.md: Copied (replaced existing)
2026/09/17 19:25:28 INFO  : 
Transferred:   	  172.328 KiB / 172.328 KiB, 100%, 8.896 KiB/s, ETA 0s
Checks:               633 / 633, 100%
Transferred:            5 / 5, 100%
Elapsed time:        24.4s

[2026-09-17 19:25:28] PULL done
[2026-09-17 19:25:41] PUSH start (local → Nextcloud) 
2026/09/17 19:40:18 ERROR : X-PLAN/plan.md: Failed to copy: Sabre\DAV\Exception\Locked: 423 Locked
2026/09/17 19:40:35 ERROR : X-PLAN/architecture/topology.md: Failed to copy: Sabre\DAV\Exception\Locked: 423 Locked
2026/09/17 19:40:37 ERROR : X-PLAN/commercial/hiring.md: Failed to copy: Sabre\DAV\Exception\Locked: 423 Locked
2026/09/17 19:40:39 ERROR : X-PLAN/commercial/dc-plant-annex.md: Failed to copy: Sabre\DAV\Exception\Locked: 423 Locked
2026/09/17 19:44:35 ERROR : X-PLAN/resources/Assessments/Domain BA 2 - CLM, Geo, Cards.md: Failed to copy: Sabre\DAV\Exception\Locked: 423 Locked
2026/09/17 19:44:35 ERROR : webdav root 'X': not deleting files as there were IO errors
2026/09/17 19:44:35 ERROR : webdav root 'X': not deleting directories as there were IO errors
2026/09/17 19:44:35 ERROR : Attempt 1/3 failed with 5 errors and: Sabre\DAV\Exception\Locked: 423 Locked
2026/09/17 19:59:23 ERROR : X-PLAN/plan.md: Failed to copy: Sabre\DAV\Exception\Locked: 423 Locked
2026/09/17 19:59:25 ERROR : X-PLAN/commercial/hiring.md: Failed to copy: Sabre\DAV\Exception\Locked: 423 Locked
2026/09/17 19:59:27 ERROR : X-PLAN/architecture/topology.md: Failed to copy: Sabre\DAV\Exception\Locked: 423 Locked
2026/09/17 19:59:29 ERROR : X-PLAN/commercial/dc-plant-annex.md: Failed to copy: Sabre\DAV\Exception\Locked: 423 Locked
2026/09/17 20:03:28 ERROR : X-PLAN/resources/Assessments/Domain BA 2 - CLM, Geo, Cards.md: Failed to copy: Sabre\DAV\Exception\Locked: 423 Locked
2026/09/17 20:03:28 ERROR : webdav root 'X': not deleting files as there were IO errors
2026/09/17 20:03:28 ERROR : webdav root 'X': not deleting directories as there were IO errors
2026/09/17 20:03:28 ERROR : Attempt 2/3 failed with 5 errors and: Sabre\DAV\Exception\Locked: 423 Locked
2026/09/17 20:18:27 ERROR : X-PLAN/plan.md: Failed to copy: Sabre\DAV\Exception\Locked: 423 Locked
2026/09/17 20:18:38 ERROR : X-PLAN/commercial/hiring.md: Failed to copy: Sabre\DAV\Exception\Locked: 423 Locked
2026/09/17 20:18:44 ERROR : X-PLAN/commercial/dc-plant-annex.md: Failed to copy: Sabre\DAV\Exception\Locked: 423 Locked
2026/09/17 20:18:46 ERROR : X-PLAN/architecture/topology.md: Failed to copy: Sabre\DAV\Exception\Locked: 423 Locked
2026/09/17 20:22:41 ERROR : X-PLAN/resources/Assessments/Domain BA 2 - CLM, Geo, Cards.md: Failed to copy: Sabre\DAV\Exception\Locked: 423 Locked
2026/09/17 20:22:41 ERROR : webdav root 'X': not deleting files as there were IO errors
2026/09/17 20:22:41 ERROR : webdav root 'X': not deleting directories as there were IO errors
2026/09/17 20:22:41 ERROR : Attempt 3/3 failed with 5 errors and: Sabre\DAV\Exception\Locked: 423 Locked
2026/09/17 20:22:41 INFO  : 
Transferred:   	    5.012 MiB / 5.012 MiB, 100%, 471 B/s, ETA 0s
Errors:                 5 (retrying may help)
Checks:              1899 / 1899, 100%
Elapsed time:      57m0.2s

2026/09/17 20:22:41 Failed to sync with 5 errors: last error was: Sabre\DAV\Exception\Locked: 423 Locked
[2026-09-17 20:22:41] PUSH done
[2026-09-18 11:57:34] PULL start (Nextcloud → local) 
2026/09/18 11:57:46 INFO  : X-PLAN/plan.md: Copied (replaced existing)
2026/09/18 11:57:51 INFO  : X-PLAN/architecture/topology.md: Copied (replaced existing)
2026/09/18 11:57:51 INFO  : X-PLAN/commercial/dc-plant-annex.md: Copied (replaced existing)
2026/09/18 11:57:52 INFO  : X-PLAN/commercial/hiring.md: Copied (replaced existing)
2026/09/18 11:58:00 INFO  : X-PLAN/resources/Assessments/Domain BA 2 - CLM, Geo, Cards.md: Copied (replaced existing)
2026/09/18 11:58:02 INFO  : 
Transferred:   	  172.328 KiB / 172.328 KiB, 100%, 9.675 KiB/s, ETA 0s
Checks:               633 / 633, 100%
Transferred:            5 / 5, 100%
Elapsed time:        27.2s

[2026-09-18 11:58:02] PULL done
[2026-09-18 12:12:50] PUSH start (local → Nextcloud) 
2026/09/18 12:13:13 INFO  : There was nothing to transfer
2026/09/18 12:13:13 INFO  : 
Transferred:   	          0 B / 0 B, -, 0 B/s, ETA -
Checks:               633 / 633, 100%
Elapsed time:        23.3s

[2026-09-18 12:13:13] PUSH done
[2026-09-18 12:13:37] PUSH start (local → Nextcloud) 
2026/09/18 12:13:58 INFO  : There was nothing to transfer
2026/09/18 12:13:58 INFO  : 
Transferred:   	          0 B / 0 B, -, 0 B/s, ETA -
Checks:               633 / 633, 100%
Elapsed time:        21.2s

[2026-09-18 12:13:58] PUSH done
[2026-09-18 12:14:37] PUSH start (local → Nextcloud) 
[2026-09-18 12:14:47] PUSH start (local → Nextcloud) 
2026/09/18 12:29:31 ERROR : X-PLAN/plan.md: Failed to copy: Sabre\DAV\Exception\Locked: 423 Locked
2026/09/18 12:29:48 ERROR : X-PLAN/architecture/topology.md: Failed to copy: Sabre\DAV\Exception\Locked: 423 Locked
2026/09/18 12:29:50 ERROR : X-PLAN/commercial/dc-plant-annex.md: Failed to copy: Sabre\DAV\Exception\Locked: 423 Locked
2026/09/18 12:29:52 ERROR : X-PLAN/commercial/hiring.md: Failed to copy: Sabre\DAV\Exception\Locked: 423 Locked
2026/09/18 12:33:46 ERROR : X-PLAN/resources/Assessments/Domain BA 2 - CLM, Geo, Cards.md: Failed to copy: Sabre\DAV\Exception\Locked: 423 Locked
2026/09/18 12:33:46 ERROR : webdav root 'X': not deleting files as there were IO errors
2026/09/18 12:33:46 ERROR : webdav root 'X': not deleting directories as there were IO errors
2026/09/18 12:33:46 ERROR : Attempt 1/3 failed with 5 errors and: Sabre\DAV\Exception\Locked: 423 Locked
2026/09/18 12:48:28 ERROR : X-PLAN/plan.md: Failed to copy: Sabre\DAV\Exception\Locked: 423 Locked
2026/09/18 12:48:38 ERROR : X-PLAN/commercial/dc-plant-annex.md: Failed to copy: Sabre\DAV\Exception\Locked: 423 Locked
2026/09/18 12:48:40 ERROR : X-PLAN/architecture/topology.md: Failed to copy: Sabre\DAV\Exception\Locked: 423 Locked
2026/09/18 12:48:42 ERROR : X-PLAN/commercial/hiring.md: Failed to copy: Sabre\DAV\Exception\Locked: 423 Locked
2026/09/18 12:52:38 ERROR : X-PLAN/resources/Assessments/Domain BA 2 - CLM, Geo, Cards.md: Failed to copy: Sabre\DAV\Exception\Locked: 423 Locked
2026/09/18 12:52:38 ERROR : webdav root 'X': not deleting files as there were IO errors
2026/09/18 12:52:38 ERROR : webdav root 'X': not deleting directories as there were IO errors
2026/09/18 12:52:38 ERROR : Attempt 2/3 failed with 5 errors and: Sabre\DAV\Exception\Locked: 423 Locked
[2026-09-18 13:25:40] PULL start (Nextcloud → local) 
2026/09/18 13:25:47 INFO  : X-PLAN/plan.md: Copied (replaced existing)
2026/09/18 13:25:51 INFO  : X-PLAN/commercial/hiring.md: Copied (replaced existing)
2026/09/18 13:25:51 INFO  : X-PLAN/architecture/topology.md: Copied (replaced existing)
2026/09/18 13:25:51 INFO  : X-PLAN/commercial/dc-plant-annex.md: Copied (replaced existing)
2026/09/18 13:26:00 INFO  : X-PLAN/resources/Assessments/Domain BA 2 - CLM, Geo, Cards.md: Copied (replaced existing)
2026/09/18 13:26:02 INFO  : 
Transferred:   	  172.328 KiB / 172.328 KiB, 100%, 9.671 KiB/s, ETA 0s
Checks:               633 / 633, 100%
Transferred:            5 / 5, 100%
Elapsed time:        22.6s

[2026-09-18 13:26:02] PULL done
[2026-09-18 13:51:28] PULL start (Nextcloud → local) 
2026/09/18 13:51:35 INFO  : X-PLAN/README.md: Copied (replaced existing)
2026/09/18 13:51:36 INFO  : X-PLAN/INDEX-sources.md: Copied (replaced existing)
2026/09/18 13:51:38 INFO  : X-PLAN/architecture/README.md: Copied (replaced existing)
2026/09/18 13:51:40 INFO  : X-PLAN/phases/design-and-update-checklist.md: Copied (replaced existing)
2026/09/18 13:51:42 INFO  : X-PLAN/summaries/01-phases-and-delivery.md: Copied (replaced existing)
2026/09/18 13:51:42 INFO  : X-PLAN/summaries/02-architecture.md: Copied (replaced existing)
2026/09/18 13:51:43 INFO  : X-PLAN/summaries/00-executive-brief.md: Copied (replaced existing)
2026/09/18 13:51:43 INFO  : X-PLAN/summaries/03-products.md: Copied (replaced existing)
2026/09/18 13:51:46 INFO  : X-PLAN/summaries/05-operations.md: Copied (replaced existing)
2026/09/18 13:51:46 INFO  : X-PLAN/summaries/04-treasury.md: Copied (replaced existing)
2026/09/18 13:51:46 INFO  : X-PLAN/summaries/07-client-governance-and-acceptance.md: Copied (replaced existing)
2026/09/18 13:51:46 INFO  : X-PLAN/summaries/06-commercial.md: Copied (replaced existing)
2026/09/18 13:51:48 INFO  : X-PLAN/summaries/08-domain-phase-matrix.md: Copied (replaced existing)
2026/09/18 13:51:48 INFO  : X-PLAN/summaries/README.md: Copied (replaced existing)
2026/09/18 13:51:54 INFO  : X-PLAN/architecture/topology.md: Deleted
2026/09/18 13:51:54 INFO  : X-PLAN/commercial/dc-plant-annex.md: Deleted
2026/09/18 13:51:54 INFO  : X-PLAN/commercial/capex.md: Deleted
2026/09/18 13:51:54 INFO  : X-PLAN/commercial/contract-reconciliation.md: Deleted
2026/09/18 13:51:54 INFO  : X-PLAN/architecture/solution-architecture.md: Deleted
2026/09/18 13:51:54 INFO  : X-PLAN/commercial/hiring.md: Deleted
2026/09/18 13:51:54 INFO  : X-PLAN/architecture/provisioner.md: Deleted
2026/09/18 13:51:54 INFO  : X-PLAN/resources/Assessments/Domain BA 2 - CLM, Geo, Cards.md: Deleted
2026/09/18 13:51:54 INFO  : X-PLAN/plan.md: Deleted
2026/09/18 13:51:54 INFO  : 
Transferred:   	  159.248 KiB / 159.248 KiB, 100%, 7.205 KiB/s, ETA 0s
Checks:               634 / 634, 100%
Deleted:                9 (files), 0 (dirs)
Transferred:           14 / 14, 100%
Elapsed time:        25.8s

[2026-09-18 13:51:54] PULL done
[2026-09-18 13:53:22] PUSH start (local → Nextcloud) 
2026/09/18 13:53:36 INFO  : X-PLAN/README.md: Copied (replaced existing)
2026/09/18 13:53:36 INFO  : X-PLAN/plan.md: Copied (new)
2026/09/18 13:53:36 INFO  : X-PLAN/INDEX-sources.md: Copied (replaced existing)
2026/09/18 13:53:42 INFO  : X-PLAN/architecture/provisioner.md: Copied (new)
2026/09/18 13:53:46 INFO  : X-PLAN/architecture/solution-architecture.md: Copied (new)
2026/09/18 13:53:46 INFO  : X-PLAN/architecture/README.md: Copied (replaced existing)
2026/09/18 13:53:46 INFO  : X-PLAN/architecture/topology.md: Copied (new)
2026/09/18 13:53:51 INFO  : X-PLAN/commercial/capex.md: Copied (new)
2026/09/18 13:53:52 INFO  : X-PLAN/commercial/contract-reconciliation.md: Copied (new)
2026/09/18 13:53:52 INFO  : X-PLAN/commercial/dc-plant-annex.md: Copied (new)
2026/09/18 13:53:52 INFO  : X-PLAN/commercial/hiring.md: Copied (new)
2026/09/18 13:53:54 INFO  : X-PLAN/phases/design-and-update-checklist.md: Copied (replaced existing)
2026/09/18 13:53:55 INFO  : X-PLAN/summaries/00-executive-brief.md: Copied (replaced existing)
2026/09/18 13:53:55 INFO  : X-PLAN/summaries/01-phases-and-delivery.md: Copied (replaced existing)
2026/09/18 13:53:55 INFO  : X-PLAN/summaries/02-architecture.md: Copied (replaced existing)
2026/09/18 13:53:57 INFO  : X-PLAN/summaries/03-products.md: Copied (replaced existing)
2026/09/18 13:53:58 INFO  : X-PLAN/summaries/04-treasury.md: Copied (replaced existing)
2026/09/18 13:53:58 INFO  : X-PLAN/summaries/06-commercial.md: Copied (replaced existing)
2026/09/18 13:53:59 INFO  : X-PLAN/summaries/05-operations.md: Copied (replaced existing)
2026/09/18 13:54:00 INFO  : X-PLAN/summaries/07-client-governance-and-acceptance.md: Copied (replaced existing)
2026/09/18 13:54:02 INFO  : X-PLAN/summaries/08-domain-phase-matrix.md: Copied (replaced existing)
2026/09/18 13:54:02 INFO  : X-PLAN/resources/Assessments/Domain BA 2 - CLM, Geo, Cards.md: Copied (new)
2026/09/18 13:54:02 INFO  : X-PLAN/summaries/README.md: Copied (replaced existing)
2026/09/18 13:54:02 INFO  : X-PLAN/resources/CV/Case Madagascar: Removing directory
2026/09/18 13:54:04 INFO  : 
Transferred:   	  354.985 KiB / 354.985 KiB, 100%, 10.685 KiB/s, ETA 0s
Checks:               625 / 625, 100%
Deleted:                0 (files), 1 (dirs)
Transferred:           23 / 23, 100%
Elapsed time:        42.0s

[2026-09-18 13:54:04] PUSH done
[2026-09-18 14:03:13] PUSH start (local → Nextcloud) 
2026/09/18 14:03:31 INFO  : X-PLAN/architecture/solution-architecture.md: Copied (replaced existing)
2026/09/18 14:03:32 INFO  : X-PLAN/architecture/README.md: Copied (replaced existing)
2026/09/18 14:03:37 INFO  : 
Transferred:   	   89.984 KiB / 89.984 KiB, 100%, 6 KiB/s, ETA 0s
Checks:               634 / 634, 100%
Transferred:            2 / 2, 100%
Elapsed time:        24.4s

[2026-09-18 14:03:37] PUSH done
[2026-09-18 14:05:31] PULL start (Nextcloud → local) 
2026/09/18 14:05:50 INFO  : X-PLAN/resources/CV/Case Madagascar/case.md: Copied (new)
2026/09/18 14:05:52 INFO  : 
Transferred:   	          2 B / 2 B, 100%, 0 B/s, ETA 0s
Checks:               634 / 634, 100%
Transferred:            1 / 1, 100%
Elapsed time:        20.9s

[2026-09-18 14:05:52] PULL done
[2026-09-18 14:26:54] PUSH start (local → Nextcloud) 
2026/09/18 14:27:08 INFO  : X-PLAN/architecture/solution-architecture.md: Copied (replaced existing)
2026/09/18 14:27:10 INFO  : X-PLAN/architecture/README.md: Copied (replaced existing)
2026/09/18 14:27:13 INFO  : X-PLAN/client/Questions/questions-phase-0-and-fast-track.md: Copied (new)
2026/09/18 14:27:22 INFO  : X-PLAN/client/archive/clarifications.md: Copied (new)
2026/09/18 14:27:22 INFO  : X-PLAN/client/archive/OLD - questions-workbook.md: Copied (new)
2026/09/18 14:27:22 INFO  : X-PLAN/client/evidence/meetings/inputs-from-L.md: Copied (new)
2026/09/18 14:27:22 INFO  : X-PLAN/client/archive/OLD - questions-for-client.md: Copied (new)
2026/09/18 14:27:32 INFO  : X-PLAN/client/evidence/requirements/MD/asset-ownership.md: Copied (new)
2026/09/18 14:27:32 INFO  : X-PLAN/client/evidence/requirements/MD/commodity-map.md: Copied (new)
2026/09/18 14:27:32 INFO  : X-PLAN/client/evidence/requirements/MD/counterparts.md: Copied (new)
2026/09/18 14:27:32 INFO  : X-PLAN/client/evidence/requirements/MD/enhancement-register-2026-09.md: Copied (new)
2026/09/18 14:27:35 INFO  : X-PLAN/client/evidence/requirements/MD/requirements-index.md: Copied (new)
2026/09/18 14:27:35 INFO  : X-PLAN/client/evidence/requirements/MD/group-structure.md: Copied (new)
2026/09/18 14:27:35 INFO  : X-PLAN/client/evidence/requirements/MD/rfp-alignment-matrix.md: Copied (new)
2026/09/18 14:27:35 INFO  : X-PLAN/client/evidence/requirements/MD/equivalence-note.md: Copied (new)
2026/09/18 14:27:38 INFO  : X-PLAN/client/evidence/requirements/MD/timeline-mapping.md: Copied (new)
2026/09/18 14:27:39 INFO  : X-PLAN/client/README.md: Deleted
2026/09/18 14:27:40 INFO  : X-PLAN/client/counterparts.md: Deleted
2026/09/18 14:27:40 INFO  : X-PLAN/client/OLD - questions-workbook.md: Deleted
2026/09/18 14:27:40 INFO  : X-PLAN/client/clarifications.md: Deleted
2026/09/18 14:27:41 INFO  : X-PLAN/client/asset-ownership.md: Deleted
2026/09/18 14:27:41 INFO  : X-PLAN/client/questions-phase-0-and-fast-track.md: Deleted
2026/09/18 14:27:41 INFO  : X-PLAN/client/OLD - questions-for-client.md: Deleted
2026/09/18 14:27:41 INFO  : X-PLAN/client/rfp-alignment-matrix.md: Deleted
2026/09/18 14:27:43 INFO  : X-PLAN/client/requirements-index.md: Deleted
2026/09/18 14:27:43 INFO  : X-PLAN/client/inputs-from-L.md: Deleted
2026/09/18 14:27:43 INFO  : X-PLAN/client/group-structure.md: Deleted
2026/09/18 14:27:43 INFO  : X-PLAN/client/commodity-map.md: Deleted
2026/09/18 14:27:44 INFO  : X-PLAN/client/enhancement-register-2026-09.md: Deleted
2026/09/18 14:27:44 INFO  : X-PLAN/client/equivalence-note.md: Deleted
2026/09/18 14:27:44 INFO  : X-PLAN/client/timeline-mapping.md: Deleted
2026/09/18 14:27:44 INFO  : 
Transferred:   	  288.979 KiB / 288.979 KiB, 100%, 3.838 KiB/s, ETA 0s
Checks:               635 / 635, 100%
Deleted:               15 (files), 0 (dirs)
Transferred:           16 / 16, 100%
Elapsed time:        50.2s

[2026-09-18 14:27:44] PUSH done
[2026-09-18 14:37:28] PUSH start (local → Nextcloud) 
2026/09/18 14:37:44 INFO  : X-PLAN/architecture/solution-architecture.md: Copied (replaced existing)
2026/09/18 14:37:52 INFO  : X-PLAN/client/Questions/questions-phase-0-and-fast-track.md: Copied (replaced existing)
2026/09/18 14:37:52 INFO  : 
Transferred:   	  159.466 KiB / 159.466 KiB, 100%, 9.966 KiB/s, ETA 0s
Checks:               634 / 634, 100%
Transferred:            2 / 2, 100%
Elapsed time:        24.2s

[2026-09-18 14:37:52] PUSH done
[2026-09-18 14:57:15] PUSH start (local → Nextcloud) 
2026/09/18 14:57:46 INFO  : X-PLAN/architecture/identity-zones.md: Copied (replaced existing)
2026/09/18 14:57:50 INFO  : X-PLAN/architecture/solution-architecture.md: Copied (replaced existing)
2026/09/18 14:57:50 INFO  : X-PLAN/operations/dc-build.md: Copied (replaced existing)
2026/09/18 14:57:58 INFO  : 
Transferred:   	  167.230 KiB / 167.230 KiB, 100%, 3.970 KiB/s, ETA 0s
Checks:               634 / 634, 100%
Transferred:            3 / 3, 100%
Elapsed time:        42.7s

[2026-09-18 14:57:58] PUSH done
[2026-09-18 16:36:29] PUSH start (local → Nextcloud) 
2026/09/18 16:36:45 INFO  : X-PLAN/architecture/solution-architecture.md: Copied (replaced existing)
2026/09/18 16:36:46 INFO  : X-PLAN/architecture/README.md: Copied (replaced existing)
2026/09/18 16:36:49 NOTICE: X-PLAN/architecture/figures/node_modules/.bin/browsers: Can't follow symlink without -L/--copy-links
2026/09/18 16:36:49 NOTICE: X-PLAN/architecture/figures/node_modules/.bin/tsv2json: Can't follow symlink without -L/--copy-links
2026/09/18 16:36:49 NOTICE: X-PLAN/architecture/figures/node_modules/.bin/json2tsv: Can't follow symlink without -L/--copy-links
2026/09/18 16:36:49 NOTICE: X-PLAN/architecture/figures/node_modules/.bin/json2dsv: Can't follow symlink without -L/--copy-links
2026/09/18 16:36:49 NOTICE: X-PLAN/architecture/figures/node_modules/.bin/uuid: Can't follow symlink without -L/--copy-links
2026/09/18 16:36:49 NOTICE: X-PLAN/architecture/figures/node_modules/.bin/esgenerate: Can't follow symlink without -L/--copy-links
2026/09/18 16:36:49 NOTICE: X-PLAN/architecture/figures/node_modules/.bin/js-yaml: Can't follow symlink without -L/--copy-links
2026/09/18 16:36:49 NOTICE: X-PLAN/architecture/figures/node_modules/.bin/dsv2dsv: Can't follow symlink without -L/--copy-links
2026/09/18 16:36:49 NOTICE: X-PLAN/architecture/figures/node_modules/.bin/esvalidate: Can't follow symlink without -L/--copy-links
2026/09/18 16:36:49 NOTICE: X-PLAN/architecture/figures/node_modules/.bin/csv2tsv: Can't follow symlink without -L/--copy-links
2026/09/18 16:36:49 NOTICE: X-PLAN/architecture/figures/node_modules/.bin/zenuml: Can't follow symlink without -L/--copy-links
2026/09/18 16:36:49 NOTICE: X-PLAN/architecture/figures/node_modules/.bin/escodegen: Can't follow symlink without -L/--copy-links
2026/09/18 16:36:49 NOTICE: X-PLAN/architecture/figures/node_modules/.bin/extract-zip: Can't follow symlink without -L/--copy-links
2026/09/18 16:36:49 NOTICE: X-PLAN/architecture/figures/node_modules/.bin/esparse: Can't follow symlink without -L/--copy-links
2026/09/18 16:36:49 NOTICE: X-PLAN/architecture/figures/node_modules/.bin/json2csv: Can't follow symlink without -L/--copy-links
2026/09/18 16:36:49 NOTICE: X-PLAN/architecture/figures/node_modules/.bin/katex: Can't follow symlink without -L/--copy-links
2026/09/18 16:36:49 NOTICE: X-PLAN/architecture/figures/node_modules/.bin/dsv2json: Can't follow symlink without -L/--copy-links
2026/09/18 16:36:49 NOTICE: X-PLAN/architecture/figures/node_modules/.bin/mmdc: Can't follow symlink without -L/--copy-links
2026/09/18 16:36:49 NOTICE: X-PLAN/architecture/figures/node_modules/.bin/tsv2csv: Can't follow symlink without -L/--copy-links
2026/09/18 16:36:49 NOTICE: X-PLAN/architecture/figures/node_modules/.bin/csv2json: Can't follow symlink without -L/--copy-links
2026/09/18 16:36:49 NOTICE: X-PLAN/architecture/figures/node_modules/.bin/puppeteer: Can't follow symlink without -L/--copy-links
2026/09/18 16:36:49 NOTICE: X-PLAN/architecture/figures/node_modules/.bin/semver: Can't follow symlink without -L/--copy-links
2026/09/18 16:36:49 NOTICE: X-PLAN/architecture/figures/node_modules/.bin/marked: Can't follow symlink without -L/--copy-links
2026/09/18 16:36:51 INFO  : X-PLAN/architecture/exports/sa-print.css: Copied (new)
2026/09/18 16:36:51 INFO  : X-PLAN/architecture/exports/md-to-pdf.config.js: Copied (new)
2026/09/18 16:36:55 INFO  : X-PLAN/architecture/exports/sa-to-pdf.sh: Copied (new)
2026/09/18 16:36:55 INFO  : X-PLAN/architecture/exports/solution-architecture.pdf: Copied (new)
2026/09/18 16:36:57 INFO  : X-PLAN/architecture/exports/solution-architecture.print.md: Copied (new)
2026/09/18 16:36:57 INFO  : X-PLAN/architecture/figures/FIGURES.md: Copied (new)
2026/09/18 16:36:59 INFO  : X-PLAN/architecture/figures/pack-partner.sh: Copied (new)
2026/09/18 16:36:59 INFO  : X-PLAN/architecture/figures/README.md: Copied (new)
2026/09/18 16:37:00 INFO  : X-PLAN/architecture/figures/package.json: Copied (new)
2026/09/18 16:37:01 INFO  : X-PLAN/architecture/figures/package-lock.json: Copied (new)
2026/09/18 16:37:03 INFO  : X-PLAN/architecture/figures/puppeteer.json: Copied (new)
2026/09/18 16:37:03 INFO  : X-PLAN/architecture/figures/render.sh: Copied (new)
2026/09/18 16:37:06 INFO  : X-PLAN/architecture/figures/mmd/SA-00.mmd: Copied (new)
2026/09/18 16:37:06 INFO  : X-PLAN/architecture/figures/mmd/SA-01.mmd: Copied (new)
2026/09/18 16:37:08 INFO  : X-PLAN/architecture/figures/mmd/SA-02.mmd: Copied (new)
2026/09/18 16:37:08 INFO  : X-PLAN/architecture/figures/mmd/SA-03.mmd: Copied (new)
2026/09/18 16:37:09 INFO  : X-PLAN/architecture/figures/mmd/SA-04.mmd: Copied (new)
2026/09/18 16:37:10 INFO  : X-PLAN/architecture/figures/mmd/SA-05.mmd: Copied (new)
2026/09/18 16:37:11 INFO  : X-PLAN/architecture/figures/mmd/SA-06.mmd: Copied (new)
2026/09/18 16:37:12 INFO  : X-PLAN/architecture/figures/mmd/SA-07.mmd: Copied (new)
2026/09/18 16:37:13 INFO  : X-PLAN/architecture/figures/mmd/SA-08.mmd: Copied (new)
2026/09/18 16:37:13 INFO  : X-PLAN/architecture/figures/mmd/SA-09.mmd: Copied (new)
2026/09/18 16:37:15 INFO  : X-PLAN/architecture/figures/mmd/SA-10.mmd: Copied (new)
2026/09/18 16:37:15 INFO  : X-PLAN/architecture/figures/mmd/SA-11.mmd: Copied (new)
2026/09/18 16:37:16 INFO  : X-PLAN/architecture/figures/mmd/SA-12.mmd: Copied (new)
2026/09/18 16:37:16 INFO  : X-PLAN/architecture/figures/mmd/SA-13.mmd: Copied (new)
2026/09/18 16:37:18 INFO  : X-PLAN/architecture/figures/mmd/SA-14.mmd: Copied (new)
2026/09/18 16:37:18 INFO  : X-PLAN/architecture/figures/mmd/SA-15.mmd: Copied (new)
2026/09/18 16:37:19 INFO  : X-PLAN/architecture/figures/mmd/SA-16.mmd: Copied (new)
2026/09/18 16:37:20 INFO  : X-PLAN/architecture/figures/mmd/SA-17.mmd: Copied (new)
2026/09/18 16:37:21 INFO  : X-PLAN/architecture/figures/mmd/SA-18.mmd: Copied (new)
2026/09/18 16:37:22 INFO  : X-PLAN/architecture/figures/mmd/SA-19.mmd: Copied (new)
2026/09/18 16:37:22 INFO  : X-PLAN/architecture/figures/mmd/SA-20.mmd: Copied (new)
2026/09/18 16:37:23 INFO  : X-PLAN/architecture/figures/mmd/SA-21.mmd: Copied (new)
2026/09/18 16:37:24 INFO  : X-PLAN/architecture/figures/mmd/SA-22.mmd: Copied (new)
2026/09/18 16:37:25 INFO  : X-PLAN/architecture/figures/mmd/SA-23.mmd: Copied (new)
2026/09/18 16:37:26 INFO  : X-PLAN/architecture/figures/mmd/SA-24.mmd: Copied (new)
2026/09/18 16:37:26 INFO  : X-PLAN/architecture/figures/mmd/SA-25.mmd: Copied (new)
2026/09/18 16:37:28 INFO  : X-PLAN/architecture/figures/mmd/SA-26.mmd: Copied (new)
2026/09/18 16:37:28 INFO  : X-PLAN/architecture/figures/mmd/SA-30.mmd: Copied (new)
2026/09/18 16:37:29 INFO  : X-PLAN/architecture/figures/mmd/SA-32.mmd: Copied (new)
2026/09/18 16:37:29 INFO  : X-PLAN/architecture/figures/mmd/SA-31.mmd: Copied (new)
2026/09/18 16:37:31 INFO  : X-PLAN/architecture/figures/mmd/SA-33.mmd: Copied (new)
2026/09/18 16:37:32 INFO  : X-PLAN/architecture/figures/mmd/SA-34.mmd: Copied (new)
2026/09/18 16:37:33 INFO  : X-PLAN/architecture/figures/mmd/SA-36.mmd: Copied (new)
2026/09/18 16:37:33 INFO  : X-PLAN/architecture/figures/mmd/SA-35.mmd: Copied (new)
2026/09/18 16:37:34 INFO  : X-PLAN/architecture/figures/mmd/SA-37.mmd: Copied (new)
2026/09/18 16:37:36 INFO  : X-PLAN/architecture/figures/mmd/SA-38.mmd: Copied (new)
2026/09/18 16:37:36 INFO  : X-PLAN/architecture/figures/mmd/SA-39.mmd: Copied (new)
2026/09/18 16:37:36 INFO  : X-PLAN/architecture/figures/mmd/SA-40.mmd: Copied (new)
2026/09/18 16:37:38 INFO  : X-PLAN/architecture/figures/mmd/SA-41.mmd: Copied (new)
2026/09/18 16:37:39 INFO  : X-PLAN/architecture/figures/mmd/SA-42.mmd: Copied (new)
2026/09/18 16:37:39 INFO  : X-PLAN/architecture/figures/mmd/SA-CCTV.mmd: Copied (new)
2026/09/18 16:37:39 INFO  : X-PLAN/architecture/figures/mmd/SA-43.mmd: Copied (new)
2026/09/18 16:37:45 INFO  : X-PLAN/architecture/figures/mmd/SA-GEO.mmd: Copied (new)
2026/09/18 16:37:45 INFO  : X-PLAN/architecture/figures/mmd/SA-LEGEND.mmd: Copied (new)
2026/09/18 16:37:46 INFO  : X-PLAN/architecture/figures/node_modules/.package-lock.json: Copied (new)
2026/09/18 16:37:46 INFO  : X-PLAN/architecture/figures/png/SA-00.png: Copied (new)
2026/09/18 16:37:48 INFO  : X-PLAN/architecture/figures/png/SA-01.png: Copied (new)
2026/09/18 16:37:48 INFO  : X-PLAN/architecture/figures/png/SA-02.png: Copied (new)
2026/09/18 16:37:50 INFO  : X-PLAN/architecture/figures/png/SA-03.png: Copied (new)
2026/09/18 16:37:50 INFO  : X-PLAN/architecture/figures/png/SA-04.png: Copied (new)
2026/09/18 16:37:54 INFO  : X-PLAN/architecture/figures/png/SA-05.png: Copied (new)
2026/09/18 16:37:55 INFO  : X-PLAN/architecture/figures/png/SA-06.png: Copied (new)
2026/09/18 16:37:58 INFO  : X-PLAN/architecture/figures/png/SA-07.png: Copied (new)
2026/09/18 16:37:58 INFO  : X-PLAN/architecture/figures/png/SA-08.png: Copied (new)
2026/09/18 16:37:58 INFO  : X-PLAN/architecture/figures/png/SA-09.png: Copied (new)
2026/09/18 16:37:59 INFO  : X-PLAN/architecture/figures/png/SA-10.png: Copied (new)
2026/09/18 16:38:02 INFO  : X-PLAN/architecture/figures/png/SA-12.png: Copied (new)
2026/09/18 16:38:02 INFO  : X-PLAN/architecture/figures/png/SA-11.png: Copied (new)
2026/09/18 16:38:03 INFO  : X-PLAN/architecture/figures/png/SA-13.png: Copied (new)
2026/09/18 16:38:03 INFO  : X-PLAN/architecture/figures/png/SA-14.png: Copied (new)
2026/09/18 16:38:07 INFO  : X-PLAN/architecture/figures/png/SA-15.png: Copied (new)
2026/09/18 16:38:07 INFO  : X-PLAN/architecture/figures/png/SA-16.png: Copied (new)
2026/09/18 16:38:07 INFO  : X-PLAN/architecture/figures/png/SA-18.png: Copied (new)
2026/09/18 16:38:08 INFO  : X-PLAN/architecture/figures/png/SA-17.png: Copied (new)
2026/09/18 16:38:10 INFO  : X-PLAN/architecture/figures/png/SA-19.png: Copied (new)
2026/09/18 16:38:11 INFO  : X-PLAN/architecture/figures/png/SA-20.png: Copied (new)
2026/09/18 16:38:12 INFO  : X-PLAN/architecture/figures/png/SA-21.png: Copied (new)
2026/09/18 16:38:12 INFO  : X-PLAN/architecture/figures/png/SA-22.png: Copied (new)
2026/09/18 16:38:15 INFO  : X-PLAN/architecture/figures/png/SA-23.png: Copied (new)
2026/09/18 16:38:15 INFO  : X-PLAN/architecture/figures/png/SA-24.png: Copied (new)
2026/09/18 16:38:19 INFO  : X-PLAN/architecture/figures/png/SA-25.png: Copied (new)
2026/09/18 16:38:19 INFO  : X-PLAN/architecture/figures/png/SA-26.png: Copied (new)
2026/09/18 16:38:19 INFO  : X-PLAN/architecture/figures/png/SA-31.png: Copied (new)
2026/09/18 16:38:20 INFO  : X-PLAN/architecture/figures/png/SA-30.png: Copied (new)
2026/09/18 16:38:23 INFO  : X-PLAN/architecture/figures/png/SA-32.png: Copied (new)
2026/09/18 16:38:23 INFO  : X-PLAN/architecture/figures/png/SA-34.png: Copied (new)
2026/09/18 16:38:23 INFO  : X-PLAN/architecture/figures/png/SA-35.png: Copied (new)
2026/09/18 16:38:23 INFO  : X-PLAN/architecture/figures/png/SA-33.png: Copied (new)
2026/09/18 16:38:27 INFO  : X-PLAN/architecture/figures/png/SA-37.png: Copied (new)
2026/09/18 16:38:27 INFO  : X-PLAN/architecture/figures/png/SA-36.png: Copied (new)
2026/09/18 16:38:27 INFO  : X-PLAN/architecture/figures/png/SA-38.png: Copied (new)
2026/09/18 16:38:27 INFO  : X-PLAN/architecture/figures/png/SA-39.png: Copied (new)
2026/09/18 16:38:30 INFO  : X-PLAN/architecture/figures/png/SA-41.png: Copied (new)
2026/09/18 16:38:31 INFO  : X-PLAN/architecture/figures/png/SA-43.png: Copied (new)
2026/09/18 16:38:31 INFO  : X-PLAN/architecture/figures/png/SA-40.png: Copied (new)
2026/09/18 16:38:31 INFO  : X-PLAN/architecture/figures/png/SA-42.png: Copied (new)
2026/09/18 16:38:34 INFO  : X-PLAN/architecture/figures/png/SA-CCTV.png: Copied (new)
2026/09/18 16:38:34 INFO  : X-PLAN/architecture/figures/png/SA-GEO.png: Copied (new)
2026/09/18 16:38:34 INFO  : X-PLAN/architecture/figures/png/SA-LEGEND.png: Copied (new)
2026/09/18 16:38:35 INFO  : X-PLAN/architecture/figures/svg/SA-00.svg: Copied (new)
2026/09/18 16:38:38 INFO  : X-PLAN/architecture/figures/svg/SA-02.svg: Copied (new)
2026/09/18 16:38:38 INFO  : X-PLAN/architecture/figures/svg/SA-01.svg: Copied (new)
2026/09/18 16:38:38 INFO  : X-PLAN/architecture/figures/svg/SA-03.svg: Copied (new)
2026/09/18 16:38:38 INFO  : X-PLAN/architecture/figures/svg/SA-04.svg: Copied (new)
2026/09/18 16:38:41 INFO  : X-PLAN/architecture/figures/svg/SA-07.svg: Copied (new)
2026/09/18 16:38:42 INFO  : X-PLAN/architecture/figures/svg/SA-05.svg: Copied (new)
2026/09/18 16:38:42 INFO  : X-PLAN/architecture/figures/svg/SA-08.svg: Copied (new)
2026/09/18 16:38:42 INFO  : X-PLAN/architecture/figures/svg/SA-06.svg: Copied (new)
2026/09/18 16:38:45 INFO  : X-PLAN/architecture/figures/svg/SA-09.svg: Copied (new)
2026/09/18 16:38:45 INFO  : X-PLAN/architecture/figures/svg/SA-12.svg: Copied (new)
2026/09/18 16:38:45 INFO  : X-PLAN/architecture/figures/svg/SA-10.svg: Copied (new)
2026/09/18 16:38:45 INFO  : X-PLAN/architecture/figures/svg/SA-11.svg: Copied (new)
2026/09/18 16:38:48 INFO  : X-PLAN/architecture/figures/svg/SA-13.svg: Copied (new)
2026/09/18 16:38:48 INFO  : X-PLAN/architecture/figures/svg/SA-14.svg: Copied (new)
2026/09/18 16:38:48 INFO  : X-PLAN/architecture/figures/svg/SA-15.svg: Copied (new)
2026/09/18 16:38:49 INFO  : X-PLAN/architecture/figures/svg/SA-16.svg: Copied (new)
2026/09/18 16:38:53 INFO  : X-PLAN/architecture/figures/svg/SA-17.svg: Copied (new)
2026/09/18 16:38:53 INFO  : X-PLAN/architecture/figures/svg/SA-18.svg: Copied (new)
2026/09/18 16:38:53 INFO  : X-PLAN/architecture/figures/svg/SA-19.svg: Copied (new)
2026/09/18 16:38:54 INFO  : X-PLAN/architecture/figures/svg/SA-20.svg: Copied (new)
2026/09/18 16:38:57 INFO  : X-PLAN/architecture/figures/svg/SA-21.svg: Copied (new)
2026/09/18 16:38:58 INFO  : X-PLAN/architecture/figures/svg/SA-23.svg: Copied (new)
2026/09/18 16:38:58 INFO  : X-PLAN/architecture/figures/svg/SA-22.svg: Copied (new)
2026/09/18 16:38:58 INFO  : X-PLAN/architecture/figures/svg/SA-24.svg: Copied (new)
2026/09/18 16:39:00 INFO  : X-PLAN/architecture/figures/svg/SA-25.svg: Copied (new)
2026/09/18 16:39:01 INFO  : X-PLAN/architecture/figures/svg/SA-26.svg: Copied (new)
2026/09/18 16:39:02 INFO  : X-PLAN/architecture/figures/svg/SA-30.svg: Copied (new)
2026/09/18 16:39:02 INFO  : X-PLAN/architecture/figures/svg/SA-31.svg: Copied (new)
2026/09/18 16:39:04 INFO  : X-PLAN/architecture/figures/svg/SA-32.svg: Copied (new)
2026/09/18 16:39:05 INFO  : X-PLAN/architecture/figures/svg/SA-33.svg: Copied (new)
2026/09/18 16:39:06 INFO  : X-PLAN/architecture/figures/svg/SA-34.svg: Copied (new)
2026/09/18 16:39:06 INFO  : X-PLAN/architecture/figures/svg/SA-35.svg: Copied (new)
2026/09/18 16:39:07 INFO  : X-PLAN/architecture/figures/svg/SA-36.svg: Copied (new)
2026/09/18 16:39:08 INFO  : X-PLAN/architecture/figures/svg/SA-37.svg: Copied (new)
2026/09/18 16:39:09 INFO  : X-PLAN/architecture/figures/svg/SA-38.svg: Copied (new)
2026/09/18 16:39:09 INFO  : X-PLAN/architecture/figures/svg/SA-39.svg: Copied (new)
2026/09/18 16:39:11 INFO  : X-PLAN/architecture/figures/svg/SA-40.svg: Copied (new)
2026/09/18 16:39:12 INFO  : X-PLAN/architecture/figures/svg/SA-41.svg: Copied (new)
2026/09/18 16:39:13 INFO  : X-PLAN/architecture/figures/svg/SA-42.svg: Copied (new)
2026/09/18 16:39:13 INFO  : X-PLAN/architecture/figures/svg/SA-43.svg: Copied (new)
2026/09/18 16:39:15 INFO  : X-PLAN/architecture/figures/svg/SA-CCTV.svg: Copied (new)
2026/09/18 16:39:16 INFO  : X-PLAN/architecture/figures/svg/SA-GEO.svg: Copied (new)
2026/09/18 16:39:16 INFO  : X-PLAN/architecture/figures/svg/SA-LEGEND.svg: Copied (new)
2026/09/18 16:39:20 INFO  : X-PLAN/architecture/figures/node_modules/@antfu/install-pkg/package.json: Copied (new)
2026/09/18 16:39:22 INFO  : X-PLAN/architecture/figures/node_modules/@antfu/install-pkg/README.md: Copied (new)
2026/09/18 16:39:22 INFO  : X-PLAN/architecture/figures/node_modules/@antfu/install-pkg/LICENSE: Copied (new)
2026/09/18 16:39:25 INFO  : X-PLAN/architecture/figures/node_modules/@babel/code-frame/LICENSE: Copied (new)
2026/09/18 16:39:25 INFO  : X-PLAN/architecture/figures/node_modules/@babel/code-frame/README.md: Copied (new)
2026/09/18 16:39:26 INFO  : X-PLAN/architecture/figures/node_modules/@babel/code-frame/package.json: Copied (new)
2026/09/18 16:39:28 INFO  : X-PLAN/architecture/figures/node_modules/@braintree/sanitize-url/.nvmrc: Copied (new)
2026/09/18 16:39:29 INFO  : X-PLAN/architecture/figures/node_modules/@braintree/sanitize-url/.eslintrc: Copied (new)
2026/09/18 16:39:30 INFO  : X-PLAN/architecture/figures/node_modules/@braintree/sanitize-url/.eslintignore: Copied (new)
2026/09/18 16:39:30 INFO  : X-PLAN/architecture/figures/node_modules/@braintree/sanitize-url/.prettierignore: Copied (new)
2026/09/18 16:39:32 INFO  : X-PLAN/architecture/figures/node_modules/@braintree/sanitize-url/CHANGELOG.md: Copied (new)
2026/09/18 16:39:32 INFO  : X-PLAN/architecture/figures/node_modules/@braintree/sanitize-url/LICENSE: Copied (new)
2026/09/18 16:39:34 INFO  : X-PLAN/architecture/figures/node_modules/@braintree/sanitize-url/README.md: Copied (new)
2026/09/18 16:39:34 INFO  : X-PLAN/architecture/figures/node_modules/@braintree/sanitize-url/package.json: Copied (new)
2026/09/18 16:39:36 INFO  : X-PLAN/architecture/figures/node_modules/@braintree/sanitize-url/tsconfig.json: Copied (new)
2026/09/18 16:39:36 INFO  : X-PLAN/architecture/figures/node_modules/@braintree/sanitize-url/vitest.config.ts: Copied (new)
2026/09/18 16:39:37 INFO  : X-PLAN/architecture/figures/node_modules/@babel/helper-validator-identifier/LICENSE: Copied (new)
2026/09/18 16:39:38 INFO  : X-PLAN/architecture/figures/node_modules/@babel/helper-validator-identifier/README.md: Copied (new)
2026/09/18 16:39:39 INFO  : X-PLAN/architecture/figures/node_modules/@babel/helper-validator-identifier/package.json: Copied (new)
2026/09/18 16:39:45 INFO  : X-PLAN/architecture/figures/node_modules/@antfu/install-pkg/dist/index.d.mts: Copied (new)
2026/09/18 16:39:45 INFO  : X-PLAN/architecture/figures/node_modules/@chevrotain/types/LICENSE.txt: Copied (new)
2026/09/18 16:39:45 INFO  : X-PLAN/architecture/figures/node_modules/@chevrotain/types/api.d.ts: Copied (new)
2026/09/18 16:39:47 INFO  : X-PLAN/architecture/figures/node_modules/@chevrotain/types/package.json: Copied (new)
2026/09/18 16:39:48 INFO  : X-PLAN/architecture/figures/node_modules/@antfu/install-pkg/dist/index.mjs: Copied (new)
2026/09/18 16:39:49 INFO  : X-PLAN/architecture/figures/node_modules/@babel/code-frame/lib/index.js: Copied (new)
2026/09/18 16:39:49 INFO  : X-PLAN/architecture/figures/node_modules/@babel/code-frame/lib/index.js.map: Copied (new)
2026/09/18 16:39:53 INFO  : X-PLAN/architecture/figures/node_modules/@braintree/sanitize-url/.github/CODEOWNERS: Copied (new)
2026/09/18 16:39:54 INFO  : X-PLAN/architecture/figures/node_modules/@floating-ui/core/LICENSE: Copied (new)
2026/09/18 16:39:55 INFO  : X-PLAN/architecture/figures/node_modules/@floating-ui/core/package.json: Copied (new)
2026/09/18 16:39:55 INFO  : X-PLAN/architecture/figures/node_modules/@floating-ui/core/README.md: Copied (new)
2026/09/18 16:39:57 INFO  : X-PLAN/architecture/figures/node_modules/@braintree/sanitize-url/.github/pull_request_template.md: Copied (new)
2026/09/18 16:39:58 INFO  : X-PLAN/architecture/figures/node_modules/@babel/helper-validator-identifier/lib/identifier.js: Copied (new)
2026/09/18 16:39:59 INFO  : X-PLAN/architecture/figures/node_modules/@babel/helper-validator-identifier/lib/identifier.js.map: Copied (new)
2026/09/18 16:39:59 INFO  : X-PLAN/architecture/figures/node_modules/@babel/helper-validator-identifier/lib/index.js: Copied (new)
2026/09/18 16:40:00 INFO  : X-PLAN/architecture/figures/node_modules/@babel/helper-validator-identifier/lib/index.js.map: Copied (new)
2026/09/18 16:40:01 INFO  : X-PLAN/architecture/figures/node_modules/@babel/helper-validator-identifier/lib/keyword.js: Copied (new)
2026/09/18 16:40:04 INFO  : X-PLAN/architecture/figures/node_modules/@babel/helper-validator-identifier/lib/keyword.js.map: Copied (new)
2026/09/18 16:40:04 INFO  : X-PLAN/architecture/figures/node_modules/@floating-ui/dom/README.md: Copied (new)
2026/09/18 16:40:05 INFO  : X-PLAN/architecture/figures/node_modules/@floating-ui/dom/LICENSE: Copied (new)
2026/09/18 16:40:06 INFO  : X-PLAN/architecture/figures/node_modules/@floating-ui/dom/package.json: Copied (new)
2026/09/18 16:40:16 INFO  : X-PLAN/architecture/figures/node_modules/@headlessui/react/README.md: Copied (new)
2026/09/18 16:40:16 INFO  : X-PLAN/architecture/figures/node_modules/@headlessui/tailwindcss/LICENSE: Copied (new)
2026/09/18 16:40:16 INFO  : X-PLAN/architecture/figures/node_modules/@headlessui/react/LICENSE: Copied (new)
2026/09/18 16:40:16 INFO  : X-PLAN/architecture/figures/node_modules/@headlessui/react/package.json: Copied (new)
2026/09/18 16:40:20 INFO  : X-PLAN/architecture/figures/node_modules/@braintree/sanitize-url/dist/constants.d.ts: Copied (new)
2026/09/18 16:40:20 INFO  : X-PLAN/architecture/figures/node_modules/@headlessui/tailwindcss/package.json: Copied (new)
2026/09/18 16:40:20 INFO  : X-PLAN/architecture/figures/node_modules/@braintree/sanitize-url/dist/constants.js: Copied (new)
2026/09/18 16:40:20 INFO  : X-PLAN/architecture/figures/node_modules/@headlessui/tailwindcss/README.md: Copied (new)
2026/09/18 16:40:24 INFO  : X-PLAN/architecture/figures/node_modules/@braintree/sanitize-url/dist/index.d.ts: Copied (new)
2026/09/18 16:40:24 INFO  : X-PLAN/architecture/figures/node_modules/@braintree/sanitize-url/dist/index.js: Copied (new)
2026/09/18 16:40:24 INFO  : X-PLAN/architecture/figures/node_modules/@braintree/sanitize-url/src/constants.ts: Copied (new)
2026/09/18 16:40:24 INFO  : X-PLAN/architecture/figures/node_modules/@braintree/sanitize-url/src/index.ts: Copied (new)
2026/09/18 16:40:28 INFO  : X-PLAN/architecture/figures/node_modules/@floating-ui/react/LICENSE: Copied (new)
2026/09/18 16:40:28 INFO  : X-PLAN/architecture/figures/node_modules/@floating-ui/react/package.json: Copied (new)
2026/09/18 16:40:28 INFO  : X-PLAN/architecture/figures/node_modules/@floating-ui/react/README.md: Copied (new)
2026/09/18 16:40:32 INFO  : X-PLAN/architecture/figures/node_modules/@iconify/types/license.txt: Copied (new)
2026/09/18 16:40:33 INFO  : X-PLAN/architecture/figures/node_modules/@iconify/types/.prettierrc: Copied (new)
2026/09/18 16:40:33 INFO  : X-PLAN/architecture/figures/node_modules/@iconify/types/package.json: Copied (new)
2026/09/18 16:40:35 INFO  : X-PLAN/architecture/figures/node_modules/@iconify/types/README.md: Copied (new)
2026/09/18 16:40:38 INFO  : X-PLAN/architecture/figures/node_modules/@iconify/types/pnpm-lock.yaml: Copied (new)
2026/09/18 16:40:38 INFO  : X-PLAN/architecture/figures/node_modules/@iconify/types/provider.js: Copied (new)
2026/09/18 16:40:38 INFO  : X-PLAN/architecture/figures/node_modules/@iconify/types/provider.d.ts: Copied (new)
[2026-09-18 16:45:47] PUSH start (local → Nextcloud) 
2026/09/18 16:46:09 NOTICE: X-PLAN/architecture/figures/node_modules/.bin/browsers: Can't follow symlink without -L/--copy-links
2026/09/18 16:46:09 NOTICE: X-PLAN/architecture/figures/node_modules/.bin/tsv2json: Can't follow symlink without -L/--copy-links
2026/09/18 16:46:09 NOTICE: X-PLAN/architecture/figures/node_modules/.bin/json2tsv: Can't follow symlink without -L/--copy-links
2026/09/18 16:46:09 NOTICE: X-PLAN/architecture/figures/node_modules/.bin/json2dsv: Can't follow symlink without -L/--copy-links
2026/09/18 16:46:09 NOTICE: X-PLAN/architecture/figures/node_modules/.bin/uuid: Can't follow symlink without -L/--copy-links
2026/09/18 16:46:09 NOTICE: X-PLAN/architecture/figures/node_modules/.bin/esgenerate: Can't follow symlink without -L/--copy-links
2026/09/18 16:46:09 NOTICE: X-PLAN/architecture/figures/node_modules/.bin/js-yaml: Can't follow symlink without -L/--copy-links
2026/09/18 16:46:09 NOTICE: X-PLAN/architecture/figures/node_modules/.bin/dsv2dsv: Can't follow symlink without -L/--copy-links
2026/09/18 16:46:09 NOTICE: X-PLAN/architecture/figures/node_modules/.bin/esvalidate: Can't follow symlink without -L/--copy-links
2026/09/18 16:46:09 NOTICE: X-PLAN/architecture/figures/node_modules/.bin/csv2tsv: Can't follow symlink without -L/--copy-links
2026/09/18 16:46:09 NOTICE: X-PLAN/architecture/figures/node_modules/.bin/zenuml: Can't follow symlink without -L/--copy-links
2026/09/18 16:46:09 NOTICE: X-PLAN/architecture/figures/node_modules/.bin/escodegen: Can't follow symlink without -L/--copy-links
2026/09/18 16:46:09 NOTICE: X-PLAN/architecture/figures/node_modules/.bin/extract-zip: Can't follow symlink without -L/--copy-links
2026/09/18 16:46:09 NOTICE: X-PLAN/architecture/figures/node_modules/.bin/esparse: Can't follow symlink without -L/--copy-links
2026/09/18 16:46:09 NOTICE: X-PLAN/architecture/figures/node_modules/.bin/json2csv: Can't follow symlink without -L/--copy-links
2026/09/18 16:46:09 NOTICE: X-PLAN/architecture/figures/node_modules/.bin/katex: Can't follow symlink without -L/--copy-links
2026/09/18 16:46:09 NOTICE: X-PLAN/architecture/figures/node_modules/.bin/dsv2json: Can't follow symlink without -L/--copy-links
2026/09/18 16:46:09 NOTICE: X-PLAN/architecture/figures/node_modules/.bin/mmdc: Can't follow symlink without -L/--copy-links
2026/09/18 16:46:09 NOTICE: X-PLAN/architecture/figures/node_modules/.bin/tsv2csv: Can't follow symlink without -L/--copy-links
2026/09/18 16:46:09 NOTICE: X-PLAN/architecture/figures/node_modules/.bin/csv2json: Can't follow symlink without -L/--copy-links
2026/09/18 16:46:09 NOTICE: X-PLAN/architecture/figures/node_modules/.bin/puppeteer: Can't follow symlink without -L/--copy-links
2026/09/18 16:46:09 NOTICE: X-PLAN/architecture/figures/node_modules/.bin/semver: Can't follow symlink without -L/--copy-links
2026/09/18 16:46:09 NOTICE: X-PLAN/architecture/figures/node_modules/.bin/marked: Can't follow symlink without -L/--copy-links
2026/09/18 16:46:11 INFO  : X-PLAN/architecture/figures/FIGURES.md: Copied (replaced existing)
2026/09/18 16:46:19 INFO  : X-PLAN/architecture/figures/node_modules/@internationalized/date/package.json: Copied (new)
2026/09/18 16:46:20 INFO  : X-PLAN/architecture/figures/node_modules/@internationalized/date/README.md: Copied (new)
2026/09/18 16:46:20 INFO  : X-PLAN/architecture/figures/node_modules/@mermaid-js/mermaid-cli/LICENSE: Copied (new)
2026/09/18 16:46:20 INFO  : X-PLAN/architecture/figures/node_modules/@internationalized/date/LICENSE: Copied (new)
2026/09/18 16:46:23 INFO  : X-PLAN/architecture/figures/node_modules/@mermaid-js/mermaid-cli/README.md: Copied (new)
2026/09/18 16:46:24 INFO  : X-PLAN/architecture/figures/node_modules/@mermaid-js/mermaid-cli/package.json: Copied (new)
2026/09/18 16:46:27 INFO  : X-PLAN/architecture/figures/node_modules/@napi-rs/canvas/README.md: Copied (new)
2026/09/18 16:46:27 INFO  : X-PLAN/architecture/figures/node_modules/@napi-rs/canvas/LICENSE: Copied (new)
2026/09/18 16:46:28 INFO  : X-PLAN/architecture/figures/node_modules/@napi-rs/canvas/geometry.js: Copied (new)
2026/09/18 16:46:29 INFO  : X-PLAN/architecture/figures/node_modules/@napi-rs/canvas/index.d.ts: Copied (new)
2026/09/18 16:46:33 INFO  : X-PLAN/architecture/figures/node_modules/@napi-rs/canvas/index.js: Copied (new)
2026/09/18 16:46:34 INFO  : X-PLAN/architecture/figures/node_modules/@napi-rs/canvas/js-binding.js: Copied (new)
2026/09/18 16:46:34 INFO  : X-PLAN/architecture/figures/node_modules/@napi-rs/canvas/node-canvas.d.ts: Copied (new)
2026/09/18 16:46:34 INFO  : X-PLAN/architecture/figures/node_modules/@napi-rs/canvas/load-image.js: Copied (new)
2026/09/18 16:46:36 INFO  : X-PLAN/architecture/figures/node_modules/@napi-rs/canvas/node-canvas.js: Copied (new)
2026/09/18 16:46:38 INFO  : X-PLAN/architecture/figures/node_modules/@napi-rs/canvas/package.json: Copied (new)
2026/09/18 16:46:39 INFO  : X-PLAN/architecture/figures/node_modules/@internationalized/number/README.md: Copied (new)
2026/09/18 16:46:39 INFO  : X-PLAN/architecture/figures/node_modules/@internationalized/number/LICENSE: Copied (new)
2026/09/18 16:46:46 INFO  : X-PLAN/architecture/figures/node_modules/@internationalized/number/package.json: Copied (new)
2026/09/18 16:46:49 INFO  : X-PLAN/architecture/figures/node_modules/@puppeteer/browsers/package.json: Copied (new)
2026/09/18 16:46:49 INFO  : X-PLAN/architecture/figures/node_modules/@puppeteer/browsers/README.md: Copied (new)
2026/09/18 16:46:49 INFO  : X-PLAN/architecture/figures/node_modules/@react-aria/focus/README.md: Copied (new)
2026/09/18 16:46:49 INFO  : X-PLAN/architecture/figures/node_modules/@react-aria/focus/LICENSE: Copied (new)
2026/09/18 16:46:53 INFO  : X-PLAN/architecture/figures/node_modules/@react-aria/focus/package.json: Copied (new)
2026/09/18 16:46:53 INFO  : X-PLAN/architecture/figures/node_modules/@mermaid-js/mermaid-zenuml/README.md: Copied (new)
2026/09/18 16:46:53 INFO  : X-PLAN/architecture/figures/node_modules/@mermaid-js/mermaid-zenuml/LICENSE: Copied (new)
2026/09/18 16:46:53 INFO  : X-PLAN/architecture/figures/node_modules/@mermaid-js/mermaid-zenuml/package.json: Copied (new)
2026/09/18 16:46:56 INFO  : X-PLAN/architecture/figures/node_modules/@napi-rs/canvas-linux-x64-gnu/README.md: Copied (new)
2026/09/18 16:47:00 INFO  : X-PLAN/architecture/figures/node_modules/@react-types/shared/README.md: Copied (new)
2026/09/18 16:47:03 INFO  : X-PLAN/architecture/figures/node_modules/@react-types/shared/LICENSE: Copied (new)
2026/09/18 16:47:03 INFO  : X-PLAN/architecture/figures/node_modules/@react-types/shared/package.json: Copied (new)
2026/09/18 16:47:03 INFO  : X-PLAN/architecture/figures/node_modules/@napi-rs/canvas-linux-x64-gnu/package.json: Copied (new)
2026/09/18 16:47:08 INFO  : X-PLAN/architecture/figures/node_modules/@internationalized/string/LICENSE: Copied (new)
2026/09/18 16:47:08 INFO  : X-PLAN/architecture/figures/node_modules/@napi-rs/canvas-linux-x64-gnu/skia.linux-x64-gnu.node: Copied (new)
2026/09/18 16:47:08 INFO  : X-PLAN/architecture/figures/node_modules/@internationalized/string/package.json: Copied (new)
2026/09/18 16:47:11 INFO  : X-PLAN/architecture/figures/node_modules/@internationalized/string/README.md: Copied (new)
2026/09/18 16:47:17 INFO  : X-PLAN/architecture/figures/node_modules/@react-aria/interactions/LICENSE: Copied (new)
2026/09/18 16:47:19 INFO  : X-PLAN/architecture/figures/node_modules/@react-aria/interactions/README.md: Copied (new)
2026/09/18 16:47:20 INFO  : X-PLAN/architecture/figures/node_modules/@swc/helpers/package.json: Copied (new)
2026/09/18 16:47:20 INFO  : X-PLAN/architecture/figures/node_modules/@swc/helpers/LICENSE: Copied (new)
2026/09/18 16:47:21 INFO  : X-PLAN/architecture/figures/node_modules/@react-aria/interactions/package.json: Copied (new)
2026/09/18 16:47:23 INFO  : X-PLAN/architecture/figures/node_modules/@internationalized/date/dist/index.cjs: Copied (new)
2026/09/18 16:47:24 INFO  : X-PLAN/architecture/figures/node_modules/@internationalized/date/dist/index.cjs.map: Copied (new)
2026/09/18 16:47:25 INFO  : X-PLAN/architecture/figures/node_modules/@internationalized/date/dist/index.js: Copied (new)
2026/09/18 16:47:26 INFO  : X-PLAN/architecture/figures/node_modules/@internationalized/date/dist/index.js.map: Copied (new)
2026/09/18 16:47:33 INFO  : X-PLAN/architecture/figures/node_modules/@internationalized/date/dist/index.mjs.map: Copied (new)
2026/09/18 16:47:33 INFO  : X-PLAN/architecture/figures/node_modules/@internationalized/date/dist/index.mjs: Copied (new)
2026/09/18 16:47:34 INFO  : X-PLAN/architecture/figures/node_modules/@mermaid-js/mermaid-cli/dist/index.html: Copied (new)
2026/09/18 16:47:35 INFO  : X-PLAN/architecture/figures/node_modules/@tanstack/react-virtual/LICENSE: Copied (new)
2026/09/18 16:47:36 INFO  : X-PLAN/architecture/figures/node_modules/@tanstack/react-virtual/package.json: Copied (new)
2026/09/18 16:47:36 INFO  : X-PLAN/architecture/figures/node_modules/@mermaid-js/parser/LICENSE: Copied (new)
2026/09/18 16:47:38 INFO  : X-PLAN/architecture/figures/node_modules/@mermaid-js/parser/README.md: Copied (new)
2026/09/18 16:47:39 INFO  : X-PLAN/architecture/figures/node_modules/@mermaid-js/parser/package.json: Copied (new)
2026/09/18 16:47:40 INFO  : X-PLAN/architecture/figures/node_modules/@internationalized/number/dist/index.cjs.map: Copied (new)
2026/09/18 16:47:40 INFO  : X-PLAN/architecture/figures/node_modules/@internationalized/number/dist/index.cjs: Copied (new)
2026/09/18 16:47:41 INFO  : X-PLAN/architecture/figures/node_modules/@internationalized/number/dist/index.js: Copied (new)
2026/09/18 16:47:42 INFO  : X-PLAN/architecture/figures/node_modules/@internationalized/number/dist/index.js.map: Copied (new)
2026/09/18 16:47:44 INFO  : X-PLAN/architecture/figures/node_modules/@internationalized/number/dist/index.mjs: Copied (new)
2026/09/18 16:47:44 INFO  : X-PLAN/architecture/figures/node_modules/@internationalized/number/dist/index.mjs.map: Copied (new)
2026/09/18 16:47:45 INFO  : X-PLAN/architecture/figures/node_modules/@react-aria/focus/dist/import.mjs: Copied (new)
2026/09/18 16:47:45 INFO  : X-PLAN/architecture/figures/node_modules/@react-aria/focus/dist/main.js: Copied (new)
2026/09/18 16:47:47 INFO  : X-PLAN/architecture/figures/node_modules/@react-aria/focus/dist/main.js.map: Copied (new)
2026/09/18 16:47:47 INFO  : X-PLAN/architecture/figures/node_modules/@react-aria/focus/dist/module.js: Copied (new)
2026/09/18 16:47:48 INFO  : X-PLAN/architecture/figures/node_modules/@react-aria/focus/dist/module.js.map: Copied (new)
2026/09/18 16:47:49 INFO  : X-PLAN/architecture/figures/node_modules/@internationalized/date/src/CalendarDate.ts: Copied (new)
2026/09/18 16:47:50 INFO  : X-PLAN/architecture/figures/node_modules/@internationalized/date/src/DateFormatter.ts: Copied (new)
2026/09/18 16:47:50 INFO  : X-PLAN/architecture/figures/node_modules/@internationalized/date/src/conversion.ts: Copied (new)
2026/09/18 16:47:53 INFO  : X-PLAN/architecture/figures/node_modules/@internationalized/date/src/createCalendar.ts: Copied (new)
2026/09/18 16:47:53 INFO  : X-PLAN/architecture/figures/node_modules/@internationalized/date/src/index.ts: Copied (new)
2026/09/18 16:47:53 INFO  : X-PLAN/architecture/figures/node_modules/@internationalized/date/src/manipulation.ts: Copied (new)
2026/09/18 16:47:54 INFO  : X-PLAN/architecture/figures/node_modules/@internationalized/date/src/queries.ts: Copied (new)
2026/09/18 16:47:56 INFO  : X-PLAN/architecture/figures/node_modules/@internationalized/date/src/string.ts: Copied (new)
2026/09/18 16:47:56 INFO  : X-PLAN/architecture/figures/node_modules/@internationalized/date/src/types.ts: Copied (new)
2026/09/18 16:47:56 INFO  : X-PLAN/architecture/figures/node_modules/@internationalized/date/src/utils.ts: Copied (new)
2026/09/18 16:47:57 INFO  : X-PLAN/architecture/figures/node_modules/@internationalized/date/src/weekStartData.ts: Copied (new)
2026/09/18 16:48:02 INFO  : X-PLAN/architecture/figures/node_modules/@mermaid-js/mermaid-zenuml/dist/detector.d.ts: Copied (new)
2026/09/18 16:48:03 INFO  : X-PLAN/architecture/figures/node_modules/@tootallnate/quickjs-emscripten/package.json: Copied (new)
2026/09/18 16:48:03 INFO  : X-PLAN/architecture/figures/node_modules/@tootallnate/quickjs-emscripten/README.md: Copied (new)
2026/09/18 16:48:06 INFO  : X-PLAN/architecture/figures/node_modules/@tootallnate/quickjs-emscripten/LICENSE: Copied (new)
2026/09/18 16:48:06 INFO  : X-PLAN/architecture/figures/node_modules/@mermaid-js/mermaid-zenuml/dist/mermaid-zenuml.core.mjs.map: Copied (new)
2026/09/18 16:48:06 INFO  : X-PLAN/architecture/figures/node_modules/@mermaid-js/mermaid-zenuml/dist/mermaid-zenuml.core.mjs: Copied (new)
2026/09/18 16:48:06 INFO  : X-PLAN/architecture/figures/node_modules/@mermaid-js/mermaid-zenuml/dist/mermaid-zenuml.esm.min.mjs: Copied (new)
2026/09/18 16:48:11 INFO  : X-PLAN/architecture/figures/node_modules/@mermaid-js/mermaid-zenuml/dist/mermaid-zenuml.esm.min.mjs.map: Copied (new)
2026/09/18 16:48:11 INFO  : X-PLAN/architecture/figures/node_modules/@mermaid-js/mermaid-zenuml/dist/mermaid-zenuml.esm.mjs: Copied (new)
2026/09/18 16:48:11 INFO  : X-PLAN/architecture/figures/node_modules/@mermaid-js/mermaid-zenuml/dist/mermaid-zenuml.esm.mjs.map: Copied (new)
2026/09/18 16:48:11 INFO  : X-PLAN/architecture/figures/node_modules/@mermaid-js/mermaid-zenuml/dist/mermaid-zenuml.js: Copied (new)
2026/09/18 16:48:18 INFO  : X-PLAN/architecture/figures/node_modules/@mermaid-js/mermaid-zenuml/dist/mermaid-zenuml.js.map: Copied (new)
2026/09/18 16:48:18 INFO  : X-PLAN/architecture/figures/node_modules/@mermaid-js/mermaid-zenuml/dist/mermaidUtils.d.ts: Copied (new)
2026/09/18 16:48:18 INFO  : X-PLAN/architecture/figures/node_modules/@mermaid-js/mermaid-zenuml/dist/mermaid-zenuml.min.js.map: Copied (new)
2026/09/18 16:48:18 INFO  : X-PLAN/architecture/figures/node_modules/@mermaid-js/mermaid-zenuml/dist/mermaid-zenuml.min.js: Copied (new)
2026/09/18 16:48:21 INFO  : X-PLAN/architecture/figures/node_modules/@mermaid-js/mermaid-zenuml/dist/parser.d.ts: Copied (new)
2026/09/18 16:48:22 INFO  : X-PLAN/architecture/figures/node_modules/@mermaid-js/mermaid-zenuml/dist/zenumlRenderer.spec.d.ts: Copied (new)
2026/09/18 16:48:22 INFO  : X-PLAN/architecture/figures/node_modules/@mermaid-js/mermaid-zenuml/dist/zenuml-definition.d.ts: Copied (new)
2026/09/18 16:48:23 INFO  : X-PLAN/architecture/figures/node_modules/@mermaid-js/mermaid-zenuml/dist/zenumlRenderer.d.ts: Copied (new)
2026/09/18 16:48:25 INFO  : X-PLAN/architecture/figures/node_modules/@react-types/shared/src/collections.d.ts: Copied (new)
2026/09/18 16:48:26 INFO  : X-PLAN/architecture/figures/node_modules/@react-types/shared/src/dnd.d.ts: Copied (new)
2026/09/18 16:48:26 INFO  : X-PLAN/architecture/figures/node_modules/@react-types/shared/src/dna.d.ts: Copied (new)
2026/09/18 16:48:26 INFO  : X-PLAN/architecture/figures/node_modules/@react-types/shared/src/dom.d.ts: Copied (new)
2026/09/18 16:48:29 INFO  : X-PLAN/architecture/figures/node_modules/@react-types/shared/src/events.d.ts: Copied (new)
2026/09/18 16:48:29 INFO  : X-PLAN/architecture/figures/node_modules/@react-types/shared/src/index.d.ts: Copied (new)
2026/09/18 16:48:30 INFO  : X-PLAN/architecture/figures/node_modules/@react-types/shared/src/inputs.d.ts: Copied (new)
2026/09/18 16:48:30 INFO  : X-PLAN/architecture/figures/node_modules/@react-types/shared/src/key.d.ts: Copied (new)
2026/09/18 16:48:32 INFO  : X-PLAN/architecture/figures/node_modules/@react-types/shared/src/labelable.d.ts: Copied (new)
2026/09/18 16:48:33 INFO  : X-PLAN/architecture/figures/node_modules/@react-types/shared/src/locale.d.ts: Copied (new)
2026/09/18 16:48:33 INFO  : X-PLAN/architecture/figures/node_modules/@react-types/shared/src/orientation.d.ts: Copied (new)
2026/09/18 16:48:33 INFO  : X-PLAN/architecture/figures/node_modules/@react-types/shared/src/refs.d.ts: Copied (new)
2026/09/18 16:48:36 INFO  : X-PLAN/architecture/figures/node_modules/@react-types/shared/src/removable.d.ts: Copied (new)
2026/09/18 16:48:36 INFO  : X-PLAN/architecture/figures/node_modules/@react-types/shared/src/selection.d.ts: Copied (new)
2026/09/18 16:48:36 INFO  : X-PLAN/architecture/figures/node_modules/@react-types/shared/src/style.d.ts: Copied (new)
2026/09/18 16:48:36 INFO  : X-PLAN/architecture/figures/node_modules/@tanstack/virtual-core/LICENSE: Copied (new)
2026/09/18 16:48:39 INFO  : X-PLAN/architecture/figures/node_modules/@tanstack/virtual-core/package.json: Copied (new)
2026/09/18 16:48:39 INFO  : X-PLAN/architecture/figures/node_modules/@internationalized/string/dist/index.cjs: Copied (new)
2026/09/18 16:48:40 INFO  : X-PLAN/architecture/figures/node_modules/@internationalized/string/dist/index.cjs.map: Copied (new)
2026/09/18 16:48:40 INFO  : X-PLAN/architecture/figures/node_modules/@internationalized/string/dist/index.js: Copied (new)
2026/09/18 16:48:42 INFO  : X-PLAN/architecture/figures/node_modules/@internationalized/string/dist/index.js.map: Copied (new)
2026/09/18 16:48:42 INFO  : X-PLAN/architecture/figures/node_modules/@internationalized/string/dist/index.mjs: Copied (new)
2026/09/18 16:48:43 INFO  : X-PLAN/architecture/figures/node_modules/@internationalized/string/dist/index.mjs.map: Copied (new)
2026/09/18 16:48:43 INFO  : X-PLAN/architecture/figures/node_modules/@internationalized/number/src/NumberFormatter.ts: Copied (new)
2026/09/18 16:48:46 INFO  : X-PLAN/architecture/figures/node_modules/@internationalized/number/src/NumberParser.ts: Copied (new)
2026/09/18 16:48:46 INFO  : X-PLAN/architecture/figures/node_modules/@internationalized/number/src/index.ts: Copied (new)
2026/09/18 16:48:46 INFO  : X-PLAN/architecture/figures/node_modules/@react-aria/interactions/dist/import.mjs: Copied (new)
2026/09/18 16:48:46 INFO  : X-PLAN/architecture/figures/node_modules/@react-aria/interactions/dist/main.js: Copied (new)
2026/09/18 16:48:50 INFO  : X-PLAN/architecture/figures/node_modules/@react-aria/interactions/dist/module.js.map: Copied (new)
2026/09/18 16:48:50 INFO  : X-PLAN/architecture/figures/node_modules/@react-aria/interactions/dist/main.js.map: Copied (new)
2026/09/18 16:48:50 INFO  : X-PLAN/architecture/figures/node_modules/@react-aria/interactions/dist/module.js: Copied (new)
2026/09/18 16:48:50 INFO  : X-PLAN/architecture/figures/node_modules/@puppeteer/browsers/src/CLI.ts: Copied (new)
2026/09/18 16:48:53 INFO  : X-PLAN/architecture/figures/node_modules/@puppeteer/browsers/src/Cache.ts: Copied (new)
2026/09/18 16:48:53 INFO  : X-PLAN/architecture/figures/node_modules/@puppeteer/browsers/src/detectPlatform.ts: Copied (new)
2026/09/18 16:48:53 INFO  : X-PLAN/architecture/figures/node_modules/@puppeteer/browsers/src/fileUtil.ts: Copied (new)
2026/09/18 16:48:53 INFO  : X-PLAN/architecture/figures/node_modules/@puppeteer/browsers/src/debug.ts: Copied (new)
2026/09/18 16:48:56 INFO  : X-PLAN/architecture/figures/node_modules/@puppeteer/browsers/src/launch.ts: Copied (new)
2026/09/18 16:48:56 INFO  : X-PLAN/architecture/figures/node_modules/@puppeteer/browsers/src/install.ts: Copied (new)
2026/09/18 16:48:56 INFO  : X-PLAN/architecture/figures/node_modules/@puppeteer/browsers/src/httpUtil.ts: Copied (new)
2026/09/18 16:48:57 INFO  : X-PLAN/architecture/figures/node_modules/@puppeteer/browsers/src/main-cli.ts: Copied (new)
2026/09/18 16:49:00 INFO  : X-PLAN/architecture/figures/node_modules/@puppeteer/browsers/src/main.ts: Copied (new)
2026/09/18 16:49:00 INFO  : X-PLAN/architecture/figures/node_modules/@puppeteer/browsers/src/tsconfig.esm.json: Copied (new)
2026/09/18 16:49:00 INFO  : X-PLAN/architecture/figures/node_modules/@puppeteer/browsers/src/tsconfig.cjs.json: Copied (new)
2026/09/18 16:49:00 INFO  : X-PLAN/architecture/figures/node_modules/@internationalized/date/dist/private/CalendarDate.cjs: Copied (new)
2026/09/18 16:49:04 INFO  : X-PLAN/architecture/figures/node_modules/@internationalized/date/dist/private/CalendarDate.cjs.map: Copied (new)
2026/09/18 16:49:04 INFO  : X-PLAN/architecture/figures/node_modules/@internationalized/date/dist/private/CalendarDate.js: Copied (new)
2026/09/18 16:49:04 INFO  : X-PLAN/architecture/figures/node_modules/@internationalized/date/dist/private/CalendarDate.js.map: Copied (new)
2026/09/18 16:49:05 INFO  : X-PLAN/architecture/figures/node_modules/@internationalized/date/dist/private/CalendarDate.mjs: Copied (new)
2026/09/18 16:49:09 INFO  : X-PLAN/architecture/figures/node_modules/@internationalized/date/dist/private/CalendarDate.mjs.map: Copied (new)
2026/09/18 16:49:09 INFO  : X-PLAN/architecture/figures/node_modules/@internationalized/date/dist/private/DateFormatter.cjs: Copied (new)
2026/09/18 16:49:09 INFO  : X-PLAN/architecture/figures/node_modules/@internationalized/date/dist/private/DateFormatter.cjs.map: Copied (new)
2026/09/18 16:49:10 INFO  : X-PLAN/architecture/figures/node_modules/@internationalized/date/dist/private/DateFormatter.js: Copied (new)
2026/09/18 16:49:13 INFO  : X-PLAN/architecture/figures/node_modules/@internationalized/date/dist/private/DateFormatter.js.map: Copied (new)
2026/09/18 16:49:13 INFO  : X-PLAN/architecture/figures/node_modules/@internationalized/date/dist/private/DateFormatter.mjs.map: Copied (new)
2026/09/18 16:49:13 INFO  : X-PLAN/architecture/figures/node_modules/@internationalized/date/dist/private/DateFormatter.mjs: Copied (new)
2026/09/18 16:49:13 INFO  : X-PLAN/architecture/figures/node_modules/@internationalized/date/dist/private/conversion.cjs: Copied (new)
2026/09/18 16:49:16 INFO  : X-PLAN/architecture/figures/node_modules/@internationalized/date/dist/private/conversion.cjs.map: Copied (new)
2026/09/18 16:49:17 INFO  : X-PLAN/architecture/figures/node_modules/@internationalized/date/dist/private/conversion.js.map: Copied (new)
2026/09/18 16:49:17 INFO  : X-PLAN/architecture/figures/node_modules/@internationalized/date/dist/private/conversion.js: Copied (new)
2026/09/18 16:49:17 INFO  : X-PLAN/architecture/figures/node_modules/@internationalized/date/dist/private/conversion.mjs: Copied (new)
2026/09/18 16:49:19 INFO  : X-PLAN/architecture/figures/node_modules/@internationalized/date/dist/private/conversion.mjs.map: Copied (new)
2026/09/18 16:49:20 INFO  : X-PLAN/architecture/figures/node_modules/@internationalized/date/dist/private/createCalendar.cjs: Copied (new)
2026/09/18 16:49:20 INFO  : X-PLAN/architecture/figures/node_modules/@internationalized/date/dist/private/createCalendar.cjs.map: Copied (new)
2026/09/18 16:49:20 INFO  : X-PLAN/architecture/figures/node_modules/@internationalized/date/dist/private/createCalendar.js: Copied (new)
2026/09/18 16:49:23 INFO  : X-PLAN/architecture/figures/node_modules/@internationalized/date/dist/private/createCalendar.js.map: Copied (new)
2026/09/18 16:49:23 INFO  : X-PLAN/architecture/figures/node_modules/@internationalized/date/dist/private/createCalendar.mjs: Copied (new)
2026/09/18 16:49:24 INFO  : X-PLAN/architecture/figures/node_modules/@internationalized/date/dist/private/createCalendar.mjs.map: Copied (new)
2026/09/18 16:49:24 INFO  : X-PLAN/architecture/figures/node_modules/@internationalized/date/dist/private/manipulation.cjs: Copied (new)
2026/09/18 16:49:26 INFO  : X-PLAN/architecture/figures/node_modules/@internationalized/date/dist/private/manipulation.cjs.map: Copied (new)
2026/09/18 16:49:26 INFO  : X-PLAN/architecture/figures/node_modules/@internationalized/date/dist/private/manipulation.js: Copied (new)
2026/09/18 16:49:27 INFO  : X-PLAN/architecture/figures/node_modules/@internationalized/date/dist/private/manipulation.js.map: Copied (new)
2026/09/18 16:49:27 INFO  : X-PLAN/architecture/figures/node_modules/@internationalized/date/dist/private/manipulation.mjs: Copied (new)
2026/09/18 16:49:30 INFO  : X-PLAN/architecture/figures/node_modules/@internationalized/date/dist/private/manipulation.mjs.map: Copied (new)
2026/09/18 16:49:30 INFO  : X-PLAN/architecture/figures/node_modules/@internationalized/date/dist/private/queries.cjs: Copied (new)
2026/09/18 16:49:32 INFO  : X-PLAN/architecture/figures/node_modules/@internationalized/date/dist/private/queries.cjs.map: Copied (new)
2026/09/18 16:49:32 INFO  : X-PLAN/architecture/figures/node_modules/@internationalized/date/dist/private/queries.js: Copied (new)
2026/09/18 16:49:33 INFO  : X-PLAN/architecture/figures/node_modules/@internationalized/date/dist/private/queries.mjs: Copied (new)
2026/09/18 16:49:33 INFO  : X-PLAN/architecture/figures/node_modules/@internationalized/date/dist/private/queries.js.map: Copied (new)
2026/09/18 16:49:35 INFO  : X-PLAN/architecture/figures/node_modules/@internationalized/date/dist/private/string.cjs: Copied (new)
2026/09/18 16:49:35 INFO  : X-PLAN/architecture/figures/node_modules/@internationalized/date/dist/private/queries.mjs.map: Copied (new)
2026/09/18 16:49:36 INFO  : X-PLAN/architecture/figures/node_modules/@internationalized/date/dist/private/string.cjs.map: Copied (new)
2026/09/18 16:49:36 INFO  : X-PLAN/architecture/figures/node_modules/@internationalized/date/dist/private/string.js: Copied (new)
2026/09/18 16:49:39 INFO  : X-PLAN/architecture/figures/node_modules/@internationalized/date/dist/private/string.mjs: Copied (new)
2026/09/18 16:49:39 INFO  : X-PLAN/architecture/figures/node_modules/@internationalized/date/dist/private/string.js.map: Copied (new)
2026/09/18 16:49:39 INFO  : X-PLAN/architecture/figures/node_modules/@internationalized/date/dist/private/utils.cjs: Copied (new)
2026/09/18 16:49:40 INFO  : X-PLAN/architecture/figures/node_modules/@internationalized/date/dist/private/string.mjs.map: Copied (new)
2026/09/18 16:49:47 INFO  : X-PLAN/architecture/figures/node_modules/@internationalized/date/dist/private/utils.mjs: Copied (new)
2026/09/18 16:49:47 INFO  : X-PLAN/architecture/figures/node_modules/@internationalized/date/dist/private/utils.js: Copied (new)
2026/09/18 16:49:47 INFO  : X-PLAN/architecture/figures/node_modules/@internationalized/date/dist/private/utils.js.map: Copied (new)
2026/09/18 16:49:47 INFO  : X-PLAN/architecture/figures/node_modules/@internationalized/date/dist/private/utils.cjs.map: Copied (new)
2026/09/18 16:49:50 INFO  : X-PLAN/architecture/figures/node_modules/@internationalized/date/dist/private/utils.mjs.map: Copied (new)
2026/09/18 16:49:50 INFO  : X-PLAN/architecture/figures/node_modules/@internationalized/date/dist/private/weekStartData.js: Copied (new)
2026/09/18 16:49:50 INFO  : X-PLAN/architecture/figures/node_modules/@internationalized/date/dist/private/weekStartData.cjs.map: Copied (new)
2026/09/18 16:49:50 INFO  : X-PLAN/architecture/figures/node_modules/@internationalized/date/dist/private/weekStartData.cjs: Copied (new)
2026/09/18 16:49:54 INFO  : X-PLAN/architecture/figures/node_modules/@internationalized/date/dist/private/weekStartData.mjs.map: Copied (new)
2026/09/18 16:49:54 INFO  : X-PLAN/architecture/figures/node_modules/@internationalized/date/dist/private/weekStartData.js.map: Copied (new)
2026/09/18 16:49:54 INFO  : X-PLAN/architecture/figures/node_modules/@internationalized/date/dist/private/weekStartData.mjs: Copied (new)
2026/09/18 16:49:55 INFO  : X-PLAN/architecture/figures/node_modules/@react-aria/focus/src/index.ts: Copied (new)
2026/09/18 16:50:04 INFO  : X-PLAN/architecture/figures/node_modules/@types/d3/README.md: Copied (new)
2026/09/18 16:50:04 INFO  : X-PLAN/architecture/figures/node_modules/@types/d3/index.d.ts: Copied (new)
2026/09/18 16:50:04 INFO  : X-PLAN/architecture/figures/node_modules/@types/d3/package.json: Copied (new)
2026/09/18 16:50:04 INFO  : X-PLAN/architecture/figures/node_modules/@types/d3/LICENSE: Copied (new)
2026/09/18 16:50:08 INFO  : X-PLAN/architecture/figures/node_modules/@mermaid-js/mermaid-cli/dist/assets/KaTeX_AMS-Regular-DRggAlZN.ttf: Copied (new)
2026/09/18 16:50:09 INFO  : X-PLAN/architecture/figures/node_modules/@mermaid-js/mermaid-cli/dist/assets/KaTeX_AMS-Regular-DMm9YOAa.woff: Copied (new)
2026/09/18 16:50:09 INFO  : X-PLAN/architecture/figures/node_modules/@mermaid-js/mermaid-cli/dist/assets/KaTeX_AMS-Regular-BQhdFMY1.woff2: Copied (new)
2026/09/18 16:50:09 INFO  : X-PLAN/architecture/figures/node_modules/@mermaid-js/mermaid-cli/dist/assets/KaTeX_Caligraphic-Bold-ATXxdsX0.ttf: Copied (new)
2026/09/18 16:50:15 INFO  : X-PLAN/architecture/figures/node_modules/@mermaid-js/mermaid-cli/dist/assets/KaTeX_Caligraphic-Regular-Di6jR-x-.woff2: Copied (new)
2026/09/18 16:50:15 INFO  : X-PLAN/architecture/figures/node_modules/@mermaid-js/mermaid-cli/dist/assets/KaTeX_Caligraphic-Bold-BEiXGLvX.woff: Copied (new)
2026/09/18 16:50:15 INFO  : X-PLAN/architecture/figures/node_modules/@mermaid-js/mermaid-cli/dist/assets/KaTeX_Caligraphic-Regular-CTRA-rTL.woff: Copied (new)
2026/09/18 16:50:15 INFO  : X-PLAN/architecture/figures/node_modules/@mermaid-js/mermaid-cli/dist/assets/KaTeX_Caligraphic-Bold-Dq_IR9rO.woff2: Copied (new)
2026/09/18 16:50:21 INFO  : X-PLAN/architecture/figures/node_modules/@mermaid-js/mermaid-cli/dist/assets/KaTeX_Caligraphic-Regular-wX97UBjC.ttf: Copied (new)
2026/09/18 16:50:21 INFO  : X-PLAN/architecture/figures/node_modules/@mermaid-js/mermaid-cli/dist/assets/KaTeX_Fraktur-Bold-CL6g_b3V.woff2: Copied (new)
2026/09/18 16:50:22 INFO  : X-PLAN/architecture/figures/node_modules/@mermaid-js/mermaid-cli/dist/assets/KaTeX_Fraktur-Bold-BsDP51OF.woff: Copied (new)
2026/09/18 16:50:22 INFO  : X-PLAN/architecture/figures/node_modules/@mermaid-js/mermaid-cli/dist/assets/KaTeX_Fraktur-Bold-BdnERNNW.ttf: Copied (new)
2026/09/18 16:50:29 INFO  : X-PLAN/architecture/figures/node_modules/@mermaid-js/mermaid-cli/dist/assets/KaTeX_Fraktur-Regular-CTYiF6lA.woff2: Copied (new)
2026/09/18 16:50:29 INFO  : X-PLAN/architecture/figures/node_modules/@mermaid-js/mermaid-cli/dist/assets/KaTeX_Main-Bold-Cx986IdX.woff2: Copied (new)
2026/09/18 16:50:29 INFO  : X-PLAN/architecture/figures/node_modules/@mermaid-js/mermaid-cli/dist/assets/KaTeX_Fraktur-Regular-Dxdc4cR9.woff: Copied (new)
2026/09/18 16:50:29 INFO  : X-PLAN/architecture/figures/node_modules/@mermaid-js/mermaid-cli/dist/assets/KaTeX_Fraktur-Regular-CB_wures.ttf: Copied (new)
2026/09/18 16:50:33 INFO  : X-PLAN/architecture/figures/node_modules/@mermaid-js/mermaid-cli/dist/assets/KaTeX_Main-BoldItalic-DxDJ3AOS.woff2: Copied (new)
2026/09/18 16:50:33 INFO  : X-PLAN/architecture/figures/node_modules/@mermaid-js/mermaid-cli/dist/assets/KaTeX_Main-Bold-waoOVXN0.ttf: Copied (new)
2026/09/18 16:50:33 INFO  : X-PLAN/architecture/figures/node_modules/@mermaid-js/mermaid-cli/dist/assets/KaTeX_Main-BoldItalic-DzxPMmG6.ttf: Copied (new)
2026/09/18 16:50:33 INFO  : X-PLAN/architecture/figures/node_modules/@mermaid-js/mermaid-cli/dist/assets/KaTeX_Main-Bold-Jm3AIy58.woff: Copied (new)
2026/09/18 16:50:36 INFO  : X-PLAN/architecture/figures/node_modules/@mermaid-js/mermaid-cli/dist/assets/KaTeX_Main-Italic-3WenGoN9.ttf: Copied (new)
2026/09/18 16:50:36 INFO  : X-PLAN/architecture/figures/node_modules/@mermaid-js/mermaid-cli/dist/assets/KaTeX_Main-BoldItalic-SpSLRI95.woff: Copied (new)
2026/09/18 16:50:36 INFO  : X-PLAN/architecture/figures/node_modules/@mermaid-js/mermaid-cli/dist/assets/KaTeX_Main-Italic-BMLOBm91.woff: Copied (new)
2026/09/18 16:50:36 INFO  : X-PLAN/architecture/figures/node_modules/@mermaid-js/mermaid-cli/dist/assets/KaTeX_Main-Italic-NWA7e6Wa.woff2: Copied (new)
2026/09/18 16:50:40 INFO  : X-PLAN/architecture/figures/node_modules/@mermaid-js/mermaid-cli/dist/assets/KaTeX_Main-Regular-ypZvNtVU.ttf: Copied (new)
2026/09/18 16:50:42 INFO  : X-PLAN/architecture/figures/node_modules/@mermaid-js/mermaid-cli/dist/assets/KaTeX_Math-BoldItalic-B3XSjfu4.ttf: Copied (new)
2026/09/18 16:50:42 INFO  : X-PLAN/architecture/figures/node_modules/@mermaid-js/mermaid-cli/dist/assets/KaTeX_Main-Regular-Dr94JaBh.woff: Copied (new)
2026/09/18 16:50:42 INFO  : X-PLAN/architecture/figures/node_modules/@mermaid-js/mermaid-cli/dist/assets/KaTeX_Main-Regular-B22Nviop.woff2: Copied (new)
2026/09/18 16:50:46 INFO  : X-PLAN/architecture/figures/node_modules/@mermaid-js/mermaid-cli/dist/assets/KaTeX_Math-BoldItalic-CZnvNsCZ.woff2: Copied (new)
2026/09/18 16:50:46 INFO  : X-PLAN/architecture/figures/node_modules/@mermaid-js/mermaid-cli/dist/assets/KaTeX_Math-BoldItalic-iY-2wyZ7.woff: Copied (new)
2026/09/18 16:50:47 INFO  : X-PLAN/architecture/figures/node_modules/@mermaid-js/mermaid-cli/dist/assets/KaTeX_Math-Italic-DA0__PXp.woff: Copied (new)
2026/09/18 16:50:47 INFO  : X-PLAN/architecture/figures/node_modules/@mermaid-js/mermaid-cli/dist/assets/KaTeX_Math-Italic-flOr_0UB.ttf: Copied (new)
2026/09/18 16:50:50 INFO  : X-PLAN/architecture/figures/node_modules/@mermaid-js/mermaid-cli/dist/assets/KaTeX_SansSerif-Bold-CFMepnvq.ttf: Copied (new)
2026/09/18 16:50:50 INFO  : X-PLAN/architecture/figures/node_modules/@mermaid-js/mermaid-cli/dist/assets/KaTeX_Math-Italic-t53AETM-.woff2: Copied (new)
2026/09/18 16:50:52 INFO  : X-PLAN/architecture/figures/node_modules/@mermaid-js/mermaid-cli/dist/assets/KaTeX_SansSerif-Bold-D1sUS0GD.woff2: Copied (new)
2026/09/18 16:50:53 INFO  : X-PLAN/architecture/figures/node_modules/@mermaid-js/mermaid-cli/dist/assets/KaTeX_SansSerif-Bold-DbIhKOiC.woff: Copied (new)
2026/09/18 16:50:56 INFO  : X-PLAN/architecture/figures/node_modules/@mermaid-js/mermaid-cli/dist/assets/KaTeX_SansSerif-Italic-C3H0VqGB.woff2: Copied (new)
2026/09/18 16:50:56 INFO  : X-PLAN/architecture/figures/node_modules/@mermaid-js/mermaid-cli/dist/assets/KaTeX_SansSerif-Italic-DN2j7dab.woff: Copied (new)
2026/09/18 16:50:57 INFO  : X-PLAN/architecture/figures/node_modules/@mermaid-js/mermaid-cli/dist/assets/KaTeX_SansSerif-Italic-YYjJ1zSn.ttf: Copied (new)
2026/09/18 16:50:57 INFO  : X-PLAN/architecture/figures/node_modules/@mermaid-js/mermaid-cli/dist/assets/KaTeX_SansSerif-Regular-BNo7hRIc.ttf: Copied (new)
2026/09/18 16:51:01 INFO  : X-PLAN/architecture/figures/node_modules/@mermaid-js/mermaid-cli/dist/assets/KaTeX_SansSerif-Regular-CS6fqUqJ.woff: Copied (new)
2026/09/18 16:51:02 INFO  : X-PLAN/architecture/figures/node_modules/@mermaid-js/mermaid-cli/dist/assets/KaTeX_SansSerif-Regular-DDBCnlJ7.woff2: Copied (new)
2026/09/18 16:51:02 INFO  : X-PLAN/architecture/figures/node_modules/@mermaid-js/mermaid-cli/dist/assets/KaTeX_Script-Regular-D3wIWfF6.woff2: Copied (new)
2026/09/18 16:51:07 INFO  : X-PLAN/architecture/figures/node_modules/@mermaid-js/mermaid-cli/dist/assets/KaTeX_Script-Regular-C5JkGWo-.ttf: Copied (new)
2026/09/18 16:51:09 INFO  : X-PLAN/architecture/figures/node_modules/@mermaid-js/mermaid-cli/dist/assets/KaTeX_Script-Regular-D5yQViql.woff: Copied (new)
2026/09/18 16:51:09 INFO  : X-PLAN/architecture/figures/node_modules/@mermaid-js/mermaid-cli/dist/assets/KaTeX_Size1-Regular-C195tn64.woff: Copied (new)
2026/09/18 16:51:09 INFO  : X-PLAN/architecture/figures/node_modules/@mermaid-js/mermaid-cli/dist/assets/KaTeX_Size1-Regular-Dbsnue_I.ttf: Copied (new)
2026/09/18 16:51:10 INFO  : X-PLAN/architecture/figures/node_modules/@mermaid-js/mermaid-cli/dist/assets/KaTeX_Size1-Regular-mCD8mA8B.woff2: Copied (new)
2026/09/18 16:51:16 INFO  : X-PLAN/architecture/figures/node_modules/@mermaid-js/mermaid-cli/dist/assets/KaTeX_Size2-Regular-B7gKUWhC.ttf: Copied (new)
2026/09/18 16:51:16 INFO  : X-PLAN/architecture/figures/node_modules/@mermaid-js/mermaid-cli/dist/assets/KaTeX_Size3-Regular-CTq5MqoE.woff: Copied (new)
2026/09/18 16:51:16 INFO  : X-PLAN/architecture/figures/node_modules/@mermaid-js/mermaid-cli/dist/assets/KaTeX_Size2-Regular-Dy4dx90m.woff2: Copied (new)
2026/09/18 16:51:16 INFO  : X-PLAN/architecture/figures/node_modules/@mermaid-js/mermaid-cli/dist/assets/KaTeX_Size2-Regular-oD1tc_U0.woff: Copied (new)
2026/09/18 16:51:23 INFO  : X-PLAN/architecture/figures/node_modules/@mermaid-js/mermaid-cli/dist/assets/KaTeX_Size4-Regular-DWFBv043.ttf: Copied (new)
2026/09/18 16:51:23 INFO  : X-PLAN/architecture/figures/node_modules/@mermaid-js/mermaid-cli/dist/assets/KaTeX_Size4-Regular-Dl5lxZxV.woff2: Copied (new)
2026/09/18 16:51:23 INFO  : X-PLAN/architecture/figures/node_modules/@mermaid-js/mermaid-cli/dist/assets/KaTeX_Size4-Regular-BF-4gkZK.woff: Copied (new)
2026/09/18 16:51:23 INFO  : X-PLAN/architecture/figures/node_modules/@mermaid-js/mermaid-cli/dist/assets/KaTeX_Size3-Regular-DgpXs0kz.ttf: Copied (new)
2026/09/18 16:51:26 INFO  : X-PLAN/architecture/figures/node_modules/@mermaid-js/mermaid-cli/dist/assets/KaTeX_Typewriter-Regular-D3Ib7_Hf.ttf: Copied (new)
2026/09/18 16:51:26 INFO  : X-PLAN/architecture/figures/node_modules/@mermaid-js/mermaid-cli/dist/assets/KaTeX_Typewriter-Regular-C0xS9mPB.woff: Copied (new)
2026/09/18 16:51:27 INFO  : X-PLAN/architecture/figures/node_modules/@mermaid-js/mermaid-cli/dist/assets/fa-brands-400-Dur5g48u.ttf: Copied (new)
2026/09/18 16:51:27 INFO  : X-PLAN/architecture/figures/node_modules/@mermaid-js/mermaid-cli/dist/assets/KaTeX_Typewriter-Regular-CO6r4hn1.woff2: Copied (new)
2026/09/18 16:51:30 INFO  : X-PLAN/architecture/figures/node_modules/@mermaid-js/mermaid-cli/dist/assets/fa-brands-400-O7nZalfM.woff2: Copied (new)
2026/09/18 16:51:30 INFO  : X-PLAN/architecture/figures/node_modules/@mermaid-js/mermaid-cli/dist/assets/fa-regular-400-Bf3rG5Nx.ttf: Copied (new)
2026/09/18 16:51:30 INFO  : X-PLAN/architecture/figures/node_modules/@mermaid-js/mermaid-cli/dist/assets/fa-regular-400-DgEfZSYE.woff2: Copied (new)
2026/09/18 16:51:31 INFO  : X-PLAN/architecture/figures/node_modules/@mermaid-js/mermaid-cli/dist/assets/fa-solid-900-BV3CbEM2.ttf: Copied (new)
2026/09/18 16:51:34 INFO  : X-PLAN/architecture/figures/node_modules/@mermaid-js/mermaid-cli/dist/assets/fa-solid-900-DOQJEhcS.woff2: Copied (new)
2026/09/18 16:51:35 INFO  : X-PLAN/architecture/figures/node_modules/@mermaid-js/parser/dist/mermaid-parser.core.mjs: Copied (new)
2026/09/18 16:51:35 INFO  : X-PLAN/architecture/figures/node_modules/@mermaid-js/mermaid-cli/dist/assets/index-BgzLmH-2.js: Copied (new)
2026/09/18 16:51:39 INFO  : X-PLAN/architecture/figures/node_modules/@mermaid-js/parser/dist/mermaid-parser.core.mjs.map: Copied (new)
2026/09/18 16:51:40 INFO  : X-PLAN/architecture/figures/node_modules/@mermaid-js/parser/dist/mermaid-parser.esm.mjs: Copied (new)
2026/09/18 16:51:41 INFO  : X-PLAN/architecture/figures/node_modules/@mermaid-js/parser/dist/mermaid-parser.esm.min.mjs: Copied (new)
2026/09/18 16:51:41 INFO  : X-PLAN/architecture/figures/node_modules/@mermaid-js/parser/dist/mermaid-parser.esm.min.mjs.map: Copied (new)
2026/09/18 16:51:45 INFO  : X-PLAN/architecture/figures/node_modules/@mermaid-js/mermaid-cli/src/index.js: Copied (new)
2026/09/18 16:51:45 INFO  : X-PLAN/architecture/figures/node_modules/@mermaid-js/parser/dist/mermaid-parser.esm.mjs.map: Copied (new)
2026/09/18 16:51:45 INFO  : X-PLAN/architecture/figures/node_modules/@mermaid-js/mermaid-cli/src/version.js: Copied (new)
2026/09/18 16:51:46 INFO  : X-PLAN/architecture/figures/node_modules/@mermaid-js/mermaid-cli/src/cli.js: Copied (new)
2026/09/18 16:51:49 INFO  : X-PLAN/architecture/figures/node_modules/@internationalized/number/dist/private/NumberFormatter.js: Copied (new)
2026/09/18 16:51:49 INFO  : X-PLAN/architecture/figures/node_modules/@internationalized/number/dist/private/NumberFormatter.cjs: Copied (new)
2026/09/18 16:51:49 INFO  : X-PLAN/architecture/figures/node_modules/@internationalized/number/dist/private/NumberFormatter.cjs.map: Copied (new)
2026/09/18 16:51:52 INFO  : X-PLAN/architecture/figures/node_modules/@internationalized/number/dist/private/NumberFormatter.js.map: Copied (new)
2026/09/18 16:51:54 INFO  : X-PLAN/architecture/figures/node_modules/@internationalized/number/dist/private/NumberFormatter.mjs.map: Copied (new)
2026/09/18 16:51:54 INFO  : X-PLAN/architecture/figures/node_modules/@internationalized/number/dist/private/NumberFormatter.mjs: Copied (new)
2026/09/18 16:51:54 INFO  : X-PLAN/architecture/figures/node_modules/@internationalized/number/dist/private/NumberParser.cjs: Copied (new)
2026/09/18 16:51:55 INFO  : X-PLAN/architecture/figures/node_modules/@internationalized/number/dist/private/NumberParser.cjs.map: Copied (new)
2026/09/18 16:51:57 INFO  : X-PLAN/architecture/figures/node_modules/@internationalized/number/dist/private/NumberParser.js.map: Copied (new)
2026/09/18 16:51:57 INFO  : X-PLAN/architecture/figures/node_modules/@internationalized/number/dist/private/NumberParser.js: Copied (new)
2026/09/18 16:51:57 INFO  : X-PLAN/architecture/figures/node_modules/@internationalized/number/dist/private/NumberParser.mjs: Copied (new)
2026/09/18 16:51:58 INFO  : X-PLAN/architecture/figures/node_modules/@internationalized/number/dist/private/NumberParser.mjs.map: Copied (new)
2026/09/18 16:52:04 INFO  : X-PLAN/architecture/figures/node_modules/@puppeteer/browsers/lib/cjs/CLI.d.ts.map: Copied (new)
2026/09/18 16:52:04 INFO  : X-PLAN/architecture/figures/node_modules/@puppeteer/browsers/lib/cjs/CLI.d.ts: Copied (new)
2026/09/18 16:52:04 INFO  : X-PLAN/architecture/figures/node_modules/@puppeteer/browsers/lib/cjs/CLI.js: Copied (new)
2026/09/18 16:52:06 INFO  : X-PLAN/architecture/figures/node_modules/@puppeteer/browsers/lib/cjs/CLI.js.map: Copied (new)
2026/09/18 16:52:08 INFO  : X-PLAN/architecture/figures/node_modules/@puppeteer/browsers/lib/cjs/Cache.d.ts: Copied (new)
2026/09/18 16:52:08 INFO  : X-PLAN/architecture/figures/node_modules/@puppeteer/browsers/lib/cjs/Cache.js: Copied (new)
2026/09/18 16:52:08 INFO  : X-PLAN/architecture/figures/node_modules/@puppeteer/browsers/lib/cjs/Cache.d.ts.map: Copied (new)
2026/09/18 16:52:10 INFO  : X-PLAN/architecture/figures/node_modules/@puppeteer/browsers/lib/cjs/Cache.js.map: Copied (new)
2026/09/18 16:52:12 INFO  : X-PLAN/architecture/figures/node_modules/@puppeteer/browsers/lib/cjs/debug.d.ts: Copied (new)
2026/09/18 16:52:12 INFO  : X-PLAN/architecture/figures/node_modules/@puppeteer/browsers/lib/cjs/debug.js: Copied (new)
2026/09/18 16:52:12 INFO  : X-PLAN/architecture/figures/node_modules/@puppeteer/browsers/lib/cjs/debug.d.ts.map: Copied (new)
2026/09/18 16:52:13 INFO  : X-PLAN/architecture/figures/node_modules/@puppeteer/browsers/lib/cjs/debug.js.map: Copied (new)
2026/09/18 16:52:15 INFO  : X-PLAN/architecture/figures/node_modules/@puppeteer/browsers/lib/cjs/detectPlatform.d.ts: Copied (new)
2026/09/18 16:52:16 INFO  : X-PLAN/architecture/figures/node_modules/@puppeteer/browsers/lib/cjs/detectPlatform.d.ts.map: Copied (new)
2026/09/18 16:52:16 INFO  : X-PLAN/architecture/figures/node_modules/@puppeteer/browsers/lib/cjs/detectPlatform.js: Copied (new)
2026/09/18 16:52:16 INFO  : X-PLAN/architecture/figures/node_modules/@puppeteer/browsers/lib/cjs/detectPlatform.js.map: Copied (new)
2026/09/18 16:52:19 INFO  : X-PLAN/architecture/figures/node_modules/@puppeteer/browsers/lib/cjs/fileUtil.d.ts: Copied (new)
2026/09/18 16:52:19 INFO  : X-PLAN/architecture/figures/node_modules/@puppeteer/browsers/lib/cjs/fileUtil.d.ts.map: Copied (new)
2026/09/18 16:52:19 INFO  : X-PLAN/architecture/figures/node_modules/@puppeteer/browsers/lib/cjs/fileUtil.js: Copied (new)
2026/09/18 16:52:20 INFO  : X-PLAN/architecture/figures/node_modules/@puppeteer/browsers/lib/cjs/fileUtil.js.map: Copied (new)
2026/09/18 16:52:23 INFO  : X-PLAN/architecture/figures/node_modules/@puppeteer/browsers/lib/cjs/httpUtil.d.ts.map: Copied (new)
2026/09/18 16:52:23 INFO  : X-PLAN/architecture/figures/node_modules/@puppeteer/browsers/lib/cjs/httpUtil.d.ts: Copied (new)
2026/09/18 16:52:23 INFO  : X-PLAN/architecture/figures/node_modules/@puppeteer/browsers/lib/cjs/httpUtil.js: Copied (new)
2026/09/18 16:52:24 INFO  : X-PLAN/architecture/figures/node_modules/@puppeteer/browsers/lib/cjs/httpUtil.js.map: Copied (new)
2026/09/18 16:52:26 INFO  : X-PLAN/architecture/figures/node_modules/@puppeteer/browsers/lib/cjs/install.d.ts: Copied (new)
2026/09/18 16:52:26 INFO  : X-PLAN/architecture/figures/node_modules/@puppeteer/browsers/lib/cjs/install.d.ts.map: Copied (new)
2026/09/18 16:52:27 INFO  : X-PLAN/architecture/figures/node_modules/@puppeteer/browsers/lib/cjs/install.js: Copied (new)
2026/09/18 16:52:27 INFO  : X-PLAN/architecture/figures/node_modules/@puppeteer/browsers/lib/cjs/install.js.map: Copied (new)
2026/09/18 16:52:30 INFO  : X-PLAN/architecture/figures/node_modules/@puppeteer/browsers/lib/cjs/launch.d.ts: Copied (new)
2026/09/18 16:52:30 INFO  : X-PLAN/architecture/figures/node_modules/@puppeteer/browsers/lib/cjs/launch.d.ts.map: Copied (new)
2026/09/18 16:52:30 INFO  : X-PLAN/architecture/figures/node_modules/@puppeteer/browsers/lib/cjs/launch.js: Copied (new)
2026/09/18 16:52:31 INFO  : X-PLAN/architecture/figures/node_modules/@puppeteer/browsers/lib/cjs/launch.js.map: Copied (new)
2026/09/18 16:52:33 INFO  : X-PLAN/architecture/figures/node_modules/@puppeteer/browsers/lib/cjs/main-cli.d.ts.map: Copied (new)
2026/09/18 16:52:33 INFO  : X-PLAN/architecture/figures/node_modules/@puppeteer/browsers/lib/cjs/main-cli.d.ts: Copied (new)
2026/09/18 16:52:34 INFO  : X-PLAN/architecture/figures/node_modules/@puppeteer/browsers/lib/cjs/main-cli.js: Copied (new)
2026/09/18 16:52:34 INFO  : X-PLAN/architecture/figures/node_modules/@puppeteer/browsers/lib/cjs/main-cli.js.map: Copied (new)
2026/09/18 16:52:38 INFO  : X-PLAN/architecture/figures/node_modules/@puppeteer/browsers/lib/cjs/main.d.ts.map: Copied (new)
2026/09/18 16:52:38 INFO  : X-PLAN/architecture/figures/node_modules/@puppeteer/browsers/lib/cjs/main.d.ts: Copied (new)
2026/09/18 16:52:39 INFO  : X-PLAN/architecture/figures/node_modules/@puppeteer/browsers/lib/cjs/main.js: Copied (new)
2026/09/18 16:52:39 INFO  : X-PLAN/architecture/figures/node_modules/@puppeteer/browsers/lib/cjs/main.js.map: Copied (new)
2026/09/18 16:52:44 INFO  : X-PLAN/architecture/figures/node_modules/@internationalized/string/src/index.ts: Copied (new)
2026/09/18 16:52:44 INFO  : X-PLAN/architecture/figures/node_modules/@internationalized/string/src/LocalizedStringFormatter.ts: Copied (new)
2026/09/18 16:52:44 INFO  : X-PLAN/architecture/figures/node_modules/@internationalized/string/src/LocalizedStringDictionary.ts: Copied (new)
2026/09/18 16:52:47 INFO  : X-PLAN/architecture/figures/node_modules/@internationalized/date/src/calendars/BuddhistCalendar.ts: Copied (new)
2026/09/18 16:52:49 INFO  : X-PLAN/architecture/figures/node_modules/@internationalized/date/src/calendars/EthiopicCalendar.ts: Copied (new)
2026/09/18 16:52:49 INFO  : X-PLAN/architecture/figures/node_modules/@internationalized/date/src/calendars/GregorianCalendar.ts: Copied (new)
2026/09/18 16:52:49 INFO  : X-PLAN/architecture/figures/node_modules/@internationalized/date/src/calendars/HebrewCalendar.ts: Copied (new)
2026/09/18 16:52:53 INFO  : X-PLAN/architecture/figures/node_modules/@internationalized/date/src/calendars/IndianCalendar.ts: Copied (new)
2026/09/18 16:52:53 INFO  : X-PLAN/architecture/figures/node_modules/@internationalized/date/src/calendars/JapaneseCalendar.ts: Copied (new)
2026/09/18 16:52:53 INFO  : X-PLAN/architecture/figures/node_modules/@internationalized/date/src/calendars/IslamicCalendar.ts: Copied (new)
2026/09/18 16:52:55 INFO  : X-PLAN/architecture/figures/node_modules/@internationalized/date/src/calendars/PersianCalendar.ts: Copied (new)
2026/09/18 16:52:58 INFO  : X-PLAN/architecture/figures/node_modules/@internationalized/date/src/calendars/TaiwanCalendar.ts: Copied (new)
2026/09/18 16:52:59 INFO  : X-PLAN/architecture/figures/node_modules/@swc/helpers/cjs/_apply_decorated_descriptor.cjs: Copied (new)
2026/09/18 16:52:59 INFO  : X-PLAN/architecture/figures/node_modules/@swc/helpers/cjs/_apply_decs_2203_r.cjs: Copied (new)
2026/09/18 16:52:59 INFO  : X-PLAN/architecture/figures/node_modules/@swc/helpers/cjs/_apply_decs_2311.cjs: Copied (new)
2026/09/18 16:53:06 INFO  : X-PLAN/architecture/figures/node_modules/@swc/helpers/cjs/_array_without_holes.cjs: Copied (new)
2026/09/18 16:53:06 INFO  : X-PLAN/architecture/figures/node_modules/@swc/helpers/cjs/_assert_this_initialized.cjs: Copied (new)
2026/09/18 16:53:06 INFO  : X-PLAN/architecture/figures/node_modules/@swc/helpers/cjs/_array_with_holes.cjs: Copied (new)
2026/09/18 16:53:06 INFO  : X-PLAN/architecture/figures/node_modules/@swc/helpers/cjs/_array_like_to_array.cjs: Copied (new)
2026/09/18 16:53:09 INFO  : X-PLAN/architecture/figures/node_modules/@swc/helpers/cjs/_async_generator.cjs: Copied (new)
2026/09/18 16:53:10 INFO  : X-PLAN/architecture/figures/node_modules/@swc/helpers/cjs/_async_iterator.cjs: Copied (new)
2026/09/18 16:53:10 INFO  : X-PLAN/architecture/figures/node_modules/@swc/helpers/cjs/_async_to_generator.cjs: Copied (new)
2026/09/18 16:53:10 INFO  : X-PLAN/architecture/figures/node_modules/@swc/helpers/cjs/_async_generator_delegate.cjs: Copied (new)
2026/09/18 16:53:13 INFO  : X-PLAN/architecture/figures/node_modules/@swc/helpers/cjs/_await_async_generator.cjs: Copied (new)
2026/09/18 16:53:13 INFO  : X-PLAN/architecture/figures/node_modules/@swc/helpers/cjs/_call_super.cjs: Copied (new)
2026/09/18 16:53:13 INFO  : X-PLAN/architecture/figures/node_modules/@swc/helpers/cjs/_await_value.cjs: Copied (new)
2026/09/18 16:53:13 INFO  : X-PLAN/architecture/figures/node_modules/@swc/helpers/cjs/_check_private_redeclaration.cjs: Copied (new)
2026/09/18 16:53:16 INFO  : X-PLAN/architecture/figures/node_modules/@swc/helpers/cjs/_class_apply_descriptor_destructure.cjs: Copied (new)
2026/09/18 16:53:16 INFO  : X-PLAN/architecture/figures/node_modules/@swc/helpers/cjs/_class_apply_descriptor_get.cjs: Copied (new)
2026/09/18 16:53:16 INFO  : X-PLAN/architecture/figures/node_modules/@swc/helpers/cjs/_class_apply_descriptor_set.cjs: Copied (new)
2026/09/18 16:53:17 INFO  : X-PLAN/architecture/figures/node_modules/@swc/helpers/cjs/_class_apply_descriptor_update.cjs: Copied (new)
2026/09/18 16:53:19 INFO  : X-PLAN/architecture/figures/node_modules/@swc/helpers/cjs/_class_call_check.cjs: Copied (new)
2026/09/18 16:53:20 INFO  : X-PLAN/architecture/figures/node_modules/@swc/helpers/cjs/_class_check_private_static_access.cjs: Copied (new)
2026/09/18 16:53:20 INFO  : X-PLAN/architecture/figures/node_modules/@swc/helpers/cjs/_class_check_private_static_field_descriptor.cjs: Copied (new)
2026/09/18 16:53:20 INFO  : X-PLAN/architecture/figures/node_modules/@swc/helpers/cjs/_class_extract_field_descriptor.cjs: Copied (new)
2026/09/18 16:53:23 INFO  : X-PLAN/architecture/figures/node_modules/@swc/helpers/cjs/_class_private_field_destructure.cjs: Copied (new)
2026/09/18 16:53:23 INFO  : X-PLAN/architecture/figures/node_modules/@swc/helpers/cjs/_class_name_tdz_error.cjs: Copied (new)
2026/09/18 16:53:23 INFO  : X-PLAN/architecture/figures/node_modules/@swc/helpers/cjs/_class_private_field_get.cjs: Copied (new)
2026/09/18 16:53:24 INFO  : X-PLAN/architecture/figures/node_modules/@swc/helpers/cjs/_class_private_field_init.cjs: Copied (new)
2026/09/18 16:53:27 INFO  : X-PLAN/architecture/figures/node_modules/@swc/helpers/cjs/_class_private_field_loose_base.cjs: Copied (new)
2026/09/18 16:53:27 INFO  : X-PLAN/architecture/figures/node_modules/@swc/helpers/cjs/_class_private_field_set.cjs: Copied (new)
2026/09/18 16:53:27 INFO  : X-PLAN/architecture/figures/node_modules/@swc/helpers/cjs/_class_private_field_loose_key.cjs: Copied (new)
2026/09/18 16:53:27 INFO  : X-PLAN/architecture/figures/node_modules/@swc/helpers/cjs/_class_private_field_update.cjs: Copied (new)
2026/09/18 16:53:31 INFO  : X-PLAN/architecture/figures/node_modules/@swc/helpers/cjs/_class_private_method_get.cjs: Copied (new)
2026/09/18 16:53:31 INFO  : X-PLAN/architecture/figures/node_modules/@swc/helpers/cjs/_class_private_method_init.cjs: Copied (new)
2026/09/18 16:53:32 INFO  : X-PLAN/architecture/figures/node_modules/@swc/helpers/cjs/_class_static_private_field_destructure.cjs: Copied (new)
2026/09/18 16:53:32 INFO  : X-PLAN/architecture/figures/node_modules/@swc/helpers/cjs/_class_private_method_set.cjs: Copied (new)
2026/09/18 16:53:35 INFO  : X-PLAN/architecture/figures/node_modules/@swc/helpers/cjs/_class_static_private_field_spec_get.cjs: Copied (new)
2026/09/18 16:53:36 INFO  : X-PLAN/architecture/figures/node_modules/@swc/helpers/cjs/_class_static_private_field_spec_set.cjs: Copied (new)
2026/09/18 16:53:36 INFO  : X-PLAN/architecture/figures/node_modules/@swc/helpers/cjs/_class_static_private_field_update.cjs: Copied (new)
2026/09/18 16:53:37 INFO  : X-PLAN/architecture/figures/node_modules/@swc/helpers/cjs/_class_static_private_method_get.cjs: Copied (new)
2026/09/18 16:53:39 INFO  : X-PLAN/architecture/figures/node_modules/@swc/helpers/cjs/_construct.cjs: Copied (new)
2026/09/18 16:53:40 INFO  : X-PLAN/architecture/figures/node_modules/@swc/helpers/cjs/_create_for_of_iterator_helper_loose.cjs: Copied (new)
2026/09/18 16:53:40 INFO  : X-PLAN/architecture/figures/node_modules/@swc/helpers/cjs/_create_class.cjs: Copied (new)
2026/09/18 16:53:40 INFO  : X-PLAN/architecture/figures/node_modules/@swc/helpers/cjs/_create_super.cjs: Copied (new)
2026/09/18 16:53:43 INFO  : X-PLAN/architecture/figures/node_modules/@swc/helpers/cjs/_decorate.cjs: Copied (new)
2026/09/18 16:53:44 INFO  : X-PLAN/architecture/figures/node_modules/@swc/helpers/cjs/_define_enumerable_properties.cjs: Copied (new)
2026/09/18 16:53:44 INFO  : X-PLAN/architecture/figures/node_modules/@swc/helpers/cjs/_defaults.cjs: Copied (new)
2026/09/18 16:53:44 INFO  : X-PLAN/architecture/figures/node_modules/@swc/helpers/cjs/_define_property.cjs: Copied (new)
2026/09/18 16:53:46 INFO  : X-PLAN/architecture/figures/node_modules/@swc/helpers/cjs/_dispose.cjs: Copied (new)
2026/09/18 16:53:47 INFO  : X-PLAN/architecture/figures/node_modules/@swc/helpers/cjs/_export_star.cjs: Copied (new)
2026/09/18 16:53:47 INFO  : X-PLAN/architecture/figures/node_modules/@swc/helpers/cjs/_extends.cjs: Copied (new)
2026/09/18 16:53:47 INFO  : X-PLAN/architecture/figures/node_modules/@swc/helpers/cjs/_get.cjs: Copied (new)
2026/09/18 16:53:51 INFO  : X-PLAN/architecture/figures/node_modules/@swc/helpers/cjs/_get_prototype_of.cjs: Copied (new)
2026/09/18 16:53:52 INFO  : X-PLAN/architecture/figures/node_modules/@swc/helpers/cjs/_inherits_loose.cjs: Copied (new)
2026/09/18 16:53:53 INFO  : X-PLAN/architecture/figures/node_modules/@swc/helpers/cjs/_identity.cjs: Copied (new)
2026/09/18 16:53:53 INFO  : X-PLAN/architecture/figures/node_modules/@swc/helpers/cjs/_inherits.cjs: Copied (new)
2026/09/18 16:53:57 INFO  : X-PLAN/architecture/figures/node_modules/@swc/helpers/cjs/_initializer_define_property.cjs: Copied (new)
2026/09/18 16:53:58 INFO  : X-PLAN/architecture/figures/node_modules/@swc/helpers/cjs/_interop_require_default.cjs: Copied (new)
2026/09/18 16:53:58 INFO  : X-PLAN/architecture/figures/node_modules/@swc/helpers/cjs/_initializer_warning_helper.cjs: Copied (new)
2026/09/18 16:53:58 INFO  : X-PLAN/architecture/figures/node_modules/@swc/helpers/cjs/_instanceof.cjs: Copied (new)
2026/09/18 16:54:03 INFO  : X-PLAN/architecture/figures/node_modules/@swc/helpers/cjs/_interop_require_wildcard.cjs: Copied (new)
2026/09/18 16:54:03 INFO  : X-PLAN/architecture/figures/node_modules/@swc/helpers/cjs/_is_native_reflect_construct.cjs: Copied (new)
2026/09/18 16:54:03 INFO  : X-PLAN/architecture/figures/node_modules/@swc/helpers/cjs/_is_native_function.cjs: Copied (new)
2026/09/18 16:54:04 INFO  : X-PLAN/architecture/figures/node_modules/@swc/helpers/cjs/_iterable_to_array.cjs: Copied (new)
2026/09/18 16:54:08 INFO  : X-PLAN/architecture/figures/node_modules/@swc/helpers/cjs/_iterable_to_array_limit.cjs: Copied (new)
2026/09/18 16:54:08 INFO  : X-PLAN/architecture/figures/node_modules/@swc/helpers/cjs/_jsx.cjs: Copied (new)
2026/09/18 16:54:08 INFO  : X-PLAN/architecture/figures/node_modules/@swc/helpers/cjs/_new_arrow_check.cjs: Copied (new)
2026/09/18 16:54:08 INFO  : X-PLAN/architecture/figures/node_modules/@swc/helpers/cjs/_iterable_to_array_limit_loose.cjs: Copied (new)
2026/09/18 16:54:11 INFO  : X-PLAN/architecture/figures/node_modules/@swc/helpers/cjs/_object_destructuring_empty.cjs: Copied (new)
2026/09/18 16:54:11 INFO  : X-PLAN/architecture/figures/node_modules/@swc/helpers/cjs/_object_spread.cjs: Copied (new)
2026/09/18 16:54:11 INFO  : X-PLAN/architecture/figures/node_modules/@swc/helpers/cjs/_non_iterable_spread.cjs: Copied (new)
2026/09/18 16:54:11 INFO  : X-PLAN/architecture/figures/node_modules/@swc/helpers/cjs/_non_iterable_rest.cjs: Copied (new)
2026/09/18 16:54:14 INFO  : X-PLAN/architecture/figures/node_modules/@swc/helpers/cjs/_object_without_properties_loose.cjs: Copied (new)
2026/09/18 16:54:14 INFO  : X-PLAN/architecture/figures/node_modules/@swc/helpers/cjs/_object_without_properties.cjs: Copied (new)
2026/09/18 16:54:14 INFO  : X-PLAN/architecture/figures/node_modules/@swc/helpers/cjs/_object_spread_props.cjs: Copied (new)
2026/09/18 16:54:14 INFO  : X-PLAN/architecture/figures/node_modules/@swc/helpers/cjs/_overload_yield.cjs: Copied (new)
2026/09/18 16:54:17 INFO  : X-PLAN/architecture/figures/node_modules/@swc/helpers/cjs/_read_only_error.cjs: Copied (new)
2026/09/18 16:54:17 INFO  : X-PLAN/architecture/figures/node_modules/@swc/helpers/cjs/_possible_constructor_return.cjs: Copied (new)
2026/09/18 16:54:17 INFO  : X-PLAN/architecture/figures/node_modules/@swc/helpers/cjs/_set.cjs: Copied (new)
2026/09/18 16:54:18 INFO  : X-PLAN/architecture/figures/node_modules/@swc/helpers/cjs/_set_prototype_of.cjs: Copied (new)
2026/09/18 16:54:22 INFO  : X-PLAN/architecture/figures/node_modules/@swc/helpers/cjs/_skip_first_generator_next.cjs: Copied (new)
2026/09/18 16:54:22 INFO  : X-PLAN/architecture/figures/node_modules/@swc/helpers/cjs/_sliced_to_array_loose.cjs: Copied (new)
2026/09/18 16:54:22 INFO  : X-PLAN/architecture/figures/node_modules/@swc/helpers/cjs/_sliced_to_array.cjs: Copied (new)
2026/09/18 16:54:23 INFO  : X-PLAN/architecture/figures/node_modules/@swc/helpers/cjs/_super_prop_base.cjs: Copied (new)
2026/09/18 16:54:26 INFO  : X-PLAN/architecture/figures/node_modules/@swc/helpers/cjs/_tagged_template_literal.cjs: Copied (new)
2026/09/18 16:54:26 INFO  : X-PLAN/architecture/figures/node_modules/@swc/helpers/cjs/_tagged_template_literal_loose.cjs: Copied (new)
2026/09/18 16:54:26 INFO  : X-PLAN/architecture/figures/node_modules/@swc/helpers/cjs/_throw.cjs: Copied (new)
2026/09/18 16:54:27 INFO  : X-PLAN/architecture/figures/node_modules/@swc/helpers/cjs/_to_array.cjs: Copied (new)
2026/09/18 16:54:29 INFO  : X-PLAN/architecture/figures/node_modules/@swc/helpers/cjs/_to_consumable_array.cjs: Copied (new)
2026/09/18 16:54:29 INFO  : X-PLAN/architecture/figures/node_modules/@swc/helpers/cjs/_to_primitive.cjs: Copied (new)
2026/09/18 16:54:30 INFO  : X-PLAN/architecture/figures/node_modules/@swc/helpers/cjs/_to_property_key.cjs: Copied (new)
2026/09/18 16:54:31 INFO  : X-PLAN/architecture/figures/node_modules/@swc/helpers/cjs/_ts_add_disposable_resource.cjs: Copied (new)
2026/09/18 16:54:33 INFO  : X-PLAN/architecture/figures/node_modules/@swc/helpers/cjs/_ts_decorate.cjs: Copied (new)
2026/09/18 16:54:33 INFO  : X-PLAN/architecture/figures/node_modules/@swc/helpers/cjs/_ts_dispose_resources.cjs: Copied (new)
2026/09/18 16:54:33 INFO  : X-PLAN/architecture/figures/node_modules/@swc/helpers/cjs/_ts_generator.cjs: Copied (new)
2026/09/18 16:54:34 INFO  : X-PLAN/architecture/figures/node_modules/@swc/helpers/cjs/_ts_metadata.cjs: Copied (new)
2026/09/18 16:54:36 INFO  : X-PLAN/architecture/figures/node_modules/@swc/helpers/cjs/_ts_param.cjs: Copied (new)
2026/09/18 16:54:36 INFO  : X-PLAN/architecture/figures/node_modules/@swc/helpers/cjs/_ts_values.cjs: Copied (new)
2026/09/18 16:54:36 INFO  : X-PLAN/architecture/figures/node_modules/@swc/helpers/cjs/_ts_rewrite_relative_import_extension.cjs: Copied (new)
2026/09/18 16:54:37 INFO  : X-PLAN/architecture/figures/node_modules/@swc/helpers/cjs/_type_of.cjs: Copied (new)
2026/09/18 16:54:43 INFO  : X-PLAN/architecture/figures/node_modules/@swc/helpers/cjs/_using_ctx.cjs: Copied (new)
2026/09/18 16:54:43 INFO  : X-PLAN/architecture/figures/node_modules/@swc/helpers/cjs/_unsupported_iterable_to_array.cjs: Copied (new)
2026/09/18 16:54:43 INFO  : X-PLAN/architecture/figures/node_modules/@swc/helpers/cjs/_using.cjs: Copied (new)
2026/09/18 16:54:43 INFO  : X-PLAN/architecture/figures/node_modules/@swc/helpers/cjs/_update.cjs: Copied (new)
2026/09/18 16:54:46 INFO  : X-PLAN/architecture/figures/node_modules/@swc/helpers/cjs/_wrap_async_generator.cjs: Copied (new)
2026/09/18 16:54:46 INFO  : X-PLAN/architecture/figures/node_modules/@swc/helpers/cjs/_wrap_reg_exp.cjs: Copied (new)
2026/09/18 16:54:46 INFO  : X-PLAN/architecture/figures/node_modules/@swc/helpers/cjs/_write_only_error.cjs: Copied (new)
2026/09/18 16:54:46 INFO  : X-PLAN/architecture/figures/node_modules/@swc/helpers/cjs/_wrap_native_super.cjs: Copied (new)
2026/09/18 16:54:49 INFO  : X-PLAN/architecture/figures/node_modules/@swc/helpers/cjs/index.cjs: Copied (new)
2026/09/18 16:54:50 INFO  : X-PLAN/architecture/figures/node_modules/@tootallnate/quickjs-emscripten/c/interface.c: Copied (new)
2026/09/18 16:54:53 INFO  : X-PLAN/architecture/figures/node_modules/@upsetjs/venn.js/package.json: Copied (new)
2026/09/18 16:54:53 INFO  : X-PLAN/architecture/figures/node_modules/@upsetjs/venn.js/LICENSE: Copied (new)
2026/09/18 16:54:53 INFO  : X-PLAN/architecture/figures/node_modules/@react-aria/interactions/src/index.ts: Copied (new)
2026/09/18 16:54:53 INFO  : X-PLAN/architecture/figures/node_modules/@upsetjs/venn.js/README.md: Copied (new)
2026/09/18 16:55:00 INFO  : X-PLAN/architecture/figures/node_modules/@mermaid-js/mermaid-cli/dist-types/src/index.d.ts.map: Copied (new)
2026/09/18 16:55:00 INFO  : X-PLAN/architecture/figures/node_modules/@mermaid-js/mermaid-cli/dist-types/src/cli.d.ts: Copied (new)
2026/09/18 16:55:00 INFO  : X-PLAN/architecture/figures/node_modules/@mermaid-js/mermaid-cli/dist-types/src/index.d.ts: Copied (new)
2026/09/18 16:55:00 INFO  : X-PLAN/architecture/figures/node_modules/@mermaid-js/mermaid-cli/dist-types/src/cli.d.ts.map: Copied (new)
2026/09/18 16:55:05 INFO  : X-PLAN/architecture/figures/node_modules/@mermaid-js/mermaid-cli/dist-types/src/version.d.ts.map: Copied (new)
2026/09/18 16:55:05 INFO  : X-PLAN/architecture/figures/node_modules/@mermaid-js/mermaid-cli/dist-types/src/version.d.ts: Copied (new)
2026/09/18 16:55:05 INFO  : X-PLAN/architecture/figures/node_modules/@types/d3-array/README.md: Copied (new)
2026/09/18 16:55:05 INFO  : X-PLAN/architecture/figures/node_modules/@types/d3-array/LICENSE: Copied (new)
2026/09/18 16:55:10 INFO  : X-PLAN/architecture/figures/node_modules/@types/d3-array/index.d.ts: Copied (new)
2026/09/18 16:55:10 INFO  : X-PLAN/architecture/figures/node_modules/@internationalized/string/dist/private/LocalizedStringDictionary.cjs.map: Copied (new)
2026/09/18 16:55:10 INFO  : X-PLAN/architecture/figures/node_modules/@types/d3-array/package.json: Copied (new)
2026/09/18 16:55:12 INFO  : X-PLAN/architecture/figures/node_modules/@internationalized/string/dist/private/LocalizedStringDictionary.cjs: Copied (new)
2026/09/18 16:55:15 INFO  : X-PLAN/architecture/figures/node_modules/@internationalized/string/dist/private/LocalizedStringDictionary.js: Copied (new)
2026/09/18 16:55:15 INFO  : X-PLAN/architecture/figures/node_modules/@internationalized/string/dist/private/LocalizedStringDictionary.js.map: Copied (new)
2026/09/18 16:55:15 INFO  : X-PLAN/architecture/figures/node_modules/@internationalized/string/dist/private/LocalizedStringDictionary.mjs: Copied (new)
2026/09/18 16:55:16 INFO  : X-PLAN/architecture/figures/node_modules/@internationalized/string/dist/private/LocalizedStringDictionary.mjs.map: Copied (new)
2026/09/18 16:55:19 INFO  : X-PLAN/architecture/figures/node_modules/@internationalized/string/dist/private/LocalizedStringFormatter.cjs: Copied (new)
2026/09/18 16:55:20 INFO  : X-PLAN/architecture/figures/node_modules/@internationalized/string/dist/private/LocalizedStringFormatter.js: Copied (new)
2026/09/18 16:55:20 INFO  : X-PLAN/architecture/figures/node_modules/@internationalized/string/dist/private/LocalizedStringFormatter.cjs.map: Copied (new)
2026/09/18 16:55:21 INFO  : X-PLAN/architecture/figures/node_modules/@internationalized/string/dist/private/LocalizedStringFormatter.js.map: Copied (new)
2026/09/18 16:55:23 INFO  : X-PLAN/architecture/figures/node_modules/@internationalized/string/dist/private/LocalizedStringFormatter.mjs: Copied (new)
2026/09/18 16:55:24 INFO  : X-PLAN/architecture/figures/node_modules/@internationalized/string/dist/private/LocalizedStringFormatter.mjs.map: Copied (new)
2026/09/18 16:55:24 INFO  : X-PLAN/architecture/figures/node_modules/agent-base/LICENSE: Copied (new)
2026/09/18 16:55:24 INFO  : X-PLAN/architecture/figures/node_modules/agent-base/README.md: Copied (new)
2026/09/18 16:55:27 INFO  : X-PLAN/architecture/figures/node_modules/agent-base/package.json: Copied (new)
2026/09/18 16:55:29 INFO  : X-PLAN/architecture/figures/node_modules/@tanstack/react-virtual/src/index.tsx: Copied (new)
2026/09/18 16:55:29 INFO  : X-PLAN/architecture/figures/node_modules/@puppeteer/browsers/src/browser-data/browser-data.ts: Copied (new)
2026/09/18 16:55:31 INFO  : X-PLAN/architecture/figures/node_modules/@puppeteer/browsers/src/browser-data/chrome-headless-shell.ts: Copied (new)
2026/09/18 16:55:32 INFO  : X-PLAN/architecture/figures/node_modules/@swc/helpers/_/_apply_decorated_descriptor/package.json: Copied (new)
2026/09/18 16:55:33 INFO  : X-PLAN/architecture/figures/node_modules/@puppeteer/browsers/src/browser-data/chrome.ts: Copied (new)
2026/09/18 16:55:33 INFO  : X-PLAN/architecture/figures/node_modules/@puppeteer/browsers/src/browser-data/chromedriver.ts: Copied (new)
2026/09/18 16:55:34 INFO  : X-PLAN/architecture/figures/node_modules/@puppeteer/browsers/src/browser-data/chromium.ts: Copied (new)
2026/09/18 16:55:35 INFO  : X-PLAN/architecture/figures/node_modules/@puppeteer/browsers/src/browser-data/firefox.ts: Copied (new)
2026/09/18 16:55:37 INFO  : X-PLAN/architecture/figures/node_modules/@internationalized/date/dist/private/calendars/BuddhistCalendar.cjs: Copied (new)
2026/09/18 16:55:37 INFO  : X-PLAN/architecture/figures/node_modules/@puppeteer/browsers/src/browser-data/types.ts: Copied (new)
2026/09/18 16:55:38 INFO  : X-PLAN/architecture/figures/node_modules/@internationalized/date/dist/private/calendars/BuddhistCalendar.cjs.map: Copied (new)
2026/09/18 16:55:39 INFO  : X-PLAN/architecture/figures/node_modules/@internationalized/date/dist/private/calendars/BuddhistCalendar.js: Copied (new)
2026/09/18 16:55:40 INFO  : X-PLAN/architecture/figures/node_modules/@internationalized/date/dist/private/calendars/BuddhistCalendar.js.map: Copied (new)
2026/09/18 16:55:40 INFO  : X-PLAN/architecture/figures/node_modules/@internationalized/date/dist/private/calendars/BuddhistCalendar.mjs: Copied (new)
2026/09/18 16:55:41 INFO  : X-PLAN/architecture/figures/node_modules/@internationalized/date/dist/private/calendars/BuddhistCalendar.mjs.map: Copied (new)
2026/09/18 16:55:42 INFO  : X-PLAN/architecture/figures/node_modules/@internationalized/date/dist/private/calendars/EthiopicCalendar.cjs: Copied (new)
2026/09/18 16:55:43 INFO  : X-PLAN/architecture/figures/node_modules/@internationalized/date/dist/private/calendars/EthiopicCalendar.cjs.map: Copied (new)
2026/09/18 16:55:43 INFO  : X-PLAN/architecture/figures/node_modules/@internationalized/date/dist/private/calendars/EthiopicCalendar.js: Copied (new)
2026/09/18 16:55:45 INFO  : X-PLAN/architecture/figures/node_modules/@internationalized/date/dist/private/calendars/EthiopicCalendar.js.map: Copied (new)
2026/09/18 16:55:46 INFO  : X-PLAN/architecture/figures/node_modules/@internationalized/date/dist/private/calendars/EthiopicCalendar.mjs: Copied (new)
2026/09/18 16:55:46 INFO  : X-PLAN/architecture/figures/node_modules/@internationalized/date/dist/private/calendars/GregorianCalendar.cjs: Copied (new)
2026/09/18 16:55:46 INFO  : X-PLAN/architecture/figures/node_modules/@internationalized/date/dist/private/calendars/EthiopicCalendar.mjs.map: Copied (new)
2026/09/18 16:55:50 INFO  : X-PLAN/architecture/figures/node_modules/@internationalized/date/dist/private/calendars/GregorianCalendar.cjs.map: Copied (new)
2026/09/18 16:55:50 INFO  : X-PLAN/architecture/figures/node_modules/@internationalized/date/dist/private/calendars/GregorianCalendar.js: Copied (new)
2026/09/18 16:55:50 INFO  : X-PLAN/architecture/figures/node_modules/@internationalized/date/dist/private/calendars/GregorianCalendar.mjs: Copied (new)
2026/09/18 16:55:50 INFO  : X-PLAN/architecture/figures/node_modules/@internationalized/date/dist/private/calendars/GregorianCalendar.js.map: Copied (new)
2026/09/18 16:55:56 INFO  : X-PLAN/architecture/figures/node_modules/@internationalized/date/dist/private/calendars/HebrewCalendar.js: Copied (new)
2026/09/18 16:55:56 INFO  : X-PLAN/architecture/figures/node_modules/@internationalized/date/dist/private/calendars/HebrewCalendar.cjs.map: Copied (new)
2026/09/18 16:55:56 INFO  : X-PLAN/architecture/figures/node_modules/@internationalized/date/dist/private/calendars/HebrewCalendar.cjs: Copied (new)
2026/09/18 16:55:56 INFO  : X-PLAN/architecture/figures/node_modules/@internationalized/date/dist/private/calendars/GregorianCalendar.mjs.map: Copied (new)
2026/09/18 16:56:05 INFO  : X-PLAN/architecture/figures/node_modules/@internationalized/date/dist/private/calendars/HebrewCalendar.mjs: Copied (new)
2026/09/18 16:56:05 INFO  : X-PLAN/architecture/figures/node_modules/@internationalized/date/dist/private/calendars/HebrewCalendar.js.map: Copied (new)
2026/09/18 16:56:05 INFO  : X-PLAN/architecture/figures/node_modules/@internationalized/date/dist/private/calendars/IndianCalendar.cjs: Copied (new)
2026/09/18 16:56:06 INFO  : X-PLAN/architecture/figures/node_modules/@internationalized/date/dist/private/calendars/HebrewCalendar.mjs.map: Copied (new)
2026/09/18 16:56:10 INFO  : X-PLAN/architecture/figures/node_modules/@internationalized/date/dist/private/calendars/IndianCalendar.cjs.map: Copied (new)
2026/09/18 16:56:10 INFO  : X-PLAN/architecture/figures/node_modules/@internationalized/date/dist/private/calendars/IndianCalendar.mjs: Copied (new)
2026/09/18 16:56:10 INFO  : X-PLAN/architecture/figures/node_modules/@internationalized/date/dist/private/calendars/IndianCalendar.js.map: Copied (new)
2026/09/18 16:56:11 INFO  : X-PLAN/architecture/figures/node_modules/@internationalized/date/dist/private/calendars/IndianCalendar.js: Copied (new)
2026/09/18 16:56:14 INFO  : X-PLAN/architecture/figures/node_modules/@internationalized/date/dist/private/calendars/IslamicCalendar.cjs: Copied (new)
2026/09/18 16:56:14 INFO  : X-PLAN/architecture/figures/node_modules/@internationalized/date/dist/private/calendars/IndianCalendar.mjs.map: Copied (new)
2026/09/18 16:56:14 INFO  : X-PLAN/architecture/figures/node_modules/@internationalized/date/dist/private/calendars/IslamicCalendar.cjs.map: Copied (new)
2026/09/18 16:56:15 INFO  : X-PLAN/architecture/figures/node_modules/@internationalized/date/dist/private/calendars/IslamicCalendar.js: Copied (new)
2026/09/18 16:56:17 INFO  : X-PLAN/architecture/figures/node_modules/@internationalized/date/dist/private/calendars/IslamicCalendar.mjs: Copied (new)
2026/09/18 16:56:17 INFO  : X-PLAN/architecture/figures/node_modules/@internationalized/date/dist/private/calendars/IslamicCalendar.js.map: Copied (new)
2026/09/18 16:56:17 INFO  : X-PLAN/architecture/figures/node_modules/@internationalized/date/dist/private/calendars/IslamicCalendar.mjs.map: Copied (new)
2026/09/18 16:56:18 INFO  : X-PLAN/architecture/figures/node_modules/@internationalized/date/dist/private/calendars/JapaneseCalendar.cjs: Copied (new)
2026/09/18 16:56:21 INFO  : X-PLAN/architecture/figures/node_modules/@internationalized/date/dist/private/calendars/JapaneseCalendar.js: Copied (new)
2026/09/18 16:56:21 INFO  : X-PLAN/architecture/figures/node_modules/@internationalized/date/dist/private/calendars/JapaneseCalendar.cjs.map: Copied (new)
2026/09/18 16:56:21 INFO  : X-PLAN/architecture/figures/node_modules/@internationalized/date/dist/private/calendars/JapaneseCalendar.js.map: Copied (new)
2026/09/18 16:56:22 INFO  : X-PLAN/architecture/figures/node_modules/@internationalized/date/dist/private/calendars/JapaneseCalendar.mjs: Copied (new)
2026/09/18 16:56:24 INFO  : X-PLAN/architecture/figures/node_modules/@internationalized/date/dist/private/calendars/JapaneseCalendar.mjs.map: Copied (new)
2026/09/18 16:56:24 INFO  : X-PLAN/architecture/figures/node_modules/@internationalized/date/dist/private/calendars/PersianCalendar.cjs: Copied (new)
2026/09/18 16:56:24 INFO  : X-PLAN/architecture/figures/node_modules/@internationalized/date/dist/private/calendars/PersianCalendar.cjs.map: Copied (new)
2026/09/18 16:56:26 INFO  : X-PLAN/architecture/figures/node_modules/@internationalized/date/dist/private/calendars/PersianCalendar.js: Copied (new)
2026/09/18 16:56:27 INFO  : X-PLAN/architecture/figures/node_modules/@internationalized/date/dist/private/calendars/PersianCalendar.js.map: Copied (new)
2026/09/18 16:56:28 INFO  : X-PLAN/architecture/figures/node_modules/@internationalized/date/dist/private/calendars/PersianCalendar.mjs.map: Copied (new)
2026/09/18 16:56:28 INFO  : X-PLAN/architecture/figures/node_modules/@internationalized/date/dist/private/calendars/PersianCalendar.mjs: Copied (new)
2026/09/18 16:56:32 INFO  : X-PLAN/architecture/figures/node_modules/@internationalized/date/dist/private/calendars/TaiwanCalendar.cjs: Copied (new)
2026/09/18 16:56:32 INFO  : X-PLAN/architecture/figures/node_modules/@internationalized/date/dist/private/calendars/TaiwanCalendar.js: Copied (new)
2026/09/18 16:56:32 INFO  : X-PLAN/architecture/figures/node_modules/@internationalized/date/dist/private/calendars/TaiwanCalendar.js.map: Copied (new)
2026/09/18 16:56:32 INFO  : X-PLAN/architecture/figures/node_modules/@internationalized/date/dist/private/calendars/TaiwanCalendar.cjs.map: Copied (new)
2026/09/18 16:56:38 INFO  : X-PLAN/architecture/figures/node_modules/@internationalized/date/dist/private/calendars/TaiwanCalendar.mjs.map: Copied (new)
2026/09/18 16:56:38 INFO  : X-PLAN/architecture/figures/node_modules/@puppeteer/browsers/lib/esm/CLI.d.ts.map: Copied (new)
2026/09/18 16:56:38 INFO  : X-PLAN/architecture/figures/node_modules/@internationalized/date/dist/private/calendars/TaiwanCalendar.mjs: Copied (new)
2026/09/18 16:56:38 INFO  : X-PLAN/architecture/figures/node_modules/@puppeteer/browsers/lib/esm/CLI.d.ts: Copied (new)
2026/09/18 16:56:42 INFO  : X-PLAN/architecture/figures/node_modules/@puppeteer/browsers/lib/esm/CLI.js.map: Copied (new)
2026/09/18 16:56:42 INFO  : X-PLAN/architecture/figures/node_modules/@puppeteer/browsers/lib/esm/Cache.d.ts: Copied (new)
2026/09/18 16:56:42 INFO  : X-PLAN/architecture/figures/node_modules/@puppeteer/browsers/lib/esm/CLI.js: Copied (new)
2026/09/18 16:56:42 INFO  : X-PLAN/architecture/figures/node_modules/@puppeteer/browsers/lib/esm/Cache.d.ts.map: Copied (new)
2026/09/18 16:56:45 INFO  : X-PLAN/architecture/figures/node_modules/@puppeteer/browsers/lib/esm/debug.d.ts: Copied (new)
2026/09/18 16:56:46 INFO  : X-PLAN/architecture/figures/node_modules/@puppeteer/browsers/lib/esm/Cache.js: Copied (new)
2026/09/18 16:56:46 INFO  : X-PLAN/architecture/figures/node_modules/@puppeteer/browsers/lib/esm/Cache.js.map: Copied (new)
2026/09/18 16:56:46 INFO  : X-PLAN/architecture/figures/node_modules/@puppeteer/browsers/lib/esm/debug.d.ts.map: Copied (new)
2026/09/18 16:56:49 INFO  : X-PLAN/architecture/figures/node_modules/@puppeteer/browsers/lib/esm/debug.js: Copied (new)
2026/09/18 16:56:49 INFO  : X-PLAN/architecture/figures/node_modules/@puppeteer/browsers/lib/esm/debug.js.map: Copied (new)
2026/09/18 16:56:49 INFO  : X-PLAN/architecture/figures/node_modules/@puppeteer/browsers/lib/esm/detectPlatform.d.ts: Copied (new)
2026/09/18 16:56:50 INFO  : X-PLAN/architecture/figures/node_modules/@puppeteer/browsers/lib/esm/detectPlatform.d.ts.map: Copied (new)
2026/09/18 16:56:53 INFO  : X-PLAN/architecture/figures/node_modules/@puppeteer/browsers/lib/esm/detectPlatform.js: Copied (new)
2026/09/18 16:56:53 INFO  : X-PLAN/architecture/figures/node_modules/@puppeteer/browsers/lib/esm/fileUtil.d.ts: Copied (new)
2026/09/18 16:56:53 INFO  : X-PLAN/architecture/figures/node_modules/@puppeteer/browsers/lib/esm/detectPlatform.js.map: Copied (new)
2026/09/18 16:56:54 INFO  : X-PLAN/architecture/figures/node_modules/@puppeteer/browsers/lib/esm/fileUtil.d.ts.map: Copied (new)
2026/09/18 16:56:57 INFO  : X-PLAN/architecture/figures/node_modules/@puppeteer/browsers/lib/esm/fileUtil.js: Copied (new)
2026/09/18 16:56:57 INFO  : X-PLAN/architecture/figures/node_modules/@puppeteer/browsers/lib/esm/fileUtil.js.map: Copied (new)
2026/09/18 16:56:58 INFO  : X-PLAN/architecture/figures/node_modules/@puppeteer/browsers/lib/esm/httpUtil.d.ts: Copied (new)
2026/09/18 16:56:59 INFO  : X-PLAN/architecture/figures/node_modules/@puppeteer/browsers/lib/esm/httpUtil.d.ts.map: Copied (new)
2026/09/18 16:57:02 INFO  : X-PLAN/architecture/figures/node_modules/@puppeteer/browsers/lib/esm/httpUtil.js: Copied (new)
2026/09/18 16:57:03 INFO  : X-PLAN/architecture/figures/node_modules/@puppeteer/browsers/lib/esm/install.d.ts: Copied (new)
2026/09/18 16:57:03 INFO  : X-PLAN/architecture/figures/node_modules/@puppeteer/browsers/lib/esm/httpUtil.js.map: Copied (new)
2026/09/18 16:57:04 INFO  : X-PLAN/architecture/figures/node_modules/@puppeteer/browsers/lib/esm/install.d.ts.map: Copied (new)
2026/09/18 16:57:07 INFO  : X-PLAN/architecture/figures/node_modules/@puppeteer/browsers/lib/esm/install.js.map: Copied (new)
2026/09/18 16:57:07 INFO  : X-PLAN/architecture/figures/node_modules/@puppeteer/browsers/lib/esm/install.js: Copied (new)
2026/09/18 16:57:07 INFO  : X-PLAN/architecture/figures/node_modules/@puppeteer/browsers/lib/esm/launch.d.ts.map: Copied (new)
2026/09/18 16:57:07 INFO  : X-PLAN/architecture/figures/node_modules/@puppeteer/browsers/lib/esm/launch.d.ts: Copied (new)
2026/09/18 16:57:11 INFO  : X-PLAN/architecture/figures/node_modules/@puppeteer/browsers/lib/esm/launch.js.map: Copied (new)
2026/09/18 16:57:12 INFO  : X-PLAN/architecture/figures/node_modules/@puppeteer/browsers/lib/esm/main-cli.d.ts: Copied (new)
2026/09/18 16:57:12 INFO  : X-PLAN/architecture/figures/node_modules/@puppeteer/browsers/lib/esm/launch.js: Copied (new)
2026/09/18 16:57:12 INFO  : X-PLAN/architecture/figures/node_modules/@puppeteer/browsers/lib/esm/main-cli.d.ts.map: Copied (new)
2026/09/18 16:57:15 INFO  : X-PLAN/architecture/figures/node_modules/@puppeteer/browsers/lib/esm/main.d.ts: Copied (new)
2026/09/18 16:57:16 INFO  : X-PLAN/architecture/figures/node_modules/@puppeteer/browsers/lib/esm/main.d.ts.map: Copied (new)
2026/09/18 16:57:16 INFO  : X-PLAN/architecture/figures/node_modules/@puppeteer/browsers/lib/esm/main-cli.js.map: Copied (new)
2026/09/18 16:57:16 INFO  : X-PLAN/architecture/figures/node_modules/@puppeteer/browsers/lib/esm/main-cli.js: Copied (new)
2026/09/18 16:57:19 INFO  : X-PLAN/architecture/figures/node_modules/@puppeteer/browsers/lib/esm/main.js: Copied (new)
2026/09/18 16:57:20 INFO  : X-PLAN/architecture/figures/node_modules/@puppeteer/browsers/lib/esm/main.js.map: Copied (new)
2026/09/18 16:57:20 INFO  : X-PLAN/architecture/figures/node_modules/@puppeteer/browsers/lib/esm/package.json: Copied (new)
2026/09/18 16:58:16 INFO  : X-PLAN/architecture/figures/node_modules/@swc/helpers/esm/_apply_decorated_descriptor.js: Copied (new)
2026/09/18 16:58:16 INFO  : X-PLAN/architecture/figures/node_modules/@tanstack/react-virtual/dist/cjs/index.d.cts: Copied (new)
2026/09/18 16:58:17 INFO  : X-PLAN/architecture/figures/node_modules/@tanstack/react-virtual/dist/cjs/index.cjs.map: Copied (new)
2026/09/18 16:58:17 INFO  : X-PLAN/architecture/figures/node_modules/@tanstack/react-virtual/dist/cjs/index.cjs: Copied (new)
2026/09/18 16:58:20 INFO  : X-PLAN/architecture/figures/node_modules/@swc/helpers/esm/_apply_decs_2203_r.js: Copied (new)
2026/09/18 16:58:21 INFO  : X-PLAN/architecture/figures/node_modules/@swc/helpers/esm/_apply_decs_2311.js: Copied (new)
2026/09/18 16:58:21 INFO  : X-PLAN/architecture/figures/node_modules/@swc/helpers/esm/_array_like_to_array.js: Copied (new)
2026/09/18 16:58:21 INFO  : X-PLAN/architecture/figures/node_modules/@swc/helpers/esm/_array_with_holes.js: Copied (new)
2026/09/18 16:58:24 INFO  : X-PLAN/architecture/figures/node_modules/@swc/helpers/esm/_array_without_holes.js: Copied (new)
2026/09/18 16:58:24 INFO  : X-PLAN/architecture/figures/node_modules/@swc/helpers/esm/_assert_this_initialized.js: Copied (new)
2026/09/18 16:58:24 INFO  : X-PLAN/architecture/figures/node_modules/@swc/helpers/esm/_async_generator.js: Copied (new)
2026/09/18 16:58:25 INFO  : X-PLAN/architecture/figures/node_modules/@swc/helpers/esm/_async_generator_delegate.js: Copied (new)
2026/09/18 16:58:27 INFO  : X-PLAN/architecture/figures/node_modules/@swc/helpers/esm/_async_iterator.js: Copied (new)
2026/09/18 16:58:28 INFO  : X-PLAN/architecture/figures/node_modules/@swc/helpers/esm/_async_to_generator.js: Copied (new)
2026/09/18 16:58:28 INFO  : X-PLAN/architecture/figures/node_modules/@swc/helpers/esm/_await_async_generator.js: Copied (new)
2026/09/18 16:58:28 INFO  : X-PLAN/architecture/figures/node_modules/@swc/helpers/esm/_await_value.js: Copied (new)
2026/09/18 16:58:31 INFO  : X-PLAN/architecture/figures/node_modules/@swc/helpers/esm/_call_super.js: Copied (new)
2026/09/18 16:58:31 INFO  : X-PLAN/architecture/figures/node_modules/@swc/helpers/esm/_check_private_redeclaration.js: Copied (new)
2026/09/18 16:58:31 INFO  : X-PLAN/architecture/figures/node_modules/@swc/helpers/esm/_class_apply_descriptor_destructure.js: Copied (new)
2026/09/18 16:58:32 INFO  : X-PLAN/architecture/figures/node_modules/@swc/helpers/esm/_class_apply_descriptor_get.js: Copied (new)
2026/09/18 16:58:34 INFO  : X-PLAN/architecture/figures/node_modules/@swc/helpers/esm/_class_apply_descriptor_update.js: Copied (new)
2026/09/18 16:58:34 INFO  : X-PLAN/architecture/figures/node_modules/@swc/helpers/esm/_class_apply_descriptor_set.js: Copied (new)
2026/09/18 16:58:35 INFO  : X-PLAN/architecture/figures/node_modules/@swc/helpers/esm/_class_call_check.js: Copied (new)
2026/09/18 16:58:35 INFO  : X-PLAN/architecture/figures/node_modules/@swc/helpers/esm/_class_check_private_static_access.js: Copied (new)
2026/09/18 16:58:38 INFO  : X-PLAN/architecture/figures/node_modules/@swc/helpers/esm/_class_extract_field_descriptor.js: Copied (new)
2026/09/18 16:58:38 INFO  : X-PLAN/architecture/figures/node_modules/@swc/helpers/esm/_class_check_private_static_field_descriptor.js: Copied (new)
2026/09/18 16:58:38 INFO  : X-PLAN/architecture/figures/node_modules/@swc/helpers/esm/_class_name_tdz_error.js: Copied (new)
2026/09/18 16:58:38 INFO  : X-PLAN/architecture/figures/node_modules/@swc/helpers/esm/_class_private_field_destructure.js: Copied (new)
2026/09/18 16:58:41 INFO  : X-PLAN/architecture/figures/node_modules/@swc/helpers/esm/_class_private_field_get.js: Copied (new)
2026/09/18 16:58:41 INFO  : X-PLAN/architecture/figures/node_modules/@swc/helpers/esm/_class_private_field_loose_base.js: Copied (new)
2026/09/18 16:58:41 INFO  : X-PLAN/architecture/figures/node_modules/@swc/helpers/esm/_class_private_field_init.js: Copied (new)
2026/09/18 16:58:42 INFO  : X-PLAN/architecture/figures/node_modules/@swc/helpers/esm/_class_private_field_loose_key.js: Copied (new)
2026/09/18 16:58:44 INFO  : X-PLAN/architecture/figures/node_modules/@swc/helpers/esm/_class_private_field_set.js: Copied (new)
2026/09/18 16:58:44 INFO  : X-PLAN/architecture/figures/node_modules/@swc/helpers/esm/_class_private_method_get.js: Copied (new)
2026/09/18 16:58:44 INFO  : X-PLAN/architecture/figures/node_modules/@swc/helpers/esm/_class_private_field_update.js: Copied (new)
2026/09/18 16:58:45 INFO  : X-PLAN/architecture/figures/node_modules/@swc/helpers/esm/_class_private_method_init.js: Copied (new)
2026/09/18 16:58:47 INFO  : X-PLAN/architecture/figures/node_modules/@swc/helpers/esm/_class_private_method_set.js: Copied (new)
2026/09/18 16:58:48 INFO  : X-PLAN/architecture/figures/node_modules/@swc/helpers/esm/_class_static_private_field_spec_get.js: Copied (new)
2026/09/18 16:58:48 INFO  : X-PLAN/architecture/figures/node_modules/@swc/helpers/esm/_class_static_private_field_destructure.js: Copied (new)
2026/09/18 16:58:48 INFO  : X-PLAN/architecture/figures/node_modules/@swc/helpers/esm/_class_static_private_field_spec_set.js: Copied (new)
2026/09/18 16:58:51 INFO  : X-PLAN/architecture/figures/node_modules/@swc/helpers/esm/_class_static_private_field_update.js: Copied (new)
2026/09/18 16:58:51 INFO  : X-PLAN/architecture/figures/node_modules/@swc/helpers/esm/_create_class.js: Copied (new)
2026/09/18 16:58:51 INFO  : X-PLAN/architecture/figures/node_modules/@swc/helpers/esm/_construct.js: Copied (new)
2026/09/18 16:58:51 INFO  : X-PLAN/architecture/figures/node_modules/@swc/helpers/esm/_class_static_private_method_get.js: Copied (new)
2026/09/18 16:58:55 INFO  : X-PLAN/architecture/figures/node_modules/@swc/helpers/esm/_create_for_of_iterator_helper_loose.js: Copied (new)
2026/09/18 16:58:55 INFO  : X-PLAN/architecture/figures/node_modules/@swc/helpers/esm/_decorate.js: Copied (new)
2026/09/18 16:58:55 INFO  : X-PLAN/architecture/figures/node_modules/@swc/helpers/esm/_create_super.js: Copied (new)
2026/09/18 16:58:55 INFO  : X-PLAN/architecture/figures/node_modules/@swc/helpers/esm/_defaults.js: Copied (new)
2026/09/18 16:58:58 INFO  : X-PLAN/architecture/figures/node_modules/@swc/helpers/esm/_define_enumerable_properties.js: Copied (new)
2026/09/18 16:58:58 INFO  : X-PLAN/architecture/figures/node_modules/@swc/helpers/esm/_define_property.js: Copied (new)
2026/09/18 16:58:58 INFO  : X-PLAN/architecture/figures/node_modules/@swc/helpers/esm/_dispose.js: Copied (new)
2026/09/18 16:58:58 INFO  : X-PLAN/architecture/figures/node_modules/@swc/helpers/esm/_export_star.js: Copied (new)
2026/09/18 16:59:01 INFO  : X-PLAN/architecture/figures/node_modules/@swc/helpers/esm/_extends.js: Copied (new)
2026/09/18 16:59:01 INFO  : X-PLAN/architecture/figures/node_modules/@swc/helpers/esm/_get_prototype_of.js: Copied (new)
2026/09/18 16:59:04 INFO  : X-PLAN/architecture/figures/node_modules/@swc/helpers/esm/_get.js: Copied (new)
2026/09/18 16:59:04 INFO  : X-PLAN/architecture/figures/node_modules/@swc/helpers/esm/_identity.js: Copied (new)
2026/09/18 16:59:05 INFO  : X-PLAN/architecture/figures/node_modules/@swc/helpers/esm/_inherits.js: Copied (new)
2026/09/18 16:59:06 INFO  : X-PLAN/architecture/figures/node_modules/@swc/helpers/esm/_inherits_loose.js: Copied (new)
2026/09/18 16:59:09 INFO  : X-PLAN/architecture/figures/node_modules/@swc/helpers/esm/_initializer_define_property.js: Copied (new)
2026/09/18 16:59:09 INFO  : X-PLAN/architecture/figures/node_modules/@swc/helpers/esm/_initializer_warning_helper.js: Copied (new)
2026/09/18 16:59:10 INFO  : X-PLAN/architecture/figures/node_modules/@swc/helpers/esm/_instanceof.js: Copied (new)
2026/09/18 16:59:12 INFO  : X-PLAN/architecture/figures/node_modules/@swc/helpers/esm/_interop_require_default.js: Copied (new)
2026/09/18 16:59:14 INFO  : X-PLAN/architecture/figures/node_modules/@swc/helpers/esm/_interop_require_wildcard.js: Copied (new)
2026/09/18 16:59:14 INFO  : X-PLAN/architecture/figures/node_modules/@swc/helpers/esm/_is_native_reflect_construct.js: Copied (new)
2026/09/18 16:59:15 INFO  : X-PLAN/architecture/figures/node_modules/@swc/helpers/esm/_is_native_function.js: Copied (new)
2026/09/18 16:59:16 INFO  : X-PLAN/architecture/figures/node_modules/@swc/helpers/esm/_iterable_to_array.js: Copied (new)
2026/09/18 16:59:18 INFO  : X-PLAN/architecture/figures/node_modules/@swc/helpers/esm/_iterable_to_array_limit.js: Copied (new)
2026/09/18 16:59:18 INFO  : X-PLAN/architecture/figures/node_modules/@swc/helpers/esm/_iterable_to_array_limit_loose.js: Copied (new)
2026/09/18 16:59:18 INFO  : X-PLAN/architecture/figures/node_modules/@swc/helpers/esm/_jsx.js: Copied (new)
2026/09/18 16:59:19 INFO  : X-PLAN/architecture/figures/node_modules/@swc/helpers/esm/_new_arrow_check.js: Copied (new)
2026/09/18 16:59:21 INFO  : X-PLAN/architecture/figures/node_modules/@swc/helpers/esm/_non_iterable_spread.js: Copied (new)
2026/09/18 16:59:21 INFO  : X-PLAN/architecture/figures/node_modules/@swc/helpers/esm/_object_destructuring_empty.js: Copied (new)
2026/09/18 16:59:22 INFO  : X-PLAN/architecture/figures/node_modules/@swc/helpers/esm/_non_iterable_rest.js: Copied (new)
2026/09/18 16:59:23 INFO  : X-PLAN/architecture/figures/node_modules/@swc/helpers/esm/_object_spread.js: Copied (new)
2026/09/18 16:59:24 INFO  : X-PLAN/architecture/figures/node_modules/@swc/helpers/esm/_object_spread_props.js: Copied (new)
2026/09/18 16:59:25 INFO  : X-PLAN/architecture/figures/node_modules/@swc/helpers/esm/_object_without_properties_loose.js: Copied (new)
2026/09/18 16:59:25 INFO  : X-PLAN/architecture/figures/node_modules/@swc/helpers/esm/_object_without_properties.js: Copied (new)
2026/09/18 16:59:29 INFO  : X-PLAN/architecture/figures/node_modules/@swc/helpers/esm/_read_only_error.js: Copied (new)
2026/09/18 16:59:30 INFO  : X-PLAN/architecture/figures/node_modules/@swc/helpers/esm/_set.js: Copied (new)
2026/09/18 16:59:30 INFO  : X-PLAN/architecture/figures/node_modules/@swc/helpers/esm/_possible_constructor_return.js: Copied (new)
2026/09/18 16:59:30 INFO  : X-PLAN/architecture/figures/node_modules/@swc/helpers/esm/_overload_yield.js: Copied (new)
2026/09/18 16:59:34 INFO  : X-PLAN/architecture/figures/node_modules/@swc/helpers/esm/_set_prototype_of.js: Copied (new)
2026/09/18 16:59:35 INFO  : X-PLAN/architecture/figures/node_modules/@swc/helpers/esm/_sliced_to_array.js: Copied (new)
2026/09/18 16:59:35 INFO  : X-PLAN/architecture/figures/node_modules/@swc/helpers/esm/_skip_first_generator_next.js: Copied (new)
2026/09/18 16:59:36 INFO  : X-PLAN/architecture/figures/node_modules/@swc/helpers/esm/_sliced_to_array_loose.js: Copied (new)
2026/09/18 16:59:40 INFO  : X-PLAN/architecture/figures/node_modules/@swc/helpers/esm/_tagged_template_literal.js: Copied (new)
2026/09/18 16:59:40 INFO  : X-PLAN/architecture/figures/node_modules/@swc/helpers/esm/_super_prop_base.js: Copied (new)
2026/09/18 16:59:41 INFO  : X-PLAN/architecture/figures/node_modules/@swc/helpers/esm/_tagged_template_literal_loose.js: Copied (new)
2026/09/18 16:59:41 INFO  : X-PLAN/architecture/figures/node_modules/@swc/helpers/esm/_throw.js: Copied (new)
2026/09/18 16:59:46 INFO  : X-PLAN/architecture/figures/node_modules/@swc/helpers/esm/_to_consumable_array.js: Copied (new)
2026/09/18 16:59:46 INFO  : X-PLAN/architecture/figures/node_modules/@swc/helpers/esm/_to_array.js: Copied (new)
2026/09/18 16:59:46 INFO  : X-PLAN/architecture/figures/node_modules/@swc/helpers/esm/_to_property_key.js: Copied (new)
2026/09/18 16:59:46 INFO  : X-PLAN/architecture/figures/node_modules/@swc/helpers/esm/_to_primitive.js: Copied (new)
2026/09/18 16:59:49 INFO  : X-PLAN/architecture/figures/node_modules/@swc/helpers/esm/_ts_add_disposable_resource.js: Copied (new)
2026/09/18 16:59:50 INFO  : X-PLAN/architecture/figures/node_modules/@swc/helpers/esm/_ts_generator.js: Copied (new)
2026/09/18 16:59:50 INFO  : X-PLAN/architecture/figures/node_modules/@swc/helpers/esm/_ts_dispose_resources.js: Copied (new)
2026/09/18 16:59:50 INFO  : X-PLAN/architecture/figures/node_modules/@swc/helpers/esm/_ts_decorate.js: Copied (new)
2026/09/18 16:59:53 INFO  : X-PLAN/architecture/figures/node_modules/@swc/helpers/esm/_ts_metadata.js: Copied (new)
2026/09/18 16:59:53 INFO  : X-PLAN/architecture/figures/node_modules/@swc/helpers/esm/_ts_param.js: Copied (new)
2026/09/18 16:59:53 INFO  : X-PLAN/architecture/figures/node_modules/@swc/helpers/esm/_ts_values.js: Copied (new)
2026/09/18 16:59:53 INFO  : X-PLAN/architecture/figures/node_modules/@swc/helpers/esm/_ts_rewrite_relative_import_extension.js: Copied (new)
2026/09/18 16:59:56 INFO  : X-PLAN/architecture/figures/node_modules/@swc/helpers/esm/_type_of.js: Copied (new)
2026/09/18 16:59:58 INFO  : X-PLAN/architecture/figures/node_modules/@swc/helpers/esm/_using.js: Copied (new)
2026/09/18 16:59:58 INFO  : X-PLAN/architecture/figures/node_modules/@swc/helpers/esm/_update.js: Copied (new)
2026/09/18 16:59:58 INFO  : X-PLAN/architecture/figures/node_modules/@swc/helpers/esm/_unsupported_iterable_to_array.js: Copied (new)
2026/09/18 17:00:05 INFO  : X-PLAN/architecture/figures/node_modules/@swc/helpers/esm/_using_ctx.js: Copied (new)
2026/09/18 17:00:05 INFO  : X-PLAN/architecture/figures/node_modules/@swc/helpers/esm/_wrap_reg_exp.js: Copied (new)
2026/09/18 17:00:06 INFO  : X-PLAN/architecture/figures/node_modules/@swc/helpers/esm/_wrap_native_super.js: Copied (new)
2026/09/18 17:00:06 INFO  : X-PLAN/architecture/figures/node_modules/@swc/helpers/esm/_wrap_async_generator.js: Copied (new)
2026/09/18 17:00:15 INFO  : X-PLAN/architecture/figures/node_modules/@swc/helpers/esm/index.js: Copied (new)
2026/09/18 17:00:15 INFO  : X-PLAN/architecture/figures/node_modules/@swc/helpers/esm/_write_only_error.js: Copied (new)
2026/09/18 17:00:18 INFO  : X-PLAN/architecture/figures/node_modules/@zenuml/core/LICENSE: Copied (new)
2026/09/18 17:00:18 INFO  : X-PLAN/architecture/figures/node_modules/@zenuml/core/README.md: Copied (new)
2026/09/18 17:00:19 INFO  : X-PLAN/architecture/figures/node_modules/@zenuml/core/package.json: Copied (new)
2026/09/18 17:00:19 INFO  : X-PLAN/architecture/figures/node_modules/@tootallnate/quickjs-emscripten/dist/asyncify-helpers.d.ts: Copied (new)
2026/09/18 17:00:22 INFO  : X-PLAN/architecture/figures/node_modules/@tootallnate/quickjs-emscripten/dist/asyncify-helpers.js.map: Copied (new)
2026/09/18 17:00:22 INFO  : X-PLAN/architecture/figures/node_modules/@tootallnate/quickjs-emscripten/dist/asyncify-helpers.js: Copied (new)
2026/09/18 17:00:23 INFO  : X-PLAN/architecture/figures/node_modules/@tootallnate/quickjs-emscripten/dist/context-asyncify.js: Copied (new)
2026/09/18 17:00:23 INFO  : X-PLAN/architecture/figures/node_modules/@tootallnate/quickjs-emscripten/dist/context-asyncify.d.ts: Copied (new)
2026/09/18 17:00:25 INFO  : X-PLAN/architecture/figures/node_modules/@tootallnate/quickjs-emscripten/dist/context-asyncify.js.map: Copied (new)
2026/09/18 17:00:25 INFO  : X-PLAN/architecture/figures/node_modules/@tootallnate/quickjs-emscripten/dist/context.d.ts: Copied (new)
2026/09/18 17:00:26 INFO  : X-PLAN/architecture/figures/node_modules/@tootallnate/quickjs-emscripten/dist/context.js.map: Copied (new)
2026/09/18 17:00:27 INFO  : X-PLAN/architecture/figures/node_modules/@tootallnate/quickjs-emscripten/dist/context.js: Copied (new)
2026/09/18 17:00:29 INFO  : X-PLAN/architecture/figures/node_modules/@tootallnate/quickjs-emscripten/dist/debug.js: Copied (new)
2026/09/18 17:00:29 INFO  : X-PLAN/architecture/figures/node_modules/@tootallnate/quickjs-emscripten/dist/debug.d.ts: Copied (new)
2026/09/18 17:00:30 INFO  : X-PLAN/architecture/figures/node_modules/@tootallnate/quickjs-emscripten/dist/debug.js.map: Copied (new)
2026/09/18 17:00:30 INFO  : X-PLAN/architecture/figures/node_modules/@tootallnate/quickjs-emscripten/dist/deferred-promise.d.ts: Copied (new)
2026/09/18 17:00:33 INFO  : X-PLAN/architecture/figures/node_modules/@tootallnate/quickjs-emscripten/dist/deferred-promise.js: Copied (new)
2026/09/18 17:00:33 INFO  : X-PLAN/architecture/figures/node_modules/@tootallnate/quickjs-emscripten/dist/deferred-promise.js.map: Copied (new)
2026/09/18 17:00:36 INFO  : X-PLAN/architecture/figures/node_modules/@tootallnate/quickjs-emscripten/dist/emscripten-types.d.ts: Copied (new)
2026/09/18 17:00:36 INFO  : X-PLAN/architecture/figures/node_modules/@tootallnate/quickjs-emscripten/dist/emscripten-types.js: Copied (new)
2026/09/18 17:00:37 INFO  : X-PLAN/architecture/figures/node_modules/@tootallnate/quickjs-emscripten/dist/errors.d.ts: Copied (new)
2026/09/18 17:00:37 INFO  : X-PLAN/architecture/figures/node_modules/@tootallnate/quickjs-emscripten/dist/emscripten-types.js.map: Copied (new)
2026/09/18 17:00:40 INFO  : X-PLAN/architecture/figures/node_modules/@tootallnate/quickjs-emscripten/dist/errors.js: Copied (new)
2026/09/18 17:00:40 INFO  : X-PLAN/architecture/figures/node_modules/@tootallnate/quickjs-emscripten/dist/esmHelpers.js: Copied (new)
2026/09/18 17:00:40 INFO  : X-PLAN/architecture/figures/node_modules/@tootallnate/quickjs-emscripten/dist/esmHelpers.d.ts: Copied (new)
2026/09/18 17:00:41 INFO  : X-PLAN/architecture/figures/node_modules/@tootallnate/quickjs-emscripten/dist/errors.js.map: Copied (new)
2026/09/18 17:00:43 INFO  : X-PLAN/architecture/figures/node_modules/@tootallnate/quickjs-emscripten/dist/esmHelpers.js.map: Copied (new)
2026/09/18 17:00:44 INFO  : X-PLAN/architecture/figures/node_modules/@tootallnate/quickjs-emscripten/dist/index.d.ts: Copied (new)
2026/09/18 17:00:44 INFO  : X-PLAN/architecture/figures/node_modules/@tootallnate/quickjs-emscripten/dist/index.js: Copied (new)
2026/09/18 17:00:44 INFO  : X-PLAN/architecture/figures/node_modules/@tootallnate/quickjs-emscripten/dist/index.js.map: Copied (new)
2026/09/18 17:00:47 INFO  : X-PLAN/architecture/figures/node_modules/@tootallnate/quickjs-emscripten/dist/lifetime.d.ts: Copied (new)
2026/09/18 17:00:48 INFO  : X-PLAN/architecture/figures/node_modules/@tootallnate/quickjs-emscripten/dist/lifetime.js: Copied (new)
2026/09/18 17:00:48 INFO  : X-PLAN/architecture/figures/node_modules/@tootallnate/quickjs-emscripten/dist/memory.d.ts: Copied (new)
2026/09/18 17:00:49 INFO  : X-PLAN/architecture/figures/node_modules/@tootallnate/quickjs-emscripten/dist/lifetime.js.map: Copied (new)
2026/09/18 17:00:51 INFO  : X-PLAN/architecture/figures/node_modules/@tootallnate/quickjs-emscripten/dist/memory.js: Copied (new)
2026/09/18 17:00:53 INFO  : X-PLAN/architecture/figures/node_modules/@tootallnate/quickjs-emscripten/dist/module-asyncify.js: Copied (new)
2026/09/18 17:00:53 INFO  : X-PLAN/architecture/figures/node_modules/@tootallnate/quickjs-emscripten/dist/memory.js.map: Copied (new)
2026/09/18 17:00:53 INFO  : X-PLAN/architecture/figures/node_modules/@tootallnate/quickjs-emscripten/dist/module-asyncify.d.ts: Copied (new)
2026/09/18 17:00:55 INFO  : X-PLAN/architecture/figures/node_modules/@tootallnate/quickjs-emscripten/dist/module-asyncify.js.map: Copied (new)
2026/09/18 17:00:57 INFO  : X-PLAN/architecture/figures/node_modules/@tootallnate/quickjs-emscripten/dist/module-test.js.map: Copied (new)
2026/09/18 17:00:57 INFO  : X-PLAN/architecture/figures/node_modules/@tootallnate/quickjs-emscripten/dist/module-test.d.ts: Copied (new)
2026/09/18 17:00:59 INFO  : X-PLAN/architecture/figures/node_modules/@tootallnate/quickjs-emscripten/dist/module-test.js: Copied (new)
2026/09/18 17:00:59 INFO  : X-PLAN/architecture/figures/node_modules/@tootallnate/quickjs-emscripten/dist/module.d.ts: Copied (new)
2026/09/18 17:01:02 INFO  : X-PLAN/architecture/figures/node_modules/@tootallnate/quickjs-emscripten/dist/module.js: Copied (new)
2026/09/18 17:01:02 INFO  : X-PLAN/architecture/figures/node_modules/@tootallnate/quickjs-emscripten/dist/module.js.map: Copied (new)
2026/09/18 17:01:03 INFO  : X-PLAN/architecture/figures/node_modules/@tootallnate/quickjs-emscripten/dist/runtime-asyncify.d.ts: Copied (new)
2026/09/18 17:01:04 INFO  : X-PLAN/architecture/figures/node_modules/@tootallnate/quickjs-emscripten/dist/runtime-asyncify.js: Copied (new)
2026/09/18 17:01:07 INFO  : X-PLAN/architecture/figures/node_modules/@tootallnate/quickjs-emscripten/dist/runtime.d.ts: Copied (new)
2026/09/18 17:01:07 INFO  : X-PLAN/architecture/figures/node_modules/@tootallnate/quickjs-emscripten/dist/runtime-asyncify.js.map: Copied (new)
2026/09/18 17:01:07 INFO  : X-PLAN/architecture/figures/node_modules/@tootallnate/quickjs-emscripten/dist/runtime.js: Copied (new)
2026/09/18 17:01:08 INFO  : X-PLAN/architecture/figures/node_modules/@tootallnate/quickjs-emscripten/dist/runtime.js.map: Copied (new)
2026/09/18 17:01:10 INFO  : X-PLAN/architecture/figures/node_modules/@tootallnate/quickjs-emscripten/dist/types-ffi.d.ts: Copied (new)
2026/09/18 17:01:10 INFO  : X-PLAN/architecture/figures/node_modules/@tootallnate/quickjs-emscripten/dist/types-ffi.js: Copied (new)
2026/09/18 17:01:11 INFO  : X-PLAN/architecture/figures/node_modules/@tootallnate/quickjs-emscripten/dist/types-ffi.js.map: Copied (new)
2026/09/18 17:01:12 INFO  : X-PLAN/architecture/figures/node_modules/@tootallnate/quickjs-emscripten/dist/types.d.ts: Copied (new)
2026/09/18 17:01:14 INFO  : X-PLAN/architecture/figures/node_modules/@tootallnate/quickjs-emscripten/dist/types.js: Copied (new)
2026/09/18 17:01:15 INFO  : X-PLAN/architecture/figures/node_modules/@tootallnate/quickjs-emscripten/dist/types.js.map: Copied (new)
2026/09/18 17:01:15 INFO  : X-PLAN/architecture/figures/node_modules/@tootallnate/quickjs-emscripten/dist/variants.d.ts: Copied (new)
2026/09/18 17:01:15 INFO  : X-PLAN/architecture/figures/node_modules/@tootallnate/quickjs-emscripten/dist/variants.js: Copied (new)
2026/09/18 17:01:20 INFO  : X-PLAN/architecture/figures/node_modules/@tootallnate/quickjs-emscripten/dist/vm-interface.js.map: Copied (new)
2026/09/18 17:01:20 INFO  : X-PLAN/architecture/figures/node_modules/@tootallnate/quickjs-emscripten/dist/vm-interface.js: Copied (new)
2026/09/18 17:01:20 INFO  : X-PLAN/architecture/figures/node_modules/@tootallnate/quickjs-emscripten/dist/vm-interface.d.ts: Copied (new)
2026/09/18 17:01:20 INFO  : X-PLAN/architecture/figures/node_modules/@tootallnate/quickjs-emscripten/dist/variants.js.map: Copied (new)
2026/09/18 17:01:24 INFO  : X-PLAN/architecture/figures/node_modules/@puppeteer/browsers/lib/cjs/browser-data/browser-data.js: Copied (new)
2026/09/18 17:01:24 INFO  : X-PLAN/architecture/figures/node_modules/@puppeteer/browsers/lib/cjs/browser-data/browser-data.d.ts.map: Copied (new)
2026/09/18 17:01:24 INFO  : X-PLAN/architecture/figures/node_modules/@puppeteer/browsers/lib/cjs/browser-data/browser-data.d.ts: Copied (new)
2026/09/18 17:01:24 INFO  : X-PLAN/architecture/figures/node_modules/@puppeteer/browsers/lib/cjs/browser-data/browser-data.js.map: Copied (new)
2026/09/18 17:01:28 INFO  : X-PLAN/architecture/figures/node_modules/@puppeteer/browsers/lib/cjs/browser-data/chrome-headless-shell.d.ts.map: Copied (new)
2026/09/18 17:01:28 INFO  : X-PLAN/architecture/figures/node_modules/@puppeteer/browsers/lib/cjs/browser-data/chrome-headless-shell.js.map: Copied (new)
2026/09/18 17:01:28 INFO  : X-PLAN/architecture/figures/node_modules/@puppeteer/browsers/lib/cjs/browser-data/chrome-headless-shell.js: Copied (new)
2026/09/18 17:01:28 INFO  : X-PLAN/architecture/figures/node_modules/@puppeteer/browsers/lib/cjs/browser-data/chrome-headless-shell.d.ts: Copied (new)
2026/09/18 17:01:32 INFO  : X-PLAN/architecture/figures/node_modules/@puppeteer/browsers/lib/cjs/browser-data/chrome.js: Copied (new)
2026/09/18 17:01:32 INFO  : X-PLAN/architecture/figures/node_modules/@puppeteer/browsers/lib/cjs/browser-data/chrome.d.ts.map: Copied (new)
2026/09/18 17:01:32 INFO  : X-PLAN/architecture/figures/node_modules/@puppeteer/browsers/lib/cjs/browser-data/chrome.js.map: Copied (new)
2026/09/18 17:01:32 INFO  : X-PLAN/architecture/figures/node_modules/@puppeteer/browsers/lib/cjs/browser-data/chrome.d.ts: Copied (new)
2026/09/18 17:01:36 INFO  : X-PLAN/architecture/figures/node_modules/@puppeteer/browsers/lib/cjs/browser-data/chromedriver.d.ts: Copied (new)
2026/09/18 17:01:36 INFO  : X-PLAN/architecture/figures/node_modules/@puppeteer/browsers/lib/cjs/browser-data/chromedriver.js.map: Copied (new)
2026/09/18 17:01:36 INFO  : X-PLAN/architecture/figures/node_modules/@puppeteer/browsers/lib/cjs/browser-data/chromedriver.js: Copied (new)
2026/09/18 17:01:36 INFO  : X-PLAN/architecture/figures/node_modules/@puppeteer/browsers/lib/cjs/browser-data/chromedriver.d.ts.map: Copied (new)
2026/09/18 17:01:39 INFO  : X-PLAN/architecture/figures/node_modules/@puppeteer/browsers/lib/cjs/browser-data/chromium.d.ts: Copied (new)
2026/09/18 17:01:39 INFO  : X-PLAN/architecture/figures/node_modules/@puppeteer/browsers/lib/cjs/browser-data/chromium.d.ts.map: Copied (new)
2026/09/18 17:01:40 INFO  : X-PLAN/architecture/figures/node_modules/@puppeteer/browsers/lib/cjs/browser-data/chromium.js.map: Copied (new)
2026/09/18 17:01:40 INFO  : X-PLAN/architecture/figures/node_modules/@puppeteer/browsers/lib/cjs/browser-data/chromium.js: Copied (new)
2026/09/18 17:01:42 INFO  : X-PLAN/architecture/figures/node_modules/@puppeteer/browsers/lib/cjs/browser-data/firefox.d.ts: Copied (new)
2026/09/18 17:01:43 INFO  : X-PLAN/architecture/figures/node_modules/@puppeteer/browsers/lib/cjs/browser-data/firefox.d.ts.map: Copied (new)
2026/09/18 17:01:44 INFO  : X-PLAN/architecture/figures/node_modules/@puppeteer/browsers/lib/cjs/browser-data/firefox.js: Copied (new)
2026/09/18 17:01:44 INFO  : X-PLAN/architecture/figures/node_modules/@puppeteer/browsers/lib/cjs/browser-data/firefox.js.map: Copied (new)
2026/09/18 17:01:46 INFO  : X-PLAN/architecture/figures/node_modules/@puppeteer/browsers/lib/cjs/browser-data/types.d.ts: Copied (new)
2026/09/18 17:01:47 INFO  : X-PLAN/architecture/figures/node_modules/@puppeteer/browsers/lib/cjs/browser-data/types.d.ts.map: Copied (new)
2026/09/18 17:01:48 INFO  : X-PLAN/architecture/figures/node_modules/@puppeteer/browsers/lib/cjs/browser-data/types.js: Copied (new)
2026/09/18 17:01:48 INFO  : X-PLAN/architecture/figures/node_modules/@puppeteer/browsers/lib/cjs/browser-data/types.js.map: Copied (new)
2026/09/18 17:01:52 INFO  : X-PLAN/architecture/figures/node_modules/@tanstack/virtual-core/src/lazy-measurements.ts: Copied (new)
2026/09/18 17:01:52 INFO  : X-PLAN/architecture/figures/node_modules/@tanstack/virtual-core/src/index.ts: Copied (new)
2026/09/18 17:01:52 INFO  : X-PLAN/architecture/figures/node_modules/@tanstack/virtual-core/src/utils.ts: Copied (new)
2026/09/18 17:01:56 INFO  : X-PLAN/architecture/figures/node_modules/@react-aria/focus/dist/types/src/index.d.ts: Copied (new)
2026/09/18 17:01:56 INFO  : X-PLAN/architecture/figures/node_modules/@types/d3-axis/LICENSE: Copied (new)
2026/09/18 17:01:58 INFO  : X-PLAN/architecture/figures/node_modules/@types/d3-axis/README.md: Copied (new)
2026/09/18 17:01:58 INFO  : X-PLAN/architecture/figures/node_modules/@types/d3-axis/index.d.ts: Copied (new)
2026/09/18 17:01:59 INFO  : X-PLAN/architecture/figures/node_modules/@types/d3-axis/package.json: Copied (new)
2026/09/18 17:02:00 INFO  : X-PLAN/architecture/figures/node_modules/ansi-regex/index.d.ts: Copied (new)
2026/09/18 17:02:01 INFO  : X-PLAN/architecture/figures/node_modules/ansi-regex/index.js: Copied (new)
2026/09/18 17:02:01 INFO  : X-PLAN/architecture/figures/node_modules/ansi-regex/license: Copied (new)
2026/09/18 17:02:03 INFO  : X-PLAN/architecture/figures/node_modules/ansi-regex/package.json: Copied (new)
2026/09/18 17:02:04 INFO  : X-PLAN/architecture/figures/node_modules/ansi-regex/readme.md: Copied (new)
2026/09/18 17:02:05 INFO  : X-PLAN/architecture/figures/node_modules/@upsetjs/venn.js/build/venn.esm.js: Copied (new)
2026/09/18 17:02:05 INFO  : X-PLAN/architecture/figures/node_modules/@upsetjs/venn.js/build/venn.js: Copied (new)
2026/09/18 17:02:07 INFO  : X-PLAN/architecture/figures/node_modules/@upsetjs/venn.js/build/venn.min.js: Copied (new)
2026/09/18 17:02:09 INFO  : X-PLAN/architecture/figures/node_modules/@swc/helpers/_/_apply_decs_2203_r/package.json: Copied (new)
2026/09/18 17:02:14 INFO  : X-PLAN/architecture/figures/node_modules/@internationalized/date/dist/types/src/createCalendar.d.ts: Copied (new)
2026/09/18 17:02:14 INFO  : X-PLAN/architecture/figures/node_modules/@internationalized/date/dist/types/src/CalendarDate.d.ts: Copied (new)
2026/09/18 17:02:15 INFO  : X-PLAN/architecture/figures/node_modules/@internationalized/date/dist/types/src/DateFormatter.d.ts: Copied (new)
2026/09/18 17:02:17 INFO  : X-PLAN/architecture/figures/node_modules/@internationalized/date/dist/types/src/conversion.d.ts: Copied (new)
2026/09/18 17:02:19 INFO  : X-PLAN/architecture/figures/node_modules/@internationalized/date/dist/types/src/index.d.ts: Copied (new)
2026/09/18 17:02:19 INFO  : X-PLAN/architecture/figures/node_modules/@internationalized/date/dist/types/src/manipulation.d.ts: Copied (new)
2026/09/18 17:02:20 INFO  : X-PLAN/architecture/figures/node_modules/@internationalized/date/dist/types/src/queries.d.ts: Copied (new)
2026/09/18 17:02:21 INFO  : X-PLAN/architecture/figures/node_modules/@internationalized/date/dist/types/src/string.d.ts: Copied (new)
2026/09/18 17:02:23 INFO  : X-PLAN/architecture/figures/node_modules/@internationalized/date/dist/types/src/types.d.ts: Copied (new)
2026/09/18 17:02:23 INFO  : X-PLAN/architecture/figures/node_modules/@internationalized/date/dist/types/src/weekStartData.d.ts: Copied (new)
2026/09/18 17:02:23 INFO  : X-PLAN/architecture/figures/node_modules/@internationalized/date/dist/types/src/utils.d.ts: Copied (new)
2026/09/18 17:02:29 INFO  : X-PLAN/architecture/figures/node_modules/@mermaid-js/mermaid-zenuml/dist/chunks/mermaid-zenuml.core/chunk-CJCKSLXZ.mjs: Copied (new)
2026/09/18 17:02:29 INFO  : X-PLAN/architecture/figures/node_modules/@mermaid-js/mermaid-zenuml/dist/chunks/mermaid-zenuml.core/chunk-CJCKSLXZ.mjs.map: Copied (new)
2026/09/18 17:02:30 INFO  : X-PLAN/architecture/figures/node_modules/@mermaid-js/mermaid-zenuml/dist/chunks/mermaid-zenuml.core/zenuml-definition-ZCSB3OVJ.mjs: Copied (new)
2026/09/18 17:02:30 INFO  : X-PLAN/architecture/figures/node_modules/@mermaid-js/mermaid-zenuml/dist/chunks/mermaid-zenuml.core/zenuml-definition-ZCSB3OVJ.mjs.map: Copied (new)
2026/09/18 17:02:36 INFO  : X-PLAN/architecture/figures/node_modules/@tanstack/virtual-core/dist/cjs/index.cjs: Copied (new)
2026/09/18 17:02:37 INFO  : X-PLAN/architecture/figures/node_modules/@tanstack/virtual-core/dist/cjs/index.cjs.map: Copied (new)
2026/09/18 17:02:37 INFO  : X-PLAN/architecture/figures/node_modules/@tanstack/virtual-core/dist/cjs/lazy-measurements.cjs: Copied (new)
2026/09/18 17:02:37 INFO  : X-PLAN/architecture/figures/node_modules/@tanstack/virtual-core/dist/cjs/index.d.cts: Copied (new)
2026/09/18 17:02:40 INFO  : X-PLAN/architecture/figures/node_modules/@tanstack/virtual-core/dist/cjs/lazy-measurements.cjs.map: Copied (new)
2026/09/18 17:02:41 INFO  : X-PLAN/architecture/figures/node_modules/@tanstack/virtual-core/dist/cjs/lazy-measurements.d.cts: Copied (new)
2026/09/18 17:02:41 INFO  : X-PLAN/architecture/figures/node_modules/@tanstack/virtual-core/dist/cjs/utils.cjs: Copied (new)
2026/09/18 17:02:42 INFO  : X-PLAN/architecture/figures/node_modules/@tanstack/virtual-core/dist/cjs/utils.cjs.map: Copied (new)
2026/09/18 17:02:45 INFO  : X-PLAN/architecture/figures/node_modules/@tanstack/virtual-core/dist/cjs/utils.d.cts: Copied (new)
2026/09/18 17:02:46 INFO  : X-PLAN/architecture/figures/node_modules/@tanstack/react-virtual/dist/esm/index.js: Copied (new)
2026/09/18 17:02:46 INFO  : X-PLAN/architecture/figures/node_modules/@tanstack/react-virtual/dist/esm/index.d.ts: Copied (new)
2026/09/18 17:02:46 INFO  : X-PLAN/architecture/figures/node_modules/@tanstack/react-virtual/dist/esm/index.js.map: Copied (new)
2026/09/18 17:02:48 INFO  : X-PLAN/architecture/figures/node_modules/agent-base/dist/helpers.d.ts: Copied (new)
2026/09/18 17:02:49 INFO  : X-PLAN/architecture/figures/node_modules/agent-base/dist/helpers.d.ts.map: Copied (new)
2026/09/18 17:02:49 INFO  : X-PLAN/architecture/figures/node_modules/agent-base/dist/helpers.js: Copied (new)
2026/09/18 17:02:49 INFO  : X-PLAN/architecture/figures/node_modules/agent-base/dist/helpers.js.map: Copied (new)
2026/09/18 17:02:52 INFO  : X-PLAN/architecture/figures/node_modules/agent-base/dist/index.d.ts: Copied (new)
2026/09/18 17:02:52 INFO  : X-PLAN/architecture/figures/node_modules/agent-base/dist/index.d.ts.map: Copied (new)
2026/09/18 17:02:53 INFO  : X-PLAN/architecture/figures/node_modules/agent-base/dist/index.js: Copied (new)
2026/09/18 17:02:53 INFO  : X-PLAN/architecture/figures/node_modules/agent-base/dist/index.js.map: Copied (new)
2026/09/18 17:02:55 INFO  : X-PLAN/architecture/figures/node_modules/@swc/helpers/scripts/ast_grep.js: Copied (new)
2026/09/18 17:02:56 INFO  : X-PLAN/architecture/figures/node_modules/@swc/helpers/scripts/build.js: Copied (new)
2026/09/18 17:02:57 INFO  : X-PLAN/architecture/figures/node_modules/@swc/helpers/scripts/errors.js: Copied (new)
2026/09/18 17:02:57 INFO  : X-PLAN/architecture/figures/node_modules/@swc/helpers/scripts/utils.js: Copied (new)
2026/09/18 17:02:59 INFO  : X-PLAN/architecture/figures/node_modules/@mermaid-js/parser/dist/src/index.d.ts: Copied (new)
2026/09/18 17:03:02 INFO  : X-PLAN/architecture/figures/node_modules/@react-aria/interactions/dist/types/src/index.d.ts: Copied (new)
2026/09/18 17:03:02 INFO  : X-PLAN/architecture/figures/node_modules/@internationalized/number/dist/types/src/index.d.ts: Copied (new)
2026/09/18 17:03:03 INFO  : X-PLAN/architecture/figures/node_modules/@internationalized/number/dist/types/src/NumberFormatter.d.ts: Copied (new)
2026/09/18 17:03:04 INFO  : X-PLAN/architecture/figures/node_modules/@internationalized/number/dist/types/src/NumberParser.d.ts: Copied (new)
2026/09/18 17:03:06 INFO  : X-PLAN/architecture/figures/node_modules/@puppeteer/browsers/lib/esm/browser-data/browser-data.d.ts: Copied (new)
2026/09/18 17:03:06 INFO  : X-PLAN/architecture/figures/node_modules/@puppeteer/browsers/lib/esm/browser-data/browser-data.d.ts.map: Copied (new)
2026/09/18 17:03:06 INFO  : X-PLAN/architecture/figures/node_modules/@puppeteer/browsers/lib/esm/browser-data/browser-data.js: Copied (new)
2026/09/18 17:03:07 INFO  : X-PLAN/architecture/figures/node_modules/@puppeteer/browsers/lib/esm/browser-data/browser-data.js.map: Copied (new)
2026/09/18 17:03:14 INFO  : X-PLAN/architecture/figures/node_modules/@puppeteer/browsers/lib/esm/browser-data/chrome-headless-shell.d.ts: Copied (new)
2026/09/18 17:03:14 INFO  : X-PLAN/architecture/figures/node_modules/@puppeteer/browsers/lib/esm/browser-data/chrome-headless-shell.js.map: Copied (new)
2026/09/18 17:03:14 INFO  : X-PLAN/architecture/figures/node_modules/@puppeteer/browsers/lib/esm/browser-data/chrome-headless-shell.js: Copied (new)
2026/09/18 17:03:15 INFO  : X-PLAN/architecture/figures/node_modules/@puppeteer/browsers/lib/esm/browser-data/chrome-headless-shell.d.ts.map: Copied (new)
2026/09/18 17:03:18 INFO  : X-PLAN/architecture/figures/node_modules/@puppeteer/browsers/lib/esm/browser-data/chrome.d.ts.map: Copied (new)
2026/09/18 17:03:18 INFO  : X-PLAN/architecture/figures/node_modules/@puppeteer/browsers/lib/esm/browser-data/chrome.js: Copied (new)
2026/09/18 17:03:18 INFO  : X-PLAN/architecture/figures/node_modules/@puppeteer/browsers/lib/esm/browser-data/chrome.js.map: Copied (new)
2026/09/18 17:03:19 INFO  : X-PLAN/architecture/figures/node_modules/@puppeteer/browsers/lib/esm/browser-data/chrome.d.ts: Copied (new)
2026/09/18 17:03:22 INFO  : X-PLAN/architecture/figures/node_modules/@puppeteer/browsers/lib/esm/browser-data/chromedriver.d.ts: Copied (new)
2026/09/18 17:03:22 INFO  : X-PLAN/architecture/figures/node_modules/@puppeteer/browsers/lib/esm/browser-data/chromedriver.js: Copied (new)
2026/09/18 17:03:22 INFO  : X-PLAN/architecture/figures/node_modules/@puppeteer/browsers/lib/esm/browser-data/chromedriver.d.ts.map: Copied (new)
2026/09/18 17:03:22 INFO  : X-PLAN/architecture/figures/node_modules/@puppeteer/browsers/lib/esm/browser-data/chromedriver.js.map: Copied (new)
2026/09/18 17:03:25 INFO  : X-PLAN/architecture/figures/node_modules/@puppeteer/browsers/lib/esm/browser-data/chromium.d.ts.map: Copied (new)
2026/09/18 17:03:25 INFO  : X-PLAN/architecture/figures/node_modules/@puppeteer/browsers/lib/esm/browser-data/chromium.d.ts: Copied (new)
2026/09/18 17:03:25 INFO  : X-PLAN/architecture/figures/node_modules/@puppeteer/browsers/lib/esm/browser-data/chromium.js: Copied (new)
2026/09/18 17:03:25 INFO  : X-PLAN/architecture/figures/node_modules/@puppeteer/browsers/lib/esm/browser-data/chromium.js.map: Copied (new)
2026/09/18 17:03:29 INFO  : X-PLAN/architecture/figures/node_modules/@puppeteer/browsers/lib/esm/browser-data/firefox.d.ts.map: Copied (new)
2026/09/18 17:03:30 INFO  : X-PLAN/architecture/figures/node_modules/@puppeteer/browsers/lib/esm/browser-data/firefox.d.ts: Copied (new)
2026/09/18 17:03:30 INFO  : X-PLAN/architecture/figures/node_modules/@puppeteer/browsers/lib/esm/browser-data/firefox.js.map: Copied (new)
2026/09/18 17:03:31 INFO  : X-PLAN/architecture/figures/node_modules/@puppeteer/browsers/lib/esm/browser-data/firefox.js: Copied (new)
2026/09/18 17:03:33 INFO  : X-PLAN/architecture/figures/node_modules/@puppeteer/browsers/lib/esm/browser-data/types.d.ts: Copied (new)
2026/09/18 17:03:34 INFO  : X-PLAN/architecture/figures/node_modules/@puppeteer/browsers/lib/esm/browser-data/types.d.ts.map: Copied (new)
2026/09/18 17:03:35 INFO  : X-PLAN/architecture/figures/node_modules/@puppeteer/browsers/lib/esm/browser-data/types.js.map: Copied (new)
2026/09/18 17:03:35 INFO  : X-PLAN/architecture/figures/node_modules/@puppeteer/browsers/lib/esm/browser-data/types.js: Copied (new)
2026/09/18 17:03:37 INFO  : X-PLAN/architecture/figures/node_modules/@types/d3-brush/LICENSE: Copied (new)
2026/09/18 17:03:38 INFO  : X-PLAN/architecture/figures/node_modules/@types/d3-brush/README.md: Copied (new)
2026/09/18 17:03:39 INFO  : X-PLAN/architecture/figures/node_modules/@types/d3-brush/index.d.ts: Copied (new)
2026/09/18 17:03:39 INFO  : X-PLAN/architecture/figures/node_modules/@types/d3-brush/package.json: Copied (new)
2026/09/18 17:03:41 INFO  : X-PLAN/architecture/figures/node_modules/@zenuml/core/dist/CNAME.txt: Copied (new)
2026/09/18 17:03:41 INFO  : X-PLAN/architecture/figures/node_modules/@zenuml/core/dist/cloud-icons-eHuugVSv.js: Copied (new)
2026/09/18 17:03:42 INFO  : X-PLAN/architecture/figures/node_modules/@zenuml/core/dist/embed-container-demo.html: Copied (new)
2026/09/18 17:03:42 INFO  : X-PLAN/architecture/figures/node_modules/@zenuml/core/dist/cloud-icons-eHuugVSv.js.map: Copied (new)
2026/09/18 17:03:44 INFO  : X-PLAN/architecture/figures/node_modules/@zenuml/core/dist/favicon.ico: Copied (new)
2026/09/18 17:03:45 INFO  : X-PLAN/architecture/figures/node_modules/@zenuml/core/dist/test-chinese.html: Copied (new)
2026/09/18 17:03:46 INFO  : X-PLAN/architecture/figures/node_modules/@zenuml/core/dist/vite.svg: Copied (new)
2026/09/18 17:03:46 INFO  : X-PLAN/architecture/figures/node_modules/@zenuml/core/dist/zenuml.esm.mjs: Copied (new)
2026/09/18 17:03:48 INFO  : X-PLAN/architecture/figures/node_modules/@zenuml/core/dist/zenuml.js: Copied (new)
2026/09/18 17:03:48 INFO  : X-PLAN/architecture/figures/node_modules/@zenuml/core/dist/zenuml.esm.mjs.map: Copied (new)
2026/09/18 17:03:49 INFO  : X-PLAN/architecture/figures/node_modules/@zenuml/core/dist/zenuml.js.map: Copied (new)
2026/09/18 17:03:52 INFO  : X-PLAN/architecture/figures/node_modules/@mermaid-js/parser/dist/chunks/mermaid-parser.core/architecture-7GRP2DOG.mjs.map: Copied (new)
2026/09/18 17:03:53 INFO  : X-PLAN/architecture/figures/node_modules/@mermaid-js/parser/dist/chunks/mermaid-parser.core/chunk-2ZTRR5NV.mjs: Copied (new)
2026/09/18 17:03:53 INFO  : X-PLAN/architecture/figures/node_modules/@mermaid-js/parser/dist/chunks/mermaid-parser.core/architecture-7GRP2DOG.mjs: Copied (new)
2026/09/18 17:03:53 INFO  : X-PLAN/architecture/figures/node_modules/@mermaid-js/parser/dist/chunks/mermaid-parser.core/chunk-2ZTRR5NV.mjs.map: Copied (new)
2026/09/18 17:03:55 INFO  : X-PLAN/architecture/figures/node_modules/@mermaid-js/parser/dist/chunks/mermaid-parser.core/chunk-3Z5EZCMW.mjs: Copied (new)
2026/09/18 17:03:56 INFO  : X-PLAN/architecture/figures/node_modules/@mermaid-js/parser/dist/chunks/mermaid-parser.core/chunk-3Z5EZCMW.mjs.map: Copied (new)
2026/09/18 17:03:56 INFO  : X-PLAN/architecture/figures/node_modules/@mermaid-js/parser/dist/chunks/mermaid-parser.core/chunk-5V3GS4D5.mjs.map: Copied (new)
2026/09/18 17:03:56 INFO  : X-PLAN/architecture/figures/node_modules/@mermaid-js/parser/dist/chunks/mermaid-parser.core/chunk-5V3GS4D5.mjs: Copied (new)
2026/09/18 17:03:59 INFO  : X-PLAN/architecture/figures/node_modules/@mermaid-js/parser/dist/chunks/mermaid-parser.core/chunk-6AZGARVD.mjs: Copied (new)
2026/09/18 17:04:00 INFO  : X-PLAN/architecture/figures/node_modules/@mermaid-js/parser/dist/chunks/mermaid-parser.core/chunk-6AZGARVD.mjs.map: Copied (new)
2026/09/18 17:04:00 INFO  : X-PLAN/architecture/figures/node_modules/@mermaid-js/parser/dist/chunks/mermaid-parser.core/chunk-6EIED4P4.mjs.map: Copied (new)
2026/09/18 17:04:00 INFO  : X-PLAN/architecture/figures/node_modules/@mermaid-js/parser/dist/chunks/mermaid-parser.core/chunk-6EIED4P4.mjs: Copied (new)
2026/09/18 17:04:02 INFO  : X-PLAN/architecture/figures/node_modules/@mermaid-js/parser/dist/chunks/mermaid-parser.core/chunk-6K3QC6MW.mjs: Copied (new)
2026/09/18 17:04:04 INFO  : X-PLAN/architecture/figures/node_modules/@mermaid-js/parser/dist/chunks/mermaid-parser.core/chunk-6K3QC6MW.mjs.map: Copied (new)
2026/09/18 17:04:04 INFO  : X-PLAN/architecture/figures/node_modules/@mermaid-js/parser/dist/chunks/mermaid-parser.core/chunk-6TQVIW2G.mjs: Copied (new)
2026/09/18 17:04:05 INFO  : X-PLAN/architecture/figures/node_modules/@mermaid-js/parser/dist/chunks/mermaid-parser.core/chunk-6TQVIW2G.mjs.map: Copied (new)
2026/09/18 17:04:06 INFO  : X-PLAN/architecture/figures/node_modules/@mermaid-js/parser/dist/chunks/mermaid-parser.core/chunk-747NJXEK.mjs: Copied (new)
2026/09/18 17:04:08 INFO  : X-PLAN/architecture/figures/node_modules/@mermaid-js/parser/dist/chunks/mermaid-parser.core/chunk-FOHPRMQF.mjs: Copied (new)
2026/09/18 17:04:08 INFO  : X-PLAN/architecture/figures/node_modules/@mermaid-js/parser/dist/chunks/mermaid-parser.core/chunk-FOHPRMQF.mjs.map: Copied (new)
2026/09/18 17:04:08 INFO  : X-PLAN/architecture/figures/node_modules/@mermaid-js/parser/dist/chunks/mermaid-parser.core/chunk-747NJXEK.mjs.map: Copied (new)
2026/09/18 17:04:09 INFO  : X-PLAN/architecture/figures/node_modules/@mermaid-js/parser/dist/chunks/mermaid-parser.core/chunk-I5DQTOEV.mjs: Copied (new)
2026/09/18 17:04:12 INFO  : X-PLAN/architecture/figures/node_modules/@mermaid-js/parser/dist/chunks/mermaid-parser.core/chunk-ICYGCRZG.mjs: Copied (new)
2026/09/18 17:04:12 INFO  : X-PLAN/architecture/figures/node_modules/@mermaid-js/parser/dist/chunks/mermaid-parser.core/chunk-ICYGCRZG.mjs.map: Copied (new)
2026/09/18 17:04:12 INFO  : X-PLAN/architecture/figures/node_modules/@mermaid-js/parser/dist/chunks/mermaid-parser.core/chunk-I5DQTOEV.mjs.map: Copied (new)
2026/09/18 17:04:13 INFO  : X-PLAN/architecture/figures/node_modules/@mermaid-js/parser/dist/chunks/mermaid-parser.core/chunk-IH6LHLGP.mjs: Copied (new)
2026/09/18 17:04:16 INFO  : X-PLAN/architecture/figures/node_modules/@mermaid-js/parser/dist/chunks/mermaid-parser.core/chunk-IH6LHLGP.mjs.map: Copied (new)
2026/09/18 17:04:16 INFO  : X-PLAN/architecture/figures/node_modules/@mermaid-js/parser/dist/chunks/mermaid-parser.core/chunk-KI3K4JFJ.mjs: Copied (new)
2026/09/18 17:04:16 INFO  : X-PLAN/architecture/figures/node_modules/@mermaid-js/parser/dist/chunks/mermaid-parser.core/chunk-KI3K4JFJ.mjs.map: Copied (new)
2026/09/18 17:04:16 INFO  : X-PLAN/architecture/figures/node_modules/@mermaid-js/parser/dist/chunks/mermaid-parser.core/chunk-OUJLGHUK.mjs: Copied (new)
2026/09/18 17:04:22 INFO  : X-PLAN/architecture/figures/node_modules/@mermaid-js/parser/dist/chunks/mermaid-parser.core/chunk-UY3FDG6J.mjs.map: Copied (new)
2026/09/18 17:04:22 INFO  : X-PLAN/architecture/figures/node_modules/@mermaid-js/parser/dist/chunks/mermaid-parser.core/chunk-UY3FDG6J.mjs: Copied (new)
2026/09/18 17:04:22 INFO  : X-PLAN/architecture/figures/node_modules/@mermaid-js/parser/dist/chunks/mermaid-parser.core/chunk-OUJLGHUK.mjs.map: Copied (new)
2026/09/18 17:04:23 INFO  : X-PLAN/architecture/figures/node_modules/@mermaid-js/parser/dist/chunks/mermaid-parser.core/chunk-XHIXRSVI.mjs: Copied (new)
2026/09/18 17:04:30 INFO  : X-PLAN/architecture/figures/node_modules/@mermaid-js/parser/dist/chunks/mermaid-parser.core/cynefin-OW5HDTMX.mjs: Copied (new)
2026/09/18 17:04:30 INFO  : X-PLAN/architecture/figures/node_modules/@mermaid-js/parser/dist/chunks/mermaid-parser.core/chunk-XHIXRSVI.mjs.map: Copied (new)
2026/09/18 17:04:31 INFO  : X-PLAN/architecture/figures/node_modules/@mermaid-js/parser/dist/chunks/mermaid-parser.core/eventmodeling-NTZA5JFV.mjs: Copied (new)
2026/09/18 17:04:32 INFO  : X-PLAN/architecture/figures/node_modules/@mermaid-js/parser/dist/chunks/mermaid-parser.core/cynefin-OW5HDTMX.mjs.map: Copied (new)
2026/09/18 17:04:36 INFO  : X-PLAN/architecture/figures/node_modules/@mermaid-js/parser/dist/chunks/mermaid-parser.core/eventmodeling-NTZA5JFV.mjs.map: Copied (new)
2026/09/18 17:04:36 INFO  : X-PLAN/architecture/figures/node_modules/@mermaid-js/parser/dist/chunks/mermaid-parser.core/gitGraph-4MIJSDKK.mjs: Copied (new)
2026/09/18 17:04:38 INFO  : X-PLAN/architecture/figures/node_modules/@mermaid-js/parser/dist/chunks/mermaid-parser.core/info-A6RAGUB7.mjs: Copied (new)
2026/09/18 17:04:38 INFO  : X-PLAN/architecture/figures/node_modules/@mermaid-js/parser/dist/chunks/mermaid-parser.core/gitGraph-4MIJSDKK.mjs.map: Copied (new)
2026/09/18 17:04:40 INFO  : X-PLAN/architecture/figures/node_modules/@mermaid-js/parser/dist/chunks/mermaid-parser.core/info-A6RAGUB7.mjs.map: Copied (new)
2026/09/18 17:04:40 INFO  : X-PLAN/architecture/figures/node_modules/@mermaid-js/parser/dist/chunks/mermaid-parser.core/packet-AYTQ26CC.mjs: Copied (new)
2026/09/18 17:04:41 INFO  : X-PLAN/architecture/figures/node_modules/@mermaid-js/parser/dist/chunks/mermaid-parser.core/packet-AYTQ26CC.mjs.map: Copied (new)
2026/09/18 17:04:41 INFO  : X-PLAN/architecture/figures/node_modules/@mermaid-js/parser/dist/chunks/mermaid-parser.core/pie-WAS4IAKB.mjs: Copied (new)
2026/09/18 17:04:43 INFO  : X-PLAN/architecture/figures/node_modules/@mermaid-js/parser/dist/chunks/mermaid-parser.core/pie-WAS4IAKB.mjs.map: Copied (new)
2026/09/18 17:04:44 INFO  : X-PLAN/architecture/figures/node_modules/@mermaid-js/parser/dist/chunks/mermaid-parser.core/radar-RG4KPBEZ.mjs: Copied (new)
2026/09/18 17:04:45 INFO  : X-PLAN/architecture/figures/node_modules/@mermaid-js/parser/dist/chunks/mermaid-parser.core/railroad-74A4TZTK.mjs: Copied (new)
2026/09/18 17:04:45 INFO  : X-PLAN/architecture/figures/node_modules/@mermaid-js/parser/dist/chunks/mermaid-parser.core/radar-RG4KPBEZ.mjs.map: Copied (new)
2026/09/18 17:04:47 INFO  : X-PLAN/architecture/figures/node_modules/@mermaid-js/parser/dist/chunks/mermaid-parser.core/railroad-74A4TZTK.mjs.map: Copied (new)
2026/09/18 17:04:48 INFO  : X-PLAN/architecture/figures/node_modules/@mermaid-js/parser/dist/chunks/mermaid-parser.core/railroad-abnf-HS5TGJTU.mjs: Copied (new)
2026/09/18 17:04:49 INFO  : X-PLAN/architecture/figures/node_modules/@mermaid-js/parser/dist/chunks/mermaid-parser.core/railroad-abnf-HS5TGJTU.mjs.map: Copied (new)
2026/09/18 17:04:49 INFO  : X-PLAN/architecture/figures/node_modules/@mermaid-js/parser/dist/chunks/mermaid-parser.core/railroad-ebnf-LZEXJU2U.mjs: Copied (new)
2026/09/18 17:04:51 INFO  : X-PLAN/architecture/figures/node_modules/@mermaid-js/parser/dist/chunks/mermaid-parser.core/railroad-ebnf-LZEXJU2U.mjs.map: Copied (new)
2026/09/18 17:04:51 INFO  : X-PLAN/architecture/figures/node_modules/@mermaid-js/parser/dist/chunks/mermaid-parser.core/railroad-peg-WCYAUIDC.mjs: Copied (new)
2026/09/18 17:04:52 INFO  : X-PLAN/architecture/figures/node_modules/@mermaid-js/parser/dist/chunks/mermaid-parser.core/treeView-Q6P3EWNA.mjs: Copied (new)
2026/09/18 17:04:52 INFO  : X-PLAN/architecture/figures/node_modules/@mermaid-js/parser/dist/chunks/mermaid-parser.core/railroad-peg-WCYAUIDC.mjs.map: Copied (new)
2026/09/18 17:04:54 INFO  : X-PLAN/architecture/figures/node_modules/@mermaid-js/parser/dist/chunks/mermaid-parser.core/treeView-Q6P3EWNA.mjs.map: Copied (new)
2026/09/18 17:04:54 INFO  : X-PLAN/architecture/figures/node_modules/@mermaid-js/parser/dist/chunks/mermaid-parser.core/treemap-WGGIJYW6.mjs: Copied (new)
2026/09/18 17:04:56 INFO  : X-PLAN/architecture/figures/node_modules/@mermaid-js/parser/dist/chunks/mermaid-parser.core/wardley-WFR3VGLG.mjs: Copied (new)
2026/09/18 17:04:56 INFO  : X-PLAN/architecture/figures/node_modules/@mermaid-js/parser/dist/chunks/mermaid-parser.core/treemap-WGGIJYW6.mjs.map: Copied (new)
2026/09/18 17:04:58 INFO  : X-PLAN/architecture/figures/node_modules/@mermaid-js/parser/dist/chunks/mermaid-parser.core/wardley-WFR3VGLG.mjs.map: Copied (new)
2026/09/18 17:04:59 INFO  : X-PLAN/architecture/figures/node_modules/@tootallnate/quickjs-emscripten/dist/generated/emscripten-module.WASM_RELEASE_SYNC.d.ts: Copied (new)
2026/09/18 17:05:00 INFO  : X-PLAN/architecture/figures/node_modules/@tootallnate/quickjs-emscripten/dist/generated/emscripten-module.WASM_RELEASE_SYNC.js: Copied (new)
2026/09/18 17:05:00 INFO  : X-PLAN/architecture/figures/node_modules/@tootallnate/quickjs-emscripten/dist/generated/emscripten-module.WASM_RELEASE_SYNC.js.map: Copied (new)
2026/09/18 17:05:02 INFO  : X-PLAN/architecture/figures/node_modules/@tootallnate/quickjs-emscripten/dist/generated/ffi.WASM_RELEASE_SYNC.d.ts: Copied (new)
2026/09/18 17:05:03 INFO  : X-PLAN/architecture/figures/node_modules/@tootallnate/quickjs-emscripten/dist/generated/ffi.WASM_RELEASE_SYNC.js: Copied (new)
2026/09/18 17:05:04 INFO  : X-PLAN/architecture/figures/node_modules/@tootallnate/quickjs-emscripten/dist/generated/ffi.WASM_RELEASE_SYNC.js.map: Copied (new)
2026/09/18 17:05:05 INFO  : X-PLAN/architecture/figures/node_modules/ansi-styles/index.d.ts: Copied (new)
2026/09/18 17:05:07 INFO  : X-PLAN/architecture/figures/node_modules/ansi-styles/index.js: Copied (new)
2026/09/18 17:05:07 INFO  : X-PLAN/architecture/figures/node_modules/ansi-styles/license: Copied (new)
2026/09/18 17:05:08 INFO  : X-PLAN/architecture/figures/node_modules/ansi-styles/package.json: Copied (new)
2026/09/18 17:05:08 INFO  : X-PLAN/architecture/figures/node_modules/ansi-styles/readme.md: Copied (new)
2026/09/18 17:05:11 INFO  : X-PLAN/architecture/figures/node_modules/@upsetjs/venn.js/src/circleintersection.spec.js: Copied (new)
2026/09/18 17:05:12 INFO  : X-PLAN/architecture/figures/node_modules/@upsetjs/venn.js/src/circleintersection.js: Copied (new)
2026/09/18 17:05:13 INFO  : X-PLAN/architecture/figures/node_modules/@upsetjs/venn.js/src/diagram.js: Copied (new)
2026/09/18 17:05:14 INFO  : X-PLAN/architecture/figures/node_modules/@upsetjs/venn.js/src/diagram.spec.js: Copied (new)
2026/09/18 17:05:17 INFO  : X-PLAN/architecture/figures/node_modules/@upsetjs/venn.js/src/index.d.ts: Copied (new)
2026/09/18 17:05:17 INFO  : X-PLAN/architecture/figures/node_modules/@upsetjs/venn.js/src/index.js: Copied (new)
2026/09/18 17:05:18 INFO  : X-PLAN/architecture/figures/node_modules/@upsetjs/venn.js/src/layout.js: Copied (new)
2026/09/18 17:05:19 INFO  : X-PLAN/architecture/figures/node_modules/@upsetjs/venn.js/src/layout.spec.js: Copied (new)
2026/09/18 17:05:27 INFO  : X-PLAN/architecture/figures/node_modules/@mermaid-js/mermaid-zenuml/dist/chunks/mermaid-zenuml.esm/chunk-2QIYEC2I.mjs.map: Copied (new)
2026/09/18 17:05:28 INFO  : X-PLAN/architecture/figures/node_modules/@swc/helpers/_/_apply_decs_2311/package.json: Copied (new)
2026/09/18 17:05:28 INFO  : X-PLAN/architecture/figures/node_modules/@mermaid-js/mermaid-zenuml/dist/chunks/mermaid-zenuml.esm/chunk-OS44DIFC.mjs: Copied (new)
2026/09/18 17:05:31 INFO  : X-PLAN/architecture/figures/node_modules/@mermaid-js/mermaid-zenuml/dist/chunks/mermaid-zenuml.esm/chunk-2QIYEC2I.mjs: Copied (new)
2026/09/18 17:05:34 INFO  : X-PLAN/architecture/figures/node_modules/@mermaid-js/mermaid-zenuml/dist/chunks/mermaid-zenuml.esm/cloud-icons-eHuugVSv-ANWVY4YK.mjs: Copied (new)
2026/09/18 17:05:34 INFO  : X-PLAN/architecture/figures/node_modules/@mermaid-js/mermaid-zenuml/dist/chunks/mermaid-zenuml.esm/chunk-OS44DIFC.mjs.map: Copied (new)
2026/09/18 17:05:34 INFO  : X-PLAN/architecture/figures/node_modules/@mermaid-js/mermaid-zenuml/dist/chunks/mermaid-zenuml.esm/cloud-icons-eHuugVSv-ANWVY4YK.mjs.map: Copied (new)
2026/09/18 17:05:38 INFO  : X-PLAN/architecture/figures/node_modules/@tanstack/virtual-core/dist/esm/index.js: Copied (new)
2026/09/18 17:05:38 INFO  : X-PLAN/architecture/figures/node_modules/@mermaid-js/mermaid-zenuml/dist/chunks/mermaid-zenuml.esm/zenuml-definition-PXHHV43P.mjs: Copied (new)
2026/09/18 17:05:38 INFO  : X-PLAN/architecture/figures/node_modules/@mermaid-js/mermaid-zenuml/dist/chunks/mermaid-zenuml.esm/zenuml-definition-PXHHV43P.mjs.map: Copied (new)
2026/09/18 17:05:39 INFO  : X-PLAN/architecture/figures/node_modules/@tanstack/virtual-core/dist/esm/index.d.ts: Copied (new)
2026/09/18 17:05:42 INFO  : X-PLAN/architecture/figures/node_modules/@tanstack/virtual-core/dist/esm/lazy-measurements.d.ts: Copied (new)
2026/09/18 17:05:42 INFO  : X-PLAN/architecture/figures/node_modules/@tanstack/virtual-core/dist/esm/index.js.map: Copied (new)
2026/09/18 17:05:42 INFO  : X-PLAN/architecture/figures/node_modules/@tanstack/virtual-core/dist/esm/lazy-measurements.js: Copied (new)
2026/09/18 17:05:43 INFO  : X-PLAN/architecture/figures/node_modules/@tanstack/virtual-core/dist/esm/lazy-measurements.js.map: Copied (new)
2026/09/18 17:05:45 INFO  : X-PLAN/architecture/figures/node_modules/@tanstack/virtual-core/dist/esm/utils.js: Copied (new)
2026/09/18 17:05:46 INFO  : X-PLAN/architecture/figures/node_modules/@tanstack/virtual-core/dist/esm/utils.d.ts: Copied (new)
2026/09/18 17:05:46 INFO  : X-PLAN/architecture/figures/node_modules/@tanstack/virtual-core/dist/esm/utils.js.map: Copied (new)
2026/09/18 17:05:49 INFO  : X-PLAN/architecture/figures/node_modules/@internationalized/string/dist/types/src/LocalizedStringFormatter.d.ts: Copied (new)
2026/09/18 17:05:49 INFO  : X-PLAN/architecture/figures/node_modules/@internationalized/string/dist/types/src/index.d.ts: Copied (new)
2026/09/18 17:05:50 INFO  : X-PLAN/architecture/figures/node_modules/@swc/helpers/src/_apply_decorated_descriptor.mjs: Copied (new)
2026/09/18 17:05:50 INFO  : X-PLAN/architecture/figures/node_modules/@internationalized/string/dist/types/src/LocalizedStringDictionary.d.ts: Copied (new)
2026/09/18 17:05:53 INFO  : X-PLAN/architecture/figures/node_modules/@swc/helpers/src/_apply_decs_2203_r.mjs: Copied (new)
2026/09/18 17:05:53 INFO  : X-PLAN/architecture/figures/node_modules/@swc/helpers/src/_apply_decs_2311.mjs: Copied (new)
2026/09/18 17:05:54 INFO  : X-PLAN/architecture/figures/node_modules/@swc/helpers/src/_array_with_holes.mjs: Copied (new)
2026/09/18 17:05:54 INFO  : X-PLAN/architecture/figures/node_modules/@swc/helpers/src/_array_like_to_array.mjs: Copied (new)
2026/09/18 17:05:56 INFO  : X-PLAN/architecture/figures/node_modules/@swc/helpers/src/_assert_this_initialized.mjs: Copied (new)
2026/09/18 17:05:56 INFO  : X-PLAN/architecture/figures/node_modules/@swc/helpers/src/_array_without_holes.mjs: Copied (new)
2026/09/18 17:05:57 INFO  : X-PLAN/architecture/figures/node_modules/@swc/helpers/src/_async_generator_delegate.mjs: Copied (new)
2026/09/18 17:05:57 INFO  : X-PLAN/architecture/figures/node_modules/@swc/helpers/src/_async_generator.mjs: Copied (new)
2026/09/18 17:06:06 INFO  : X-PLAN/architecture/figures/node_modules/@swc/helpers/src/_async_iterator.mjs: Copied (new)
2026/09/18 17:06:06 INFO  : X-PLAN/architecture/figures/node_modules/@swc/helpers/src/_await_value.mjs: Copied (new)
2026/09/18 17:06:06 INFO  : X-PLAN/architecture/figures/node_modules/@swc/helpers/src/_await_async_generator.mjs: Copied (new)
2026/09/18 17:06:07 INFO  : X-PLAN/architecture/figures/node_modules/@swc/helpers/src/_async_to_generator.mjs: Copied (new)
2026/09/18 17:06:10 INFO  : X-PLAN/architecture/figures/node_modules/@swc/helpers/src/_class_apply_descriptor_destructure.mjs: Copied (new)
2026/09/18 17:06:10 INFO  : X-PLAN/architecture/figures/node_modules/@swc/helpers/src/_call_super.mjs: Copied (new)
2026/09/18 17:06:11 INFO  : X-PLAN/architecture/figures/node_modules/@swc/helpers/src/_class_apply_descriptor_get.mjs: Copied (new)
2026/09/18 17:06:11 INFO  : X-PLAN/architecture/figures/node_modules/@swc/helpers/src/_check_private_redeclaration.mjs: Copied (new)
2026/09/18 17:06:15 INFO  : X-PLAN/architecture/figures/node_modules/@swc/helpers/src/_class_apply_descriptor_set.mjs: Copied (new)
2026/09/18 17:06:15 INFO  : X-PLAN/architecture/figures/node_modules/@swc/helpers/src/_class_check_private_static_access.mjs: Copied (new)
2026/09/18 17:06:15 INFO  : X-PLAN/architecture/figures/node_modules/@swc/helpers/src/_class_apply_descriptor_update.mjs: Copied (new)
2026/09/18 17:06:15 INFO  : X-PLAN/architecture/figures/node_modules/@swc/helpers/src/_class_call_check.mjs: Copied (new)
2026/09/18 17:06:20 INFO  : X-PLAN/architecture/figures/node_modules/@swc/helpers/src/_class_check_private_static_field_descriptor.mjs: Copied (new)
2026/09/18 17:06:20 INFO  : X-PLAN/architecture/figures/node_modules/@swc/helpers/src/_class_private_field_destructure.mjs: Copied (new)
2026/09/18 17:06:20 INFO  : X-PLAN/architecture/figures/node_modules/@swc/helpers/src/_class_extract_field_descriptor.mjs: Copied (new)
2026/09/18 17:06:20 INFO  : X-PLAN/architecture/figures/node_modules/@swc/helpers/src/_class_name_tdz_error.mjs: Copied (new)
2026/09/18 17:06:23 INFO  : X-PLAN/architecture/figures/node_modules/@swc/helpers/src/_class_private_field_get.mjs: Copied (new)
2026/09/18 17:06:23 INFO  : X-PLAN/architecture/figures/node_modules/@swc/helpers/src/_class_private_field_loose_key.mjs: Copied (new)
2026/09/18 17:06:24 INFO  : X-PLAN/architecture/figures/node_modules/@swc/helpers/src/_class_private_field_loose_base.mjs: Copied (new)
2026/09/18 17:06:24 INFO  : X-PLAN/architecture/figures/node_modules/@swc/helpers/src/_class_private_field_init.mjs: Copied (new)
2026/09/18 17:06:26 INFO  : X-PLAN/architecture/figures/node_modules/@swc/helpers/src/_class_private_field_update.mjs: Copied (new)
2026/09/18 17:06:27 INFO  : X-PLAN/architecture/figures/node_modules/@swc/helpers/src/_class_private_method_get.mjs: Copied (new)
2026/09/18 17:06:27 INFO  : X-PLAN/architecture/figures/node_modules/@swc/helpers/src/_class_private_field_set.mjs: Copied (new)
2026/09/18 17:06:27 INFO  : X-PLAN/architecture/figures/node_modules/@swc/helpers/src/_class_private_method_init.mjs: Copied (new)
2026/09/18 17:06:30 INFO  : X-PLAN/architecture/figures/node_modules/@swc/helpers/src/_class_static_private_field_spec_get.mjs: Copied (new)
2026/09/18 17:06:30 INFO  : X-PLAN/architecture/figures/node_modules/@swc/helpers/src/_class_private_method_set.mjs: Copied (new)
2026/09/18 17:06:30 INFO  : X-PLAN/architecture/figures/node_modules/@swc/helpers/src/_class_static_private_field_spec_set.mjs: Copied (new)
2026/09/18 17:06:30 INFO  : X-PLAN/architecture/figures/node_modules/@swc/helpers/src/_class_static_private_field_destructure.mjs: Copied (new)
2026/09/18 17:06:33 INFO  : X-PLAN/architecture/figures/node_modules/@swc/helpers/src/_class_static_private_method_get.mjs: Copied (new)
2026/09/18 17:06:33 INFO  : X-PLAN/architecture/figures/node_modules/@swc/helpers/src/_class_static_private_field_update.mjs: Copied (new)
2026/09/18 17:06:33 INFO  : X-PLAN/architecture/figures/node_modules/@swc/helpers/src/_create_class.mjs: Copied (new)
2026/09/18 17:06:33 INFO  : X-PLAN/architecture/figures/node_modules/@swc/helpers/src/_construct.mjs: Copied (new)
2026/09/18 17:06:37 INFO  : X-PLAN/architecture/figures/node_modules/@swc/helpers/src/_create_super.mjs: Copied (new)
2026/09/18 17:06:37 INFO  : X-PLAN/architecture/figures/node_modules/@swc/helpers/src/_create_for_of_iterator_helper_loose.mjs: Copied (new)
2026/09/18 17:06:37 INFO  : X-PLAN/architecture/figures/node_modules/@swc/helpers/src/_defaults.mjs: Copied (new)
2026/09/18 17:06:37 INFO  : X-PLAN/architecture/figures/node_modules/@swc/helpers/src/_decorate.mjs: Copied (new)
2026/09/18 17:06:41 INFO  : X-PLAN/architecture/figures/node_modules/@swc/helpers/src/_export_star.mjs: Copied (new)
2026/09/18 17:06:41 INFO  : X-PLAN/architecture/figures/node_modules/@swc/helpers/src/_dispose.mjs: Copied (new)
2026/09/18 17:06:41 INFO  : X-PLAN/architecture/figures/node_modules/@swc/helpers/src/_define_enumerable_properties.mjs: Copied (new)
2026/09/18 17:06:41 INFO  : X-PLAN/architecture/figures/node_modules/@swc/helpers/src/_define_property.mjs: Copied (new)
2026/09/18 17:06:44 INFO  : X-PLAN/architecture/figures/node_modules/@swc/helpers/src/_extends.mjs: Copied (new)
2026/09/18 17:06:44 INFO  : X-PLAN/architecture/figures/node_modules/@swc/helpers/src/_get.mjs: Copied (new)
2026/09/18 17:06:44 INFO  : X-PLAN/architecture/figures/node_modules/@swc/helpers/src/_identity.mjs: Copied (new)
2026/09/18 17:06:44 INFO  : X-PLAN/architecture/figures/node_modules/@swc/helpers/src/_get_prototype_of.mjs: Copied (new)
2026/09/18 17:06:47 INFO  : X-PLAN/architecture/figures/node_modules/@swc/helpers/src/_inherits.mjs: Copied (new)
2026/09/18 17:06:48 INFO  : X-PLAN/architecture/figures/node_modules/@swc/helpers/src/_initializer_define_property.mjs: Copied (new)
2026/09/18 17:06:48 INFO  : X-PLAN/architecture/figures/node_modules/@swc/helpers/src/_inherits_loose.mjs: Copied (new)
2026/09/18 17:06:48 INFO  : X-PLAN/architecture/figures/node_modules/@swc/helpers/src/_initializer_warning_helper.mjs: Copied (new)
2026/09/18 17:06:51 INFO  : X-PLAN/architecture/figures/node_modules/@swc/helpers/src/_interop_require_default.mjs: Copied (new)
2026/09/18 17:06:51 INFO  : X-PLAN/architecture/figures/node_modules/@swc/helpers/src/_instanceof.mjs: Copied (new)
2026/09/18 17:06:51 INFO  : X-PLAN/architecture/figures/node_modules/@swc/helpers/src/_interop_require_wildcard.mjs: Copied (new)
2026/09/18 17:06:51 INFO  : X-PLAN/architecture/figures/node_modules/@swc/helpers/src/_is_native_function.mjs: Copied (new)
2026/09/18 17:06:54 INFO  : X-PLAN/architecture/figures/node_modules/@swc/helpers/src/_iterable_to_array.mjs: Copied (new)
2026/09/18 17:06:54 INFO  : X-PLAN/architecture/figures/node_modules/@swc/helpers/src/_is_native_reflect_construct.mjs: Copied (new)
2026/09/18 17:06:54 INFO  : X-PLAN/architecture/figures/node_modules/@swc/helpers/src/_iterable_to_array_limit.mjs: Copied (new)
2026/09/18 17:06:54 INFO  : X-PLAN/architecture/figures/node_modules/@swc/helpers/src/_iterable_to_array_limit_loose.mjs: Copied (new)
2026/09/18 17:07:05 INFO  : X-PLAN/architecture/figures/node_modules/@swc/helpers/src/_non_iterable_spread.mjs: Copied (new)
2026/09/18 17:07:05 INFO  : X-PLAN/architecture/figures/node_modules/@swc/helpers/src/_new_arrow_check.mjs: Copied (new)
2026/09/18 17:07:05 INFO  : X-PLAN/architecture/figures/node_modules/@swc/helpers/src/_jsx.mjs: Copied (new)
2026/09/18 17:07:05 INFO  : X-PLAN/architecture/figures/node_modules/@swc/helpers/src/_non_iterable_rest.mjs: Copied (new)
2026/09/18 17:07:10 INFO  : X-PLAN/architecture/figures/node_modules/@swc/helpers/src/_object_spread.mjs: Copied (new)
2026/09/18 17:07:11 INFO  : X-PLAN/architecture/figures/node_modules/@swc/helpers/src/_object_destructuring_empty.mjs: Copied (new)
2026/09/18 17:07:11 INFO  : X-PLAN/architecture/figures/node_modules/@swc/helpers/src/_object_spread_props.mjs: Copied (new)
2026/09/18 17:07:11 INFO  : X-PLAN/architecture/figures/node_modules/@swc/helpers/src/_object_without_properties.mjs: Copied (new)
2026/09/18 17:07:15 INFO  : X-PLAN/architecture/figures/node_modules/@swc/helpers/src/_object_without_properties_loose.mjs: Copied (new)
2026/09/18 17:07:15 INFO  : X-PLAN/architecture/figures/node_modules/@swc/helpers/src/_possible_constructor_return.mjs: Copied (new)
2026/09/18 17:07:15 INFO  : X-PLAN/architecture/figures/node_modules/@swc/helpers/src/_overload_yield.mjs: Copied (new)
2026/09/18 17:07:16 INFO  : X-PLAN/architecture/figures/node_modules/@swc/helpers/src/_read_only_error.mjs: Copied (new)
2026/09/18 17:07:19 INFO  : X-PLAN/architecture/figures/node_modules/@swc/helpers/src/_skip_first_generator_next.mjs: Copied (new)
2026/09/18 17:07:19 INFO  : X-PLAN/architecture/figures/node_modules/@swc/helpers/src/_set_prototype_of.mjs: Copied (new)
2026/09/18 17:07:19 INFO  : X-PLAN/architecture/figures/node_modules/@swc/helpers/src/_set.mjs: Copied (new)
2026/09/18 17:07:20 INFO  : X-PLAN/architecture/figures/node_modules/@swc/helpers/src/_sliced_to_array.mjs: Copied (new)
2026/09/18 17:07:23 INFO  : X-PLAN/architecture/figures/node_modules/@swc/helpers/src/_sliced_to_array_loose.mjs: Copied (new)
2026/09/18 17:07:23 INFO  : X-PLAN/architecture/figures/node_modules/@swc/helpers/src/_super_prop_base.mjs: Copied (new)
2026/09/18 17:07:23 INFO  : X-PLAN/architecture/figures/node_modules/@swc/helpers/src/_tagged_template_literal.mjs: Copied (new)
2026/09/18 17:07:24 INFO  : X-PLAN/architecture/figures/node_modules/@swc/helpers/src/_tagged_template_literal_loose.mjs: Copied (new)
2026/09/18 17:07:26 INFO  : X-PLAN/architecture/figures/node_modules/@swc/helpers/src/_throw.mjs: Copied (new)
2026/09/18 17:07:26 INFO  : X-PLAN/architecture/figures/node_modules/@swc/helpers/src/_to_array.mjs: Copied (new)
2026/09/18 17:07:26 INFO  : X-PLAN/architecture/figures/node_modules/@swc/helpers/src/_to_consumable_array.mjs: Copied (new)
2026/09/18 17:07:27 INFO  : X-PLAN/architecture/figures/node_modules/@swc/helpers/src/_to_primitive.mjs: Copied (new)
2026/09/18 17:07:30 INFO  : X-PLAN/architecture/figures/node_modules/@swc/helpers/src/_to_property_key.mjs: Copied (new)
2026/09/18 17:07:30 INFO  : X-PLAN/architecture/figures/node_modules/@swc/helpers/src/_ts_add_disposable_resource.mjs: Copied (new)
2026/09/18 17:07:30 INFO  : X-PLAN/architecture/figures/node_modules/@swc/helpers/src/_ts_decorate.mjs: Copied (new)
2026/09/18 17:07:31 INFO  : X-PLAN/architecture/figures/node_modules/@swc/helpers/src/_ts_dispose_resources.mjs: Copied (new)
2026/09/18 17:07:33 INFO  : X-PLAN/architecture/figures/node_modules/@swc/helpers/src/_ts_metadata.mjs: Copied (new)
2026/09/18 17:07:33 INFO  : X-PLAN/architecture/figures/node_modules/@swc/helpers/src/_ts_generator.mjs: Copied (new)
2026/09/18 17:07:33 INFO  : X-PLAN/architecture/figures/node_modules/@swc/helpers/src/_ts_param.mjs: Copied (new)
2026/09/18 17:07:34 INFO  : X-PLAN/architecture/figures/node_modules/@swc/helpers/src/_ts_rewrite_relative_import_extension.mjs: Copied (new)
2026/09/18 17:07:36 INFO  : X-PLAN/architecture/figures/node_modules/@swc/helpers/src/_ts_values.mjs: Copied (new)
2026/09/18 17:07:36 INFO  : X-PLAN/architecture/figures/node_modules/@swc/helpers/src/_type_of.mjs: Copied (new)
2026/09/18 17:07:36 INFO  : X-PLAN/architecture/figures/node_modules/@swc/helpers/src/_unsupported_iterable_to_array.mjs: Copied (new)
2026/09/18 17:07:37 INFO  : X-PLAN/architecture/figures/node_modules/@swc/helpers/src/_update.mjs: Copied (new)
2026/09/18 17:07:40 INFO  : X-PLAN/architecture/figures/node_modules/@swc/helpers/src/_using.mjs: Copied (new)
2026/09/18 17:07:40 INFO  : X-PLAN/architecture/figures/node_modules/@swc/helpers/src/_using_ctx.mjs: Copied (new)
2026/09/18 17:07:40 INFO  : X-PLAN/architecture/figures/node_modules/@swc/helpers/src/_wrap_async_generator.mjs: Copied (new)
2026/09/18 17:07:41 INFO  : X-PLAN/architecture/figures/node_modules/@swc/helpers/src/_wrap_native_super.mjs: Copied (new)
2026/09/18 17:07:43 INFO  : X-PLAN/architecture/figures/node_modules/@swc/helpers/src/_write_only_error.mjs: Copied (new)
2026/09/18 17:07:44 INFO  : X-PLAN/architecture/figures/node_modules/@swc/helpers/src/_wrap_reg_exp.mjs: Copied (new)
2026/09/18 17:07:44 INFO  : X-PLAN/architecture/figures/node_modules/@swc/helpers/src/index.mjs: Copied (new)
2026/09/18 17:07:45 INFO  : X-PLAN/architecture/figures/node_modules/@internationalized/date/dist/types/src/calendars/BuddhistCalendar.d.ts: Copied (new)
2026/09/18 17:07:47 INFO  : X-PLAN/architecture/figures/node_modules/@internationalized/date/dist/types/src/calendars/EthiopicCalendar.d.ts: Copied (new)
2026/09/18 17:07:47 INFO  : X-PLAN/architecture/figures/node_modules/@internationalized/date/dist/types/src/calendars/GregorianCalendar.d.ts: Copied (new)
2026/09/18 17:07:47 INFO  : X-PLAN/architecture/figures/node_modules/@internationalized/date/dist/types/src/calendars/HebrewCalendar.d.ts: Copied (new)
2026/09/18 17:07:48 INFO  : X-PLAN/architecture/figures/node_modules/@internationalized/date/dist/types/src/calendars/IndianCalendar.d.ts: Copied (new)
2026/09/18 17:07:50 INFO  : X-PLAN/architecture/figures/node_modules/@internationalized/date/dist/types/src/calendars/IslamicCalendar.d.ts: Copied (new)
2026/09/18 17:07:51 INFO  : X-PLAN/architecture/figures/node_modules/@internationalized/date/dist/types/src/calendars/JapaneseCalendar.d.ts: Copied (new)
2026/09/18 17:07:51 INFO  : X-PLAN/architecture/figures/node_modules/@internationalized/date/dist/types/src/calendars/PersianCalendar.d.ts: Copied (new)
2026/09/18 17:07:52 INFO  : X-PLAN/architecture/figures/node_modules/@internationalized/date/dist/types/src/calendars/TaiwanCalendar.d.ts: Copied (new)
2026/09/18 17:07:53 INFO  : X-PLAN/architecture/figures/node_modules/@types/d3-chord/LICENSE: Copied (new)
2026/09/18 17:07:54 INFO  : X-PLAN/architecture/figures/node_modules/@types/d3-chord/index.d.ts: Copied (new)
2026/09/18 17:07:54 INFO  : X-PLAN/architecture/figures/node_modules/@types/d3-chord/README.md: Copied (new)
2026/09/18 17:07:55 INFO  : X-PLAN/architecture/figures/node_modules/@types/d3-chord/package.json: Copied (new)
2026/09/18 17:07:57 INFO  : X-PLAN/architecture/figures/node_modules/@zenuml/core/types/index.d.ts: Copied (new)
2026/09/18 17:07:57 INFO  : X-PLAN/architecture/figures/node_modules/@zenuml/core/types/svg.d.ts: Copied (new)
2026/09/18 17:07:58 INFO  : X-PLAN/architecture/figures/node_modules/@mermaid-js/parser/dist/chunks/mermaid-parser.esm/architecture-RL3TTVMG.mjs: Copied (new)
2026/09/18 17:07:59 INFO  : X-PLAN/architecture/figures/node_modules/@mermaid-js/parser/dist/chunks/mermaid-parser.esm/architecture-RL3TTVMG.mjs.map: Copied (new)
2026/09/18 17:08:02 INFO  : X-PLAN/architecture/figures/node_modules/@mermaid-js/parser/dist/chunks/mermaid-parser.esm/chunk-5I6LL4RE.mjs: Copied (new)
2026/09/18 17:08:02 INFO  : X-PLAN/architecture/figures/node_modules/@mermaid-js/parser/dist/chunks/mermaid-parser.esm/chunk-5I6LL4RE.mjs.map: Copied (new)
2026/09/18 17:08:03 INFO  : X-PLAN/architecture/figures/node_modules/@mermaid-js/parser/dist/chunks/mermaid-parser.esm/chunk-5LUZVGUV.mjs: Copied (new)
2026/09/18 17:08:05 INFO  : X-PLAN/architecture/figures/node_modules/@mermaid-js/parser/dist/chunks/mermaid-parser.esm/chunk-5LUZVGUV.mjs.map: Copied (new)
2026/09/18 17:08:07 INFO  : X-PLAN/architecture/figures/node_modules/@mermaid-js/parser/dist/chunks/mermaid-parser.esm/chunk-CIUNOC2B.mjs.map: Copied (new)
2026/09/18 17:08:08 INFO  : X-PLAN/architecture/figures/node_modules/@mermaid-js/parser/dist/chunks/mermaid-parser.esm/chunk-CIUNOC2B.mjs: Copied (new)
2026/09/18 17:08:09 INFO  : X-PLAN/architecture/figures/node_modules/@mermaid-js/parser/dist/chunks/mermaid-parser.esm/chunk-DEW74267.mjs: Copied (new)
2026/09/18 17:08:10 INFO  : X-PLAN/architecture/figures/node_modules/@mermaid-js/parser/dist/chunks/mermaid-parser.esm/chunk-DEW74267.mjs.map: Copied (new)
2026/09/18 17:08:11 INFO  : X-PLAN/architecture/figures/node_modules/@mermaid-js/parser/dist/chunks/mermaid-parser.esm/chunk-DJPSPAKP.mjs: Copied (new)
2026/09/18 17:08:12 INFO  : X-PLAN/architecture/figures/node_modules/@mermaid-js/parser/dist/chunks/mermaid-parser.esm/chunk-DJPSPAKP.mjs.map: Copied (new)
2026/09/18 17:08:12 INFO  : X-PLAN/architecture/figures/node_modules/@mermaid-js/parser/dist/chunks/mermaid-parser.esm/chunk-E2OJO47P.mjs: Copied (new)
2026/09/18 17:08:13 INFO  : X-PLAN/architecture/figures/node_modules/@mermaid-js/parser/dist/chunks/mermaid-parser.esm/chunk-E2OJO47P.mjs.map: Copied (new)
2026/09/18 17:08:15 INFO  : X-PLAN/architecture/figures/node_modules/@mermaid-js/parser/dist/chunks/mermaid-parser.esm/chunk-FTNGQ3OV.mjs: Copied (new)
2026/09/18 17:08:16 INFO  : X-PLAN/architecture/figures/node_modules/@mermaid-js/parser/dist/chunks/mermaid-parser.esm/chunk-FTNGQ3OV.mjs.map: Copied (new)
2026/09/18 17:08:17 INFO  : X-PLAN/architecture/figures/node_modules/@mermaid-js/parser/dist/chunks/mermaid-parser.esm/chunk-JXY6EF7A.mjs: Copied (new)
2026/09/18 17:08:18 INFO  : X-PLAN/architecture/figures/node_modules/@mermaid-js/parser/dist/chunks/mermaid-parser.esm/chunk-JXY6EF7A.mjs.map: Copied (new)
2026/09/18 17:08:20 INFO  : X-PLAN/architecture/figures/node_modules/@mermaid-js/parser/dist/chunks/mermaid-parser.esm/chunk-KF7DCBH4.mjs: Copied (new)
2026/09/18 17:08:20 INFO  : X-PLAN/architecture/figures/node_modules/@mermaid-js/parser/dist/chunks/mermaid-parser.esm/chunk-KF7DCBH4.mjs.map: Copied (new)
2026/09/18 17:08:21 INFO  : X-PLAN/architecture/figures/node_modules/@mermaid-js/parser/dist/chunks/mermaid-parser.esm/chunk-QTXQJRYY.mjs: Copied (new)
2026/09/18 17:08:22 INFO  : X-PLAN/architecture/figures/node_modules/@mermaid-js/parser/dist/chunks/mermaid-parser.esm/chunk-QTXQJRYY.mjs.map: Copied (new)
2026/09/18 17:08:25 INFO  : X-PLAN/architecture/figures/node_modules/@mermaid-js/parser/dist/chunks/mermaid-parser.esm/chunk-RRMOOYLN.mjs: Copied (new)
2026/09/18 17:08:25 INFO  : X-PLAN/architecture/figures/node_modules/@mermaid-js/parser/dist/chunks/mermaid-parser.esm/chunk-RRMOOYLN.mjs.map: Copied (new)
2026/09/18 17:08:26 INFO  : X-PLAN/architecture/figures/node_modules/@mermaid-js/parser/dist/chunks/mermaid-parser.esm/chunk-YNGXLGBY.mjs: Copied (new)
2026/09/18 17:08:26 INFO  : X-PLAN/architecture/figures/node_modules/@mermaid-js/parser/dist/chunks/mermaid-parser.esm/chunk-YNGXLGBY.mjs.map: Copied (new)
2026/09/18 17:08:29 INFO  : X-PLAN/architecture/figures/node_modules/@mermaid-js/parser/dist/chunks/mermaid-parser.esm/chunk-YSXASIHP.mjs: Copied (new)
2026/09/18 17:08:29 INFO  : X-PLAN/architecture/figures/node_modules/@mermaid-js/parser/dist/chunks/mermaid-parser.esm/chunk-YSXASIHP.mjs.map: Copied (new)
2026/09/18 17:08:29 INFO  : X-PLAN/architecture/figures/node_modules/@mermaid-js/parser/dist/chunks/mermaid-parser.esm/chunk-YYYHLZXX.mjs: Copied (new)
2026/09/18 17:08:30 INFO  : X-PLAN/architecture/figures/node_modules/@mermaid-js/parser/dist/chunks/mermaid-parser.esm/chunk-YYYHLZXX.mjs.map: Copied (new)
2026/09/18 17:08:32 INFO  : X-PLAN/architecture/figures/node_modules/@mermaid-js/parser/dist/chunks/mermaid-parser.esm/chunk-Z6IW22I5.mjs: Copied (new)
2026/09/18 17:08:32 INFO  : X-PLAN/architecture/figures/node_modules/@mermaid-js/parser/dist/chunks/mermaid-parser.esm/chunk-Z6IW22I5.mjs.map: Copied (new)
2026/09/18 17:08:33 INFO  : X-PLAN/architecture/figures/node_modules/@mermaid-js/parser/dist/chunks/mermaid-parser.esm/chunk-ZO42IW3I.mjs: Copied (new)
2026/09/18 17:08:35 INFO  : X-PLAN/architecture/figures/node_modules/@mermaid-js/parser/dist/chunks/mermaid-parser.esm/chunk-ZO42IW3I.mjs.map: Copied (new)
2026/09/18 17:08:36 INFO  : X-PLAN/architecture/figures/node_modules/@mermaid-js/parser/dist/chunks/mermaid-parser.esm/cynefin-FUCI45MO.mjs: Copied (new)
2026/09/18 17:08:36 INFO  : X-PLAN/architecture/figures/node_modules/@mermaid-js/parser/dist/chunks/mermaid-parser.esm/cynefin-FUCI45MO.mjs.map: Copied (new)
2026/09/18 17:08:37 INFO  : X-PLAN/architecture/figures/node_modules/@mermaid-js/parser/dist/chunks/mermaid-parser.esm/eventmodeling-WVTWYPDW.mjs: Copied (new)
2026/09/18 17:08:38 INFO  : X-PLAN/architecture/figures/node_modules/@mermaid-js/parser/dist/chunks/mermaid-parser.esm/eventmodeling-WVTWYPDW.mjs.map: Copied (new)
2026/09/18 17:08:39 INFO  : X-PLAN/architecture/figures/node_modules/@mermaid-js/parser/dist/chunks/mermaid-parser.esm/gitGraph-ABMJHP3C.mjs: Copied (new)
2026/09/18 17:08:39 INFO  : X-PLAN/architecture/figures/node_modules/@mermaid-js/parser/dist/chunks/mermaid-parser.esm/gitGraph-ABMJHP3C.mjs.map: Copied (new)
2026/09/18 17:08:41 INFO  : X-PLAN/architecture/figures/node_modules/@mermaid-js/parser/dist/chunks/mermaid-parser.esm/info-JQRVFZIU.mjs: Copied (new)
2026/09/18 17:08:41 INFO  : X-PLAN/architecture/figures/node_modules/@mermaid-js/parser/dist/chunks/mermaid-parser.esm/info-JQRVFZIU.mjs.map: Copied (new)
2026/09/18 17:08:42 INFO  : X-PLAN/architecture/figures/node_modules/@mermaid-js/parser/dist/chunks/mermaid-parser.esm/packet-YVFSY34C.mjs: Copied (new)
2026/09/18 17:08:43 INFO  : X-PLAN/architecture/figures/node_modules/@mermaid-js/parser/dist/chunks/mermaid-parser.esm/packet-YVFSY34C.mjs.map: Copied (new)
2026/09/18 17:08:44 INFO  : X-PLAN/architecture/figures/node_modules/@mermaid-js/parser/dist/chunks/mermaid-parser.esm/pie-UYTW2GPP.mjs: Copied (new)
2026/09/18 17:08:45 INFO  : X-PLAN/architecture/figures/node_modules/@mermaid-js/parser/dist/chunks/mermaid-parser.esm/pie-UYTW2GPP.mjs.map: Copied (new)
2026/09/18 17:08:46 INFO  : X-PLAN/architecture/figures/node_modules/@mermaid-js/parser/dist/chunks/mermaid-parser.esm/radar-J2HYQY2E.mjs: Copied (new)
2026/09/18 17:08:46 INFO  : X-PLAN/architecture/figures/node_modules/@mermaid-js/parser/dist/chunks/mermaid-parser.esm/radar-J2HYQY2E.mjs.map: Copied (new)
2026/09/18 17:08:48 INFO  : X-PLAN/architecture/figures/node_modules/@mermaid-js/parser/dist/chunks/mermaid-parser.esm/railroad-CBY4SZLZ.mjs: Copied (new)
2026/09/18 17:08:48 INFO  : X-PLAN/architecture/figures/node_modules/@mermaid-js/parser/dist/chunks/mermaid-parser.esm/railroad-CBY4SZLZ.mjs.map: Copied (new)
2026/09/18 17:08:49 INFO  : X-PLAN/architecture/figures/node_modules/@mermaid-js/parser/dist/chunks/mermaid-parser.esm/railroad-abnf-C6YJMTIA.mjs: Copied (new)
2026/09/18 17:08:50 INFO  : X-PLAN/architecture/figures/node_modules/@mermaid-js/parser/dist/chunks/mermaid-parser.esm/railroad-abnf-C6YJMTIA.mjs.map: Copied (new)
2026/09/18 17:08:52 INFO  : X-PLAN/architecture/figures/node_modules/@mermaid-js/parser/dist/chunks/mermaid-parser.esm/railroad-ebnf-4DWDYKAR.mjs: Copied (new)
2026/09/18 17:08:52 INFO  : X-PLAN/architecture/figures/node_modules/@mermaid-js/parser/dist/chunks/mermaid-parser.esm/railroad-ebnf-4DWDYKAR.mjs.map: Copied (new)
2026/09/18 17:08:54 INFO  : X-PLAN/architecture/figures/node_modules/@mermaid-js/parser/dist/chunks/mermaid-parser.esm/railroad-peg-ILRJLCWS.mjs: Copied (new)
2026/09/18 17:08:54 INFO  : X-PLAN/architecture/figures/node_modules/@mermaid-js/parser/dist/chunks/mermaid-parser.esm/railroad-peg-ILRJLCWS.mjs.map: Copied (new)
2026/09/18 17:08:56 INFO  : X-PLAN/architecture/figures/node_modules/@mermaid-js/parser/dist/chunks/mermaid-parser.esm/treeView-2LALZXKK.mjs: Copied (new)
2026/09/18 17:08:57 INFO  : X-PLAN/architecture/figures/node_modules/@mermaid-js/parser/dist/chunks/mermaid-parser.esm/treeView-2LALZXKK.mjs.map: Copied (new)
2026/09/18 17:08:58 INFO  : X-PLAN/architecture/figures/node_modules/@mermaid-js/parser/dist/chunks/mermaid-parser.esm/treemap-KCBBMFWV.mjs.map: Copied (new)
2026/09/18 17:08:59 INFO  : X-PLAN/architecture/figures/node_modules/@mermaid-js/parser/dist/chunks/mermaid-parser.esm/treemap-KCBBMFWV.mjs: Copied (new)
2026/09/18 17:09:01 INFO  : X-PLAN/architecture/figures/node_modules/@mermaid-js/parser/dist/chunks/mermaid-parser.esm/wardley-HJIMLUET.mjs: Copied (new)
2026/09/18 17:09:01 INFO  : X-PLAN/architecture/figures/node_modules/@mermaid-js/parser/dist/chunks/mermaid-parser.esm/wardley-HJIMLUET.mjs.map: Copied (new)
2026/09/18 17:09:02 INFO  : X-PLAN/architecture/figures/node_modules/antlr4/.babelrc: Copied (new)
2026/09/18 17:09:03 INFO  : X-PLAN/architecture/figures/node_modules/antlr4/.eslintignore: Copied (new)
2026/09/18 17:09:04 INFO  : X-PLAN/architecture/figures/node_modules/antlr4/.eslintrc.yml: Copied (new)
2026/09/18 17:09:05 INFO  : X-PLAN/architecture/figures/node_modules/antlr4/.project: Copied (new)
2026/09/18 17:09:06 INFO  : X-PLAN/architecture/figures/node_modules/antlr4/README.md: Copied (new)
2026/09/18 17:09:06 INFO  : X-PLAN/architecture/figures/node_modules/antlr4/package.json: Copied (new)
2026/09/18 17:09:08 INFO  : X-PLAN/architecture/figures/node_modules/antlr4/webpack.config.cjs: Copied (new)
2026/09/18 17:09:10 INFO  : X-PLAN/architecture/figures/node_modules/@swc/helpers/_/_array_like_to_array/package.json: Copied (new)
2026/09/18 17:09:10 INFO  : X-PLAN/architecture/figures/node_modules/@mermaid-js/mermaid-zenuml/dist/chunks/mermaid-zenuml.esm.min/chunk-PPGA74DV.mjs: Copied (new)
2026/09/18 17:09:10 INFO  : X-PLAN/architecture/figures/node_modules/@mermaid-js/mermaid-zenuml/dist/chunks/mermaid-zenuml.esm.min/chunk-PPGA74DV.mjs.map: Copied (new)
2026/09/18 17:09:12 INFO  : X-PLAN/architecture/figures/node_modules/@mermaid-js/mermaid-zenuml/dist/chunks/mermaid-zenuml.esm.min/chunk-VDOFMJQL.mjs: Copied (new)
2026/09/18 17:09:14 INFO  : X-PLAN/architecture/figures/node_modules/@mermaid-js/mermaid-zenuml/dist/chunks/mermaid-zenuml.esm.min/chunk-VDOFMJQL.mjs.map: Copied (new)
2026/09/18 17:09:14 INFO  : X-PLAN/architecture/figures/node_modules/@mermaid-js/mermaid-zenuml/dist/chunks/mermaid-zenuml.esm.min/cloud-icons-eHuugVSv-MANGUYXV.mjs: Copied (new)
2026/09/18 17:09:14 INFO  : X-PLAN/architecture/figures/node_modules/@mermaid-js/mermaid-zenuml/dist/chunks/mermaid-zenuml.esm.min/cloud-icons-eHuugVSv-MANGUYXV.mjs.map: Copied (new)
2026/09/18 17:09:15 INFO  : X-PLAN/architecture/figures/node_modules/@mermaid-js/mermaid-zenuml/dist/chunks/mermaid-zenuml.esm.min/zenuml-definition-EPHX7WPJ.mjs: Copied (new)
2026/09/18 17:09:18 INFO  : X-PLAN/architecture/figures/node_modules/@zenuml/core/dist/cli/zenuml.mjs.map: Copied (new)
2026/09/18 17:09:19 INFO  : X-PLAN/architecture/figures/node_modules/@mermaid-js/mermaid-zenuml/dist/chunks/mermaid-zenuml.esm.min/zenuml-definition-EPHX7WPJ.mjs.map: Copied (new)
2026/09/18 17:09:19 INFO  : X-PLAN/architecture/figures/node_modules/@zenuml/core/dist/cli/zenuml.mjs: Copied (new)
2026/09/18 17:09:19 INFO  : X-PLAN/architecture/figures/node_modules/@types/d3-color/LICENSE: Copied (new)
2026/09/18 17:09:22 INFO  : X-PLAN/architecture/figures/node_modules/@types/d3-color/README.md: Copied (new)
2026/09/18 17:09:22 INFO  : X-PLAN/architecture/figures/node_modules/@types/d3-color/index.d.ts: Copied (new)
2026/09/18 17:09:23 INFO  : X-PLAN/architecture/figures/node_modules/@types/d3-color/package.json: Copied (new)
2026/09/18 17:09:24 INFO  : X-PLAN/architecture/figures/node_modules/@mermaid-js/parser/dist/chunks/mermaid-parser.esm.min/architecture-O4OAL5WT.mjs: Copied (new)
2026/09/18 17:09:26 INFO  : X-PLAN/architecture/figures/node_modules/@mermaid-js/parser/dist/chunks/mermaid-parser.esm.min/architecture-O4OAL5WT.mjs.map: Copied (new)
2026/09/18 17:09:26 INFO  : X-PLAN/architecture/figures/node_modules/@mermaid-js/parser/dist/chunks/mermaid-parser.esm.min/chunk-BPJO5MP5.mjs: Copied (new)
2026/09/18 17:09:27 INFO  : X-PLAN/architecture/figures/node_modules/@mermaid-js/parser/dist/chunks/mermaid-parser.esm.min/chunk-BPJO5MP5.mjs.map: Copied (new)
2026/09/18 17:09:28 INFO  : X-PLAN/architecture/figures/node_modules/@mermaid-js/parser/dist/chunks/mermaid-parser.esm.min/chunk-ESOQ6XDP.mjs: Copied (new)
2026/09/18 17:09:29 INFO  : X-PLAN/architecture/figures/node_modules/@mermaid-js/parser/dist/chunks/mermaid-parser.esm.min/chunk-IRLRCMIP.mjs: Copied (new)
2026/09/18 17:09:29 INFO  : X-PLAN/architecture/figures/node_modules/@mermaid-js/parser/dist/chunks/mermaid-parser.esm.min/chunk-ESOQ6XDP.mjs.map: Copied (new)
2026/09/18 17:09:30 INFO  : X-PLAN/architecture/figures/node_modules/@mermaid-js/parser/dist/chunks/mermaid-parser.esm.min/chunk-IRLRCMIP.mjs.map: Copied (new)
2026/09/18 17:09:31 INFO  : X-PLAN/architecture/figures/node_modules/@mermaid-js/parser/dist/chunks/mermaid-parser.esm.min/chunk-L2OVAXIS.mjs: Copied (new)
2026/09/18 17:09:34 INFO  : X-PLAN/architecture/figures/node_modules/@mermaid-js/parser/dist/chunks/mermaid-parser.esm.min/chunk-LNRHPJCK.mjs: Copied (new)
2026/09/18 17:09:34 INFO  : X-PLAN/architecture/figures/node_modules/@mermaid-js/parser/dist/chunks/mermaid-parser.esm.min/chunk-LNRHPJCK.mjs.map: Copied (new)
2026/09/18 17:09:34 INFO  : X-PLAN/architecture/figures/node_modules/@mermaid-js/parser/dist/chunks/mermaid-parser.esm.min/chunk-L2OVAXIS.mjs.map: Copied (new)
2026/09/18 17:09:34 INFO  : X-PLAN/architecture/figures/node_modules/@mermaid-js/parser/dist/chunks/mermaid-parser.esm.min/chunk-M5R6W4N3.mjs: Copied (new)
2026/09/18 17:09:37 INFO  : X-PLAN/architecture/figures/node_modules/@mermaid-js/parser/dist/chunks/mermaid-parser.esm.min/chunk-M5R6W4N3.mjs.map: Copied (new)
2026/09/18 17:09:38 INFO  : X-PLAN/architecture/figures/node_modules/@mermaid-js/parser/dist/chunks/mermaid-parser.esm.min/chunk-MMNL2B2L.mjs.map: Copied (new)
2026/09/18 17:09:38 INFO  : X-PLAN/architecture/figures/node_modules/@mermaid-js/parser/dist/chunks/mermaid-parser.esm.min/chunk-MMNL2B2L.mjs: Copied (new)
2026/09/18 17:09:38 INFO  : X-PLAN/architecture/figures/node_modules/@mermaid-js/parser/dist/chunks/mermaid-parser.esm.min/chunk-NABWVW2Q.mjs: Copied (new)
2026/09/18 17:09:41 INFO  : X-PLAN/architecture/figures/node_modules/@mermaid-js/parser/dist/chunks/mermaid-parser.esm.min/chunk-NABWVW2Q.mjs.map: Copied (new)
2026/09/18 17:09:41 INFO  : X-PLAN/architecture/figures/node_modules/@mermaid-js/parser/dist/chunks/mermaid-parser.esm.min/chunk-OE7WAEHP.mjs: Copied (new)
2026/09/18 17:09:42 INFO  : X-PLAN/architecture/figures/node_modules/@mermaid-js/parser/dist/chunks/mermaid-parser.esm.min/chunk-OE7WAEHP.mjs.map: Copied (new)
2026/09/18 17:09:42 INFO  : X-PLAN/architecture/figures/node_modules/@mermaid-js/parser/dist/chunks/mermaid-parser.esm.min/chunk-OTQKI4Q5.mjs: Copied (new)
2026/09/18 17:09:45 INFO  : X-PLAN/architecture/figures/node_modules/@mermaid-js/parser/dist/chunks/mermaid-parser.esm.min/chunk-OTQKI4Q5.mjs.map: Copied (new)
2026/09/18 17:09:46 INFO  : X-PLAN/architecture/figures/node_modules/@mermaid-js/parser/dist/chunks/mermaid-parser.esm.min/chunk-PMWMZBX5.mjs: Copied (new)
2026/09/18 17:09:46 INFO  : X-PLAN/architecture/figures/node_modules/@mermaid-js/parser/dist/chunks/mermaid-parser.esm.min/chunk-PMWMZBX5.mjs.map: Copied (new)
2026/09/18 17:09:47 INFO  : X-PLAN/architecture/figures/node_modules/@mermaid-js/parser/dist/chunks/mermaid-parser.esm.min/chunk-TPHQQJKO.mjs: Copied (new)
2026/09/18 17:09:50 INFO  : X-PLAN/architecture/figures/node_modules/@mermaid-js/parser/dist/chunks/mermaid-parser.esm.min/chunk-VMMI3RRM.mjs: Copied (new)
2026/09/18 17:09:50 INFO  : X-PLAN/architecture/figures/node_modules/@mermaid-js/parser/dist/chunks/mermaid-parser.esm.min/chunk-TPHQQJKO.mjs.map: Copied (new)
2026/09/18 17:09:50 INFO  : X-PLAN/architecture/figures/node_modules/@mermaid-js/parser/dist/chunks/mermaid-parser.esm.min/chunk-VMMI3RRM.mjs.map: Copied (new)
2026/09/18 17:09:50 INFO  : X-PLAN/architecture/figures/node_modules/@mermaid-js/parser/dist/chunks/mermaid-parser.esm.min/chunk-WK6FI2EL.mjs: Copied (new)
2026/09/18 17:09:53 INFO  : X-PLAN/architecture/figures/node_modules/@mermaid-js/parser/dist/chunks/mermaid-parser.esm.min/chunk-WK6FI2EL.mjs.map: Copied (new)
2026/09/18 17:09:53 INFO  : X-PLAN/architecture/figures/node_modules/@mermaid-js/parser/dist/chunks/mermaid-parser.esm.min/chunk-Z6AB6WYJ.mjs: Copied (new)
2026/09/18 17:09:54 INFO  : X-PLAN/architecture/figures/node_modules/@mermaid-js/parser/dist/chunks/mermaid-parser.esm.min/chunk-ZU4VZGUK.mjs: Copied (new)
2026/09/18 17:09:54 INFO  : X-PLAN/architecture/figures/node_modules/@mermaid-js/parser/dist/chunks/mermaid-parser.esm.min/chunk-Z6AB6WYJ.mjs.map: Copied (new)
2026/09/18 17:09:56 INFO  : X-PLAN/architecture/figures/node_modules/@mermaid-js/parser/dist/chunks/mermaid-parser.esm.min/chunk-ZU4VZGUK.mjs.map: Copied (new)
2026/09/18 17:09:56 INFO  : X-PLAN/architecture/figures/node_modules/@mermaid-js/parser/dist/chunks/mermaid-parser.esm.min/cynefin-5N6L4GKY.mjs: Copied (new)
2026/09/18 17:09:57 INFO  : X-PLAN/architecture/figures/node_modules/@mermaid-js/parser/dist/chunks/mermaid-parser.esm.min/eventmodeling-5XS77AUN.mjs: Copied (new)
2026/09/18 17:09:57 INFO  : X-PLAN/architecture/figures/node_modules/@mermaid-js/parser/dist/chunks/mermaid-parser.esm.min/cynefin-5N6L4GKY.mjs.map: Copied (new)
2026/09/18 17:10:01 INFO  : X-PLAN/architecture/figures/node_modules/@mermaid-js/parser/dist/chunks/mermaid-parser.esm.min/eventmodeling-5XS77AUN.mjs.map: Copied (new)
2026/09/18 17:10:01 INFO  : X-PLAN/architecture/figures/node_modules/@mermaid-js/parser/dist/chunks/mermaid-parser.esm.min/gitGraph-32VG5UAO.mjs: Copied (new)
2026/09/18 17:10:03 INFO  : X-PLAN/architecture/figures/node_modules/@mermaid-js/parser/dist/chunks/mermaid-parser.esm.min/gitGraph-32VG5UAO.mjs.map: Copied (new)
2026/09/18 17:10:03 INFO  : X-PLAN/architecture/figures/node_modules/@mermaid-js/parser/dist/chunks/mermaid-parser.esm.min/info-CTUXQLLE.mjs: Copied (new)
2026/09/18 17:10:05 INFO  : X-PLAN/architecture/figures/node_modules/@mermaid-js/parser/dist/chunks/mermaid-parser.esm.min/info-CTUXQLLE.mjs.map: Copied (new)
2026/09/18 17:10:06 INFO  : X-PLAN/architecture/figures/node_modules/@mermaid-js/parser/dist/chunks/mermaid-parser.esm.min/packet-FTHM355D.mjs: Copied (new)
2026/09/18 17:10:06 INFO  : X-PLAN/architecture/figures/node_modules/@mermaid-js/parser/dist/chunks/mermaid-parser.esm.min/packet-FTHM355D.mjs.map: Copied (new)
2026/09/18 17:10:07 INFO  : X-PLAN/architecture/figures/node_modules/@mermaid-js/parser/dist/chunks/mermaid-parser.esm.min/pie-CEW4W6Q6.mjs: Copied (new)
2026/09/18 17:10:09 INFO  : X-PLAN/architecture/figures/node_modules/@mermaid-js/parser/dist/chunks/mermaid-parser.esm.min/pie-CEW4W6Q6.mjs.map: Copied (new)
2026/09/18 17:10:10 INFO  : X-PLAN/architecture/figures/node_modules/@mermaid-js/parser/dist/chunks/mermaid-parser.esm.min/radar-JY2HPGN7.mjs: Copied (new)
2026/09/18 17:10:10 INFO  : X-PLAN/architecture/figures/node_modules/@mermaid-js/parser/dist/chunks/mermaid-parser.esm.min/radar-JY2HPGN7.mjs.map: Copied (new)
2026/09/18 17:10:10 INFO  : X-PLAN/architecture/figures/node_modules/@mermaid-js/parser/dist/chunks/mermaid-parser.esm.min/railroad-LO2ZSTWA.mjs: Copied (new)
2026/09/18 17:10:12 INFO  : X-PLAN/architecture/figures/node_modules/@mermaid-js/parser/dist/chunks/mermaid-parser.esm.min/railroad-LO2ZSTWA.mjs.map: Copied (new)
2026/09/18 17:10:13 INFO  : X-PLAN/architecture/figures/node_modules/@mermaid-js/parser/dist/chunks/mermaid-parser.esm.min/railroad-abnf-CDRPPXSQ.mjs: Copied (new)
2026/09/18 17:10:14 INFO  : X-PLAN/architecture/figures/node_modules/@mermaid-js/parser/dist/chunks/mermaid-parser.esm.min/railroad-ebnf-DYMBCHAD.mjs: Copied (new)
2026/09/18 17:10:14 INFO  : X-PLAN/architecture/figures/node_modules/@mermaid-js/parser/dist/chunks/mermaid-parser.esm.min/railroad-abnf-CDRPPXSQ.mjs.map: Copied (new)
2026/09/18 17:10:16 INFO  : X-PLAN/architecture/figures/node_modules/@mermaid-js/parser/dist/chunks/mermaid-parser.esm.min/railroad-ebnf-DYMBCHAD.mjs.map: Copied (new)
2026/09/18 17:10:16 INFO  : X-PLAN/architecture/figures/node_modules/@mermaid-js/parser/dist/chunks/mermaid-parser.esm.min/railroad-peg-ZW6BHD3Z.mjs: Copied (new)
2026/09/18 17:10:17 INFO  : X-PLAN/architecture/figures/node_modules/@mermaid-js/parser/dist/chunks/mermaid-parser.esm.min/treeView-QZBI6MVZ.mjs: Copied (new)
2026/09/18 17:10:18 INFO  : X-PLAN/architecture/figures/node_modules/@mermaid-js/parser/dist/chunks/mermaid-parser.esm.min/railroad-peg-ZW6BHD3Z.mjs.map: Copied (new)
2026/09/18 17:10:19 INFO  : X-PLAN/architecture/figures/node_modules/@mermaid-js/parser/dist/chunks/mermaid-parser.esm.min/treeView-QZBI6MVZ.mjs.map: Copied (new)
2026/09/18 17:10:20 INFO  : X-PLAN/architecture/figures/node_modules/@mermaid-js/parser/dist/chunks/mermaid-parser.esm.min/treemap-2KTZIG75.mjs: Copied (new)
2026/09/18 17:10:21 INFO  : X-PLAN/architecture/figures/node_modules/@mermaid-js/parser/dist/chunks/mermaid-parser.esm.min/wardley-52OBY6EM.mjs: Copied (new)
2026/09/18 17:10:21 INFO  : X-PLAN/architecture/figures/node_modules/@mermaid-js/parser/dist/chunks/mermaid-parser.esm.min/treemap-2KTZIG75.mjs.map: Copied (new)
2026/09/18 17:10:23 INFO  : X-PLAN/architecture/figures/node_modules/@mermaid-js/parser/dist/chunks/mermaid-parser.esm.min/wardley-52OBY6EM.mjs.map: Copied (new)
2026/09/18 17:10:24 INFO  : X-PLAN/architecture/figures/node_modules/argparse/CHANGELOG.md: Copied (new)
2026/09/18 17:10:25 INFO  : X-PLAN/architecture/figures/node_modules/argparse/LICENSE: Copied (new)
2026/09/18 17:10:25 INFO  : X-PLAN/architecture/figures/node_modules/argparse/README.md: Copied (new)
2026/09/18 17:10:27 INFO  : X-PLAN/architecture/figures/node_modules/argparse/argparse.js: Copied (new)
2026/09/18 17:10:28 INFO  : X-PLAN/architecture/figures/node_modules/argparse/package.json: Copied (new)
2026/09/18 17:10:38 INFO  : X-PLAN/architecture/figures/node_modules/@swc/helpers/_/_array_with_holes/package.json: Copied (new)
2026/09/18 17:10:38 INFO  : X-PLAN/architecture/figures/node_modules/@zenuml/core/dist/fonts/MS Sans Serif.ttf: Copied (new)
2026/09/18 17:11:41 INFO  : X-PLAN/architecture/figures/node_modules/@types/d3-contour/LICENSE: Copied (new)
2026/09/18 17:11:41 INFO  : X-PLAN/architecture/figures/node_modules/@types/d3-contour/README.md: Copied (new)
2026/09/18 17:11:41 INFO  : X-PLAN/architecture/figures/node_modules/@types/d3-contour/package.json: Copied (new)
2026/09/18 17:11:41 INFO  : X-PLAN/architecture/figures/node_modules/@types/d3-contour/index.d.ts: Copied (new)
2026/09/18 17:11:45 INFO  : X-PLAN/architecture/figures/node_modules/aria-hidden/package.json: Copied (new)
2026/09/18 17:11:45 INFO  : X-PLAN/architecture/figures/node_modules/aria-hidden/LICENSE: Copied (new)
2026/09/18 17:11:46 INFO  : X-PLAN/architecture/figures/node_modules/aria-hidden/README.md: Copied (new)
2026/09/18 17:11:46 INFO  : X-PLAN/architecture/figures/node_modules/antlr4/spec/IntervalSetSpec.js: Copied (new)
2026/09/18 17:11:50 INFO  : X-PLAN/architecture/figures/node_modules/@swc/helpers/_/_array_without_holes/package.json: Copied (new)
2026/09/18 17:11:50 INFO  : X-PLAN/architecture/figures/node_modules/@zenuml/core/dist/lsp/main.js: Copied (new)
2026/09/18 17:11:50 INFO  : X-PLAN/architecture/figures/node_modules/@types/d3-delaunay/LICENSE: Copied (new)
2026/09/18 17:11:50 INFO  : X-PLAN/architecture/figures/node_modules/@zenuml/core/dist/lsp/zenuml-server.worker.js: Copied (new)
2026/09/18 17:11:53 INFO  : X-PLAN/architecture/figures/node_modules/@types/d3-delaunay/package.json: Copied (new)
2026/09/18 17:11:53 INFO  : X-PLAN/architecture/figures/node_modules/@types/d3-delaunay/README.md: Copied (new)
2026/09/18 17:11:53 INFO  : X-PLAN/architecture/figures/node_modules/ast-types/LICENSE: Copied (new)
2026/09/18 17:11:53 INFO  : X-PLAN/architecture/figures/node_modules/@types/d3-delaunay/index.d.ts: Copied (new)
2026/09/18 17:11:57 INFO  : X-PLAN/architecture/figures/node_modules/ast-types/README.md: Copied (new)
2026/09/18 17:11:57 INFO  : X-PLAN/architecture/figures/node_modules/ast-types/fork.js: Copied (new)
2026/09/18 17:11:57 INFO  : X-PLAN/architecture/figures/node_modules/ast-types/fork.d.ts: Copied (new)
2026/09/18 17:11:57 INFO  : X-PLAN/architecture/figures/node_modules/ast-types/main.d.ts: Copied (new)
2026/09/18 17:12:00 INFO  : X-PLAN/architecture/figures/node_modules/ast-types/main.js: Copied (new)
2026/09/18 17:12:00 INFO  : X-PLAN/architecture/figures/node_modules/ast-types/types.d.ts: Copied (new)
2026/09/18 17:12:01 INFO  : X-PLAN/architecture/figures/node_modules/ast-types/package.json: Copied (new)
2026/09/18 17:12:01 INFO  : X-PLAN/architecture/figures/node_modules/ast-types/tsconfig.json: Copied (new)
2026/09/18 17:12:03 INFO  : X-PLAN/architecture/figures/node_modules/ast-types/types.js: Copied (new)
2026/09/18 17:12:04 INFO  : X-PLAN/architecture/figures/node_modules/argparse/lib/textwrap.js: Copied (new)
2026/09/18 17:12:04 INFO  : X-PLAN/architecture/figures/node_modules/argparse/lib/sub.js: Copied (new)
2026/09/18 17:12:04 INFO  : X-PLAN/architecture/figures/node_modules/@swc/helpers/_/_assert_this_initialized/package.json: Copied (new)
2026/09/18 17:12:07 INFO  : X-PLAN/architecture/figures/node_modules/@types/d3-dispatch/LICENSE: Copied (new)
2026/09/18 17:12:08 INFO  : X-PLAN/architecture/figures/node_modules/@types/d3-dispatch/README.md: Copied (new)
2026/09/18 17:12:08 INFO  : X-PLAN/architecture/figures/node_modules/@types/d3-dispatch/index.d.ts: Copied (new)
2026/09/18 17:12:08 INFO  : X-PLAN/architecture/figures/node_modules/@types/d3-dispatch/package.json: Copied (new)
2026/09/18 17:12:11 INFO  : X-PLAN/architecture/figures/node_modules/b4a/LICENSE: Copied (new)
2026/09/18 17:12:11 INFO  : X-PLAN/architecture/figures/node_modules/b4a/README.md: Copied (new)
2026/09/18 17:12:11 INFO  : X-PLAN/architecture/figures/node_modules/b4a/index.d.ts: Copied (new)
2026/09/18 17:12:12 INFO  : X-PLAN/architecture/figures/node_modules/b4a/browser.js: Copied (new)
2026/09/18 17:12:14 INFO  : X-PLAN/architecture/figures/node_modules/b4a/index.js: Copied (new)
2026/09/18 17:12:14 INFO  : X-PLAN/architecture/figures/node_modules/b4a/react-native.js: Copied (new)
2026/09/18 17:12:15 INFO  : X-PLAN/architecture/figures/node_modules/b4a/package.json: Copied (new)
2026/09/18 17:12:15 INFO  : X-PLAN/architecture/figures/node_modules/b4a/runtime.d.ts: Copied (new)
2026/09/18 17:12:18 INFO  : X-PLAN/architecture/figures/node_modules/antlr4/spec/helpers/Reporter.js: Copied (new)
2026/09/18 17:12:19 INFO  : X-PLAN/architecture/figures/node_modules/ast-types/.github/dependabot.yml: Copied (new)
2026/09/18 17:12:19 INFO  : X-PLAN/architecture/figures/node_modules/@swc/helpers/_/_async_generator/package.json: Copied (new)
2026/09/18 17:12:19 INFO  : X-PLAN/architecture/figures/node_modules/@types/d3-drag/LICENSE: Copied (new)
2026/09/18 17:12:21 INFO  : X-PLAN/architecture/figures/node_modules/@types/d3-drag/README.md: Copied (new)
2026/09/18 17:12:22 INFO  : X-PLAN/architecture/figures/node_modules/@types/d3-drag/index.d.ts: Copied (new)
2026/09/18 17:12:23 INFO  : X-PLAN/architecture/figures/node_modules/@types/d3-drag/package.json: Copied (new)
2026/09/18 17:12:25 INFO  : X-PLAN/architecture/figures/node_modules/antlr4/src/antlr4/CharStreams.js: Copied (new)
2026/09/18 17:12:26 INFO  : X-PLAN/architecture/figures/node_modules/antlr4/src/antlr4/CommonToken.js: Copied (new)
2026/09/18 17:12:27 INFO  : X-PLAN/architecture/figures/node_modules/antlr4/src/antlr4/BufferedTokenStream.js: Copied (new)
2026/09/18 17:12:27 INFO  : X-PLAN/architecture/figures/node_modules/antlr4/src/antlr4/CommonTokenFactory.js: Copied (new)
2026/09/18 17:12:29 INFO  : X-PLAN/architecture/figures/node_modules/antlr4/src/antlr4/CommonTokenStream.js: Copied (new)
2026/09/18 17:12:30 INFO  : X-PLAN/architecture/figures/node_modules/antlr4/src/antlr4/FileStream.js: Copied (new)
2026/09/18 17:12:30 INFO  : X-PLAN/architecture/figures/node_modules/antlr4/src/antlr4/InputStream.js: Copied (new)
2026/09/18 17:12:31 INFO  : X-PLAN/architecture/figures/node_modules/antlr4/src/antlr4/Lexer.js: Copied (new)
2026/09/18 17:12:33 INFO  : X-PLAN/architecture/figures/node_modules/antlr4/src/antlr4/Parser.js: Copied (new)
2026/09/18 17:12:35 INFO  : X-PLAN/architecture/figures/node_modules/antlr4/src/antlr4/Token.js: Copied (new)
2026/09/18 17:12:35 INFO  : X-PLAN/architecture/figures/node_modules/antlr4/src/antlr4/Recognizer.js: Copied (new)
2026/09/18 17:12:35 INFO  : X-PLAN/architecture/figures/node_modules/antlr4/src/antlr4/TokenSource.js: Copied (new)
2026/09/18 17:12:37 INFO  : X-PLAN/architecture/figures/node_modules/antlr4/src/antlr4/TokenStream.js: Copied (new)
2026/09/18 17:12:38 INFO  : X-PLAN/architecture/figures/node_modules/antlr4/src/antlr4/index.js: Copied (new)
2026/09/18 17:12:39 INFO  : X-PLAN/architecture/figures/node_modules/antlr4/src/antlr4/TraceListener.js: Copied (new)
2026/09/18 17:12:39 INFO  : X-PLAN/architecture/figures/node_modules/bare-events/LICENSE: Copied (new)
2026/09/18 17:12:41 INFO  : X-PLAN/architecture/figures/node_modules/bare-events/README.md: Copied (new)
2026/09/18 17:12:42 INFO  : X-PLAN/architecture/figures/node_modules/bare-events/global.d.ts: Copied (new)
2026/09/18 17:12:42 INFO  : X-PLAN/architecture/figures/node_modules/bare-events/global.js: Copied (new)
2026/09/18 17:12:43 INFO  : X-PLAN/architecture/figures/node_modules/bare-events/index.d.ts: Copied (new)
2026/09/18 17:12:46 INFO  : X-PLAN/architecture/figures/node_modules/bare-events/index.js: Copied (new)
2026/09/18 17:12:47 INFO  : X-PLAN/architecture/figures/node_modules/bare-events/package.json: Copied (new)
2026/09/18 17:12:47 INFO  : X-PLAN/architecture/figures/node_modules/bare-events/web.d.ts: Copied (new)
2026/09/18 17:12:47 INFO  : X-PLAN/architecture/figures/node_modules/bare-events/web.js: Copied (new)
2026/09/18 17:12:50 INFO  : X-PLAN/architecture/figures/node_modules/antlr4/spec/support/jasmine.json: Copied (new)
2026/09/18 17:12:54 INFO  : X-PLAN/architecture/figures/node_modules/@swc/helpers/_/_async_generator_delegate/package.json: Copied (new)
2026/09/18 17:12:54 INFO  : X-PLAN/architecture/figures/node_modules/@zenuml/core/dist/vendor/codemirror/codemirror.min.js: Copied (new)
2026/09/18 17:12:54 INFO  : X-PLAN/architecture/figures/node_modules/@zenuml/core/dist/vendor/codemirror/codemirror.min.css: Copied (new)
2026/09/18 17:12:55 INFO  : X-PLAN/architecture/figures/node_modules/@zenuml/core/dist/vendor/codemirror/material-darker.min.css: Copied (new)
2026/09/18 17:12:58 INFO  : X-PLAN/architecture/figures/node_modules/ast-types/def/babel-core.d.ts: Copied (new)
2026/09/18 17:12:58 INFO  : X-PLAN/architecture/figures/node_modules/ast-types/def/babel-core.js: Copied (new)
2026/09/18 17:13:00 INFO  : X-PLAN/architecture/figures/node_modules/aria-hidden/dist/es2015/index.d.ts: Copied (new)
2026/09/18 17:13:01 INFO  : X-PLAN/architecture/figures/node_modules/aria-hidden/dist/es2015/index.js: Copied (new)
2026/09/18 17:13:01 INFO  : X-PLAN/architecture/figures/node_modules/ast-types/def/babel.d.ts: Copied (new)
2026/09/18 17:13:02 INFO  : X-PLAN/architecture/figures/node_modules/ast-types/def/babel.js: Copied (new)
2026/09/18 17:13:04 INFO  : X-PLAN/architecture/figures/node_modules/ast-types/def/core.d.ts: Copied (new)
2026/09/18 17:13:05 INFO  : X-PLAN/architecture/figures/node_modules/ast-types/def/core.js: Copied (new)
2026/09/18 17:13:05 INFO  : X-PLAN/architecture/figures/node_modules/ast-types/def/es-proposals.d.ts: Copied (new)
2026/09/18 17:13:05 INFO  : X-PLAN/architecture/figures/node_modules/ast-types/def/es-proposals.js: Copied (new)
2026/09/18 17:13:08 INFO  : X-PLAN/architecture/figures/node_modules/ast-types/def/es2020.d.ts: Copied (new)
2026/09/18 17:13:08 INFO  : X-PLAN/architecture/figures/node_modules/ast-types/def/es2020.js: Copied (new)
2026/09/18 17:13:09 INFO  : X-PLAN/architecture/figures/node_modules/ast-types/def/es6.d.ts: Copied (new)
2026/09/18 17:13:09 INFO  : X-PLAN/architecture/figures/node_modules/ast-types/def/es6.js: Copied (new)
2026/09/18 17:13:11 INFO  : X-PLAN/architecture/figures/node_modules/ast-types/def/es7.d.ts: Copied (new)
2026/09/18 17:13:12 INFO  : X-PLAN/architecture/figures/node_modules/ast-types/def/es7.js: Copied (new)
2026/09/18 17:13:12 INFO  : X-PLAN/architecture/figures/node_modules/ast-types/def/esprima.js: Copied (new)
2026/09/18 17:13:12 INFO  : X-PLAN/architecture/figures/node_modules/ast-types/def/esprima.d.ts: Copied (new)
2026/09/18 17:13:14 INFO  : X-PLAN/architecture/figures/node_modules/ast-types/def/flow.d.ts: Copied (new)
2026/09/18 17:13:15 INFO  : X-PLAN/architecture/figures/node_modules/ast-types/def/flow.js: Copied (new)
2026/09/18 17:13:15 INFO  : X-PLAN/architecture/figures/node_modules/ast-types/def/jsx.js: Copied (new)
2026/09/18 17:13:15 INFO  : X-PLAN/architecture/figures/node_modules/ast-types/def/jsx.d.ts: Copied (new)
2026/09/18 17:13:19 INFO  : X-PLAN/architecture/figures/node_modules/ast-types/def/type-annotations.js: Copied (new)
2026/09/18 17:13:19 INFO  : X-PLAN/architecture/figures/node_modules/ast-types/def/type-annotations.d.ts: Copied (new)
2026/09/18 17:13:20 INFO  : X-PLAN/architecture/figures/node_modules/ast-types/def/typescript.js: Copied (new)
2026/09/18 17:13:20 INFO  : X-PLAN/architecture/figures/node_modules/ast-types/def/typescript.d.ts: Copied (new)
2026/09/18 17:13:23 INFO  : X-PLAN/architecture/figures/node_modules/b4a/lib/ascii.js: Copied (new)
2026/09/18 17:13:24 INFO  : X-PLAN/architecture/figures/node_modules/b4a/lib/base64.js: Copied (new)
2026/09/18 17:13:24 INFO  : X-PLAN/architecture/figures/node_modules/b4a/lib/hex.js: Copied (new)
2026/09/18 17:13:25 INFO  : X-PLAN/architecture/figures/node_modules/b4a/lib/latin1.js: Copied (new)
2026/09/18 17:13:25 NOTICE: X-PLAN/architecture/figures/node_modules/mermaid/node_modules/.bin/marked: Can't follow symlink without -L/--copy-links
2026/09/18 17:13:27 INFO  : X-PLAN/architecture/figures/node_modules/b4a/lib/utf16le.js: Copied (new)
2026/09/18 17:13:28 INFO  : X-PLAN/architecture/figures/node_modules/b4a/lib/utf8.js: Copied (new)
2026/09/18 17:13:29 INFO  : X-PLAN/architecture/figures/node_modules/@types/d3-dsv/LICENSE: Copied (new)
2026/09/18 17:13:29 INFO  : X-PLAN/architecture/figures/node_modules/@types/d3-dsv/README.md: Copied (new)
2026/09/18 17:13:31 INFO  : X-PLAN/architecture/figures/node_modules/@types/d3-dsv/index.d.ts: Copied (new)
2026/09/18 17:13:31 INFO  : X-PLAN/architecture/figures/node_modules/@types/d3-dsv/package.json: Copied (new)
2026/09/18 17:13:32 INFO  : X-PLAN/architecture/figures/node_modules/bare-fs/CMakeLists.txt: Copied (new)
2026/09/18 17:13:32 INFO  : X-PLAN/architecture/figures/node_modules/bare-fs/LICENSE: Copied (new)
2026/09/18 17:13:35 INFO  : X-PLAN/architecture/figures/node_modules/bare-fs/README.md: Copied (new)
2026/09/18 17:13:35 INFO  : X-PLAN/architecture/figures/node_modules/bare-fs/binding.c: Copied (new)
2026/09/18 17:13:37 INFO  : X-PLAN/architecture/figures/node_modules/bare-fs/index.d.ts: Copied (new)
2026/09/18 17:13:37 INFO  : X-PLAN/architecture/figures/node_modules/bare-fs/binding.js: Copied (new)
2026/09/18 17:13:38 INFO  : X-PLAN/architecture/figures/node_modules/bare-fs/index.js: Copied (new)
2026/09/18 17:13:38 INFO  : X-PLAN/architecture/figures/node_modules/bare-fs/package.json: Copied (new)
2026/09/18 17:13:40 INFO  : X-PLAN/architecture/figures/node_modules/bare-fs/promises.d.ts: Copied (new)
2026/09/18 17:13:40 INFO  : X-PLAN/architecture/figures/node_modules/bare-fs/promises.js: Copied (new)
2026/09/18 17:13:41 INFO  : X-PLAN/architecture/figures/node_modules/@zenuml/core/dist/vendor/highlightjs/github-dark.min.css: Copied (new)
2026/09/18 17:13:42 INFO  : X-PLAN/architecture/figures/node_modules/ast-types/.github/workflows/main.yml: Copied (new)
2026/09/18 17:13:44 INFO  : X-PLAN/architecture/figures/node_modules/aria-hidden/dist/es2019/index.d.ts: Copied (new)
2026/09/18 17:13:44 INFO  : X-PLAN/architecture/figures/node_modules/@swc/helpers/_/_async_iterator/package.json: Copied (new)
2026/09/18 17:13:45 INFO  : X-PLAN/architecture/figures/node_modules/aria-hidden/dist/es2019/index.js: Copied (new)
2026/09/18 17:13:45 INFO  : X-PLAN/architecture/figures/node_modules/antlr4/src/antlr4/action/LexerAction.js: Copied (new)
2026/09/18 17:13:47 INFO  : X-PLAN/architecture/figures/node_modules/antlr4/src/antlr4/action/LexerChannelAction.js: Copied (new)
2026/09/18 17:13:47 INFO  : X-PLAN/architecture/figures/node_modules/antlr4/src/antlr4/action/LexerCustomAction.js: Copied (new)
2026/09/18 17:13:48 INFO  : X-PLAN/architecture/figures/node_modules/antlr4/src/antlr4/action/LexerIndexedCustomAction.js: Copied (new)
2026/09/18 17:13:49 INFO  : X-PLAN/architecture/figures/node_modules/antlr4/src/antlr4/action/LexerModeAction.js: Copied (new)
2026/09/18 17:13:50 INFO  : X-PLAN/architecture/figures/node_modules/antlr4/src/antlr4/action/LexerMoreAction.js: Copied (new)
2026/09/18 17:13:51 INFO  : X-PLAN/architecture/figures/node_modules/antlr4/src/antlr4/action/LexerPopModeAction.js: Copied (new)
2026/09/18 17:13:51 INFO  : X-PLAN/architecture/figures/node_modules/antlr4/src/antlr4/action/LexerPushModeAction.js: Copied (new)
2026/09/18 17:13:52 INFO  : X-PLAN/architecture/figures/node_modules/antlr4/src/antlr4/action/LexerSkipAction.js: Copied (new)
2026/09/18 17:13:54 INFO  : X-PLAN/architecture/figures/node_modules/antlr4/src/antlr4/action/LexerTypeAction.js: Copied (new)
2026/09/18 17:13:54 INFO  : X-PLAN/architecture/figures/node_modules/ast-types/gen/builders.d.ts: Copied (new)
2026/09/18 17:13:55 INFO  : X-PLAN/architecture/figures/node_modules/ast-types/gen/builders.js: Copied (new)
2026/09/18 17:13:55 INFO  : X-PLAN/architecture/figures/node_modules/ast-types/gen/kinds.d.ts: Copied (new)
2026/09/18 17:13:57 INFO  : X-PLAN/architecture/figures/node_modules/ast-types/gen/kinds.js: Copied (new)
2026/09/18 17:13:58 INFO  : X-PLAN/architecture/figures/node_modules/ast-types/gen/namedTypes.d.ts: Copied (new)
2026/09/18 17:13:58 INFO  : X-PLAN/architecture/figures/node_modules/ast-types/gen/namedTypes.js: Copied (new)
2026/09/18 17:13:59 INFO  : X-PLAN/architecture/figures/node_modules/ast-types/gen/visitor.d.ts: Copied (new)
2026/09/18 17:14:01 INFO  : X-PLAN/architecture/figures/node_modules/ast-types/gen/visitor.js: Copied (new)
2026/09/18 17:14:01 INFO  : X-PLAN/architecture/figures/node_modules/bare-events/lib/errors.js: Copied (new)
2026/09/18 17:14:01 INFO  : X-PLAN/architecture/figures/node_modules/@types/d3-ease/LICENSE: Copied (new)
2026/09/18 17:14:02 INFO  : X-PLAN/architecture/figures/node_modules/@types/d3-ease/README.md: Copied (new)
2026/09/18 17:14:06 INFO  : X-PLAN/architecture/figures/node_modules/@types/d3-ease/index.d.ts: Copied (new)
2026/09/18 17:14:06 INFO  : X-PLAN/architecture/figures/node_modules/bare-path/CMakeLists.txt: Copied (new)
2026/09/18 17:14:07 INFO  : X-PLAN/architecture/figures/node_modules/@types/d3-ease/package.json: Copied (new)
2026/09/18 17:14:08 INFO  : X-PLAN/architecture/figures/node_modules/bare-path/LICENSE: Copied (new)
2026/09/18 17:14:11 INFO  : X-PLAN/architecture/figures/node_modules/bare-path/NOTICE: Copied (new)
2026/09/18 17:14:12 INFO  : X-PLAN/architecture/figures/node_modules/bare-path/binding.c: Copied (new)
2026/09/18 17:14:12 INFO  : X-PLAN/architecture/figures/node_modules/bare-path/binding.js: Copied (new)
2026/09/18 17:14:12 INFO  : X-PLAN/architecture/figures/node_modules/bare-path/README.md: Copied (new)
2026/09/18 17:14:17 INFO  : X-PLAN/architecture/figures/node_modules/bare-path/index.js: Copied (new)
2026/09/18 17:14:17 INFO  : X-PLAN/architecture/figures/node_modules/bare-path/index.d.ts: Copied (new)
2026/09/18 17:14:17 INFO  : X-PLAN/architecture/figures/node_modules/bare-path/package.json: Copied (new)
2026/09/18 17:14:17 INFO  : X-PLAN/architecture/figures/node_modules/@zenuml/core/dist/vendor/tailwindcss/tailwindcss.js: Copied (new)
2026/09/18 17:14:21 INFO  : X-PLAN/architecture/figures/node_modules/aria-hidden/dist/es5/index.d.ts: Copied (new)
2026/09/18 17:14:21 INFO  : X-PLAN/architecture/figures/node_modules/@swc/helpers/_/_async_to_generator/package.json: Copied (new)
2026/09/18 17:14:21 INFO  : X-PLAN/architecture/figures/node_modules/aria-hidden/dist/es5/index.js: Copied (new)
2026/09/18 17:14:21 INFO  : X-PLAN/architecture/figures/node_modules/bare-fs/lib/constants.d.ts: Copied (new)
2026/09/18 17:14:25 INFO  : X-PLAN/architecture/figures/node_modules/bare-fs/lib/constants.js: Copied (new)
2026/09/18 17:14:25 INFO  : X-PLAN/architecture/figures/node_modules/bare-fs/lib/errors.js: Copied (new)
2026/09/18 17:14:25 INFO  : X-PLAN/architecture/figures/node_modules/bare-fs/lib/errors.d.ts: Copied (new)
2026/09/18 17:14:25 INFO  : X-PLAN/architecture/figures/node_modules/antlr4/src/antlr4/atn/ATN.js: Copied (new)
2026/09/18 17:14:28 INFO  : X-PLAN/architecture/figures/node_modules/antlr4/src/antlr4/atn/ATNConfig.js: Copied (new)
2026/09/18 17:14:28 INFO  : X-PLAN/architecture/figures/node_modules/antlr4/src/antlr4/atn/ATNConfigSet.js: Copied (new)
2026/09/18 17:14:28 INFO  : X-PLAN/architecture/figures/node_modules/antlr4/src/antlr4/atn/ATNDeserializationOptions.js: Copied (new)
2026/09/18 17:14:28 INFO  : X-PLAN/architecture/figures/node_modules/antlr4/src/antlr4/atn/ATNDeserializer.js: Copied (new)
2026/09/18 17:14:32 INFO  : X-PLAN/architecture/figures/node_modules/antlr4/src/antlr4/atn/ATNType.js: Copied (new)
2026/09/18 17:14:32 INFO  : X-PLAN/architecture/figures/node_modules/antlr4/src/antlr4/atn/LL1Analyzer.js: Copied (new)
2026/09/18 17:14:32 INFO  : X-PLAN/architecture/figures/node_modules/antlr4/src/antlr4/atn/AbstractPredicateTransition.js: Copied (new)
2026/09/18 17:14:32 INFO  : X-PLAN/architecture/figures/node_modules/antlr4/src/antlr4/atn/ATNSimulator.js: Copied (new)
2026/09/18 17:14:35 INFO  : X-PLAN/architecture/figures/node_modules/antlr4/src/antlr4/atn/LexerATNConfig.js: Copied (new)
2026/09/18 17:14:35 INFO  : X-PLAN/architecture/figures/node_modules/antlr4/src/antlr4/atn/LexerATNSimulator.js: Copied (new)
2026/09/18 17:14:35 INFO  : X-PLAN/architecture/figures/node_modules/antlr4/src/antlr4/atn/LexerActionExecutor.js: Copied (new)
2026/09/18 17:14:35 INFO  : X-PLAN/architecture/figures/node_modules/antlr4/src/antlr4/atn/LexerActionType.js: Copied (new)
2026/09/18 17:14:38 INFO  : X-PLAN/architecture/figures/node_modules/antlr4/src/antlr4/atn/OrderedATNConfigSet.js: Copied (new)
2026/09/18 17:14:38 INFO  : X-PLAN/architecture/figures/node_modules/antlr4/src/antlr4/atn/ParserATNSimulator.js: Copied (new)
2026/09/18 17:14:41 INFO  : X-PLAN/architecture/figures/node_modules/antlr4/src/antlr4/atn/Predicate.js: Copied (new)
2026/09/18 17:14:42 INFO  : X-PLAN/architecture/figures/node_modules/antlr4/src/antlr4/atn/PredictionMode.js: Copied (new)
2026/09/18 17:14:42 INFO  : X-PLAN/architecture/figures/node_modules/antlr4/src/antlr4/atn/PrecedencePredicate.js: Copied (new)
2026/09/18 17:14:42 INFO  : X-PLAN/architecture/figures/node_modules/antlr4/src/antlr4/atn/PredictionContextCache.js: Copied (new)
2026/09/18 17:14:46 INFO  : X-PLAN/architecture/figures/node_modules/antlr4/src/antlr4/atn/SemanticContext.js: Copied (new)
2026/09/18 17:14:46 INFO  : X-PLAN/architecture/figures/node_modules/antlr4/src/antlr4/atn/index.js: Copied (new)
2026/09/18 17:14:46 INFO  : X-PLAN/architecture/figures/node_modules/ast-types/lib/equiv.d.ts: Copied (new)
2026/09/18 17:14:46 INFO  : X-PLAN/architecture/figures/node_modules/ast-types/lib/equiv.js: Copied (new)
2026/09/18 17:14:49 INFO  : X-PLAN/architecture/figures/node_modules/ast-types/lib/node-path.js: Copied (new)
2026/09/18 17:14:49 INFO  : X-PLAN/architecture/figures/node_modules/ast-types/lib/path-visitor.js: Copied (new)
2026/09/18 17:14:49 INFO  : X-PLAN/architecture/figures/node_modules/ast-types/lib/path-visitor.d.ts: Copied (new)
2026/09/18 17:14:49 INFO  : X-PLAN/architecture/figures/node_modules/ast-types/lib/node-path.d.ts: Copied (new)
2026/09/18 17:14:52 INFO  : X-PLAN/architecture/figures/node_modules/ast-types/lib/path.d.ts: Copied (new)
2026/09/18 17:14:52 INFO  : X-PLAN/architecture/figures/node_modules/ast-types/lib/scope.js: Copied (new)
2026/09/18 17:14:53 INFO  : X-PLAN/architecture/figures/node_modules/ast-types/lib/scope.d.ts: Copied (new)
2026/09/18 17:14:53 INFO  : X-PLAN/architecture/figures/node_modules/ast-types/lib/path.js: Copied (new)
2026/09/18 17:14:56 INFO  : X-PLAN/architecture/figures/node_modules/ast-types/lib/shared.d.ts: Copied (new)
2026/09/18 17:14:56 INFO  : X-PLAN/architecture/figures/node_modules/ast-types/lib/shared.js: Copied (new)
2026/09/18 17:14:56 INFO  : X-PLAN/architecture/figures/node_modules/ast-types/lib/types.js: Copied (new)
2026/09/18 17:14:56 INFO  : X-PLAN/architecture/figures/node_modules/ast-types/lib/types.d.ts: Copied (new)
2026/09/18 17:15:00 INFO  : X-PLAN/architecture/figures/node_modules/@types/d3-fetch/README.md: Copied (new)
2026/09/18 17:15:00 INFO  : X-PLAN/architecture/figures/node_modules/@types/d3-fetch/LICENSE: Copied (new)
2026/09/18 17:15:00 INFO  : X-PLAN/architecture/figures/node_modules/@types/d3-fetch/index.d.ts: Copied (new)
2026/09/18 17:15:00 INFO  : X-PLAN/architecture/figures/node_modules/@types/d3-fetch/package.json: Copied (new)
2026/09/18 17:15:13 INFO  : X-PLAN/architecture/figures/node_modules/bare-stream/global.d.ts: Copied (new)
2026/09/18 17:15:13 INFO  : X-PLAN/architecture/figures/node_modules/bare-stream/global.js: Copied (new)
2026/09/18 17:15:14 INFO  : X-PLAN/architecture/figures/node_modules/bare-stream/LICENSE: Copied (new)
2026/09/18 17:15:14 INFO  : X-PLAN/architecture/figures/node_modules/bare-stream/README.md: Copied (new)
2026/09/18 17:15:18 INFO  : X-PLAN/architecture/figures/node_modules/bare-stream/index.js: Copied (new)
2026/09/18 17:15:18 INFO  : X-PLAN/architecture/figures/node_modules/bare-stream/index.d.ts: Copied (new)
2026/09/18 17:15:18 INFO  : X-PLAN/architecture/figures/node_modules/bare-stream/promises.js: Copied (new)
2026/09/18 17:15:19 INFO  : X-PLAN/architecture/figures/node_modules/bare-stream/package.json: Copied (new)
2026/09/18 17:15:21 INFO  : X-PLAN/architecture/figures/node_modules/bare-stream/web.d.ts: Copied (new)
2026/09/18 17:15:22 INFO  : X-PLAN/architecture/figures/node_modules/bare-stream/web.js: Copied (new)
2026/09/18 17:15:23 INFO  : X-PLAN/architecture/figures/node_modules/@swc/helpers/_/_await_async_generator/package.json: Copied (new)
2026/09/18 17:15:23 INFO  : X-PLAN/architecture/figures/node_modules/bare-path/lib/constants.js: Copied (new)
2026/09/18 17:15:25 INFO  : X-PLAN/architecture/figures/node_modules/bare-path/lib/posix.js: Copied (new)
2026/09/18 17:15:26 INFO  : X-PLAN/architecture/figures/node_modules/bare-path/lib/shared.js: Copied (new)
2026/09/18 17:15:27 INFO  : X-PLAN/architecture/figures/node_modules/bare-path/lib/win32.js: Copied (new)
2026/09/18 17:15:27 INFO  : X-PLAN/architecture/figures/node_modules/antlr4/src/antlr4/context/ArrayPredictionContext.js: Copied (new)
2026/09/18 17:15:29 INFO  : X-PLAN/architecture/figures/node_modules/antlr4/src/antlr4/context/EmptyPredictionContext.js: Copied (new)
2026/09/18 17:15:30 INFO  : X-PLAN/architecture/figures/node_modules/antlr4/src/antlr4/context/InterpreterRuleContext.js: Copied (new)
2026/09/18 17:15:30 INFO  : X-PLAN/architecture/figures/node_modules/antlr4/src/antlr4/context/ParserRuleContext.js: Copied (new)
2026/09/18 17:15:31 INFO  : X-PLAN/architecture/figures/node_modules/antlr4/src/antlr4/context/PredictionContext.js: Copied (new)
2026/09/18 17:15:33 INFO  : X-PLAN/architecture/figures/node_modules/antlr4/src/antlr4/context/PredictionContextUtils.js: Copied (new)
2026/09/18 17:15:33 INFO  : X-PLAN/architecture/figures/node_modules/antlr4/src/antlr4/context/RuleContext.js: Copied (new)
2026/09/18 17:15:34 INFO  : X-PLAN/architecture/figures/node_modules/antlr4/src/antlr4/context/SingletonPredictionContext.js: Copied (new)
2026/09/18 17:15:35 INFO  : X-PLAN/architecture/figures/node_modules/@types/d3-force/LICENSE: Copied (new)
2026/09/18 17:15:40 INFO  : X-PLAN/architecture/figures/node_modules/@types/d3-force/README.md: Copied (new)
2026/09/18 17:15:40 INFO  : X-PLAN/architecture/figures/node_modules/@types/d3-force/index.d.ts: Copied (new)
2026/09/18 17:15:40 INFO  : X-PLAN/architecture/figures/node_modules/@types/d3-force/package.json: Copied (new)
2026/09/18 17:15:41 INFO  : X-PLAN/architecture/figures/node_modules/bare-url/CMakeLists.txt: Copied (new)
2026/09/18 17:15:46 INFO  : X-PLAN/architecture/figures/node_modules/bare-url/LICENSE: Copied (new)
2026/09/18 17:15:46 INFO  : X-PLAN/architecture/figures/node_modules/bare-url/README.md: Copied (new)
2026/09/18 17:15:46 INFO  : X-PLAN/architecture/figures/node_modules/bare-url/binding.c: Copied (new)
2026/09/18 17:15:47 INFO  : X-PLAN/architecture/figures/node_modules/bare-url/binding.js: Copied (new)
2026/09/18 17:15:52 INFO  : X-PLAN/architecture/figures/node_modules/bare-url/index.d.ts: Copied (new)
2026/09/18 17:15:52 INFO  : X-PLAN/architecture/figures/node_modules/bare-url/global.js: Copied (new)
2026/09/18 17:15:53 INFO  : X-PLAN/architecture/figures/node_modules/bare-url/global.d.ts: Copied (new)
2026/09/18 17:15:55 INFO  : X-PLAN/architecture/figures/node_modules/bare-url/index.js: Copied (new)
2026/09/18 17:15:58 INFO  : X-PLAN/architecture/figures/node_modules/bare-url/package.json: Copied (new)
2026/09/18 17:15:58 INFO  : X-PLAN/architecture/figures/node_modules/@types/d3-format/LICENSE: Copied (new)
2026/09/18 17:15:58 INFO  : X-PLAN/architecture/figures/node_modules/@swc/helpers/_/_await_value/package.json: Copied (new)
2026/09/18 17:15:58 INFO  : X-PLAN/architecture/figures/node_modules/@types/d3-format/README.md: Copied (new)
2026/09/18 17:16:01 INFO  : X-PLAN/architecture/figures/node_modules/@types/d3-format/index.d.ts: Copied (new)
2026/09/18 17:16:01 INFO  : X-PLAN/architecture/figures/node_modules/@types/d3-format/package.json: Copied (new)
2026/09/18 17:16:04 INFO  : X-PLAN/architecture/figures/node_modules/antlr4/src/antlr4/dfa/DFASerializer.js: Copied (new)
2026/09/18 17:16:04 INFO  : X-PLAN/architecture/figures/node_modules/antlr4/src/antlr4/dfa/DFA.js: Copied (new)
2026/09/18 17:16:06 INFO  : X-PLAN/architecture/figures/node_modules/antlr4/src/antlr4/dfa/DFAState.js: Copied (new)
2026/09/18 17:16:06 INFO  : X-PLAN/architecture/figures/node_modules/antlr4/src/antlr4/dfa/LexerDFASerializer.js: Copied (new)
2026/09/18 17:16:09 INFO  : X-PLAN/architecture/figures/node_modules/antlr4/src/antlr4/dfa/PredPrediction.js: Copied (new)
2026/09/18 17:16:09 INFO  : X-PLAN/architecture/figures/node_modules/antlr4/src/antlr4/dfa/index.js: Copied (new)
2026/09/18 17:16:10 INFO  : X-PLAN/architecture/figures/node_modules/base64-js/README.md: Copied (new)
2026/09/18 17:16:11 INFO  : X-PLAN/architecture/figures/node_modules/base64-js/LICENSE: Copied (new)
2026/09/18 17:16:13 INFO  : X-PLAN/architecture/figures/node_modules/base64-js/base64js.min.js: Copied (new)
2026/09/18 17:16:13 INFO  : X-PLAN/architecture/figures/node_modules/base64-js/index.d.ts: Copied (new)
2026/09/18 17:16:14 INFO  : X-PLAN/architecture/figures/node_modules/base64-js/index.js: Copied (new)
2026/09/18 17:16:14 INFO  : X-PLAN/architecture/figures/node_modules/base64-js/package.json: Copied (new)
2026/09/18 17:16:17 INFO  : X-PLAN/architecture/figures/node_modules/@swc/helpers/_/_call_super/package.json: Copied (new)
2026/09/18 17:16:17 INFO  : X-PLAN/architecture/figures/node_modules/@types/d3-geo/LICENSE: Copied (new)
2026/09/18 17:16:17 INFO  : X-PLAN/architecture/figures/node_modules/@types/d3-geo/README.md: Copied (new)
2026/09/18 17:16:20 INFO  : X-PLAN/architecture/figures/node_modules/bare-fs/prebuilds/android-arm/bare-fs.bare: Copied (new)
2026/09/18 17:16:20 INFO  : X-PLAN/architecture/figures/node_modules/@types/d3-geo/index.d.ts: Copied (new)
2026/09/18 17:16:20 INFO  : X-PLAN/architecture/figures/node_modules/@types/d3-geo/package.json: Copied (new)
2026/09/18 17:16:21 INFO  : X-PLAN/architecture/figures/node_modules/bare-url/lib/errors.d.ts: Copied (new)
2026/09/18 17:16:23 INFO  : X-PLAN/architecture/figures/node_modules/bare-url/lib/url-search-params.d.ts: Copied (new)
2026/09/18 17:16:23 INFO  : X-PLAN/architecture/figures/node_modules/bare-url/lib/errors.js: Copied (new)
2026/09/18 17:16:24 INFO  : X-PLAN/architecture/figures/node_modules/bare-url/lib/url-search-params.js: Copied (new)
2026/09/18 17:16:25 INFO  : X-PLAN/architecture/figures/node_modules/antlr4/src/antlr4/error/BailErrorStrategy.js: Copied (new)
2026/09/18 17:16:27 INFO  : X-PLAN/architecture/figures/node_modules/antlr4/src/antlr4/error/ConsoleErrorListener.js: Copied (new)
2026/09/18 17:16:27 INFO  : X-PLAN/architecture/figures/node_modules/antlr4/src/antlr4/error/DefaultErrorStrategy.js: Copied (new)
2026/09/18 17:16:27 INFO  : X-PLAN/architecture/figures/node_modules/antlr4/src/antlr4/error/DiagnosticErrorListener.js: Copied (new)
2026/09/18 17:16:28 INFO  : X-PLAN/architecture/figures/node_modules/antlr4/src/antlr4/error/ErrorListener.js: Copied (new)
2026/09/18 17:16:30 INFO  : X-PLAN/architecture/figures/node_modules/antlr4/src/antlr4/error/ErrorStrategy.js: Copied (new)
2026/09/18 17:16:30 INFO  : X-PLAN/architecture/figures/node_modules/antlr4/src/antlr4/error/FailedPredicateException.js: Copied (new)
2026/09/18 17:16:31 INFO  : X-PLAN/architecture/figures/node_modules/antlr4/src/antlr4/error/InputMismatchException.js: Copied (new)
2026/09/18 17:16:31 INFO  : X-PLAN/architecture/figures/node_modules/antlr4/src/antlr4/error/LexerNoViableAltException.js: Copied (new)
2026/09/18 17:16:34 INFO  : X-PLAN/architecture/figures/node_modules/antlr4/src/antlr4/error/NoViableAltException.js: Copied (new)
2026/09/18 17:16:34 INFO  : X-PLAN/architecture/figures/node_modules/antlr4/src/antlr4/error/ParseCancellationException.js: Copied (new)
2026/09/18 17:16:34 INFO  : X-PLAN/architecture/figures/node_modules/antlr4/src/antlr4/error/ProxyErrorListener.js: Copied (new)
2026/09/18 17:16:34 INFO  : X-PLAN/architecture/figures/node_modules/antlr4/src/antlr4/error/RecognitionException.js: Copied (new)
2026/09/18 17:16:37 INFO  : X-PLAN/architecture/figures/node_modules/antlr4/src/antlr4/error/index.js: Copied (new)
2026/09/18 17:16:38 INFO  : X-PLAN/architecture/figures/node_modules/basic-ftp/LICENSE.txt: Copied (new)
2026/09/18 17:16:38 INFO  : X-PLAN/architecture/figures/node_modules/basic-ftp/README.md: Copied (new)
2026/09/18 17:16:38 INFO  : X-PLAN/architecture/figures/node_modules/basic-ftp/package.json: Copied (new)
2026/09/18 17:16:41 INFO  : X-PLAN/architecture/figures/node_modules/bare-fs/prebuilds/android-arm64/bare-fs.bare: Copied (new)
2026/09/18 17:16:41 INFO  : X-PLAN/architecture/figures/node_modules/@types/d3-hierarchy/LICENSE: Copied (new)
2026/09/18 17:16:41 INFO  : X-PLAN/architecture/figures/node_modules/@swc/helpers/_/_check_private_redeclaration/package.json: Copied (new)
2026/09/18 17:16:44 INFO  : X-PLAN/architecture/figures/node_modules/bare-path/prebuilds/android-arm/bare-path.bare: Copied (new)
2026/09/18 17:16:44 INFO  : X-PLAN/architecture/figures/node_modules/@types/d3-hierarchy/README.md: Copied (new)
2026/09/18 17:16:45 INFO  : X-PLAN/architecture/figures/node_modules/@types/d3-hierarchy/index.d.ts: Copied (new)
2026/09/18 17:16:45 INFO  : X-PLAN/architecture/figures/node_modules/@types/d3-hierarchy/package.json: Copied (new)
2026/09/18 17:16:47 INFO  : X-PLAN/architecture/figures/node_modules/antlr4/src/antlr4/misc/AltDict.js: Copied (new)
2026/09/18 17:16:48 INFO  : X-PLAN/architecture/figures/node_modules/antlr4/src/antlr4/misc/BitSet.js: Copied (new)
2026/09/18 17:16:48 INFO  : X-PLAN/architecture/figures/node_modules/antlr4/src/antlr4/misc/HashCode.js: Copied (new)
2026/09/18 17:16:48 INFO  : X-PLAN/architecture/figures/node_modules/antlr4/src/antlr4/misc/HashMap.js: Copied (new)
2026/09/18 17:16:50 INFO  : X-PLAN/architecture/figures/node_modules/antlr4/src/antlr4/misc/HashSet.js: Copied (new)
2026/09/18 17:16:51 INFO  : X-PLAN/architecture/figures/node_modules/antlr4/src/antlr4/misc/Interval.js: Copied (new)
2026/09/18 17:16:51 INFO  : X-PLAN/architecture/figures/node_modules/antlr4/src/antlr4/misc/IntervalSet.js: Copied (new)
2026/09/18 17:16:52 INFO  : X-PLAN/architecture/figures/node_modules/buffer/AUTHORS.md: Copied (new)
2026/09/18 17:16:55 INFO  : X-PLAN/architecture/figures/node_modules/buffer/LICENSE: Copied (new)
2026/09/18 17:16:55 INFO  : X-PLAN/architecture/figures/node_modules/buffer/README.md: Copied (new)
2026/09/18 17:16:56 INFO  : X-PLAN/architecture/figures/node_modules/buffer/index.js: Copied (new)
2026/09/18 17:16:56 INFO  : X-PLAN/architecture/figures/node_modules/buffer/index.d.ts: Copied (new)
2026/09/18 17:16:59 INFO  : X-PLAN/architecture/figures/node_modules/buffer/package.json: Copied (new)
2026/09/18 17:17:00 INFO  : X-PLAN/architecture/figures/node_modules/bare-path/prebuilds/android-arm64/bare-path.bare: Copied (new)
2026/09/18 17:17:00 INFO  : X-PLAN/architecture/figures/node_modules/@swc/helpers/_/_class_apply_descriptor_destructure/package.json: Copied (new)
2026/09/18 17:17:00 INFO  : X-PLAN/architecture/figures/node_modules/bare-fs/prebuilds/android-ia32/bare-fs.bare: Copied (new)
2026/09/18 17:17:08 INFO  : X-PLAN/architecture/figures/node_modules/basic-ftp/dist/Client.d.ts: Copied (new)
2026/09/18 17:17:10 INFO  : X-PLAN/architecture/figures/node_modules/basic-ftp/dist/FileInfo.d.ts: Copied (new)
2026/09/18 17:17:10 INFO  : X-PLAN/architecture/figures/node_modules/basic-ftp/dist/Client.js: Copied (new)
2026/09/18 17:17:10 INFO  : X-PLAN/architecture/figures/node_modules/basic-ftp/dist/FileInfo.js: Copied (new)
2026/09/18 17:17:16 INFO  : X-PLAN/architecture/figures/node_modules/basic-ftp/dist/FtpContext.d.ts: Copied (new)
2026/09/18 17:17:16 INFO  : X-PLAN/architecture/figures/node_modules/basic-ftp/dist/ProgressTracker.d.ts: Copied (new)
2026/09/18 17:17:16 INFO  : X-PLAN/architecture/figures/node_modules/basic-ftp/dist/ProgressTracker.js: Copied (new)
2026/09/18 17:17:16 INFO  : X-PLAN/architecture/figures/node_modules/basic-ftp/dist/FtpContext.js: Copied (new)
2026/09/18 17:17:21 INFO  : X-PLAN/architecture/figures/node_modules/basic-ftp/dist/StringWriter.d.ts: Copied (new)
2026/09/18 17:17:22 INFO  : X-PLAN/architecture/figures/node_modules/basic-ftp/dist/StringWriter.js: Copied (new)
2026/09/18 17:17:22 INFO  : X-PLAN/architecture/figures/node_modules/basic-ftp/dist/StringEncoding.d.ts: Copied (new)
2026/09/18 17:17:22 INFO  : X-PLAN/architecture/figures/node_modules/basic-ftp/dist/StringEncoding.js: Copied (new)
2026/09/18 17:17:25 INFO  : X-PLAN/architecture/figures/node_modules/basic-ftp/dist/index.d.ts: Copied (new)
2026/09/18 17:17:25 INFO  : X-PLAN/architecture/figures/node_modules/basic-ftp/dist/index.js: Copied (new)
2026/09/18 17:17:25 INFO  : X-PLAN/architecture/figures/node_modules/basic-ftp/dist/netUtils.d.ts: Copied (new)
2026/09/18 17:17:26 INFO  : X-PLAN/architecture/figures/node_modules/basic-ftp/dist/netUtils.js: Copied (new)
2026/09/18 17:17:28 INFO  : X-PLAN/architecture/figures/node_modules/basic-ftp/dist/parseControlResponse.d.ts: Copied (new)
2026/09/18 17:17:28 INFO  : X-PLAN/architecture/figures/node_modules/basic-ftp/dist/parseControlResponse.js: Copied (new)
2026/09/18 17:17:28 INFO  : X-PLAN/architecture/figures/node_modules/basic-ftp/dist/parseList.d.ts: Copied (new)
2026/09/18 17:17:29 INFO  : X-PLAN/architecture/figures/node_modules/basic-ftp/dist/parseList.js: Copied (new)
2026/09/18 17:17:32 INFO  : X-PLAN/architecture/figures/node_modules/basic-ftp/dist/parseListDOS.d.ts: Copied (new)
2026/09/18 17:17:32 INFO  : X-PLAN/architecture/figures/node_modules/basic-ftp/dist/parseListMLSD.d.ts: Copied (new)
2026/09/18 17:17:32 INFO  : X-PLAN/architecture/figures/node_modules/basic-ftp/dist/parseListDOS.js: Copied (new)
2026/09/18 17:17:32 INFO  : X-PLAN/architecture/figures/node_modules/basic-ftp/dist/parseListMLSD.js: Copied (new)
2026/09/18 17:17:35 INFO  : X-PLAN/architecture/figures/node_modules/basic-ftp/dist/parseListUnix.d.ts: Copied (new)
2026/09/18 17:17:35 INFO  : X-PLAN/architecture/figures/node_modules/basic-ftp/dist/parseListUnix.js: Copied (new)
2026/09/18 17:17:35 INFO  : X-PLAN/architecture/figures/node_modules/basic-ftp/dist/transfer.d.ts: Copied (new)
2026/09/18 17:17:36 INFO  : X-PLAN/architecture/figures/node_modules/basic-ftp/dist/transfer.js: Copied (new)
2026/09/18 17:17:38 INFO  : X-PLAN/architecture/figures/node_modules/@types/d3-interpolate/index.d.ts: Copied (new)
2026/09/18 17:17:39 INFO  : X-PLAN/architecture/figures/node_modules/@types/d3-interpolate/LICENSE: Copied (new)
2026/09/18 17:17:39 INFO  : X-PLAN/architecture/figures/node_modules/@types/d3-interpolate/README.md: Copied (new)
2026/09/18 17:17:39 INFO  : X-PLAN/architecture/figures/node_modules/@types/d3-interpolate/package.json: Copied (new)
2026/09/18 17:17:42 INFO  : X-PLAN/architecture/figures/node_modules/buffer-crc32/LICENSE: Copied (new)
2026/09/18 17:17:42 INFO  : X-PLAN/architecture/figures/node_modules/antlr4/src/antlr4/polyfills/fromcodepoint.js: Copied (new)
2026/09/18 17:17:42 INFO  : X-PLAN/architecture/figures/node_modules/antlr4/src/antlr4/polyfills/codepointat.js: Copied (new)
2026/09/18 17:17:43 INFO  : X-PLAN/architecture/figures/node_modules/buffer-crc32/README.md: Copied (new)
2026/09/18 17:17:46 INFO  : X-PLAN/architecture/figures/node_modules/buffer-crc32/index.js: Copied (new)
2026/09/18 17:17:47 INFO  : X-PLAN/architecture/figures/node_modules/buffer-crc32/package.json: Copied (new)
2026/09/18 17:17:47 INFO  : X-PLAN/architecture/figures/node_modules/bare-path/prebuilds/android-ia32/bare-path.bare: Copied (new)
2026/09/18 17:17:50 INFO  : X-PLAN/architecture/figures/node_modules/bare-url/prebuilds/android-arm/bare-url.bare: Copied (new)
2026/09/18 17:17:51 INFO  : X-PLAN/architecture/figures/node_modules/bare-fs/prebuilds/android-x64/bare-fs.bare: Copied (new)
2026/09/18 17:17:51 INFO  : X-PLAN/architecture/figures/node_modules/@swc/helpers/_/_class_apply_descriptor_get/package.json: Copied (new)
2026/09/18 17:17:51 INFO  : X-PLAN/architecture/figures/node_modules/@types/d3-path/LICENSE: Copied (new)
2026/09/18 17:17:54 INFO  : X-PLAN/architecture/figures/node_modules/@types/d3-path/README.md: Copied (new)
2026/09/18 17:17:54 INFO  : X-PLAN/architecture/figures/node_modules/@types/d3-path/index.d.ts: Copied (new)
2026/09/18 17:17:55 INFO  : X-PLAN/architecture/figures/node_modules/@types/d3-path/package.json: Copied (new)
2026/09/18 17:17:55 INFO  : X-PLAN/architecture/figures/node_modules/antlr4/src/antlr4/state/ATNState.js: Copied (new)
2026/09/18 17:17:57 INFO  : X-PLAN/architecture/figures/node_modules/antlr4/src/antlr4/state/BasicBlockStartState.js: Copied (new)
2026/09/18 17:17:57 INFO  : X-PLAN/architecture/figures/node_modules/antlr4/src/antlr4/state/BasicState.js: Copied (new)
2026/09/18 17:17:58 INFO  : X-PLAN/architecture/figures/node_modules/antlr4/src/antlr4/state/BlockEndState.js: Copied (new)
2026/09/18 17:17:58 INFO  : X-PLAN/architecture/figures/node_modules/antlr4/src/antlr4/state/BlockStartState.js: Copied (new)
2026/09/18 17:18:01 INFO  : X-PLAN/architecture/figures/node_modules/antlr4/src/antlr4/state/DecisionState.js: Copied (new)
2026/09/18 17:18:01 INFO  : X-PLAN/architecture/figures/node_modules/antlr4/src/antlr4/state/LoopEndState.js: Copied (new)
2026/09/18 17:18:01 INFO  : X-PLAN/architecture/figures/node_modules/antlr4/src/antlr4/state/PlusBlockStartState.js: Copied (new)
2026/09/18 17:18:01 INFO  : X-PLAN/architecture/figures/node_modules/antlr4/src/antlr4/state/PlusLoopbackState.js: Copied (new)
2026/09/18 17:18:04 INFO  : X-PLAN/architecture/figures/node_modules/antlr4/src/antlr4/state/RuleStartState.js: Copied (new)
2026/09/18 17:18:05 INFO  : X-PLAN/architecture/figures/node_modules/antlr4/src/antlr4/state/RuleStopState.js: Copied (new)
2026/09/18 17:18:05 INFO  : X-PLAN/architecture/figures/node_modules/antlr4/src/antlr4/state/StarBlockStartState.js: Copied (new)
2026/09/18 17:18:05 INFO  : X-PLAN/architecture/figures/node_modules/antlr4/src/antlr4/state/StarLoopEntryState.js: Copied (new)
2026/09/18 17:18:08 INFO  : X-PLAN/architecture/figures/node_modules/antlr4/src/antlr4/state/StarLoopbackState.js: Copied (new)
2026/09/18 17:18:08 INFO  : X-PLAN/architecture/figures/node_modules/antlr4/src/antlr4/state/TokensStartState.js: Copied (new)
2026/09/18 17:18:09 INFO  : X-PLAN/architecture/figures/node_modules/callsites/index.d.ts: Copied (new)
2026/09/18 17:18:09 INFO  : X-PLAN/architecture/figures/node_modules/callsites/index.js: Copied (new)
2026/09/18 17:18:11 INFO  : X-PLAN/architecture/figures/node_modules/callsites/license: Copied (new)
2026/09/18 17:18:12 INFO  : X-PLAN/architecture/figures/node_modules/callsites/package.json: Copied (new)
2026/09/18 17:18:12 INFO  : X-PLAN/architecture/figures/node_modules/callsites/readme.md: Copied (new)
2026/09/18 17:18:13 INFO  : X-PLAN/architecture/figures/node_modules/bare-url/prebuilds/android-arm64/bare-url.bare: Copied (new)
2026/09/18 17:18:14 INFO  : X-PLAN/architecture/figures/node_modules/bare-path/prebuilds/android-x64/bare-path.bare: Copied (new)
2026/09/18 17:18:15 INFO  : X-PLAN/architecture/figures/node_modules/bare-fs/prebuilds/darwin-arm64/bare-fs.bare: Copied (new)
2026/09/18 17:18:16 INFO  : X-PLAN/architecture/figures/node_modules/@swc/helpers/_/_class_apply_descriptor_set/package.json: Copied (new)
2026/09/18 17:18:18 INFO  : X-PLAN/architecture/figures/node_modules/@types/d3-polygon/README.md: Copied (new)
2026/09/18 17:18:18 INFO  : X-PLAN/architecture/figures/node_modules/@types/d3-polygon/LICENSE: Copied (new)
2026/09/18 17:18:19 INFO  : X-PLAN/architecture/figures/node_modules/@types/d3-polygon/index.d.ts: Copied (new)
2026/09/18 17:18:19 INFO  : X-PLAN/architecture/figures/node_modules/@types/d3-polygon/package.json: Copied (new)
2026/09/18 17:18:22 INFO  : X-PLAN/architecture/figures/node_modules/antlr4/src/antlr4/transition/ActionTransition.js: Copied (new)
2026/09/18 17:18:23 INFO  : X-PLAN/architecture/figures/node_modules/antlr4/src/antlr4/transition/EpsilonTransition.js: Copied (new)
2026/09/18 17:18:23 INFO  : X-PLAN/architecture/figures/node_modules/antlr4/src/antlr4/transition/NotSetTransition.js: Copied (new)
2026/09/18 17:18:23 INFO  : X-PLAN/architecture/figures/node_modules/antlr4/src/antlr4/transition/AtomTransition.js: Copied (new)
2026/09/18 17:18:26 INFO  : X-PLAN/architecture/figures/node_modules/antlr4/src/antlr4/transition/PrecedencePredicateTransition.js: Copied (new)
2026/09/18 17:18:26 INFO  : X-PLAN/architecture/figures/node_modules/antlr4/src/antlr4/transition/PredicateTransition.js: Copied (new)
2026/09/18 17:18:26 INFO  : X-PLAN/architecture/figures/node_modules/antlr4/src/antlr4/transition/RuleTransition.js: Copied (new)
2026/09/18 17:18:26 INFO  : X-PLAN/architecture/figures/node_modules/antlr4/src/antlr4/transition/RangeTransition.js: Copied (new)
2026/09/18 17:18:29 INFO  : X-PLAN/architecture/figures/node_modules/antlr4/src/antlr4/transition/SetTransition.js: Copied (new)
2026/09/18 17:18:29 INFO  : X-PLAN/architecture/figures/node_modules/antlr4/src/antlr4/transition/Transition.js: Copied (new)
2026/09/18 17:18:29 INFO  : X-PLAN/architecture/figures/node_modules/antlr4/src/antlr4/transition/WildcardTransition.js: Copied (new)
2026/09/18 17:18:31 INFO  : X-PLAN/architecture/figures/node_modules/chalk/license: Copied (new)
2026/09/18 17:18:32 INFO  : X-PLAN/architecture/figures/node_modules/chalk/package.json: Copied (new)
2026/09/18 17:18:34 INFO  : X-PLAN/architecture/figures/node_modules/chalk/readme.md: Copied (new)
2026/09/18 17:18:34 INFO  : X-PLAN/architecture/figures/node_modules/bare-url/prebuilds/android-ia32/bare-url.bare: Copied (new)
2026/09/18 17:18:37 INFO  : X-PLAN/architecture/figures/node_modules/bare-path/prebuilds/darwin-arm64/bare-path.bare: Copied (new)
2026/09/18 17:18:37 INFO  : X-PLAN/architecture/figures/node_modules/bare-fs/prebuilds/darwin-x64/bare-fs.bare: Copied (new)
2026/09/18 17:18:39 INFO  : X-PLAN/architecture/figures/node_modules/@types/d3-quadtree/LICENSE: Copied (new)
2026/09/18 17:18:39 INFO  : X-PLAN/architecture/figures/node_modules/@swc/helpers/_/_class_apply_descriptor_update/package.json: Copied (new)
2026/09/18 17:18:41 INFO  : X-PLAN/architecture/figures/node_modules/@types/d3-quadtree/README.md: Copied (new)
2026/09/18 17:18:42 INFO  : X-PLAN/architecture/figures/node_modules/@types/d3-quadtree/index.d.ts: Copied (new)
2026/09/18 17:18:43 INFO  : X-PLAN/architecture/figures/node_modules/@types/d3-quadtree/package.json: Copied (new)
2026/09/18 17:18:44 INFO  : X-PLAN/architecture/figures/node_modules/antlr4/src/antlr4/tree/ErrorNode.js: Copied (new)
2026/09/18 17:18:46 INFO  : X-PLAN/architecture/figures/node_modules/antlr4/src/antlr4/tree/ErrorNodeImpl.js: Copied (new)
2026/09/18 17:18:46 INFO  : X-PLAN/architecture/figures/node_modules/antlr4/src/antlr4/tree/ParseTree.js: Copied (new)
2026/09/18 17:18:47 INFO  : X-PLAN/architecture/figures/node_modules/antlr4/src/antlr4/tree/ParseTreeListener.js: Copied (new)
2026/09/18 17:18:47 INFO  : X-PLAN/architecture/figures/node_modules/antlr4/src/antlr4/tree/ParseTreeVisitor.js: Copied (new)
2026/09/18 17:18:49 INFO  : X-PLAN/architecture/figures/node_modules/antlr4/src/antlr4/tree/ParseTreeWalker.js: Copied (new)
2026/09/18 17:18:49 INFO  : X-PLAN/architecture/figures/node_modules/antlr4/src/antlr4/tree/RuleNode.js: Copied (new)
2026/09/18 17:18:51 INFO  : X-PLAN/architecture/figures/node_modules/antlr4/src/antlr4/tree/SyntaxTree.js: Copied (new)
2026/09/18 17:18:51 INFO  : X-PLAN/architecture/figures/node_modules/antlr4/src/antlr4/tree/TerminalNode.js: Copied (new)
2026/09/18 17:18:52 INFO  : X-PLAN/architecture/figures/node_modules/antlr4/src/antlr4/tree/TerminalNodeImpl.js: Copied (new)
2026/09/18 17:18:53 INFO  : X-PLAN/architecture/figures/node_modules/antlr4/src/antlr4/tree/Tree.js: Copied (new)
2026/09/18 17:18:54 INFO  : X-PLAN/architecture/figures/node_modules/antlr4/src/antlr4/tree/index.js: Copied (new)
2026/09/18 17:18:54 INFO  : X-PLAN/architecture/figures/node_modules/antlr4/src/antlr4/tree/Trees.js: Copied (new)
2026/09/18 17:18:56 INFO  : X-PLAN/architecture/figures/node_modules/chromium-bidi/.browser: Copied (new)
2026/09/18 17:18:56 INFO  : X-PLAN/architecture/figures/node_modules/chromium-bidi/LICENSE: Copied (new)
2026/09/18 17:18:57 INFO  : X-PLAN/architecture/figures/node_modules/chromium-bidi/README.md: Copied (new)
2026/09/18 17:18:58 INFO  : X-PLAN/architecture/figures/node_modules/chromium-bidi/package.json: Copied (new)
2026/09/18 17:18:59 INFO  : X-PLAN/architecture/figures/node_modules/bare-url/prebuilds/android-x64/bare-url.bare: Copied (new)
2026/09/18 17:19:00 INFO  : X-PLAN/architecture/figures/node_modules/bare-path/prebuilds/darwin-x64/bare-path.bare: Copied (new)
2026/09/18 17:19:02 INFO  : X-PLAN/architecture/figures/node_modules/bare-fs/prebuilds/ios-arm64/bare-fs.bare: Copied (new)
2026/09/18 17:19:02 INFO  : X-PLAN/architecture/figures/node_modules/@swc/helpers/_/_class_call_check/package.json: Copied (new)
2026/09/18 17:19:04 INFO  : X-PLAN/architecture/figures/node_modules/chalk/source/index.js: Copied (new)
2026/09/18 17:19:04 INFO  : X-PLAN/architecture/figures/node_modules/chalk/source/index.d.ts: Copied (new)
2026/09/18 17:19:05 INFO  : X-PLAN/architecture/figures/node_modules/chalk/source/utilities.js: Copied (new)
2026/09/18 17:19:05 INFO  : X-PLAN/architecture/figures/node_modules/@types/d3-random/LICENSE: Copied (new)
2026/09/18 17:19:07 INFO  : X-PLAN/architecture/figures/node_modules/@types/d3-random/README.md: Copied (new)
2026/09/18 17:19:07 INFO  : X-PLAN/architecture/figures/node_modules/@types/d3-random/index.d.ts: Copied (new)
2026/09/18 17:19:09 INFO  : X-PLAN/architecture/figures/node_modules/@types/d3-random/package.json: Copied (new)
2026/09/18 17:19:09 INFO  : X-PLAN/architecture/figures/node_modules/antlr4/src/antlr4/utils/DoubleDict.js: Copied (new)
2026/09/18 17:19:11 INFO  : X-PLAN/architecture/figures/node_modules/antlr4/src/antlr4/utils/arrayToString.js: Copied (new)
2026/09/18 17:19:11 INFO  : X-PLAN/architecture/figures/node_modules/antlr4/src/antlr4/utils/equalArrays.js: Copied (new)
2026/09/18 17:19:12 INFO  : X-PLAN/architecture/figures/node_modules/antlr4/src/antlr4/utils/escapeWhitespace.js: Copied (new)
2026/09/18 17:19:13 INFO  : X-PLAN/architecture/figures/node_modules/antlr4/src/antlr4/utils/index.js: Copied (new)
2026/09/18 17:19:14 INFO  : X-PLAN/architecture/figures/node_modules/antlr4/src/antlr4/utils/standardEqualsFunction.js: Copied (new)
2026/09/18 17:19:14 INFO  : X-PLAN/architecture/figures/node_modules/antlr4/src/antlr4/utils/standardHashCodeFunction.js: Copied (new)
2026/09/18 17:19:16 INFO  : X-PLAN/architecture/figures/node_modules/antlr4/src/antlr4/utils/stringHashCode.js: Copied (new)
2026/09/18 17:19:17 INFO  : X-PLAN/architecture/figures/node_modules/antlr4/src/antlr4/utils/titleCase.js: Copied (new)
2026/09/18 17:19:18 INFO  : X-PLAN/architecture/figures/node_modules/antlr4/src/antlr4/utils/valueToString.js: Copied (new)
2026/09/18 17:19:19 INFO  : X-PLAN/architecture/figures/node_modules/class-variance-authority/LICENSE: Copied (new)
2026/09/18 17:19:22 INFO  : X-PLAN/architecture/figures/node_modules/class-variance-authority/README.md: Copied (new)
2026/09/18 17:19:23 INFO  : X-PLAN/architecture/figures/node_modules/class-variance-authority/package.json: Copied (new)
2026/09/18 17:19:25 INFO  : X-PLAN/architecture/figures/node_modules/bare-url/prebuilds/darwin-arm64/bare-url.bare: Copied (new)
2026/09/18 17:19:26 INFO  : X-PLAN/architecture/figures/node_modules/bare-path/prebuilds/ios-arm64/bare-path.bare: Copied (new)
2026/09/18 17:19:32 INFO  : X-PLAN/architecture/figures/node_modules/bare-fs/prebuilds/ios-arm64-simulator/bare-fs.bare: Copied (new)
2026/09/18 17:19:32 INFO  : X-PLAN/architecture/figures/node_modules/@swc/helpers/_/_class_check_private_static_access/package.json: Copied (new)
2026/09/18 17:19:34 INFO  : X-PLAN/architecture/figures/node_modules/chromium-bidi/lib/THIRD_PARTY_NOTICES: Copied (new)
2026/09/18 17:19:34 INFO  : X-PLAN/architecture/figures/node_modules/@types/d3-scale/LICENSE: Copied (new)
2026/09/18 17:19:37 INFO  : X-PLAN/architecture/figures/node_modules/@types/d3-scale/README.md: Copied (new)
2026/09/18 17:19:37 INFO  : X-PLAN/architecture/figures/node_modules/@types/d3-scale/index.d.ts: Copied (new)
2026/09/18 17:19:38 INFO  : X-PLAN/architecture/figures/node_modules/@types/d3-scale/package.json: Copied (new)
2026/09/18 17:19:39 INFO  : X-PLAN/architecture/figures/node_modules/cliui/CHANGELOG.md: Copied (new)
2026/09/18 17:19:41 INFO  : X-PLAN/architecture/figures/node_modules/cliui/LICENSE.txt: Copied (new)
2026/09/18 17:19:41 INFO  : X-PLAN/architecture/figures/node_modules/cliui/README.md: Copied (new)
2026/09/18 17:19:41 INFO  : X-PLAN/architecture/figures/node_modules/cliui/index.mjs: Copied (new)
2026/09/18 17:19:43 INFO  : X-PLAN/architecture/figures/node_modules/cliui/package.json: Copied (new)
2026/09/18 17:19:44 INFO  : X-PLAN/architecture/figures/node_modules/bare-url/prebuilds/darwin-x64/bare-url.bare: Copied (new)
2026/09/18 17:19:44 INFO  : X-PLAN/architecture/figures/node_modules/bare-path/prebuilds/ios-arm64-simulator/bare-path.bare: Copied (new)
2026/09/18 17:19:45 INFO  : X-PLAN/architecture/figures/node_modules/bare-fs/prebuilds/ios-x64-simulator/bare-fs.bare: Copied (new)
2026/09/18 17:19:49 INFO  : X-PLAN/architecture/figures/node_modules/@swc/helpers/_/_class_check_private_static_field_descriptor/package.json: Copied (new)
2026/09/18 17:19:49 INFO  : X-PLAN/architecture/figures/node_modules/class-variance-authority/dist/index.d.ts: Copied (new)
2026/09/18 17:19:49 INFO  : X-PLAN/architecture/figures/node_modules/class-variance-authority/dist/index.js.map: Copied (new)
2026/09/18 17:19:51 INFO  : X-PLAN/architecture/figures/node_modules/class-variance-authority/dist/index.js: Copied (new)
2026/09/18 17:19:53 INFO  : X-PLAN/architecture/figures/node_modules/class-variance-authority/dist/index.mjs: Copied (new)
2026/09/18 17:19:53 INFO  : X-PLAN/architecture/figures/node_modules/class-variance-authority/dist/index.mjs.map: Copied (new)
2026/09/18 17:19:53 INFO  : X-PLAN/architecture/figures/node_modules/class-variance-authority/dist/types.d.ts: Copied (new)
2026/09/18 17:19:55 INFO  : X-PLAN/architecture/figures/node_modules/@types/d3-scale-chromatic/LICENSE: Copied (new)
2026/09/18 17:19:56 INFO  : X-PLAN/architecture/figures/node_modules/@types/d3-scale-chromatic/README.md: Copied (new)
2026/09/18 17:19:56 INFO  : X-PLAN/architecture/figures/node_modules/@types/d3-scale-chromatic/index.d.ts: Copied (new)
2026/09/18 17:19:56 INFO  : X-PLAN/architecture/figures/node_modules/@types/d3-scale-chromatic/package.json: Copied (new)
2026/09/18 17:19:58 INFO  : X-PLAN/architecture/figures/node_modules/clsx/clsx.d.mts: Copied (new)
2026/09/18 17:19:59 INFO  : X-PLAN/architecture/figures/node_modules/clsx/clsx.d.ts: Copied (new)
2026/09/18 17:19:59 INFO  : X-PLAN/architecture/figures/node_modules/clsx/package.json: Copied (new)
2026/09/18 17:19:59 INFO  : X-PLAN/architecture/figures/node_modules/clsx/license: Copied (new)
2026/09/18 17:20:03 INFO  : X-PLAN/architecture/figures/node_modules/clsx/readme.md: Copied (new)
2026/09/18 17:20:05 INFO  : X-PLAN/architecture/figures/node_modules/bare-url/prebuilds/ios-arm64/bare-url.bare: Copied (new)
2026/09/18 17:20:05 INFO  : X-PLAN/architecture/figures/node_modules/bare-path/prebuilds/ios-x64-simulator/bare-path.bare: Copied (new)
2026/09/18 17:20:06 INFO  : X-PLAN/architecture/figures/node_modules/bare-fs/prebuilds/linux-arm64/bare-fs.bare: Copied (new)
2026/09/18 17:20:08 INFO  : X-PLAN/architecture/figures/node_modules/cliui/build/index.cjs: Copied (new)
2026/09/18 17:20:09 INFO  : X-PLAN/architecture/figures/node_modules/cliui/build/index.d.cts: Copied (new)
2026/09/18 17:20:09 INFO  : X-PLAN/architecture/figures/node_modules/@swc/helpers/_/_class_extract_field_descriptor/package.json: Copied (new)
2026/09/18 17:20:14 INFO  : X-PLAN/architecture/figures/node_modules/@types/d3-selection/README.md: Copied (new)
2026/09/18 17:20:15 INFO  : X-PLAN/architecture/figures/node_modules/@types/d3-selection/LICENSE: Copied (new)
2026/09/18 17:20:15 INFO  : X-PLAN/architecture/figures/node_modules/chalk/source/vendor/ansi-styles/index.d.ts: Copied (new)
2026/09/18 17:20:15 INFO  : X-PLAN/architecture/figures/node_modules/chalk/source/vendor/ansi-styles/index.js: Copied (new)
2026/09/18 17:20:19 INFO  : X-PLAN/architecture/figures/node_modules/@types/d3-selection/index.d.ts: Copied (new)
2026/09/18 17:20:19 INFO  : X-PLAN/architecture/figures/node_modules/color-convert/CHANGELOG.md: Copied (new)
2026/09/18 17:20:19 INFO  : X-PLAN/architecture/figures/node_modules/color-convert/LICENSE: Copied (new)
2026/09/18 17:20:19 INFO  : X-PLAN/architecture/figures/node_modules/@types/d3-selection/package.json: Copied (new)
2026/09/18 17:20:24 INFO  : X-PLAN/architecture/figures/node_modules/color-convert/README.md: Copied (new)
2026/09/18 17:20:24 INFO  : X-PLAN/architecture/figures/node_modules/color-convert/conversions.js: Copied (new)
2026/09/18 17:20:24 INFO  : X-PLAN/architecture/figures/node_modules/color-convert/index.js: Copied (new)
2026/09/18 17:20:25 INFO  : X-PLAN/architecture/figures/node_modules/color-convert/package.json: Copied (new)
2026/09/18 17:20:28 INFO  : X-PLAN/architecture/figures/node_modules/color-convert/route.js: Copied (new)
2026/09/18 17:20:30 INFO  : X-PLAN/architecture/figures/node_modules/bare-url/prebuilds/ios-arm64-simulator/bare-url.bare: Copied (new)
2026/09/18 17:20:30 INFO  : X-PLAN/architecture/figures/node_modules/bare-path/prebuilds/linux-arm64/bare-path.bare: Copied (new)
2026/09/18 17:20:30 INFO  : X-PLAN/architecture/figures/node_modules/chromium-bidi/lib/esm/package.json: Copied (new)
2026/09/18 17:20:33 INFO  : X-PLAN/architecture/figures/node_modules/clsx/dist/clsx.js: Copied (new)
2026/09/18 17:20:34 INFO  : X-PLAN/architecture/figures/node_modules/clsx/dist/clsx.min.js: Copied (new)
2026/09/18 17:20:34 INFO  : X-PLAN/architecture/figures/node_modules/clsx/dist/lite.js: Copied (new)
2026/09/18 17:20:35 INFO  : X-PLAN/architecture/figures/node_modules/clsx/dist/clsx.mjs: Copied (new)
2026/09/18 17:20:37 INFO  : X-PLAN/architecture/figures/node_modules/clsx/dist/lite.mjs: Copied (new)
2026/09/18 17:20:38 INFO  : X-PLAN/architecture/figures/node_modules/bare-fs/prebuilds/linux-x64/bare-fs.bare: Copied (new)
2026/09/18 17:20:42 INFO  : X-PLAN/architecture/figures/node_modules/chromium-bidi/lib/cjs/bidiMapper/BidiNoOpParser.d.ts: Copied (new)
2026/09/18 17:20:42 INFO  : X-PLAN/architecture/figures/node_modules/chromium-bidi/lib/cjs/bidiMapper/BidiMapper.js.map: Copied (new)
2026/09/18 17:20:42 INFO  : X-PLAN/architecture/figures/node_modules/chromium-bidi/lib/cjs/bidiMapper/BidiMapper.js: Copied (new)
2026/09/18 17:20:43 INFO  : X-PLAN/architecture/figures/node_modules/chromium-bidi/lib/cjs/bidiMapper/BidiMapper.d.ts: Copied (new)
2026/09/18 17:20:45 INFO  : X-PLAN/architecture/figures/node_modules/chromium-bidi/lib/cjs/bidiMapper/BidiNoOpParser.js.map: Copied (new)
2026/09/18 17:20:45 INFO  : X-PLAN/architecture/figures/node_modules/chromium-bidi/lib/cjs/bidiMapper/BidiNoOpParser.js: Copied (new)
2026/09/18 17:20:45 INFO  : X-PLAN/architecture/figures/node_modules/chromium-bidi/lib/cjs/bidiMapper/BidiParser.d.ts: Copied (new)
2026/09/18 17:20:47 INFO  : X-PLAN/architecture/figures/node_modules/chromium-bidi/lib/cjs/bidiMapper/BidiParser.js: Copied (new)
2026/09/18 17:20:49 INFO  : X-PLAN/architecture/figures/node_modules/chromium-bidi/lib/cjs/bidiMapper/BidiParser.js.map: Copied (new)
2026/09/18 17:20:49 INFO  : X-PLAN/architecture/figures/node_modules/chromium-bidi/lib/cjs/bidiMapper/BidiServer.js: Copied (new)
2026/09/18 17:20:49 INFO  : X-PLAN/architecture/figures/node_modules/chromium-bidi/lib/cjs/bidiMapper/BidiServer.d.ts: Copied (new)
2026/09/18 17:20:50 INFO  : X-PLAN/architecture/figures/node_modules/chromium-bidi/lib/cjs/bidiMapper/BidiServer.js.map: Copied (new)
2026/09/18 17:20:52 INFO  : X-PLAN/architecture/figures/node_modules/chromium-bidi/lib/cjs/bidiMapper/BidiTransport.d.ts: Copied (new)
2026/09/18 17:20:52 INFO  : X-PLAN/architecture/figures/node_modules/chromium-bidi/lib/cjs/bidiMapper/BidiTransport.js: Copied (new)
2026/09/18 17:20:53 INFO  : X-PLAN/architecture/figures/node_modules/chromium-bidi/lib/cjs/bidiMapper/BidiTransport.js.map: Copied (new)
2026/09/18 17:20:54 INFO  : X-PLAN/architecture/figures/node_modules/chromium-bidi/lib/cjs/bidiMapper/CommandProcessor.d.ts: Copied (new)
2026/09/18 17:20:56 INFO  : X-PLAN/architecture/figures/node_modules/chromium-bidi/lib/cjs/bidiMapper/CommandProcessor.js: Copied (new)
2026/09/18 17:20:56 INFO  : X-PLAN/architecture/figures/node_modules/chromium-bidi/lib/cjs/bidiMapper/CommandProcessor.js.map: Copied (new)
2026/09/18 17:20:56 INFO  : X-PLAN/architecture/figures/node_modules/chromium-bidi/lib/cjs/bidiMapper/OutgoingMessage.d.ts: Copied (new)
2026/09/18 17:20:57 INFO  : X-PLAN/architecture/figures/node_modules/chromium-bidi/lib/cjs/bidiMapper/OutgoingMessage.js: Copied (new)
2026/09/18 17:20:59 INFO  : X-PLAN/architecture/figures/node_modules/chromium-bidi/lib/cjs/bidiMapper/OutgoingMessage.js.map: Copied (new)
2026/09/18 17:20:59 INFO  : X-PLAN/architecture/figures/node_modules/@swc/helpers/_/_class_name_tdz_error/package.json: Copied (new)
2026/09/18 17:20:59 INFO  : X-PLAN/architecture/figures/node_modules/color-name/LICENSE: Copied (new)
2026/09/18 17:21:01 INFO  : X-PLAN/architecture/figures/node_modules/color-name/README.md: Copied (new)
2026/09/18 17:21:03 INFO  : X-PLAN/architecture/figures/node_modules/color-name/package.json: Copied (new)
2026/09/18 17:21:03 INFO  : X-PLAN/architecture/figures/node_modules/color-name/index.js: Copied (new)
2026/09/18 17:21:03 INFO  : X-PLAN/architecture/figures/node_modules/chalk/source/vendor/supports-color/browser.d.ts: Copied (new)
2026/09/18 17:21:04 INFO  : X-PLAN/architecture/figures/node_modules/chalk/source/vendor/supports-color/browser.js: Copied (new)
2026/09/18 17:21:06 INFO  : X-PLAN/architecture/figures/node_modules/chalk/source/vendor/supports-color/index.js: Copied (new)
2026/09/18 17:21:06 INFO  : X-PLAN/architecture/figures/node_modules/chalk/source/vendor/supports-color/index.d.ts: Copied (new)
2026/09/18 17:21:07 INFO  : X-PLAN/architecture/figures/node_modules/@types/d3-shape/LICENSE: Copied (new)
2026/09/18 17:21:08 INFO  : X-PLAN/architecture/figures/node_modules/@types/d3-shape/README.md: Copied (new)
2026/09/18 17:21:10 INFO  : X-PLAN/architecture/figures/node_modules/@types/d3-shape/index.d.ts: Copied (new)
2026/09/18 17:21:10 INFO  : X-PLAN/architecture/figures/node_modules/@types/d3-shape/package.json: Copied (new)
2026/09/18 17:21:10 INFO  : X-PLAN/architecture/figures/node_modules/cliui/build/lib/index.js: Copied (new)
2026/09/18 17:21:11 INFO  : X-PLAN/architecture/figures/node_modules/cliui/build/lib/string-utils.js: Copied (new)
2026/09/18 17:21:13 INFO  : X-PLAN/architecture/figures/node_modules/chromium-bidi/lib/iife/mapperTab.js: Copied (new)
2026/09/18 17:21:17 INFO  : X-PLAN/architecture/figures/node_modules/chromium-bidi/lib/iife/mapperTab.js.map: Copied (new)
2026/09/18 17:21:17 INFO  : X-PLAN/architecture/figures/node_modules/bare-url/prebuilds/ios-x64-simulator/bare-url.bare: Copied (new)
2026/09/18 17:21:17 INFO  : X-PLAN/architecture/figures/node_modules/bare-path/prebuilds/linux-x64/bare-path.bare: Copied (new)
2026/09/18 17:21:18 INFO  : X-PLAN/architecture/figures/node_modules/bare-fs/prebuilds/win32-arm64/bare-fs.bare: Copied (new)
2026/09/18 17:21:21 INFO  : X-PLAN/architecture/figures/node_modules/chromium-bidi/lib/esm/bidiMapper/BidiMapper.js: Copied (new)
2026/09/18 17:21:22 INFO  : X-PLAN/architecture/figures/node_modules/chromium-bidi/lib/esm/bidiMapper/BidiMapper.d.ts: Copied (new)
2026/09/18 17:21:22 INFO  : X-PLAN/architecture/figures/node_modules/chromium-bidi/lib/esm/bidiMapper/BidiMapper.js.map: Copied (new)
2026/09/18 17:21:23 INFO  : X-PLAN/architecture/figures/node_modules/chromium-bidi/lib/esm/bidiMapper/BidiNoOpParser.d.ts: Copied (new)
2026/09/18 17:21:25 INFO  : X-PLAN/architecture/figures/node_modules/chromium-bidi/lib/esm/bidiMapper/BidiNoOpParser.js: Copied (new)
2026/09/18 17:21:26 INFO  : X-PLAN/architecture/figures/node_modules/chromium-bidi/lib/esm/bidiMapper/BidiNoOpParser.js.map: Copied (new)
2026/09/18 17:21:26 INFO  : X-PLAN/architecture/figures/node_modules/chromium-bidi/lib/esm/bidiMapper/BidiParser.d.ts: Copied (new)
2026/09/18 17:21:27 INFO  : X-PLAN/architecture/figures/node_modules/chromium-bidi/lib/esm/bidiMapper/BidiParser.js: Copied (new)
2026/09/18 17:21:28 INFO  : X-PLAN/architecture/figures/node_modules/chromium-bidi/lib/esm/bidiMapper/BidiParser.js.map: Copied (new)
2026/09/18 17:21:29 INFO  : X-PLAN/architecture/figures/node_modules/chromium-bidi/lib/esm/bidiMapper/BidiServer.d.ts: Copied (new)
2026/09/18 17:21:29 INFO  : X-PLAN/architecture/figures/node_modules/chromium-bidi/lib/esm/bidiMapper/BidiServer.js: Copied (new)
2026/09/18 17:21:30 INFO  : X-PLAN/architecture/figures/node_modules/chromium-bidi/lib/esm/bidiMapper/BidiServer.js.map: Copied (new)
2026/09/18 17:21:32 INFO  : X-PLAN/architecture/figures/node_modules/chromium-bidi/lib/esm/bidiMapper/BidiTransport.d.ts: Copied (new)
2026/09/18 17:21:32 INFO  : X-PLAN/architecture/figures/node_modules/chromium-bidi/lib/esm/bidiMapper/BidiTransport.js: Copied (new)
2026/09/18 17:21:33 INFO  : X-PLAN/architecture/figures/node_modules/chromium-bidi/lib/esm/bidiMapper/BidiTransport.js.map: Copied (new)
2026/09/18 17:21:33 INFO  : X-PLAN/architecture/figures/node_modules/chromium-bidi/lib/esm/bidiMapper/CommandProcessor.d.ts: Copied (new)
2026/09/18 17:21:40 INFO  : X-PLAN/architecture/figures/node_modules/chromium-bidi/lib/esm/bidiMapper/CommandProcessor.js.map: Copied (new)
2026/09/18 17:21:40 INFO  : X-PLAN/architecture/figures/node_modules/chromium-bidi/lib/esm/bidiMapper/CommandProcessor.js: Copied (new)
2026/09/18 17:21:42 INFO  : X-PLAN/architecture/figures/node_modules/chromium-bidi/lib/esm/bidiMapper/OutgoingMessage.d.ts: Copied (new)
2026/09/18 17:21:42 INFO  : X-PLAN/architecture/figures/node_modules/chromium-bidi/lib/esm/bidiMapper/OutgoingMessage.js: Copied (new)
2026/09/18 17:21:44 INFO  : X-PLAN/architecture/figures/node_modules/chromium-bidi/lib/esm/bidiMapper/OutgoingMessage.js.map: Copied (new)
2026/09/18 17:21:44 INFO  : X-PLAN/architecture/figures/node_modules/chromium-bidi/lib/cjs/bidiTab/BidiParser.d.ts: Copied (new)
2026/09/18 17:21:45 INFO  : X-PLAN/architecture/figures/node_modules/chromium-bidi/lib/cjs/bidiTab/BidiParser.js: Copied (new)
2026/09/18 17:21:45 INFO  : X-PLAN/architecture/figures/node_modules/chromium-bidi/lib/cjs/bidiTab/BidiParser.js.map: Copied (new)
2026/09/18 17:21:47 INFO  : X-PLAN/architecture/figures/node_modules/chromium-bidi/lib/cjs/bidiTab/Transport.js: Copied (new)
2026/09/18 17:21:48 INFO  : X-PLAN/architecture/figures/node_modules/chromium-bidi/lib/cjs/bidiTab/Transport.d.ts: Copied (new)
2026/09/18 17:21:48 INFO  : X-PLAN/architecture/figures/node_modules/chromium-bidi/lib/cjs/bidiTab/Transport.js.map: Copied (new)
2026/09/18 17:21:49 INFO  : X-PLAN/architecture/figures/node_modules/chromium-bidi/lib/cjs/bidiTab/bidiTab.d.ts: Copied (new)
2026/09/18 17:21:51 INFO  : X-PLAN/architecture/figures/node_modules/chromium-bidi/lib/cjs/bidiTab/bidiTab.js.map: Copied (new)
2026/09/18 17:21:51 INFO  : X-PLAN/architecture/figures/node_modules/chromium-bidi/lib/cjs/bidiTab/bidiTab.js: Copied (new)
2026/09/18 17:21:52 INFO  : X-PLAN/architecture/figures/node_modules/chromium-bidi/lib/cjs/bidiTab/mapperTabPage.d.ts: Copied (new)
2026/09/18 17:21:52 INFO  : X-PLAN/architecture/figures/node_modules/chromium-bidi/lib/cjs/bidiTab/mapperTabPage.js: Copied (new)
2026/09/18 17:21:54 INFO  : X-PLAN/architecture/figures/node_modules/chromium-bidi/lib/cjs/bidiTab/mapperTabPage.js.map: Copied (new)
2026/09/18 17:21:54 INFO  : X-PLAN/architecture/figures/node_modules/@swc/helpers/_/_class_private_field_destructure/package.json: Copied (new)
2026/09/18 17:21:55 INFO  : X-PLAN/architecture/figures/node_modules/color-string/LICENSE: Copied (new)
2026/09/18 17:21:56 INFO  : X-PLAN/architecture/figures/node_modules/color-string/README.md: Copied (new)
2026/09/18 17:21:58 INFO  : X-PLAN/architecture/figures/node_modules/color-string/index.d.ts: Copied (new)
2026/09/18 17:21:58 INFO  : X-PLAN/architecture/figures/node_modules/color-string/index.js: Copied (new)
2026/09/18 17:21:59 INFO  : X-PLAN/architecture/figures/node_modules/color-string/package.json: Copied (new)
2026/09/18 17:21:59 INFO  : X-PLAN/architecture/figures/node_modules/@types/d3-time/LICENSE: Copied (new)
2026/09/18 17:22:01 INFO  : X-PLAN/architecture/figures/node_modules/@types/d3-time/README.md: Copied (new)
2026/09/18 17:22:01 INFO  : X-PLAN/architecture/figures/node_modules/@types/d3-time/index.d.ts: Copied (new)
2026/09/18 17:22:03 INFO  : X-PLAN/architecture/figures/node_modules/bare-url/prebuilds/linux-arm64/bare-url.bare: Copied (new)
2026/09/18 17:22:03 INFO  : X-PLAN/architecture/figures/node_modules/@types/d3-time/package.json: Copied (new)
2026/09/18 17:22:05 INFO  : X-PLAN/architecture/figures/node_modules/bare-path/prebuilds/win32-arm64/bare-path.bare: Copied (new)
2026/09/18 17:22:06 INFO  : X-PLAN/architecture/figures/node_modules/bare-fs/prebuilds/win32-x64/bare-fs.bare: Copied (new)
2026/09/18 17:22:08 INFO  : X-PLAN/architecture/figures/node_modules/chromium-bidi/lib/esm/bidiServer/BrowserInstance.js: Copied (new)
2026/09/18 17:22:08 INFO  : X-PLAN/architecture/figures/node_modules/chromium-bidi/lib/esm/bidiServer/BrowserInstance.d.ts: Copied (new)
2026/09/18 17:22:10 INFO  : X-PLAN/architecture/figures/node_modules/chromium-bidi/lib/esm/bidiServer/BrowserInstance.js.map: Copied (new)
2026/09/18 17:22:10 INFO  : X-PLAN/architecture/figures/node_modules/chromium-bidi/lib/esm/bidiServer/MapperCdpConnection.d.ts: Copied (new)
2026/09/18 17:22:11 INFO  : X-PLAN/architecture/figures/node_modules/chromium-bidi/lib/esm/bidiServer/MapperCdpConnection.js: Copied (new)
2026/09/18 17:22:14 INFO  : X-PLAN/architecture/figures/node_modules/chromium-bidi/lib/esm/bidiServer/SimpleTransport.d.ts: Copied (new)
2026/09/18 17:22:14 INFO  : X-PLAN/architecture/figures/node_modules/chromium-bidi/lib/esm/bidiServer/MapperCdpConnection.js.map: Copied (new)
2026/09/18 17:22:14 INFO  : X-PLAN/architecture/figures/node_modules/chromium-bidi/lib/esm/bidiServer/SimpleTransport.js: Copied (new)
2026/09/18 17:22:16 INFO  : X-PLAN/architecture/figures/node_modules/chromium-bidi/lib/esm/bidiServer/SimpleTransport.js.map: Copied (new)
2026/09/18 17:22:21 INFO  : X-PLAN/architecture/figures/node_modules/chromium-bidi/lib/esm/bidiServer/WebSocketServer.js: Copied (new)
2026/09/18 17:22:21 INFO  : X-PLAN/architecture/figures/node_modules/chromium-bidi/lib/esm/bidiServer/WebSocketServer.js.map: Copied (new)
2026/09/18 17:22:21 INFO  : X-PLAN/architecture/figures/node_modules/chromium-bidi/lib/esm/bidiServer/WebSocketServer.d.ts: Copied (new)
2026/09/18 17:22:21 INFO  : X-PLAN/architecture/figures/node_modules/chromium-bidi/lib/esm/bidiServer/index.d.ts: Copied (new)
2026/09/18 17:22:29 INFO  : X-PLAN/architecture/figures/node_modules/chromium-bidi/lib/esm/bidiServer/index.js: Copied (new)
2026/09/18 17:22:29 INFO  : X-PLAN/architecture/figures/node_modules/chromium-bidi/lib/esm/bidiServer/index.js.map: Copied (new)
2026/09/18 17:22:29 INFO  : X-PLAN/architecture/figures/node_modules/chromium-bidi/lib/esm/bidiServer/reader.d.ts: Copied (new)
2026/09/18 17:22:29 INFO  : X-PLAN/architecture/figures/node_modules/chromium-bidi/lib/esm/bidiServer/reader.js: Copied (new)
2026/09/18 17:22:34 INFO  : X-PLAN/architecture/figures/node_modules/chromium-bidi/lib/esm/bidiServer/reader.js.map: Copied (new)
2026/09/18 17:22:35 INFO  : X-PLAN/architecture/figures/node_modules/chromium-bidi/lib/cjs/cdp/CdpClient.js: Copied (new)
2026/09/18 17:22:35 INFO  : X-PLAN/architecture/figures/node_modules/chromium-bidi/lib/cjs/cdp/CdpClient.d.ts: Copied (new)
2026/09/18 17:22:35 INFO  : X-PLAN/architecture/figures/node_modules/chromium-bidi/lib/cjs/cdp/CdpClient.js.map: Copied (new)
2026/09/18 17:22:37 INFO  : X-PLAN/architecture/figures/node_modules/chromium-bidi/lib/cjs/cdp/CdpConnection.d.ts: Copied (new)
2026/09/18 17:22:38 INFO  : X-PLAN/architecture/figures/node_modules/chromium-bidi/lib/cjs/cdp/CdpConnection.js: Copied (new)
2026/09/18 17:22:38 INFO  : X-PLAN/architecture/figures/node_modules/chromium-bidi/lib/cjs/cdp/CdpConnection.js.map: Copied (new)
2026/09/18 17:22:38 INFO  : X-PLAN/architecture/figures/node_modules/chromium-bidi/lib/cjs/cdp/cdpMessage.d.ts: Copied (new)
2026/09/18 17:22:41 INFO  : X-PLAN/architecture/figures/node_modules/chromium-bidi/lib/cjs/cdp/cdpMessage.js: Copied (new)
2026/09/18 17:22:41 INFO  : X-PLAN/architecture/figures/node_modules/chromium-bidi/lib/cjs/cdp/cdpMessage.js.map: Copied (new)
2026/09/18 17:22:42 INFO  : X-PLAN/architecture/figures/node_modules/commander/LICENSE: Copied (new)
2026/09/18 17:22:42 INFO  : X-PLAN/architecture/figures/node_modules/@swc/helpers/_/_class_private_field_get/package.json: Copied (new)
2026/09/18 17:22:45 INFO  : X-PLAN/architecture/figures/node_modules/commander/Readme.md: Copied (new)
2026/09/18 17:22:45 INFO  : X-PLAN/architecture/figures/node_modules/commander/esm.mjs: Copied (new)
2026/09/18 17:22:46 INFO  : X-PLAN/architecture/figures/node_modules/commander/index.js: Copied (new)
2026/09/18 17:22:46 INFO  : X-PLAN/architecture/figures/node_modules/commander/package-support.json: Copied (new)
2026/09/18 17:22:48 INFO  : X-PLAN/architecture/figures/node_modules/commander/package.json: Copied (new)
2026/09/18 17:22:52 INFO  : X-PLAN/architecture/figures/node_modules/color-convert/node_modules/color-name/README.md: Copied (new)
2026/09/18 17:22:52 INFO  : X-PLAN/architecture/figures/node_modules/color-convert/node_modules/color-name/LICENSE: Copied (new)
2026/09/18 17:22:52 INFO  : X-PLAN/architecture/figures/node_modules/color-convert/node_modules/color-name/index.js: Copied (new)
2026/09/18 17:22:52 INFO  : X-PLAN/architecture/figures/node_modules/color-convert/node_modules/color-name/package.json: Copied (new)
2026/09/18 17:22:55 INFO  : X-PLAN/architecture/figures/node_modules/@types/d3-time-format/LICENSE: Copied (new)
2026/09/18 17:22:55 INFO  : X-PLAN/architecture/figures/node_modules/@types/d3-time-format/README.md: Copied (new)
2026/09/18 17:22:56 INFO  : X-PLAN/architecture/figures/node_modules/@types/d3-time-format/package.json: Copied (new)
2026/09/18 17:22:56 INFO  : X-PLAN/architecture/figures/node_modules/@types/d3-time-format/index.d.ts: Copied (new)
2026/09/18 17:22:59 INFO  : X-PLAN/architecture/figures/node_modules/bare-url/prebuilds/linux-x64/bare-url.bare: Copied (new)
2026/09/18 17:23:04 INFO  : X-PLAN/architecture/figures/node_modules/bare-path/prebuilds/win32-x64/bare-path.bare: Copied (new)
2026/09/18 17:23:05 INFO  : X-PLAN/architecture/figures/node_modules/chromium-bidi/lib/cjs/bidiMapper/modules/bluetooth/BluetoothProcessor.js.map: Copied (new)
2026/09/18 17:23:06 INFO  : X-PLAN/architecture/figures/node_modules/chromium-bidi/lib/cjs/bidiMapper/modules/bluetooth/BluetoothProcessor.d.ts: Copied (new)
2026/09/18 17:23:06 INFO  : X-PLAN/architecture/figures/node_modules/chromium-bidi/lib/cjs/bidiMapper/modules/bluetooth/BluetoothProcessor.js: Copied (new)
2026/09/18 17:23:11 INFO  : X-PLAN/architecture/figures/node_modules/chromium-bidi/lib/esm/bidiTab/BidiParser.d.ts: Copied (new)
2026/09/18 17:23:11 INFO  : X-PLAN/architecture/figures/node_modules/chromium-bidi/lib/esm/bidiTab/BidiParser.js: Copied (new)
2026/09/18 17:23:11 INFO  : X-PLAN/architecture/figures/node_modules/chromium-bidi/lib/esm/bidiTab/BidiParser.js.map: Copied (new)
2026/09/18 17:23:11 INFO  : X-PLAN/architecture/figures/node_modules/chromium-bidi/lib/esm/bidiTab/Transport.d.ts: Copied (new)
2026/09/18 17:23:15 INFO  : X-PLAN/architecture/figures/node_modules/chromium-bidi/lib/esm/bidiTab/Transport.js.map: Copied (new)
2026/09/18 17:23:15 INFO  : X-PLAN/architecture/figures/node_modules/chromium-bidi/lib/esm/bidiTab/Transport.js: Copied (new)
2026/09/18 17:23:15 INFO  : X-PLAN/architecture/figures/node_modules/chromium-bidi/lib/esm/bidiTab/bidiTab.d.ts: Copied (new)
2026/09/18 17:23:15 INFO  : X-PLAN/architecture/figures/node_modules/chromium-bidi/lib/esm/bidiTab/bidiTab.js: Copied (new)
2026/09/18 17:23:18 INFO  : X-PLAN/architecture/figures/node_modules/chromium-bidi/lib/esm/bidiTab/mapperTabPage.js: Copied (new)
2026/09/18 17:23:18 INFO  : X-PLAN/architecture/figures/node_modules/chromium-bidi/lib/esm/bidiTab/mapperTabPage.d.ts: Copied (new)
2026/09/18 17:23:18 INFO  : X-PLAN/architecture/figures/node_modules/chromium-bidi/lib/esm/bidiTab/bidiTab.js.map: Copied (new)
2026/09/18 17:23:19 INFO  : X-PLAN/architecture/figures/node_modules/chromium-bidi/lib/esm/bidiTab/mapperTabPage.js.map: Copied (new)
2026/09/18 17:23:22 INFO  : X-PLAN/architecture/figures/node_modules/chromium-bidi/lib/cjs/protocol/ErrorResponse.js: Copied (new)
2026/09/18 17:23:22 INFO  : X-PLAN/architecture/figures/node_modules/chromium-bidi/lib/cjs/protocol/cdp.d.ts: Copied (new)
2026/09/18 17:23:23 INFO  : X-PLAN/architecture/figures/node_modules/chromium-bidi/lib/cjs/protocol/ErrorResponse.d.ts: Copied (new)
2026/09/18 17:23:23 INFO  : X-PLAN/architecture/figures/node_modules/chromium-bidi/lib/cjs/protocol/ErrorResponse.js.map: Copied (new)
2026/09/18 17:23:26 INFO  : X-PLAN/architecture/figures/node_modules/chromium-bidi/lib/cjs/protocol/cdp.js: Copied (new)
2026/09/18 17:23:27 INFO  : X-PLAN/architecture/figures/node_modules/chromium-bidi/lib/cjs/protocol/cdp.js.map: Copied (new)
2026/09/18 17:23:27 INFO  : X-PLAN/architecture/figures/node_modules/chromium-bidi/lib/cjs/protocol/chromium-bidi.d.ts: Copied (new)
2026/09/18 17:23:27 INFO  : X-PLAN/architecture/figures/node_modules/chromium-bidi/lib/cjs/protocol/chromium-bidi.js: Copied (new)
2026/09/18 17:23:29 INFO  : X-PLAN/architecture/figures/node_modules/chromium-bidi/lib/cjs/protocol/chromium-bidi.js.map: Copied (new)
2026/09/18 17:23:30 INFO  : X-PLAN/architecture/figures/node_modules/chromium-bidi/lib/cjs/protocol/protocol.js: Copied (new)
2026/09/18 17:23:30 INFO  : X-PLAN/architecture/figures/node_modules/chromium-bidi/lib/cjs/protocol/protocol.d.ts: Copied (new)
2026/09/18 17:23:30 INFO  : X-PLAN/architecture/figures/node_modules/chromium-bidi/lib/cjs/protocol/protocol.js.map: Copied (new)
2026/09/18 17:23:33 INFO  : X-PLAN/architecture/figures/node_modules/@swc/helpers/_/_class_private_field_init/package.json: Copied (new)
2026/09/18 17:23:34 INFO  : X-PLAN/architecture/figures/node_modules/cose-base/LICENSE: Copied (new)
2026/09/18 17:23:34 INFO  : X-PLAN/architecture/figures/node_modules/cose-base/.babelrc: Copied (new)
2026/09/18 17:23:34 INFO  : X-PLAN/architecture/figures/node_modules/cose-base/README.md: Copied (new)
2026/09/18 17:23:36 INFO  : X-PLAN/architecture/figures/node_modules/cose-base/bower.json: Copied (new)
2026/09/18 17:23:37 INFO  : X-PLAN/architecture/figures/node_modules/cose-base/cose-base.js: Copied (new)
2026/09/18 17:23:37 INFO  : X-PLAN/architecture/figures/node_modules/cose-base/index.js: Copied (new)
2026/09/18 17:23:37 INFO  : X-PLAN/architecture/figures/node_modules/cose-base/package.json: Copied (new)
2026/09/18 17:23:39 INFO  : X-PLAN/architecture/figures/node_modules/cose-base/webpack.config.js: Copied (new)
2026/09/18 17:23:40 INFO  : X-PLAN/architecture/figures/node_modules/@types/d3-timer/LICENSE: Copied (new)
2026/09/18 17:23:41 INFO  : X-PLAN/architecture/figures/node_modules/@types/d3-timer/README.md: Copied (new)
2026/09/18 17:23:41 INFO  : X-PLAN/architecture/figures/node_modules/@types/d3-timer/index.d.ts: Copied (new)
2026/09/18 17:23:43 INFO  : X-PLAN/architecture/figures/node_modules/@types/d3-timer/package.json: Copied (new)
2026/09/18 17:23:44 INFO  : X-PLAN/architecture/figures/node_modules/commander/lib/argument.js: Copied (new)
2026/09/18 17:23:45 INFO  : X-PLAN/architecture/figures/node_modules/commander/lib/error.js: Copied (new)
2026/09/18 17:23:45 INFO  : X-PLAN/architecture/figures/node_modules/commander/lib/command.js: Copied (new)
2026/09/18 17:23:47 INFO  : X-PLAN/architecture/figures/node_modules/commander/lib/help.js: Copied (new)
2026/09/18 17:23:47 INFO  : X-PLAN/architecture/figures/node_modules/commander/lib/option.js: Copied (new)
2026/09/18 17:23:51 INFO  : X-PLAN/architecture/figures/node_modules/commander/lib/suggestSimilar.js: Copied (new)
2026/09/18 17:23:51 INFO  : X-PLAN/architecture/figures/node_modules/bare-url/prebuilds/win32-arm64/bare-url.bare: Copied (new)
2026/09/18 17:23:52 INFO  : X-PLAN/architecture/figures/node_modules/chromium-bidi/lib/esm/cdp/CdpClient.d.ts: Copied (new)
2026/09/18 17:23:52 INFO  : X-PLAN/architecture/figures/node_modules/chromium-bidi/lib/esm/cdp/CdpClient.js: Copied (new)
2026/09/18 17:23:54 INFO  : X-PLAN/architecture/figures/node_modules/chromium-bidi/lib/esm/cdp/CdpClient.js.map: Copied (new)
2026/09/18 17:23:55 INFO  : X-PLAN/architecture/figures/node_modules/chromium-bidi/lib/esm/cdp/CdpConnection.d.ts: Copied (new)
2026/09/18 17:23:56 INFO  : X-PLAN/architecture/figures/node_modules/chromium-bidi/lib/esm/cdp/CdpConnection.js: Copied (new)
2026/09/18 17:23:56 INFO  : X-PLAN/architecture/figures/node_modules/chromium-bidi/lib/esm/cdp/CdpConnection.js.map: Copied (new)
2026/09/18 17:23:59 INFO  : X-PLAN/architecture/figures/node_modules/chromium-bidi/lib/esm/cdp/cdpMessage.js: Copied (new)
2026/09/18 17:24:00 INFO  : X-PLAN/architecture/figures/node_modules/chromium-bidi/lib/esm/cdp/cdpMessage.d.ts: Copied (new)
2026/09/18 17:24:01 INFO  : X-PLAN/architecture/figures/node_modules/chromium-bidi/lib/esm/cdp/cdpMessage.js.map: Copied (new)
2026/09/18 17:24:01 INFO  : X-PLAN/architecture/figures/node_modules/chromium-bidi/lib/cjs/bidiMapper/modules/browser/BrowserProcessor.d.ts: Copied (new)
2026/09/18 17:24:03 INFO  : X-PLAN/architecture/figures/node_modules/chromium-bidi/lib/cjs/bidiMapper/modules/browser/BrowserProcessor.js: Copied (new)
2026/09/18 17:24:03 INFO  : X-PLAN/architecture/figures/node_modules/chromium-bidi/lib/cjs/bidiMapper/modules/browser/BrowserProcessor.js.map: Copied (new)
2026/09/18 17:24:07 INFO  : X-PLAN/architecture/figures/node_modules/chromium-bidi/lib/esm/bidiMapper/modules/bluetooth/BluetoothProcessor.js.map: Copied (new)
2026/09/18 17:24:07 INFO  : X-PLAN/architecture/figures/node_modules/chromium-bidi/lib/cjs/protocol-parser/protocol-parser.d.ts: Copied (new)
2026/09/18 17:24:08 INFO  : X-PLAN/architecture/figures/node_modules/chromium-bidi/lib/esm/bidiMapper/modules/bluetooth/BluetoothProcessor.js: Copied (new)
2026/09/18 17:24:08 INFO  : X-PLAN/architecture/figures/node_modules/chromium-bidi/lib/esm/bidiMapper/modules/bluetooth/BluetoothProcessor.d.ts: Copied (new)
2026/09/18 17:24:10 INFO  : X-PLAN/architecture/figures/node_modules/chromium-bidi/lib/cjs/protocol-parser/protocol-parser.js: Copied (new)
2026/09/18 17:24:11 INFO  : X-PLAN/architecture/figures/node_modules/chromium-bidi/lib/cjs/protocol-parser/protocol-parser.js.map: Copied (new)
2026/09/18 17:24:11 INFO  : X-PLAN/architecture/figures/node_modules/@swc/helpers/_/_class_private_field_loose_base/package.json: Copied (new)
2026/09/18 17:24:11 INFO  : X-PLAN/architecture/figures/node_modules/cosmiconfig/LICENSE: Copied (new)
2026/09/18 17:24:14 INFO  : X-PLAN/architecture/figures/node_modules/cosmiconfig/package.json: Copied (new)
2026/09/18 17:24:14 INFO  : X-PLAN/architecture/figures/node_modules/cosmiconfig/README.md: Copied (new)
2026/09/18 17:24:15 INFO  : X-PLAN/architecture/figures/node_modules/@types/d3-transition/LICENSE: Copied (new)
2026/09/18 17:24:16 INFO  : X-PLAN/architecture/figures/node_modules/@types/d3-transition/README.md: Copied (new)
2026/09/18 17:24:18 INFO  : X-PLAN/architecture/figures/node_modules/@types/d3-transition/package.json: Copied (new)
2026/09/18 17:24:18 INFO  : X-PLAN/architecture/figures/node_modules/@types/d3-transition/index.d.ts: Copied (new)
2026/09/18 17:24:19 INFO  : X-PLAN/architecture/figures/node_modules/chromium-bidi/lib/cjs/protocol/generated/webdriver-bidi-bluetooth.d.ts: Copied (new)
2026/09/18 17:24:19 INFO  : X-PLAN/architecture/figures/node_modules/chromium-bidi/lib/cjs/protocol/generated/webdriver-bidi-bluetooth.js: Copied (new)
2026/09/18 17:24:22 INFO  : X-PLAN/architecture/figures/node_modules/chromium-bidi/lib/cjs/protocol/generated/webdriver-bidi-bluetooth.js.map: Copied (new)
2026/09/18 17:24:22 INFO  : X-PLAN/architecture/figures/node_modules/chromium-bidi/lib/cjs/protocol/generated/webdriver-bidi-permissions.d.ts: Copied (new)
2026/09/18 17:24:23 INFO  : X-PLAN/architecture/figures/node_modules/chromium-bidi/lib/cjs/protocol/generated/webdriver-bidi-permissions.js: Copied (new)
2026/09/18 17:24:23 INFO  : X-PLAN/architecture/figures/node_modules/chromium-bidi/lib/cjs/protocol/generated/webdriver-bidi-permissions.js.map: Copied (new)
2026/09/18 17:24:25 INFO  : X-PLAN/architecture/figures/node_modules/chromium-bidi/lib/cjs/protocol/generated/webdriver-bidi.js: Copied (new)
2026/09/18 17:24:25 INFO  : X-PLAN/architecture/figures/node_modules/chromium-bidi/lib/cjs/protocol/generated/webdriver-bidi.d.ts: Copied (new)
2026/09/18 17:24:26 INFO  : X-PLAN/architecture/figures/node_modules/chromium-bidi/lib/cjs/protocol/generated/webdriver-bidi.js.map: Copied (new)
2026/09/18 17:24:27 INFO  : X-PLAN/architecture/figures/node_modules/commander/typings/esm.d.mts: Copied (new)
2026/09/18 17:24:29 INFO  : X-PLAN/architecture/figures/node_modules/commander/typings/index.d.ts: Copied (new)
2026/09/18 17:24:29 INFO  : X-PLAN/architecture/figures/node_modules/cose-base/src/CoSEConstants.js: Copied (new)
2026/09/18 17:24:30 INFO  : X-PLAN/architecture/figures/node_modules/cose-base/src/CoSEEdge.js: Copied (new)
2026/09/18 17:24:30 INFO  : X-PLAN/architecture/figures/node_modules/cose-base/src/CoSEGraph.js: Copied (new)
2026/09/18 17:24:32 INFO  : X-PLAN/architecture/figures/node_modules/cose-base/src/CoSEGraphManager.js: Copied (new)
2026/09/18 17:24:32 INFO  : X-PLAN/architecture/figures/node_modules/cose-base/src/CoSELayout.js: Copied (new)
2026/09/18 17:24:33 INFO  : X-PLAN/architecture/figures/node_modules/cose-base/src/CoSENode.js: Copied (new)
2026/09/18 17:24:33 INFO  : X-PLAN/architecture/figures/node_modules/bare-url/prebuilds/win32-x64/bare-url.bare: Copied (new)
2026/09/18 17:24:35 INFO  : X-PLAN/architecture/figures/node_modules/chromium-bidi/lib/esm/protocol/ErrorResponse.d.ts: Copied (new)
2026/09/18 17:24:36 INFO  : X-PLAN/architecture/figures/node_modules/chromium-bidi/lib/esm/protocol/ErrorResponse.js: Copied (new)
2026/09/18 17:24:36 INFO  : X-PLAN/architecture/figures/node_modules/chromium-bidi/lib/esm/protocol/ErrorResponse.js.map: Copied (new)
2026/09/18 17:24:37 INFO  : X-PLAN/architecture/figures/node_modules/chromium-bidi/lib/esm/protocol/cdp.d.ts: Copied (new)
2026/09/18 17:24:39 INFO  : X-PLAN/architecture/figures/node_modules/chromium-bidi/lib/esm/protocol/cdp.js: Copied (new)
2026/09/18 17:24:39 INFO  : X-PLAN/architecture/figures/node_modules/chromium-bidi/lib/esm/protocol/cdp.js.map: Copied (new)
2026/09/18 17:24:40 INFO  : X-PLAN/architecture/figures/node_modules/chromium-bidi/lib/esm/protocol/chromium-bidi.d.ts: Copied (new)
2026/09/18 17:24:40 INFO  : X-PLAN/architecture/figures/node_modules/chromium-bidi/lib/esm/protocol/chromium-bidi.js: Copied (new)
2026/09/18 17:24:42 INFO  : X-PLAN/architecture/figures/node_modules/chromium-bidi/lib/esm/protocol/chromium-bidi.js.map: Copied (new)
2026/09/18 17:24:43 INFO  : X-PLAN/architecture/figures/node_modules/chromium-bidi/lib/esm/protocol/protocol.d.ts: Copied (new)
2026/09/18 17:24:44 INFO  : X-PLAN/architecture/figures/node_modules/chromium-bidi/lib/esm/protocol/protocol.js: Copied (new)
2026/09/18 17:24:48 INFO  : X-PLAN/architecture/figures/node_modules/chromium-bidi/lib/esm/protocol/protocol.js.map: Copied (new)
2026/09/18 17:24:49 INFO  : X-PLAN/architecture/figures/node_modules/chromium-bidi/lib/cjs/bidiMapper/modules/cdp/CdpProcessor.d.ts: Copied (new)
2026/09/18 17:24:52 INFO  : X-PLAN/architecture/figures/node_modules/chromium-bidi/lib/cjs/bidiMapper/modules/cdp/CdpTarget.d.ts: Copied (new)
2026/09/18 17:24:52 INFO  : X-PLAN/architecture/figures/node_modules/chromium-bidi/lib/cjs/bidiMapper/modules/cdp/CdpProcessor.js: Copied (new)
2026/09/18 17:24:52 INFO  : X-PLAN/architecture/figures/node_modules/chromium-bidi/lib/cjs/bidiMapper/modules/cdp/CdpProcessor.js.map: Copied (new)
2026/09/18 17:24:53 INFO  : X-PLAN/architecture/figures/node_modules/chromium-bidi/lib/cjs/bidiMapper/modules/cdp/CdpTarget.js: Copied (new)
2026/09/18 17:24:55 INFO  : X-PLAN/architecture/figures/node_modules/chromium-bidi/lib/cjs/bidiMapper/modules/cdp/CdpTarget.js.map: Copied (new)
2026/09/18 17:24:56 INFO  : X-PLAN/architecture/figures/node_modules/chromium-bidi/lib/cjs/bidiMapper/modules/cdp/CdpTargetManager.d.ts: Copied (new)
2026/09/18 17:24:56 INFO  : X-PLAN/architecture/figures/node_modules/chromium-bidi/lib/cjs/bidiMapper/modules/cdp/CdpTargetManager.js: Copied (new)
2026/09/18 17:24:57 INFO  : X-PLAN/architecture/figures/node_modules/chromium-bidi/lib/cjs/bidiMapper/modules/cdp/CdpTargetManager.js.map: Copied (new)
2026/09/18 17:24:59 INFO  : X-PLAN/architecture/figures/node_modules/chromium-bidi/lib/cjs/bidiMapper/modules/cdp/TargetEvents.d.ts: Copied (new)
2026/09/18 17:24:59 INFO  : X-PLAN/architecture/figures/node_modules/chromium-bidi/lib/cjs/bidiMapper/modules/cdp/TargetEvents.js: Copied (new)
2026/09/18 17:24:59 INFO  : X-PLAN/architecture/figures/node_modules/chromium-bidi/lib/cjs/bidiMapper/modules/cdp/TargetEvents.js.map: Copied (new)
2026/09/18 17:25:01 INFO  : X-PLAN/architecture/figures/node_modules/chromium-bidi/lib/esm/bidiMapper/modules/browser/BrowserProcessor.d.ts: Copied (new)
2026/09/18 17:25:04 INFO  : X-PLAN/architecture/figures/node_modules/chromium-bidi/lib/esm/bidiMapper/modules/browser/BrowserProcessor.js: Copied (new)
2026/09/18 17:25:04 INFO  : X-PLAN/architecture/figures/node_modules/chromium-bidi/lib/esm/bidiMapper/modules/browser/BrowserProcessor.js.map: Copied (new)
2026/09/18 17:25:05 INFO  : X-PLAN/architecture/figures/node_modules/chromium-bidi/lib/cjs/utils/Base64.d.ts: Copied (new)
2026/09/18 17:25:07 INFO  : X-PLAN/architecture/figures/node_modules/chromium-bidi/lib/cjs/utils/Base64.js: Copied (new)
2026/09/18 17:25:11 INFO  : X-PLAN/architecture/figures/node_modules/chromium-bidi/lib/cjs/utils/Buffer.js.map: Copied (new)
2026/09/18 17:25:11 INFO  : X-PLAN/architecture/figures/node_modules/chromium-bidi/lib/cjs/utils/Buffer.d.ts: Copied (new)
2026/09/18 17:25:11 INFO  : X-PLAN/architecture/figures/node_modules/chromium-bidi/lib/cjs/utils/Base64.js.map: Copied (new)
2026/09/18 17:25:11 INFO  : X-PLAN/architecture/figures/node_modules/chromium-bidi/lib/cjs/utils/Buffer.js: Copied (new)
2026/09/18 17:25:14 INFO  : X-PLAN/architecture/figures/node_modules/chromium-bidi/lib/cjs/utils/CdpErrorConstants.d.ts: Copied (new)
2026/09/18 17:25:15 INFO  : X-PLAN/architecture/figures/node_modules/chromium-bidi/lib/cjs/utils/CdpErrorConstants.js: Copied (new)
2026/09/18 17:25:15 INFO  : X-PLAN/architecture/figures/node_modules/chromium-bidi/lib/cjs/utils/DefaultMap.d.ts: Copied (new)
2026/09/18 17:25:15 INFO  : X-PLAN/architecture/figures/node_modules/chromium-bidi/lib/cjs/utils/CdpErrorConstants.js.map: Copied (new)
2026/09/18 17:25:18 INFO  : X-PLAN/architecture/figures/node_modules/chromium-bidi/lib/cjs/utils/DefaultMap.js: Copied (new)
2026/09/18 17:25:19 INFO  : X-PLAN/architecture/figures/node_modules/chromium-bidi/lib/cjs/utils/DefaultMap.js.map: Copied (new)
2026/09/18 17:25:19 INFO  : X-PLAN/architecture/figures/node_modules/chromium-bidi/lib/cjs/utils/Deferred.js: Copied (new)
2026/09/18 17:25:19 INFO  : X-PLAN/architecture/figures/node_modules/chromium-bidi/lib/cjs/utils/Deferred.d.ts: Copied (new)
2026/09/18 17:25:21 INFO  : X-PLAN/architecture/figures/node_modules/chromium-bidi/lib/cjs/utils/Deferred.js.map: Copied (new)
2026/09/18 17:25:23 INFO  : X-PLAN/architecture/figures/node_modules/chromium-bidi/lib/cjs/utils/DistinctValues.d.ts: Copied (new)
2026/09/18 17:25:23 INFO  : X-PLAN/architecture/figures/node_modules/chromium-bidi/lib/cjs/utils/DistinctValues.js: Copied (new)
2026/09/18 17:25:24 INFO  : X-PLAN/architecture/figures/node_modules/chromium-bidi/lib/cjs/utils/DistinctValues.js.map: Copied (new)
2026/09/18 17:25:25 INFO  : X-PLAN/architecture/figures/node_modules/chromium-bidi/lib/cjs/utils/EventEmitter.d.ts: Copied (new)
2026/09/18 17:25:26 INFO  : X-PLAN/architecture/figures/node_modules/chromium-bidi/lib/cjs/utils/EventEmitter.js: Copied (new)
2026/09/18 17:25:32 INFO  : X-PLAN/architecture/figures/node_modules/chromium-bidi/lib/cjs/utils/EventEmitter.js.map: Copied (new)
2026/09/18 17:25:32 INFO  : X-PLAN/architecture/figures/node_modules/chromium-bidi/lib/cjs/utils/GraphemeTools.js: Copied (new)
2026/09/18 17:25:32 INFO  : X-PLAN/architecture/figures/node_modules/chromium-bidi/lib/cjs/utils/GraphemeTools.d.ts: Copied (new)
2026/09/18 17:25:32 INFO  : X-PLAN/architecture/figures/node_modules/chromium-bidi/lib/cjs/utils/GraphemeTools.js.map: Copied (new)
2026/09/18 17:25:37 INFO  : X-PLAN/architecture/figures/node_modules/chromium-bidi/lib/cjs/utils/IdWrapper.js.map: Copied (new)
2026/09/18 17:25:37 INFO  : X-PLAN/architecture/figures/node_modules/chromium-bidi/lib/cjs/utils/IdWrapper.js: Copied (new)
2026/09/18 17:25:37 INFO  : X-PLAN/architecture/figures/node_modules/chromium-bidi/lib/cjs/utils/IdWrapper.d.ts: Copied (new)
2026/09/18 17:25:37 INFO  : X-PLAN/architecture/figures/node_modules/chromium-bidi/lib/cjs/utils/Mutex.d.ts: Copied (new)
2026/09/18 17:25:42 INFO  : X-PLAN/architecture/figures/node_modules/chromium-bidi/lib/cjs/utils/Mutex.js: Copied (new)
2026/09/18 17:25:43 INFO  : X-PLAN/architecture/figures/node_modules/chromium-bidi/lib/cjs/utils/Mutex.js.map: Copied (new)
2026/09/18 17:25:43 INFO  : X-PLAN/architecture/figures/node_modules/chromium-bidi/lib/cjs/utils/ProcessingQueue.d.ts: Copied (new)
2026/09/18 17:25:43 INFO  : X-PLAN/architecture/figures/node_modules/chromium-bidi/lib/cjs/utils/ProcessingQueue.js: Copied (new)
2026/09/18 17:25:47 INFO  : X-PLAN/architecture/figures/node_modules/chromium-bidi/lib/cjs/utils/UrlHelpers.d.ts: Copied (new)
2026/09/18 17:25:47 INFO  : X-PLAN/architecture/figures/node_modules/chromium-bidi/lib/cjs/utils/ProcessingQueue.js.map: Copied (new)
2026/09/18 17:25:47 INFO  : X-PLAN/architecture/figures/node_modules/chromium-bidi/lib/cjs/utils/UrlHelpers.js: Copied (new)
2026/09/18 17:25:47 INFO  : X-PLAN/architecture/figures/node_modules/chromium-bidi/lib/cjs/utils/UrlHelpers.js.map: Copied (new)
2026/09/18 17:25:50 INFO  : X-PLAN/architecture/figures/node_modules/chromium-bidi/lib/cjs/utils/WebsocketTransport.d.ts: Copied (new)
2026/09/18 17:25:50 INFO  : X-PLAN/architecture/figures/node_modules/chromium-bidi/lib/cjs/utils/WebsocketTransport.js: Copied (new)
2026/09/18 17:25:50 INFO  : X-PLAN/architecture/figures/node_modules/chromium-bidi/lib/cjs/utils/WebsocketTransport.js.map: Copied (new)
2026/09/18 17:25:51 INFO  : X-PLAN/architecture/figures/node_modules/chromium-bidi/lib/cjs/utils/assert.d.ts: Copied (new)
2026/09/18 17:25:54 INFO  : X-PLAN/architecture/figures/node_modules/chromium-bidi/lib/cjs/utils/assert.js: Copied (new)
2026/09/18 17:25:54 INFO  : X-PLAN/architecture/figures/node_modules/chromium-bidi/lib/cjs/utils/log.d.ts: Copied (new)
2026/09/18 17:25:54 INFO  : X-PLAN/architecture/figures/node_modules/chromium-bidi/lib/cjs/utils/assert.js.map: Copied (new)
2026/09/18 17:25:54 INFO  : X-PLAN/architecture/figures/node_modules/chromium-bidi/lib/cjs/utils/log.js: Copied (new)
2026/09/18 17:25:57 INFO  : X-PLAN/architecture/figures/node_modules/chromium-bidi/lib/cjs/utils/log.js.map: Copied (new)
2026/09/18 17:25:58 INFO  : X-PLAN/architecture/figures/node_modules/chromium-bidi/lib/cjs/utils/result.js: Copied (new)
2026/09/18 17:25:58 INFO  : X-PLAN/architecture/figures/node_modules/chromium-bidi/lib/cjs/utils/result.js.map: Copied (new)
2026/09/18 17:25:58 INFO  : X-PLAN/architecture/figures/node_modules/chromium-bidi/lib/cjs/utils/result.d.ts: Copied (new)
2026/09/18 17:26:00 INFO  : X-PLAN/architecture/figures/node_modules/chromium-bidi/lib/cjs/utils/time.d.ts: Copied (new)
2026/09/18 17:26:01 INFO  : X-PLAN/architecture/figures/node_modules/chromium-bidi/lib/cjs/utils/transport.d.ts: Copied (new)
2026/09/18 17:26:01 INFO  : X-PLAN/architecture/figures/node_modules/chromium-bidi/lib/cjs/utils/time.js: Copied (new)
2026/09/18 17:26:01 INFO  : X-PLAN/architecture/figures/node_modules/chromium-bidi/lib/cjs/utils/time.js.map: Copied (new)
2026/09/18 17:26:04 INFO  : X-PLAN/architecture/figures/node_modules/chromium-bidi/lib/cjs/utils/transport.js: Copied (new)
2026/09/18 17:26:04 INFO  : X-PLAN/architecture/figures/node_modules/chromium-bidi/lib/cjs/utils/transport.js.map: Copied (new)
2026/09/18 17:26:04 INFO  : X-PLAN/architecture/figures/node_modules/chromium-bidi/lib/cjs/utils/unitConversions.d.ts: Copied (new)
2026/09/18 17:26:04 INFO  : X-PLAN/architecture/figures/node_modules/chromium-bidi/lib/cjs/utils/unitConversions.js: Copied (new)
2026/09/18 17:26:08 INFO  : X-PLAN/architecture/figures/node_modules/chromium-bidi/lib/cjs/utils/unitConversions.js.map: Copied (new)
2026/09/18 17:26:08 INFO  : X-PLAN/architecture/figures/node_modules/chromium-bidi/lib/cjs/utils/uuid.d.ts: Copied (new)
2026/09/18 17:26:08 INFO  : X-PLAN/architecture/figures/node_modules/chromium-bidi/lib/cjs/utils/uuid.js.map: Copied (new)
2026/09/18 17:26:08 INFO  : X-PLAN/architecture/figures/node_modules/chromium-bidi/lib/cjs/utils/uuid.js: Copied (new)
2026/09/18 17:26:11 INFO  : X-PLAN/architecture/figures/node_modules/cytoscape/.browserslist: Copied (new)
2026/09/18 17:26:11 INFO  : X-PLAN/architecture/figures/node_modules/@swc/helpers/_/_class_private_field_loose_key/package.json: Copied (new)
2026/09/18 17:26:12 INFO  : X-PLAN/architecture/figures/node_modules/cytoscape/.nvmrc: Copied (new)
2026/09/18 17:26:12 INFO  : X-PLAN/architecture/figures/node_modules/cytoscape/.size-snapshot.json: Copied (new)
2026/09/18 17:26:15 INFO  : X-PLAN/architecture/figures/node_modules/cytoscape/.travis.yml: Copied (new)
2026/09/18 17:26:15 INFO  : X-PLAN/architecture/figures/node_modules/cytoscape/LICENSE: Copied (new)
2026/09/18 17:26:15 INFO  : X-PLAN/architecture/figures/node_modules/cytoscape/AGENTS.md: Copied (new)
2026/09/18 17:26:15 INFO  : X-PLAN/architecture/figures/node_modules/cytoscape/CODE_OF_CONDUCT.md: Copied (new)
2026/09/18 17:26:18 INFO  : X-PLAN/architecture/figures/node_modules/cytoscape/README.md: Copied (new)
2026/09/18 17:26:18 INFO  : X-PLAN/architecture/figures/node_modules/cytoscape/eslint.config.mjs: Copied (new)
2026/09/18 17:26:18 INFO  : X-PLAN/architecture/figures/node_modules/cytoscape/license-update.mjs: Copied (new)
2026/09/18 17:26:18 INFO  : X-PLAN/architecture/figures/node_modules/cytoscape/index.d.ts: Copied (new)
2026/09/18 17:26:22 INFO  : X-PLAN/architecture/figures/node_modules/cytoscape/playwright.config.js: Copied (new)
2026/09/18 17:26:22 INFO  : X-PLAN/architecture/figures/node_modules/cytoscape/package.json: Copied (new)
2026/09/18 17:26:22 INFO  : X-PLAN/architecture/figures/node_modules/cytoscape/update-imports.mjs: Copied (new)
2026/09/18 17:26:22 INFO  : X-PLAN/architecture/figures/node_modules/cytoscape/rollup.config.mjs: Copied (new)
2026/09/18 17:26:25 INFO  : X-PLAN/architecture/figures/node_modules/@types/d3-zoom/LICENSE: Copied (new)
2026/09/18 17:26:25 INFO  : X-PLAN/architecture/figures/node_modules/@types/d3-zoom/index.d.ts: Copied (new)
2026/09/18 17:26:25 INFO  : X-PLAN/architecture/figures/node_modules/@types/d3-zoom/README.md: Copied (new)
2026/09/18 17:26:26 INFO  : X-PLAN/architecture/figures/node_modules/@types/d3-zoom/package.json: Copied (new)
2026/09/18 17:26:30 INFO  : X-PLAN/architecture/figures/node_modules/chromium-bidi/lib/cjs/protocol-parser/generated/webdriver-bidi-bluetooth.js.map: Copied (new)
2026/09/18 17:26:30 INFO  : X-PLAN/architecture/figures/node_modules/chromium-bidi/lib/cjs/protocol-parser/generated/webdriver-bidi-bluetooth.js: Copied (new)
2026/09/18 17:26:30 INFO  : X-PLAN/architecture/figures/node_modules/chromium-bidi/lib/cjs/protocol-parser/generated/webdriver-bidi-permissions.d.ts: Copied (new)
2026/09/18 17:26:31 INFO  : X-PLAN/architecture/figures/node_modules/chromium-bidi/lib/cjs/protocol-parser/generated/webdriver-bidi-bluetooth.d.ts: Copied (new)
2026/09/18 17:26:34 INFO  : X-PLAN/architecture/figures/node_modules/chromium-bidi/lib/cjs/protocol-parser/generated/webdriver-bidi-permissions.js: Copied (new)
2026/09/18 17:26:34 INFO  : X-PLAN/architecture/figures/node_modules/chromium-bidi/lib/cjs/protocol-parser/generated/webdriver-bidi-permissions.js.map: Copied (new)
2026/09/18 17:26:34 INFO  : X-PLAN/architecture/figures/node_modules/chromium-bidi/lib/cjs/protocol-parser/generated/webdriver-bidi.d.ts: Copied (new)
2026/09/18 17:26:34 INFO  : X-PLAN/architecture/figures/node_modules/chromium-bidi/lib/cjs/protocol-parser/generated/webdriver-bidi.js: Copied (new)
2026/09/18 17:26:38 INFO  : X-PLAN/architecture/figures/node_modules/cosmiconfig/dist/ExplorerBase.d.ts: Copied (new)
2026/09/18 17:26:38 INFO  : X-PLAN/architecture/figures/node_modules/cosmiconfig/dist/Explorer.d.ts: Copied (new)
2026/09/18 17:26:38 INFO  : X-PLAN/architecture/figures/node_modules/chromium-bidi/lib/cjs/protocol-parser/generated/webdriver-bidi.js.map: Copied (new)
2026/09/18 17:26:38 INFO  : X-PLAN/architecture/figures/node_modules/cosmiconfig/dist/Explorer.js: Copied (new)
2026/09/18 17:26:41 INFO  : X-PLAN/architecture/figures/node_modules/cosmiconfig/dist/ExplorerBase.js: Copied (new)
2026/09/18 17:26:41 INFO  : X-PLAN/architecture/figures/node_modules/cosmiconfig/dist/ExplorerSync.js: Copied (new)
2026/09/18 17:26:41 INFO  : X-PLAN/architecture/figures/node_modules/cosmiconfig/dist/ExplorerSync.d.ts: Copied (new)
2026/09/18 17:26:41 INFO  : X-PLAN/architecture/figures/node_modules/cosmiconfig/dist/defaults.d.ts: Copied (new)
2026/09/18 17:26:44 INFO  : X-PLAN/architecture/figures/node_modules/cosmiconfig/dist/defaults.js: Copied (new)
2026/09/18 17:26:45 INFO  : X-PLAN/architecture/figures/node_modules/cosmiconfig/dist/index.d.ts: Copied (new)
2026/09/18 17:26:45 INFO  : X-PLAN/architecture/figures/node_modules/cosmiconfig/dist/index.js: Copied (new)
2026/09/18 17:26:45 INFO  : X-PLAN/architecture/figures/node_modules/cosmiconfig/dist/loaders.d.ts: Copied (new)
2026/09/18 17:26:48 INFO  : X-PLAN/architecture/figures/node_modules/cosmiconfig/dist/loaders.js: Copied (new)
2026/09/18 17:26:48 INFO  : X-PLAN/architecture/figures/node_modules/cosmiconfig/dist/merge.d.ts: Copied (new)
2026/09/18 17:26:48 INFO  : X-PLAN/architecture/figures/node_modules/cosmiconfig/dist/merge.js: Copied (new)
2026/09/18 17:26:49 INFO  : X-PLAN/architecture/figures/node_modules/cosmiconfig/dist/types.d.ts: Copied (new)
2026/09/18 17:26:51 INFO  : X-PLAN/architecture/figures/node_modules/cosmiconfig/dist/util.d.ts: Copied (new)
2026/09/18 17:26:52 INFO  : X-PLAN/architecture/figures/node_modules/cosmiconfig/dist/types.js: Copied (new)
2026/09/18 17:26:52 INFO  : X-PLAN/architecture/figures/node_modules/cosmiconfig/dist/util.js: Copied (new)
2026/09/18 17:26:52 INFO  : X-PLAN/architecture/figures/node_modules/chromium-bidi/lib/esm/protocol-parser/protocol-parser.d.ts: Copied (new)
2026/09/18 17:26:55 INFO  : X-PLAN/architecture/figures/node_modules/chromium-bidi/lib/esm/protocol-parser/protocol-parser.js: Copied (new)
2026/09/18 17:26:55 INFO  : X-PLAN/architecture/figures/node_modules/chromium-bidi/lib/esm/protocol-parser/protocol-parser.js.map: Copied (new)
2026/09/18 17:26:55 INFO  : X-PLAN/architecture/figures/node_modules/chromium-bidi/lib/cjs/bidiMapper/modules/context/BrowsingContextImpl.d.ts: Copied (new)
2026/09/18 17:26:56 INFO  : X-PLAN/architecture/figures/node_modules/chromium-bidi/lib/cjs/bidiMapper/modules/context/BrowsingContextImpl.js: Copied (new)
2026/09/18 17:26:58 INFO  : X-PLAN/architecture/figures/node_modules/chromium-bidi/lib/cjs/bidiMapper/modules/context/BrowsingContextProcessor.d.ts: Copied (new)
2026/09/18 17:26:59 INFO  : X-PLAN/architecture/figures/node_modules/chromium-bidi/lib/cjs/bidiMapper/modules/context/BrowsingContextImpl.js.map: Copied (new)
2026/09/18 17:26:59 INFO  : X-PLAN/architecture/figures/node_modules/chromium-bidi/lib/cjs/bidiMapper/modules/context/BrowsingContextProcessor.js: Copied (new)
2026/09/18 17:26:59 INFO  : X-PLAN/architecture/figures/node_modules/chromium-bidi/lib/cjs/bidiMapper/modules/context/BrowsingContextProcessor.js.map: Copied (new)
2026/09/18 17:27:02 INFO  : X-PLAN/architecture/figures/node_modules/chromium-bidi/lib/cjs/bidiMapper/modules/context/BrowsingContextStorage.d.ts: Copied (new)
2026/09/18 17:27:02 INFO  : X-PLAN/architecture/figures/node_modules/chromium-bidi/lib/cjs/bidiMapper/modules/context/BrowsingContextStorage.js: Copied (new)
2026/09/18 17:27:02 INFO  : X-PLAN/architecture/figures/node_modules/chromium-bidi/lib/cjs/bidiMapper/modules/context/BrowsingContextStorage.js.map: Copied (new)
2026/09/18 17:27:03 INFO  : X-PLAN/architecture/figures/node_modules/chromium-bidi/lib/cjs/bidiMapper/modules/context/NavigationTracker.d.ts: Copied (new)
2026/09/18 17:27:05 INFO  : X-PLAN/architecture/figures/node_modules/chromium-bidi/lib/cjs/bidiMapper/modules/context/NavigationTracker.js: Copied (new)
2026/09/18 17:27:06 INFO  : X-PLAN/architecture/figures/node_modules/chromium-bidi/lib/esm/bidiMapper/modules/cdp/CdpProcessor.d.ts: Copied (new)
2026/09/18 17:27:06 INFO  : X-PLAN/architecture/figures/node_modules/chromium-bidi/lib/cjs/bidiMapper/modules/context/NavigationTracker.js.map: Copied (new)
2026/09/18 17:27:07 INFO  : X-PLAN/architecture/figures/node_modules/chromium-bidi/lib/esm/bidiMapper/modules/cdp/CdpProcessor.js: Copied (new)
2026/09/18 17:27:09 INFO  : X-PLAN/architecture/figures/node_modules/chromium-bidi/lib/esm/bidiMapper/modules/cdp/CdpProcessor.js.map: Copied (new)
2026/09/18 17:27:10 INFO  : X-PLAN/architecture/figures/node_modules/chromium-bidi/lib/esm/bidiMapper/modules/cdp/CdpTarget.d.ts: Copied (new)
2026/09/18 17:27:10 INFO  : X-PLAN/architecture/figures/node_modules/chromium-bidi/lib/esm/bidiMapper/modules/cdp/CdpTarget.js: Copied (new)
2026/09/18 17:27:10 INFO  : X-PLAN/architecture/figures/node_modules/chromium-bidi/lib/esm/bidiMapper/modules/cdp/CdpTarget.js.map: Copied (new)
2026/09/18 17:27:12 INFO  : X-PLAN/architecture/figures/node_modules/chromium-bidi/lib/esm/bidiMapper/modules/cdp/CdpTargetManager.d.ts: Copied (new)
2026/09/18 17:27:13 INFO  : X-PLAN/architecture/figures/node_modules/chromium-bidi/lib/esm/bidiMapper/modules/cdp/CdpTargetManager.js: Copied (new)
2026/09/18 17:27:13 INFO  : X-PLAN/architecture/figures/node_modules/chromium-bidi/lib/esm/bidiMapper/modules/cdp/CdpTargetManager.js.map: Copied (new)
2026/09/18 17:27:15 INFO  : X-PLAN/architecture/figures/node_modules/chromium-bidi/lib/esm/bidiMapper/modules/cdp/TargetEvents.d.ts: Copied (new)
2026/09/18 17:27:26 INFO  : X-PLAN/architecture/figures/node_modules/chromium-bidi/lib/esm/bidiMapper/modules/cdp/TargetEvents.js: Copied (new)
2026/09/18 17:27:26 INFO  : X-PLAN/architecture/figures/node_modules/chromium-bidi/lib/esm/bidiMapper/modules/cdp/TargetEvents.js.map: Copied (new)
2026/09/18 17:27:27 INFO  : X-PLAN/architecture/figures/node_modules/@swc/helpers/_/_class_private_field_set/package.json: Copied (new)
2026/09/18 17:27:30 INFO  : X-PLAN/architecture/figures/node_modules/cytoscape-cose-bilkent/.babelrc: Copied (new)
2026/09/18 17:27:32 INFO  : X-PLAN/architecture/figures/node_modules/cytoscape-cose-bilkent/.eslintignore: Copied (new)
2026/09/18 17:27:32 INFO  : X-PLAN/architecture/figures/node_modules/cytoscape-cose-bilkent/.eslintrc: Copied (new)
2026/09/18 17:27:33 INFO  : X-PLAN/architecture/figures/node_modules/cytoscape-cose-bilkent/LICENSE: Copied (new)
2026/09/18 17:27:34 INFO  : X-PLAN/architecture/figures/node_modules/cytoscape-cose-bilkent/README.md: Copied (new)
2026/09/18 17:27:36 INFO  : X-PLAN/architecture/figures/node_modules/cytoscape-cose-bilkent/cytoscape-cose-bilkent.js: Copied (new)
2026/09/18 17:27:36 INFO  : X-PLAN/architecture/figures/node_modules/cytoscape-cose-bilkent/bower.json: Copied (new)
2026/09/18 17:27:37 INFO  : X-PLAN/architecture/figures/node_modules/cytoscape-cose-bilkent/demo-compound.html: Copied (new)
2026/09/18 17:27:37 INFO  : X-PLAN/architecture/figures/node_modules/cytoscape-cose-bilkent/demo.html: Copied (new)
2026/09/18 17:27:39 INFO  : X-PLAN/architecture/figures/node_modules/cytoscape-cose-bilkent/webpack.config.js: Copied (new)
2026/09/18 17:27:39 INFO  : X-PLAN/architecture/figures/node_modules/cytoscape-cose-bilkent/package.json: Copied (new)
2026/09/18 17:27:40 INFO  : X-PLAN/architecture/figures/node_modules/@types/geojson/README.md: Copied (new)
2026/09/18 17:27:40 INFO  : X-PLAN/architecture/figures/node_modules/@types/geojson/LICENSE: Copied (new)
2026/09/18 17:27:42 INFO  : X-PLAN/architecture/figures/node_modules/@types/geojson/index.d.ts: Copied (new)
2026/09/18 17:27:43 INFO  : X-PLAN/architecture/figures/node_modules/@types/geojson/package.json: Copied (new)
2026/09/18 17:27:44 INFO  : X-PLAN/architecture/figures/node_modules/chromium-bidi/lib/esm/protocol/generated/webdriver-bidi-bluetooth.js: Copied (new)
2026/09/18 17:27:44 INFO  : X-PLAN/architecture/figures/node_modules/chromium-bidi/lib/esm/protocol/generated/webdriver-bidi-bluetooth.d.ts: Copied (new)
2026/09/18 17:27:46 INFO  : X-PLAN/architecture/figures/node_modules/chromium-bidi/lib/esm/protocol/generated/webdriver-bidi-bluetooth.js.map: Copied (new)
2026/09/18 17:27:46 INFO  : X-PLAN/architecture/figures/node_modules/chromium-bidi/lib/esm/protocol/generated/webdriver-bidi-permissions.d.ts: Copied (new)
2026/09/18 17:27:48 INFO  : X-PLAN/architecture/figures/node_modules/chromium-bidi/lib/esm/protocol/generated/webdriver-bidi-permissions.js: Copied (new)
2026/09/18 17:27:48 INFO  : X-PLAN/architecture/figures/node_modules/chromium-bidi/lib/esm/protocol/generated/webdriver-bidi-permissions.js.map: Copied (new)
2026/09/18 17:27:50 INFO  : X-PLAN/architecture/figures/node_modules/chromium-bidi/lib/esm/protocol/generated/webdriver-bidi.d.ts: Copied (new)
2026/09/18 17:27:50 INFO  : X-PLAN/architecture/figures/node_modules/chromium-bidi/lib/esm/protocol/generated/webdriver-bidi.js: Copied (new)
2026/09/18 17:27:51 INFO  : X-PLAN/architecture/figures/node_modules/chromium-bidi/lib/esm/protocol/generated/webdriver-bidi.js.map: Copied (new)
2026/09/18 17:27:52 INFO  : X-PLAN/architecture/figures/node_modules/cytoscape/.github/PULL_REQUEST_TEMPLATE.md: Copied (new)
2026/09/18 17:27:53 INFO  : X-PLAN/architecture/figures/node_modules/cytoscape/.github/SECURITY.md: Copied (new)
2026/09/18 17:27:53 INFO  : X-PLAN/architecture/figures/node_modules/cytoscape/.github/dependabot.yml: Copied (new)
2026/09/18 17:27:55 INFO  : X-PLAN/architecture/figures/node_modules/cytoscape/.github/stale.yml: Copied (new)
2026/09/18 17:27:55 INFO  : X-PLAN/architecture/figures/node_modules/chromium-bidi/lib/esm/utils/Base64.d.ts: Copied (new)
2026/09/18 17:27:57 INFO  : X-PLAN/architecture/figures/node_modules/chromium-bidi/lib/esm/utils/Base64.js: Copied (new)
2026/09/18 17:27:57 INFO  : X-PLAN/architecture/figures/node_modules/chromium-bidi/lib/esm/utils/Base64.js.map: Copied (new)
2026/09/18 17:27:58 INFO  : X-PLAN/architecture/figures/node_modules/chromium-bidi/lib/esm/utils/Buffer.d.ts: Copied (new)
2026/09/18 17:27:59 INFO  : X-PLAN/architecture/figures/node_modules/chromium-bidi/lib/esm/utils/Buffer.js: Copied (new)
2026/09/18 17:28:00 INFO  : X-PLAN/architecture/figures/node_modules/chromium-bidi/lib/esm/utils/Buffer.js.map: Copied (new)
2026/09/18 17:28:00 INFO  : X-PLAN/architecture/figures/node_modules/chromium-bidi/lib/esm/utils/CdpErrorConstants.d.ts: Copied (new)
2026/09/18 17:28:01 INFO  : X-PLAN/architecture/figures/node_modules/chromium-bidi/lib/esm/utils/CdpErrorConstants.js: Copied (new)
2026/09/18 17:28:02 INFO  : X-PLAN/architecture/figures/node_modules/chromium-bidi/lib/esm/utils/CdpErrorConstants.js.map: Copied (new)
2026/09/18 17:28:04 INFO  : X-PLAN/architecture/figures/node_modules/chromium-bidi/lib/esm/utils/DefaultMap.js: Copied (new)
2026/09/18 17:28:04 INFO  : X-PLAN/architecture/figures/node_modules/chromium-bidi/lib/esm/utils/DefaultMap.d.ts: Copied (new)
2026/09/18 17:28:05 INFO  : X-PLAN/architecture/figures/node_modules/chromium-bidi/lib/esm/utils/DefaultMap.js.map: Copied (new)
2026/09/18 17:28:06 INFO  : X-PLAN/architecture/figures/node_modules/chromium-bidi/lib/esm/utils/Deferred.d.ts: Copied (new)
2026/09/18 17:28:07 INFO  : X-PLAN/architecture/figures/node_modules/chromium-bidi/lib/esm/utils/Deferred.js: Copied (new)
2026/09/18 17:28:08 INFO  : X-PLAN/architecture/figures/node_modules/chromium-bidi/lib/esm/utils/Deferred.js.map: Copied (new)
2026/09/18 17:28:09 INFO  : X-PLAN/architecture/figures/node_modules/chromium-bidi/lib/esm/utils/DistinctValues.d.ts: Copied (new)
2026/09/18 17:28:09 INFO  : X-PLAN/architecture/figures/node_modules/chromium-bidi/lib/esm/utils/DistinctValues.js: Copied (new)
2026/09/18 17:28:11 INFO  : X-PLAN/architecture/figures/node_modules/chromium-bidi/lib/esm/utils/DistinctValues.js.map: Copied (new)
2026/09/18 17:28:11 INFO  : X-PLAN/architecture/figures/node_modules/chromium-bidi/lib/esm/utils/EventEmitter.d.ts: Copied (new)
2026/09/18 17:28:12 INFO  : X-PLAN/architecture/figures/node_modules/chromium-bidi/lib/esm/utils/EventEmitter.js: Copied (new)
2026/09/18 17:28:13 INFO  : X-PLAN/architecture/figures/node_modules/chromium-bidi/lib/esm/utils/EventEmitter.js.map: Copied (new)
2026/09/18 17:28:14 INFO  : X-PLAN/architecture/figures/node_modules/chromium-bidi/lib/esm/utils/GraphemeTools.d.ts: Copied (new)
2026/09/18 17:28:14 INFO  : X-PLAN/architecture/figures/node_modules/chromium-bidi/lib/esm/utils/GraphemeTools.js: Copied (new)
2026/09/18 17:28:16 INFO  : X-PLAN/architecture/figures/node_modules/chromium-bidi/lib/esm/utils/IdWrapper.d.ts: Copied (new)
2026/09/18 17:28:16 INFO  : X-PLAN/architecture/figures/node_modules/chromium-bidi/lib/esm/utils/GraphemeTools.js.map: Copied (new)
2026/09/18 17:28:19 INFO  : X-PLAN/architecture/figures/node_modules/chromium-bidi/lib/esm/utils/IdWrapper.js: Copied (new)
2026/09/18 17:28:19 INFO  : X-PLAN/architecture/figures/node_modules/chromium-bidi/lib/esm/utils/IdWrapper.js.map: Copied (new)
2026/09/18 17:28:20 INFO  : X-PLAN/architecture/figures/node_modules/chromium-bidi/lib/esm/utils/Mutex.d.ts: Copied (new)
2026/09/18 17:28:21 INFO  : X-PLAN/architecture/figures/node_modules/chromium-bidi/lib/esm/utils/Mutex.js: Copied (new)
2026/09/18 17:28:23 INFO  : X-PLAN/architecture/figures/node_modules/chromium-bidi/lib/esm/utils/Mutex.js.map: Copied (new)
2026/09/18 17:28:23 INFO  : X-PLAN/architecture/figures/node_modules/chromium-bidi/lib/esm/utils/ProcessingQueue.d.ts: Copied (new)
2026/09/18 17:28:25 INFO  : X-PLAN/architecture/figures/node_modules/chromium-bidi/lib/esm/utils/ProcessingQueue.js.map: Copied (new)
2026/09/18 17:28:25 INFO  : X-PLAN/architecture/figures/node_modules/chromium-bidi/lib/esm/utils/ProcessingQueue.js: Copied (new)
2026/09/18 17:28:27 INFO  : X-PLAN/architecture/figures/node_modules/chromium-bidi/lib/esm/utils/UrlHelpers.d.ts: Copied (new)
2026/09/18 17:28:27 INFO  : X-PLAN/architecture/figures/node_modules/chromium-bidi/lib/esm/utils/UrlHelpers.js: Copied (new)
2026/09/18 17:28:29 INFO  : X-PLAN/architecture/figures/node_modules/chromium-bidi/lib/esm/utils/WebsocketTransport.d.ts: Copied (new)
2026/09/18 17:28:29 INFO  : X-PLAN/architecture/figures/node_modules/chromium-bidi/lib/esm/utils/UrlHelpers.js.map: Copied (new)
2026/09/18 17:28:31 INFO  : X-PLAN/architecture/figures/node_modules/chromium-bidi/lib/esm/utils/WebsocketTransport.js: Copied (new)
2026/09/18 17:28:31 INFO  : X-PLAN/architecture/figures/node_modules/chromium-bidi/lib/esm/utils/WebsocketTransport.js.map: Copied (new)
2026/09/18 17:28:32 INFO  : X-PLAN/architecture/figures/node_modules/chromium-bidi/lib/esm/utils/assert.js: Copied (new)
2026/09/18 17:28:32 INFO  : X-PLAN/architecture/figures/node_modules/chromium-bidi/lib/esm/utils/assert.d.ts: Copied (new)
2026/09/18 17:28:34 INFO  : X-PLAN/architecture/figures/node_modules/chromium-bidi/lib/esm/utils/log.d.ts: Copied (new)
2026/09/18 17:28:34 INFO  : X-PLAN/architecture/figures/node_modules/chromium-bidi/lib/esm/utils/assert.js.map: Copied (new)
2026/09/18 17:28:36 INFO  : X-PLAN/architecture/figures/node_modules/chromium-bidi/lib/esm/utils/log.js: Copied (new)
2026/09/18 17:28:36 INFO  : X-PLAN/architecture/figures/node_modules/chromium-bidi/lib/esm/utils/log.js.map: Copied (new)
2026/09/18 17:28:38 INFO  : X-PLAN/architecture/figures/node_modules/chromium-bidi/lib/esm/utils/result.js: Copied (new)
2026/09/18 17:28:38 INFO  : X-PLAN/architecture/figures/node_modules/chromium-bidi/lib/esm/utils/result.d.ts: Copied (new)
2026/09/18 17:28:40 INFO  : X-PLAN/architecture/figures/node_modules/chromium-bidi/lib/esm/utils/time.d.ts: Copied (new)
2026/09/18 17:28:40 INFO  : X-PLAN/architecture/figures/node_modules/chromium-bidi/lib/esm/utils/result.js.map: Copied (new)
2026/09/18 17:28:41 INFO  : X-PLAN/architecture/figures/node_modules/chromium-bidi/lib/esm/utils/time.js: Copied (new)
2026/09/18 17:28:42 INFO  : X-PLAN/architecture/figures/node_modules/chromium-bidi/lib/esm/utils/time.js.map: Copied (new)
2026/09/18 17:28:43 INFO  : X-PLAN/architecture/figures/node_modules/chromium-bidi/lib/esm/utils/transport.js: Copied (new)
2026/09/18 17:28:43 INFO  : X-PLAN/architecture/figures/node_modules/chromium-bidi/lib/esm/utils/transport.d.ts: Copied (new)
2026/09/18 17:28:44 INFO  : X-PLAN/architecture/figures/node_modules/chromium-bidi/lib/esm/utils/transport.js.map: Copied (new)
2026/09/18 17:28:45 INFO  : X-PLAN/architecture/figures/node_modules/chromium-bidi/lib/esm/utils/unitConversions.d.ts: Copied (new)
2026/09/18 17:28:46 INFO  : X-PLAN/architecture/figures/node_modules/chromium-bidi/lib/esm/utils/unitConversions.js: Copied (new)
2026/09/18 17:28:46 INFO  : X-PLAN/architecture/figures/node_modules/chromium-bidi/lib/esm/utils/unitConversions.js.map: Copied (new)
2026/09/18 17:28:49 INFO  : X-PLAN/architecture/figures/node_modules/chromium-bidi/lib/esm/utils/uuid.js: Copied (new)
2026/09/18 17:28:49 INFO  : X-PLAN/architecture/figures/node_modules/chromium-bidi/lib/esm/utils/uuid.d.ts: Copied (new)
[2026-09-18 17:29:22] PUSH start (local → Nextcloud) 
[2026-09-18 17:30:32] PUSH start (local → Nextcloud) 
2026/09/18 17:30:47 INFO  : X-PLAN/architecture/solution-architecture V1.md: Copied (new)
2026/09/18 17:30:59 INFO  : X-PLAN/architecture/figures/README.md: Copied (replaced existing)
2026/09/18 17:35:03 ERROR : X-PLAN/architecture/solution-architecture.md: Failed to copy: Sabre\DAV\Exception\Locked: 423 Locked
2026/09/18 17:35:03 ERROR : webdav root 'X': not deleting files as there were IO errors
2026/09/18 17:35:03 ERROR : webdav root 'X': not deleting directories as there were IO errors
2026/09/18 17:35:03 ERROR : Attempt 1/3 failed with 1 errors and: Sabre\DAV\Exception\Locked: 423 Locked
2026/09/18 17:35:23 INFO  : X-PLAN/architecture/solution-architecture.md: Copied (replaced existing)
2026/09/18 17:37:15 INFO  : X-PLAN/architecture/figures/node_modules/@mermaid-js/mermaid-cli/dist/assets/KaTeX_Main-Bold-Cx986IdX.woff2: Deleted
2026/09/18 17:37:15 INFO  : X-PLAN/architecture/figures/node_modules/@mermaid-js/parser/dist/chunks/mermaid-parser.esm.min/gitGraph-32VG5UAO.mjs: Deleted
2026/09/18 17:37:16 INFO  : X-PLAN/architecture/figures/node_modules/ast-types/main.js: Deleted
2026/09/18 17:37:16 INFO  : X-PLAN/architecture/figures/node_modules/@swc/helpers/src/_class_apply_descriptor_destructure.mjs: Deleted
2026/09/18 17:37:17 INFO  : X-PLAN/architecture/figures/node_modules/chromium-bidi/lib/cjs/protocol/chromium-bidi.d.ts: Deleted
2026/09/18 17:37:17 INFO  : X-PLAN/architecture/figures/node_modules/antlr4/src/antlr4/misc/AltDict.js: Deleted
2026/09/18 17:37:17 INFO  : X-PLAN/architecture/figures/node_modules/@mermaid-js/parser/dist/chunks/mermaid-parser.esm/chunk-5LUZVGUV.mjs: Deleted
2026/09/18 17:37:17 INFO  : X-PLAN/architecture/figures/node_modules/@zenuml/core/dist/vendor/tailwindcss/tailwindcss.js: Deleted
2026/09/18 17:37:18 INFO  : X-PLAN/architecture/figures/node_modules/@swc/helpers/cjs/_ts_param.cjs: Deleted
2026/09/18 17:37:19 INFO  : X-PLAN/architecture/figures/node_modules/@types/d3-zoom/README.md: Deleted
2026/09/18 17:37:19 INFO  : X-PLAN/architecture/figures/node_modules/@mermaid-js/parser/dist/chunks/mermaid-parser.esm/chunk-JXY6EF7A.mjs: Deleted
2026/09/18 17:37:19 INFO  : X-PLAN/architecture/figures/node_modules/@swc/helpers/src/_new_arrow_check.mjs: Deleted
2026/09/18 17:37:21 INFO  : X-PLAN/architecture/figures/node_modules/antlr4/src/antlr4/dfa/LexerDFASerializer.js: Deleted
2026/09/18 17:37:21 INFO  : X-PLAN/architecture/figures/node_modules/@swc/helpers/esm/_create_super.js: Deleted
2026/09/18 17:37:21 INFO  : X-PLAN/architecture/figures/node_modules/@types/d3-polygon/package.json: Deleted
2026/09/18 17:37:21 INFO  : X-PLAN/architecture/figures/node_modules/@mermaid-js/mermaid-zenuml/dist/chunks/mermaid-zenuml.esm/chunk-2QIYEC2I.mjs.map: Deleted
2026/09/18 17:37:24 INFO  : X-PLAN/architecture/figures/node_modules/class-variance-authority/README.md: Deleted
2026/09/18 17:37:24 INFO  : X-PLAN/architecture/figures/node_modules/cosmiconfig/package.json: Deleted
2026/09/18 17:37:24 INFO  : X-PLAN/architecture/figures/node_modules/@types/d3-fetch/package.json: Deleted
2026/09/18 17:37:24 INFO  : X-PLAN/architecture/figures/node_modules/@react-aria/interactions/README.md: Deleted
2026/09/18 17:37:25 INFO  : X-PLAN/architecture/figures/node_modules/callsites/license: Deleted
2026/09/18 17:37:25 INFO  : X-PLAN/architecture/figures/node_modules/@puppeteer/browsers/lib/cjs/main-cli.d.ts.map: Deleted
2026/09/18 17:37:25 INFO  : X-PLAN/architecture/figures/node_modules/@types/d3-scale-chromatic/README.md: Deleted
2026/09/18 17:37:25 INFO  : X-PLAN/architecture/figures/node_modules/@tootallnate/quickjs-emscripten/dist/variants.js.map: Deleted
2026/09/18 17:37:26 INFO  : X-PLAN/architecture/figures/node_modules/chromium-bidi/lib/cjs/utils/result.js: Deleted
2026/09/18 17:37:26 INFO  : X-PLAN/architecture/figures/node_modules/chromium-bidi/lib/esm/cdp/CdpConnection.d.ts: Deleted
2026/09/18 17:37:26 INFO  : X-PLAN/architecture/figures/svg/SA-04.svg: Deleted
2026/09/18 17:37:26 INFO  : X-PLAN/architecture/figures/node_modules/@internationalized/string/dist/index.js: Deleted
2026/09/18 17:37:28 INFO  : X-PLAN/architecture/figures/node_modules/@react-types/shared/src/refs.d.ts: Deleted
2026/09/18 17:37:28 INFO  : X-PLAN/architecture/figures/node_modules/@puppeteer/browsers/lib/cjs/debug.js: Deleted
2026/09/18 17:37:28 INFO  : X-PLAN/architecture/figures/node_modules/chromium-bidi/lib/cjs/protocol/generated/webdriver-bidi.d.ts: Deleted
2026/09/18 17:37:28 INFO  : X-PLAN/architecture/figures/node_modules/@swc/helpers/src/_object_spread_props.mjs: Deleted
2026/09/18 17:37:30 INFO  : X-PLAN/architecture/figures/node_modules/@swc/helpers/src/_export_star.mjs: Deleted
2026/09/18 17:37:30 INFO  : X-PLAN/architecture/figures/node_modules/@types/d3-time/package.json: Deleted
2026/09/18 17:37:30 INFO  : X-PLAN/architecture/figures/node_modules/@types/d3-path/README.md: Deleted
2026/09/18 17:37:30 INFO  : X-PLAN/architecture/figures/node_modules/@mermaid-js/parser/dist/chunks/mermaid-parser.core/chunk-3Z5EZCMW.mjs: Deleted
2026/09/18 17:37:31 INFO  : X-PLAN/architecture/figures/node_modules/bare-url/prebuilds/android-arm/bare-url.bare: Deleted
2026/09/18 17:37:31 INFO  : X-PLAN/architecture/figures/node_modules/@types/d3-scale/index.d.ts: Deleted
2026/09/18 17:37:31 INFO  : X-PLAN/architecture/figures/node_modules/@internationalized/date/dist/private/conversion.mjs.map: Deleted
2026/09/18 17:37:31 INFO  : X-PLAN/architecture/figures/node_modules/@internationalized/date/src/DateFormatter.ts: Deleted
2026/09/18 17:37:32 INFO  : X-PLAN/architecture/figures/node_modules/@swc/helpers/cjs/_set_prototype_of.cjs: Deleted
2026/09/18 17:37:33 INFO  : X-PLAN/architecture/figures/node_modules/@internationalized/date/dist/types/src/calendars/IndianCalendar.d.ts: Deleted
2026/09/18 17:37:33 INFO  : X-PLAN/architecture/figures/node_modules/@mermaid-js/parser/dist/chunks/mermaid-parser.core/railroad-peg-WCYAUIDC.mjs: Deleted
2026/09/18 17:37:33 INFO  : X-PLAN/architecture/figures/node_modules/@swc/helpers/src/_jsx.mjs: Deleted
2026/09/18 17:37:34 INFO  : X-PLAN/architecture/figures/node_modules/@types/d3-time-format/package.json: Deleted
2026/09/18 17:37:34 INFO  : X-PLAN/architecture/figures/node_modules/chromium-bidi/lib/esm/utils/UrlHelpers.d.ts: Deleted
2026/09/18 17:37:36 INFO  : X-PLAN/architecture/figures/svg/SA-31.svg: Deleted
2026/09/18 17:37:36 INFO  : X-PLAN/architecture/figures/node_modules/@mermaid-js/parser/dist/chunks/mermaid-parser.esm.min/chunk-VMMI3RRM.mjs.map: Deleted
2026/09/18 17:37:36 INFO  : X-PLAN/architecture/figures/node_modules/chromium-bidi/lib/esm/utils/result.js.map: Deleted
2026/09/18 17:37:36 INFO  : X-PLAN/architecture/figures/node_modules/chromium-bidi/lib/esm/utils/CdpErrorConstants.js: Deleted
2026/09/18 17:37:38 INFO  : X-PLAN/architecture/figures/node_modules/@internationalized/date/dist/private/calendars/PersianCalendar.js: Deleted
2026/09/18 17:37:43 INFO  : X-PLAN/architecture/figures/node_modules/@mermaid-js/mermaid-cli/dist/assets/KaTeX_Typewriter-Regular-CO6r4hn1.woff2: Deleted
2026/09/18 17:37:43 INFO  : X-PLAN/architecture/figures/node_modules/@swc/helpers/cjs/_class_extract_field_descriptor.cjs: Deleted
2026/09/18 17:37:43 INFO  : X-PLAN/architecture/figures/node_modules/@mermaid-js/mermaid-zenuml/dist/mermaidUtils.d.ts: Deleted
2026/09/18 17:37:43 INFO  : X-PLAN/architecture/figures/node_modules/@mermaid-js/parser/dist/chunks/mermaid-parser.esm.min/cynefin-5N6L4GKY.mjs.map: Deleted
2026/09/18 17:37:44 INFO  : X-PLAN/architecture/figures/node_modules/chalk/package.json: Deleted
2026/09/18 17:37:44 INFO  : X-PLAN/architecture/figures/node_modules/@zenuml/core/dist/cloud-icons-eHuugVSv.js: Deleted
2026/09/18 17:37:44 INFO  : X-PLAN/architecture/figures/node_modules/chromium-bidi/lib/cjs/protocol/cdp.d.ts: Deleted
2026/09/18 17:37:44 INFO  : X-PLAN/architecture/figures/node_modules/@swc/helpers/src/_array_without_holes.mjs: Deleted
2026/09/18 17:37:46 INFO  : X-PLAN/architecture/figures/node_modules/@mermaid-js/mermaid-cli/dist/assets/KaTeX_Script-Regular-D3wIWfF6.woff2: Deleted
2026/09/18 17:37:46 INFO  : X-PLAN/architecture/figures/node_modules/ast-types/lib/scope.js: Deleted
2026/09/18 17:37:46 INFO  : X-PLAN/architecture/figures/node_modules/@tootallnate/quickjs-emscripten/dist/types-ffi.js.map: Deleted
2026/09/18 17:37:46 INFO  : X-PLAN/architecture/figures/node_modules/antlr4/src/antlr4/context/ParserRuleContext.js: Deleted
2026/09/18 17:37:47 INFO  : X-PLAN/architecture/figures/node_modules/@mermaid-js/parser/dist/chunks/mermaid-parser.esm/chunk-RRMOOYLN.mjs: Deleted
2026/09/18 17:37:48 INFO  : X-PLAN/architecture/figures/node_modules/@swc/helpers/src/_super_prop_base.mjs: Deleted
2026/09/18 17:37:48 INFO  : X-PLAN/architecture/figures/node_modules/@swc/helpers/src/_to_primitive.mjs: Deleted
2026/09/18 17:37:48 INFO  : X-PLAN/architecture/figures/node_modules/b4a/index.js: Deleted
2026/09/18 17:37:49 INFO  : X-PLAN/architecture/figures/node_modules/@types/d3-polygon/README.md: Deleted
2026/09/18 17:37:49 INFO  : X-PLAN/architecture/figures/node_modules/chromium-bidi/lib/cjs/utils/CdpErrorConstants.js.map: Deleted
2026/09/18 17:37:49 INFO  : X-PLAN/architecture/figures/node_modules/@internationalized/date/dist/private/calendars/GregorianCalendar.cjs.map: Deleted
2026/09/18 17:37:49 INFO  : X-PLAN/architecture/figures/node_modules/antlr4/src/antlr4/dfa/DFASerializer.js: Deleted
2026/09/18 17:37:50 INFO  : X-PLAN/architecture/figures/node_modules/chromium-bidi/lib/esm/protocol/cdp.js.map: Deleted
2026/09/18 17:37:51 INFO  : X-PLAN/architecture/figures/node_modules/chromium-bidi/lib/esm/bidiMapper/modules/browser/BrowserProcessor.js.map: Deleted
2026/09/18 17:37:51 INFO  : X-PLAN/architecture/figures/node_modules/@internationalized/date/dist/private/queries.js: Deleted
2026/09/18 17:37:51 INFO  : X-PLAN/architecture/figures/node_modules/chromium-bidi/lib/cjs/bidiMapper/modules/context/BrowsingContextProcessor.js: Deleted
2026/09/18 17:37:52 INFO  : X-PLAN/architecture/figures/node_modules/basic-ftp/LICENSE.txt: Deleted
2026/09/18 17:37:53 INFO  : X-PLAN/architecture/figures/node_modules/chromium-bidi/lib/esm/utils/DefaultMap.d.ts: Deleted
2026/09/18 17:37:53 INFO  : X-PLAN/architecture/figures/node_modules/@types/d3-interpolate/README.md: Deleted
2026/09/18 17:37:53 INFO  : X-PLAN/architecture/figures/node_modules/cytoscape/.size-snapshot.json: Deleted
2026/09/18 17:37:53 INFO  : X-PLAN/architecture/figures/svg/SA-19.svg: Deleted
2026/09/18 17:37:54 INFO  : X-PLAN/architecture/figures/node_modules/@react-aria/interactions/LICENSE: Deleted
2026/09/18 17:37:54 INFO  : X-PLAN/architecture/figures/node_modules/bare-stream/web.js: Deleted
2026/09/18 17:37:54 INFO  : X-PLAN/architecture/figures/node_modules/@puppeteer/browsers/lib/cjs/browser-data/browser-data.d.ts: Deleted
2026/09/18 17:37:54 INFO  : X-PLAN/architecture/figures/node_modules/basic-ftp/dist/index.js: Deleted
2026/09/18 17:37:55 INFO  : X-PLAN/architecture/figures/node_modules/chromium-bidi/lib/cjs/cdp/CdpClient.js: Deleted
2026/09/18 17:37:55 INFO  : X-PLAN/architecture/figures/node_modules/@zenuml/core/package.json: Deleted
2026/09/18 17:37:55 INFO  : X-PLAN/architecture/figures/node_modules/@mermaid-js/parser/dist/chunks/mermaid-parser.esm.min/eventmodeling-5XS77AUN.mjs: Deleted
2026/09/18 17:37:56 INFO  : X-PLAN/architecture/figures/node_modules/@types/d3-selection/LICENSE: Deleted
2026/09/18 17:37:56 INFO  : X-PLAN/architecture/figures/node_modules/cytoscape/package.json: Deleted
2026/09/18 17:37:56 INFO  : X-PLAN/architecture/figures/node_modules/@internationalized/date/dist/private/calendars/BuddhistCalendar.mjs.map: Deleted
2026/09/18 17:37:57 INFO  : X-PLAN/architecture/figures/node_modules/@mermaid-js/parser/dist/chunks/mermaid-parser.core/radar-RG4KPBEZ.mjs.map: Deleted
2026/09/18 17:37:57 INFO  : X-PLAN/architecture/figures/node_modules/@zenuml/core/dist/favicon.ico: Deleted
2026/09/18 17:37:57 INFO  : X-PLAN/architecture/figures/node_modules/bare-path/prebuilds/linux-x64/bare-path.bare: Deleted
2026/09/18 17:37:58 INFO  : X-PLAN/architecture/figures/node_modules/@swc/helpers/_/_class_private_field_loose_key/package.json: Deleted
2026/09/18 17:37:58 INFO  : X-PLAN/architecture/figures/node_modules/chromium-bidi/lib/cjs/bidiMapper/modules/browser/BrowserProcessor.js.map: Deleted
2026/09/18 17:37:58 INFO  : X-PLAN/architecture/figures/node_modules/@internationalized/number/dist/private/NumberFormatter.js.map: Deleted
2026/09/18 17:37:58 INFO  : X-PLAN/architecture/figures/node_modules/@swc/helpers/src/_iterable_to_array.mjs: Deleted
2026/09/18 17:37:59 INFO  : X-PLAN/architecture/figures/node_modules/@tanstack/virtual-core/dist/esm/index.d.ts: Deleted
2026/09/18 17:37:59 INFO  : X-PLAN/architecture/figures/node_modules/antlr4/src/antlr4/Lexer.js: Deleted
2026/09/18 17:38:00 INFO  : X-PLAN/architecture/figures/node_modules/@swc/helpers/_/_class_call_check/package.json: Deleted
2026/09/18 17:38:00 INFO  : X-PLAN/architecture/figures/node_modules/bare-path/prebuilds/linux-arm64/bare-path.bare: Deleted
2026/09/18 17:38:00 INFO  : X-PLAN/architecture/figures/node_modules/@mermaid-js/parser/dist/chunks/mermaid-parser.core/cynefin-OW5HDTMX.mjs: Deleted
2026/09/18 17:38:01 INFO  : X-PLAN/architecture/figures/node_modules/@zenuml/core/dist/fonts/MS Sans Serif.ttf: Deleted
2026/09/18 17:38:01 INFO  : X-PLAN/architecture/figures/node_modules/@mermaid-js/parser/dist/chunks/mermaid-parser.core/pie-WAS4IAKB.mjs.map: Deleted
2026/09/18 17:38:01 INFO  : X-PLAN/architecture/figures/node_modules/antlr4/src/antlr4/utils/DoubleDict.js: Deleted
2026/09/18 17:38:01 INFO  : X-PLAN/architecture/figures/node_modules/@internationalized/date/dist/private/utils.cjs.map: Deleted
2026/09/18 17:38:02 INFO  : X-PLAN/architecture/figures/node_modules/@tanstack/react-virtual/src/index.tsx: Deleted
2026/09/18 17:38:02 INFO  : X-PLAN/architecture/figures/node_modules/@types/d3-ease/LICENSE: Deleted
2026/09/18 17:38:03 INFO  : X-PLAN/architecture/figures/node_modules/chromium-bidi/lib/cjs/utils/unitConversions.js.map: Deleted
2026/09/18 17:38:03 INFO  : X-PLAN/architecture/figures/node_modules/chromium-bidi/lib/cjs/bidiMapper/modules/context/NavigationTracker.js.map: Deleted
2026/09/18 17:38:03 INFO  : X-PLAN/architecture/figures/node_modules/@napi-rs/canvas/node-canvas.js: Deleted
2026/09/18 17:38:04 INFO  : X-PLAN/architecture/figures/node_modules/@mermaid-js/parser/dist/mermaid-parser.esm.mjs: Deleted
2026/09/18 17:38:04 INFO  : X-PLAN/architecture/figures/node_modules/@mermaid-js/parser/dist/chunks/mermaid-parser.core/chunk-XHIXRSVI.mjs: Deleted
2026/09/18 17:38:04 INFO  : X-PLAN/architecture/figures/node_modules/@swc/helpers/src/_wrap_native_super.mjs: Deleted
2026/09/18 17:38:05 INFO  : X-PLAN/architecture/figures/node_modules/ast-types/def/typescript.d.ts: Deleted
2026/09/18 17:38:05 INFO  : X-PLAN/architecture/figures/node_modules/chromium-bidi/lib/esm/bidiServer/BrowserInstance.js.map: Deleted
2026/09/18 17:38:05 INFO  : X-PLAN/architecture/figures/node_modules/bare-url/lib/errors.js: Deleted
2026/09/18 17:38:06 INFO  : X-PLAN/architecture/figures/node_modules/@chevrotain/types/api.d.ts: Deleted
2026/09/18 17:38:06 INFO  : X-PLAN/architecture/figures/node_modules/@internationalized/number/dist/index.mjs.map: Deleted
2026/09/18 17:38:06 INFO  : X-PLAN/architecture/figures/node_modules/@internationalized/date/dist/private/CalendarDate.cjs.map: Deleted
2026/09/18 17:38:07 INFO  : X-PLAN/architecture/figures/node_modules/@react-aria/interactions/dist/main.js.map: Deleted
2026/09/18 17:38:07 INFO  : X-PLAN/architecture/figures/node_modules/@puppeteer/browsers/lib/cjs/browser-data/types.d.ts.map: Deleted
2026/09/18 17:38:07 INFO  : X-PLAN/architecture/figures/node_modules/basic-ftp/README.md: Deleted
2026/09/18 17:38:07 INFO  : X-PLAN/architecture/figures/node_modules/@puppeteer/browsers/lib/cjs/browser-data/chromium.js.map: Deleted
2026/09/18 17:38:08 INFO  : X-PLAN/architecture/figures/node_modules/aria-hidden/dist/es2015/index.js: Deleted
2026/09/18 17:38:08 INFO  : X-PLAN/architecture/figures/node_modules/basic-ftp/dist/parseListUnix.d.ts: Deleted
2026/09/18 17:38:08 INFO  : X-PLAN/architecture/figures/node_modules/@swc/helpers/_/_class_apply_descriptor_update/package.json: Deleted
2026/09/18 17:38:09 INFO  : X-PLAN/architecture/figures/node_modules/@types/d3-shape/README.md: Deleted
2026/09/18 17:38:09 INFO  : X-PLAN/architecture/figures/node_modules/@swc/helpers/esm/_apply_decorated_descriptor.js: Deleted
2026/09/18 17:38:09 INFO  : X-PLAN/architecture/figures/node_modules/cytoscape-cose-bilkent/bower.json: Deleted
2026/09/18 17:38:10 INFO  : X-PLAN/architecture/figures/node_modules/@zenuml/core/dist/vendor/codemirror/material-darker.min.css: Deleted
2026/09/18 17:38:10 INFO  : X-PLAN/architecture/figures/node_modules/antlr4/src/antlr4/action/LexerPushModeAction.js: Deleted
2026/09/18 17:38:10 INFO  : X-PLAN/architecture/figures/node_modules/chromium-bidi/lib/esm/protocol-parser/protocol-parser.d.ts: Deleted
2026/09/18 17:38:11 INFO  : X-PLAN/architecture/figures/node_modules/@mermaid-js/parser/dist/chunks/mermaid-parser.core/chunk-6EIED4P4.mjs.map: Deleted
2026/09/18 17:38:12 INFO  : X-PLAN/architecture/figures/node_modules/@swc/helpers/src/_class_private_method_set.mjs: Deleted
2026/09/18 17:38:12 INFO  : X-PLAN/architecture/figures/node_modules/bare-path/prebuilds/android-arm/bare-path.bare: Deleted
2026/09/18 17:38:12 INFO  : X-PLAN/architecture/figures/node_modules/@tanstack/virtual-core/dist/esm/lazy-measurements.js.map: Deleted
2026/09/18 17:38:12 INFO  : X-PLAN/architecture/figures/node_modules/@mermaid-js/parser/dist/chunks/mermaid-parser.core/chunk-FOHPRMQF.mjs: Deleted
2026/09/18 17:38:13 INFO  : X-PLAN/architecture/figures/node_modules/@types/d3-drag/package.json: Deleted
2026/09/18 17:38:13 INFO  : X-PLAN/architecture/figures/node_modules/@zenuml/core/dist/cli/zenuml.mjs: Deleted
2026/09/18 17:38:13 INFO  : X-PLAN/architecture/figures/node_modules/commander/lib/argument.js: Deleted
2026/09/18 17:38:13 INFO  : X-PLAN/architecture/figures/node_modules/bare-url/global.d.ts: Deleted
2026/09/18 17:38:14 INFO  : X-PLAN/architecture/figures/node_modules/@puppeteer/browsers/lib/cjs/fileUtil.js.map: Deleted
2026/09/18 17:38:14 INFO  : X-PLAN/architecture/figures/node_modules/@internationalized/number/dist/types/src/NumberFormatter.d.ts: Deleted
2026/09/18 17:38:15 INFO  : X-PLAN/architecture/figures/node_modules/@puppeteer/browsers/lib/cjs/browser-data/browser-data.js: Deleted
2026/09/18 17:38:15 INFO  : X-PLAN/architecture/figures/node_modules/@types/d3-scale-chromatic/LICENSE: Deleted
2026/09/18 17:38:16 INFO  : X-PLAN/architecture/figures/node_modules/chromium-bidi/lib/esm/utils/Deferred.js.map: Deleted
2026/09/18 17:38:16 INFO  : X-PLAN/architecture/figures/node_modules/@tootallnate/quickjs-emscripten/dist/memory.d.ts: Deleted
2026/09/18 17:38:16 INFO  : X-PLAN/architecture/figures/node_modules/@swc/helpers/src/_inherits_loose.mjs: Deleted
2026/09/18 17:38:16 INFO  : X-PLAN/architecture/figures/node_modules/@swc/helpers/src/_initializer_warning_helper.mjs: Deleted
2026/09/18 17:38:19 INFO  : X-PLAN/architecture/figures/node_modules/@swc/helpers/src/_iterable_to_array_limit.mjs: Deleted
2026/09/18 17:38:19 INFO  : X-PLAN/architecture/figures/node_modules/argparse/lib/sub.js: Deleted
2026/09/18 17:38:19 INFO  : X-PLAN/architecture/figures/node_modules/basic-ftp/dist/parseListDOS.d.ts: Deleted
2026/09/18 17:38:19 INFO  : X-PLAN/architecture/figures/node_modules/chromium-bidi/lib/cjs/bidiMapper/modules/bluetooth/BluetoothProcessor.d.ts: Deleted
2026/09/18 17:38:20 INFO  : X-PLAN/architecture/figures/node_modules/@swc/helpers/src/_class_private_method_get.mjs: Deleted
2026/09/18 17:38:20 INFO  : X-PLAN/architecture/figures/svg/SA-34.svg: Deleted
2026/09/18 17:38:20 INFO  : X-PLAN/architecture/figures/node_modules/chromium-bidi/lib/cjs/utils/transport.js.map: Deleted
2026/09/18 17:38:20 INFO  : X-PLAN/architecture/figures/node_modules/bare-url/index.d.ts: Deleted
2026/09/18 17:38:21 INFO  : X-PLAN/architecture/figures/node_modules/@types/d3-hierarchy/LICENSE: Deleted
2026/09/18 17:38:21 INFO  : X-PLAN/architecture/figures/node_modules/ast-types/def/es2020.d.ts: Deleted
2026/09/18 17:38:21 INFO  : X-PLAN/architecture/figures/node_modules/@swc/helpers/esm/_array_like_to_array.js: Deleted
2026/09/18 17:38:21 INFO  : X-PLAN/architecture/figures/node_modules/@mermaid-js/mermaid-cli/dist/assets/KaTeX_SansSerif-Bold-CFMepnvq.ttf: Deleted
2026/09/18 17:38:23 INFO  : X-PLAN/architecture/figures/node_modules/chromium-bidi/lib/iife/mapperTab.js: Deleted
2026/09/18 17:38:23 INFO  : X-PLAN/architecture/figures/node_modules/@swc/helpers/esm/_set_prototype_of.js: Deleted
2026/09/18 17:38:23 INFO  : X-PLAN/architecture/figures/node_modules/chromium-bidi/lib/esm/bidiServer/MapperCdpConnection.d.ts: Deleted
2026/09/18 17:38:23 INFO  : X-PLAN/architecture/figures/node_modules/@puppeteer/browsers/lib/cjs/detectPlatform.js.map: Deleted
2026/09/18 17:38:25 INFO  : X-PLAN/architecture/figures/node_modules/@types/d3-time/README.md: Deleted
2026/09/18 17:38:25 INFO  : X-PLAN/architecture/figures/node_modules/chromium-bidi/lib/cjs/protocol/protocol.js: Deleted
2026/09/18 17:38:25 INFO  : X-PLAN/architecture/figures/node_modules/chromium-bidi/lib/esm/utils/log.js: Deleted
2026/09/18 17:38:25 INFO  : X-PLAN/architecture/figures/node_modules/@swc/helpers/src/_to_array.mjs: Deleted
2026/09/18 17:38:26 INFO  : X-PLAN/architecture/figures/node_modules/@types/d3-scale/LICENSE: Deleted
2026/09/18 17:38:26 INFO  : X-PLAN/architecture/figures/node_modules/chromium-bidi/lib/esm/bidiMapper/CommandProcessor.js.map: Deleted
2026/09/18 17:38:26 INFO  : X-PLAN/architecture/exports/solution-architecture.print.md: Deleted
2026/09/18 17:38:26 INFO  : X-PLAN/architecture/figures/node_modules/@mermaid-js/mermaid-cli/dist/assets/KaTeX_Typewriter-Regular-D3Ib7_Hf.ttf: Deleted
2026/09/18 17:38:27 INFO  : X-PLAN/architecture/figures/node_modules/ast-types/gen/kinds.d.ts: Deleted
2026/09/18 17:38:28 INFO  : X-PLAN/architecture/figures/node_modules/@swc/helpers/_/_apply_decs_2203_r/package.json: Deleted
2026/09/18 17:38:28 INFO  : X-PLAN/architecture/figures/node_modules/@puppeteer/browsers/src/browser-data/firefox.ts: Deleted
2026/09/18 17:38:28 INFO  : X-PLAN/architecture/figures/node_modules/@types/d3-geo/package.json: Deleted
2026/09/18 17:38:29 INFO  : X-PLAN/architecture/figures/node_modules/@antfu/install-pkg/README.md: Deleted
2026/09/18 17:38:29 INFO  : X-PLAN/architecture/figures/node_modules/@swc/helpers/esm/_possible_constructor_return.js: Deleted
2026/09/18 17:38:29 INFO  : X-PLAN/architecture/figures/node_modules/@puppeteer/browsers/src/fileUtil.ts: Deleted
2026/09/18 17:38:29 INFO  : X-PLAN/architecture/figures/node_modules/antlr4/src/antlr4/state/PlusBlockStartState.js: Deleted
2026/09/18 17:38:30 INFO  : X-PLAN/architecture/figures/node_modules/@swc/helpers/esm/_ts_add_disposable_resource.js: Deleted
2026/09/18 17:38:30 INFO  : X-PLAN/architecture/figures/node_modules/chromium-bidi/lib/cjs/cdp/cdpMessage.js.map: Deleted
2026/09/18 17:38:30 INFO  : X-PLAN/architecture/figures/node_modules/@swc/helpers/cjs/_new_arrow_check.cjs: Deleted
2026/09/18 17:38:31 INFO  : X-PLAN/architecture/figures/node_modules/@puppeteer/browsers/lib/cjs/CLI.js.map: Deleted
2026/09/18 17:38:31 INFO  : X-PLAN/architecture/figures/node_modules/@swc/helpers/esm/_class_static_private_field_spec_get.js: Deleted
2026/09/18 17:38:31 INFO  : X-PLAN/architecture/figures/node_modules/@swc/helpers/esm/_wrap_async_generator.js: Deleted
2026/09/18 17:38:31 INFO  : X-PLAN/architecture/figures/node_modules/@mermaid-js/parser/dist/chunks/mermaid-parser.esm/radar-J2HYQY2E.mjs.map: Deleted
2026/09/18 17:38:32 INFO  : X-PLAN/architecture/figures/node_modules/bare-url/prebuilds/darwin-x64/bare-url.bare: Deleted
2026/09/18 17:38:33 INFO  : X-PLAN/architecture/figures/node_modules/b4a/LICENSE: Deleted
2026/09/18 17:38:33 INFO  : X-PLAN/architecture/figures/svg/SA-30.svg: Deleted
2026/09/18 17:38:33 INFO  : X-PLAN/architecture/figures/node_modules/@puppeteer/browsers/lib/cjs/main.js: Deleted
2026/09/18 17:38:34 INFO  : X-PLAN/architecture/figures/node_modules/antlr4/src/antlr4/atn/ATNDeserializationOptions.js: Deleted
2026/09/18 17:38:35 INFO  : X-PLAN/architecture/figures/node_modules/@napi-rs/canvas/geometry.js: Deleted
2026/09/18 17:38:35 INFO  : X-PLAN/architecture/figures/node_modules/chromium-bidi/lib/cjs/utils/WebsocketTransport.js: Deleted
2026/09/18 17:38:35 INFO  : X-PLAN/architecture/figures/node_modules/bare-events/index.d.ts: Deleted
2026/09/18 17:38:35 INFO  : X-PLAN/architecture/figures/node_modules/antlr4/src/antlr4/action/LexerModeAction.js: Deleted
2026/09/18 17:38:37 INFO  : X-PLAN/architecture/figures/node_modules/chromium-bidi/lib/esm/bidiServer/BrowserInstance.js: Deleted
2026/09/18 17:38:37 INFO  : X-PLAN/architecture/figures/node_modules/cytoscape-cose-bilkent/webpack.config.js: Deleted
2026/09/18 17:38:37 INFO  : X-PLAN/architecture/figures/node_modules/@swc/helpers/cjs/_class_static_private_field_spec_set.cjs: Deleted
2026/09/18 17:38:37 INFO  : X-PLAN/architecture/figures/node_modules/@tanstack/virtual-core/dist/esm/utils.d.ts: Deleted
2026/09/18 17:38:38 INFO  : X-PLAN/architecture/figures/node_modules/cose-base/index.js: Deleted
2026/09/18 17:38:38 INFO  : X-PLAN/architecture/figures/node_modules/chalk/source/vendor/supports-color/index.d.ts: Deleted
2026/09/18 17:38:38 INFO  : X-PLAN/architecture/figures/node_modules/cytoscape/.nvmrc: Deleted
2026/09/18 17:38:39 INFO  : X-PLAN/architecture/figures/node_modules/@internationalized/date/dist/private/createCalendar.js: Deleted
2026/09/18 17:38:40 INFO  : X-PLAN/architecture/figures/node_modules/antlr4/src/antlr4/atn/LexerActionType.js: Deleted
2026/09/18 17:38:40 INFO  : X-PLAN/architecture/figures/node_modules/antlr4/.project: Deleted
2026/09/18 17:38:40 INFO  : X-PLAN/architecture/figures/node_modules/cliui/build/index.d.cts: Deleted
2026/09/18 17:38:40 INFO  : X-PLAN/architecture/figures/node_modules/chalk/source/vendor/supports-color/browser.d.ts: Deleted
2026/09/18 17:38:41 INFO  : X-PLAN/architecture/figures/node_modules/@mermaid-js/parser/dist/chunks/mermaid-parser.core/railroad-ebnf-LZEXJU2U.mjs.map: Deleted
2026/09/18 17:38:41 INFO  : X-PLAN/architecture/figures/node_modules/chromium-bidi/lib/cjs/protocol-parser/generated/webdriver-bidi.d.ts: Deleted
2026/09/18 17:38:42 INFO  : X-PLAN/architecture/figures/node_modules/antlr4/src/antlr4/CharStreams.js: Deleted
2026/09/18 17:38:42 INFO  : X-PLAN/architecture/figures/node_modules/@mermaid-js/parser/dist/chunks/mermaid-parser.esm.min/pie-CEW4W6Q6.mjs.map: Deleted
2026/09/18 17:38:43 INFO  : X-PLAN/architecture/figures/node_modules/chromium-bidi/lib/esm/utils/time.js.map: Deleted
2026/09/18 17:38:43 INFO  : X-PLAN/architecture/figures/node_modules/antlr4/src/antlr4/error/NoViableAltException.js: Deleted
2026/09/18 17:38:43 INFO  : X-PLAN/architecture/figures/node_modules/chromium-bidi/lib/cjs/protocol/generated/webdriver-bidi.js.map: Deleted
2026/09/18 17:38:43 INFO  : X-PLAN/architecture/figures/node_modules/@swc/helpers/cjs/_iterable_to_array_limit.cjs: Deleted
2026/09/18 17:38:44 INFO  : X-PLAN/architecture/figures/node_modules/@mermaid-js/parser/dist/chunks/mermaid-parser.esm/chunk-YNGXLGBY.mjs: Deleted
2026/09/18 17:38:44 INFO  : X-PLAN/architecture/figures/node_modules/@swc/helpers/src/_object_spread.mjs: Deleted
2026/09/18 17:38:44 INFO  : X-PLAN/architecture/figures/node_modules/ast-types/tsconfig.json: Deleted
2026/09/18 17:38:44 INFO  : X-PLAN/architecture/figures/node_modules/ast-types/def/core.d.ts: Deleted
2026/09/18 17:38:45 INFO  : X-PLAN/architecture/figures/node_modules/b4a/react-native.js: Deleted
2026/09/18 17:38:45 INFO  : X-PLAN/architecture/figures/node_modules/antlr4/src/antlr4/transition/PrecedencePredicateTransition.js: Deleted
2026/09/18 17:38:46 INFO  : X-PLAN/architecture/figures/node_modules/chromium-bidi/lib/cjs/utils/Buffer.js: Deleted
2026/09/18 17:38:46 INFO  : X-PLAN/architecture/figures/node_modules/chromium-bidi/lib/cjs/utils/CdpErrorConstants.d.ts: Deleted
2026/09/18 17:38:48 INFO  : X-PLAN/architecture/figures/node_modules/@internationalized/date/dist/private/calendars/IslamicCalendar.cjs: Deleted
2026/09/18 17:38:51 INFO  : X-PLAN/architecture/figures/node_modules/@mermaid-js/parser/dist/chunks/mermaid-parser.esm.min/chunk-IRLRCMIP.mjs.map: Deleted
2026/09/18 17:38:51 INFO  : X-PLAN/architecture/figures/node_modules/basic-ftp/dist/FtpContext.js: Deleted
2026/09/18 17:38:52 INFO  : X-PLAN/architecture/figures/node_modules/chromium-bidi/lib/cjs/bidiMapper/CommandProcessor.js: Deleted
2026/09/18 17:38:53 INFO  : X-PLAN/architecture/figures/node_modules/color-convert/node_modules/color-name/package.json: Deleted
2026/09/18 17:38:54 INFO  : X-PLAN/architecture/figures/node_modules/chromium-bidi/lib/esm/cdp/CdpClient.d.ts: Deleted
2026/09/18 17:38:55 INFO  : X-PLAN/architecture/figures/node_modules/bare-fs/prebuilds/darwin-x64/bare-fs.bare: Deleted
2026/09/18 17:38:56 INFO  : X-PLAN/architecture/figures/node_modules/@mermaid-js/mermaid-cli/dist-types/src/cli.d.ts.map: Deleted
2026/09/18 17:38:57 INFO  : X-PLAN/architecture/figures/node_modules/@internationalized/date/dist/private/calendars/TaiwanCalendar.js: Deleted
2026/09/18 17:38:57 INFO  : X-PLAN/architecture/figures/node_modules/@tootallnate/quickjs-emscripten/dist/esmHelpers.js.map: Deleted
2026/09/18 17:38:58 INFO  : X-PLAN/architecture/figures/node_modules/agent-base/dist/index.js: Deleted
2026/09/18 17:38:58 INFO  : X-PLAN/architecture/figures/node_modules/@types/d3-geo/index.d.ts: Deleted
2026/09/18 17:39:00 INFO  : X-PLAN/architecture/figures/node_modules/antlr4/src/antlr4/state/PlusLoopbackState.js: Deleted
2026/09/18 17:39:04 INFO  : X-PLAN/architecture/figures/node_modules/@mermaid-js/mermaid-zenuml/dist/mermaid-zenuml.core.mjs.map: Deleted
2026/09/18 17:39:04 INFO  : X-PLAN/architecture/figures/node_modules/@swc/helpers/cjs/_export_star.cjs: Deleted
2026/09/18 17:39:04 INFO  : X-PLAN/architecture/figures/node_modules/@mermaid-js/parser/dist/chunks/mermaid-parser.esm.min/gitGraph-32VG5UAO.mjs.map: Deleted
2026/09/18 17:39:04 INFO  : X-PLAN/architecture/figures/node_modules/cosmiconfig/dist/util.d.ts: Deleted
2026/09/18 17:39:08 INFO  : X-PLAN/architecture/figures/node_modules/chromium-bidi/lib/cjs/utils/GraphemeTools.d.ts: Deleted
2026/09/18 17:39:08 INFO  : X-PLAN/architecture/figures/node_modules/chromium-bidi/lib/esm/bidiMapper/modules/cdp/TargetEvents.js: Deleted
2026/09/18 17:39:08 INFO  : X-PLAN/architecture/figures/node_modules/clsx/package.json: Deleted
2026/09/18 17:39:09 INFO  : X-PLAN/architecture/figures/node_modules/chromium-bidi/lib/esm/protocol/chromium-bidi.js: Deleted
2026/09/18 17:39:10 INFO  : X-PLAN/architecture/figures/node_modules/@braintree/sanitize-url/dist/index.js: Deleted
2026/09/18 17:39:10 INFO  : X-PLAN/architecture/figures/node_modules/@puppeteer/browsers/lib/cjs/debug.js.map: Deleted
2026/09/18 17:39:10 INFO  : X-PLAN/architecture/figures/node_modules/@internationalized/date/dist/private/weekStartData.mjs: Deleted
2026/09/18 17:39:10 INFO  : X-PLAN/architecture/figures/node_modules/@swc/helpers/esm/_apply_decs_2311.js: Deleted
2026/09/18 17:39:11 INFO  : X-PLAN/architecture/figures/node_modules/base64-js/README.md: Deleted
2026/09/18 17:39:11 INFO  : X-PLAN/architecture/figures/node_modules/basic-ftp/dist/FileInfo.js: Deleted
2026/09/18 17:39:11 INFO  : X-PLAN/architecture/figures/node_modules/@swc/helpers/src/_identity.mjs: Deleted
2026/09/18 17:39:11 INFO  : X-PLAN/architecture/figures/node_modules/@mermaid-js/mermaid-cli/dist/assets/KaTeX_Fraktur-Bold-BsDP51OF.woff: Deleted
2026/09/18 17:39:13 INFO  : X-PLAN/architecture/figures/node_modules/@mermaid-js/mermaid-cli/dist/assets/KaTeX_Math-BoldItalic-iY-2wyZ7.woff: Deleted
2026/09/18 17:39:13 INFO  : X-PLAN/architecture/figures/node_modules/@internationalized/number/dist/private/NumberParser.cjs: Deleted
2026/09/18 17:39:13 INFO  : X-PLAN/architecture/figures/node_modules/commander/package.json: Deleted
2026/09/18 17:39:13 INFO  : X-PLAN/architecture/figures/node_modules/@mermaid-js/parser/LICENSE: Deleted
2026/09/18 17:39:14 INFO  : X-PLAN/architecture/figures/node_modules/@types/d3-force/package.json: Deleted
2026/09/18 17:39:14 INFO  : X-PLAN/architecture/figures/node_modules/cosmiconfig/dist/types.d.ts: Deleted
2026/09/18 17:39:15 INFO  : X-PLAN/architecture/figures/node_modules/chromium-bidi/lib/cjs/protocol/protocol.d.ts: Deleted
2026/09/18 17:39:15 INFO  : X-PLAN/architecture/figures/node_modules/chromium-bidi/lib/cjs/protocol-parser/generated/webdriver-bidi-bluetooth.js: Deleted
2026/09/18 17:39:16 INFO  : X-PLAN/architecture/figures/node_modules/chromium-bidi/lib/cjs/utils/time.js.map: Deleted
2026/09/18 17:39:16 INFO  : X-PLAN/architecture/figures/node_modules/@internationalized/number/dist/index.js: Deleted
2026/09/18 17:39:16 INFO  : X-PLAN/architecture/figures/node_modules/@internationalized/number/dist/private/NumberParser.mjs: Deleted
2026/09/18 17:39:16 INFO  : X-PLAN/architecture/figures/node_modules/@swc/helpers/cjs/_wrap_native_super.cjs: Deleted
2026/09/18 17:39:17 INFO  : X-PLAN/architecture/figures/node_modules/@tanstack/react-virtual/dist/cjs/index.d.cts: Deleted
2026/09/18 17:39:17 INFO  : X-PLAN/architecture/figures/node_modules/@puppeteer/browsers/lib/cjs/browser-data/firefox.d.ts: Deleted
2026/09/18 17:39:17 INFO  : X-PLAN/architecture/figures/node_modules/@mermaid-js/parser/dist/chunks/mermaid-parser.core/chunk-6K3QC6MW.mjs.map: Deleted
2026/09/18 17:39:18 INFO  : X-PLAN/architecture/figures/node_modules/antlr4/src/antlr4/context/InterpreterRuleContext.js: Deleted
2026/09/18 17:39:18 INFO  : X-PLAN/architecture/figures/node_modules/@swc/helpers/src/_class_private_field_update.mjs: Deleted
2026/09/18 17:39:19 INFO  : X-PLAN/architecture/figures/node_modules/basic-ftp/dist/ProgressTracker.d.ts: Deleted
2026/09/18 17:39:19 INFO  : X-PLAN/architecture/figures/node_modules/chromium-bidi/lib/cjs/utils/transport.js: Deleted
2026/09/18 17:39:19 INFO  : X-PLAN/architecture/figures/node_modules/@swc/helpers/cjs/_tagged_template_literal_loose.cjs: Deleted
2026/09/18 17:39:20 INFO  : X-PLAN/architecture/figures/node_modules/@swc/helpers/src/_sliced_to_array.mjs: Deleted
2026/09/18 17:39:20 INFO  : X-PLAN/architecture/figures/node_modules/@types/d3-random/package.json: Deleted
2026/09/18 17:39:20 INFO  : X-PLAN/architecture/figures/node_modules/chromium-bidi/lib/esm/utils/UrlHelpers.js.map: Deleted
2026/09/18 17:39:20 INFO  : X-PLAN/architecture/figures/node_modules/chromium-bidi/lib/cjs/utils/assert.js.map: Deleted
2026/09/18 17:39:21 INFO  : X-PLAN/architecture/figures/node_modules/@puppeteer/browsers/lib/esm/launch.js.map: Deleted
2026/09/18 17:39:21 INFO  : X-PLAN/architecture/figures/node_modules/@mermaid-js/parser/dist/chunks/mermaid-parser.core/chunk-UY3FDG6J.mjs.map: Deleted
2026/09/18 17:39:22 INFO  : X-PLAN/architecture/figures/node_modules/@napi-rs/canvas/index.d.ts: Deleted
2026/09/18 17:39:22 INFO  : X-PLAN/architecture/figures/node_modules/@mermaid-js/mermaid-zenuml/dist/chunks/mermaid-zenuml.esm/cloud-icons-eHuugVSv-ANWVY4YK.mjs: Deleted
2026/09/18 17:39:22 INFO  : X-PLAN/architecture/figures/node_modules/@tanstack/virtual-core/dist/esm/utils.js: Deleted
2026/09/18 17:39:23 INFO  : X-PLAN/architecture/figures/node_modules/@types/d3-color/LICENSE: Deleted
2026/09/18 17:39:23 INFO  : X-PLAN/architecture/figures/node_modules/@mermaid-js/parser/dist/chunks/mermaid-parser.esm.min/chunk-L2OVAXIS.mjs: Deleted
2026/09/18 17:39:23 INFO  : X-PLAN/architecture/figures/node_modules/chalk/source/vendor/ansi-styles/index.d.ts: Deleted
2026/09/18 17:39:24 INFO  : X-PLAN/architecture/figures/node_modules/@puppeteer/browsers/lib/esm/CLI.d.ts.map: Deleted
2026/09/18 17:39:24 INFO  : X-PLAN/architecture/figures/node_modules/@swc/helpers/src/_class_apply_descriptor_update.mjs: Deleted
2026/09/18 17:39:25 INFO  : X-PLAN/architecture/figures/node_modules/color-convert/node_modules/color-name/LICENSE: Deleted
2026/09/18 17:39:25 INFO  : X-PLAN/architecture/figures/node_modules/@swc/helpers/cjs/_class_apply_descriptor_set.cjs: Deleted
2026/09/18 17:39:26 INFO  : X-PLAN/architecture/figures/node_modules/class-variance-authority/dist/index.js: Deleted
2026/09/18 17:39:26 INFO  : X-PLAN/architecture/figures/node_modules/@swc/helpers/src/_non_iterable_rest.mjs: Deleted
2026/09/18 17:39:27 INFO  : X-PLAN/architecture/figures/node_modules/chromium-bidi/lib/esm/bidiTab/BidiParser.js: Deleted
2026/09/18 17:39:27 INFO  : X-PLAN/architecture/figures/node_modules/@internationalized/date/package.json: Deleted
2026/09/18 17:39:27 INFO  : X-PLAN/architecture/figures/node_modules/@puppeteer/browsers/src/CLI.ts: Deleted
2026/09/18 17:39:27 INFO  : X-PLAN/architecture/figures/node_modules/bare-fs/lib/errors.d.ts: Deleted
2026/09/18 17:39:30 INFO  : X-PLAN/architecture/figures/node_modules/@puppeteer/browsers/lib/cjs/browser-data/firefox.d.ts.map: Deleted
2026/09/18 17:39:30 INFO  : X-PLAN/architecture/figures/node_modules/chromium-bidi/lib/cjs/cdp/CdpClient.d.ts: Deleted
2026/09/18 17:39:33 INFO  : X-PLAN/architecture/figures/svg/SA-39.svg: Deleted
2026/09/18 17:39:33 INFO  : X-PLAN/architecture/figures/node_modules/cytoscape-cose-bilkent/LICENSE: Deleted
2026/09/18 17:39:33 INFO  : X-PLAN/architecture/figures/node_modules/@internationalized/number/src/NumberFormatter.ts: Deleted
2026/09/18 17:39:33 INFO  : X-PLAN/architecture/figures/node_modules/@puppeteer/browsers/src/main.ts: Deleted
2026/09/18 17:39:34 INFO  : X-PLAN/architecture/figures/node_modules/@puppeteer/browsers/lib/esm/Cache.d.ts.map: Deleted
2026/09/18 17:39:34 INFO  : X-PLAN/architecture/figures/node_modules/@mermaid-js/parser/dist/chunks/mermaid-parser.esm.min/chunk-Z6AB6WYJ.mjs: Deleted
2026/09/18 17:39:34 INFO  : X-PLAN/architecture/figures/node_modules/@swc/helpers/esm/_await_value.js: Deleted
2026/09/18 17:39:34 INFO  : X-PLAN/architecture/figures/node_modules/antlr4/src/antlr4/dfa/DFAState.js: Deleted
2026/09/18 17:39:35 INFO  : X-PLAN/architecture/figures/node_modules/@swc/helpers/esm/_iterable_to_array.js: Deleted
2026/09/18 17:39:35 INFO  : X-PLAN/architecture/figures/node_modules/@mermaid-js/parser/dist/chunks/mermaid-parser.esm.min/chunk-WK6FI2EL.mjs: Deleted
2026/09/18 17:39:35 INFO  : X-PLAN/architecture/figures/node_modules/color-name/index.js: Deleted
2026/09/18 17:39:35 INFO  : X-PLAN/architecture/figures/node_modules/cose-base/package.json: Deleted
2026/09/18 17:39:36 INFO  : X-PLAN/architecture/figures/node_modules/@mermaid-js/mermaid-zenuml/dist/chunks/mermaid-zenuml.esm.min/cloud-icons-eHuugVSv-MANGUYXV.mjs.map: Deleted
2026/09/18 17:39:36 INFO  : X-PLAN/architecture/figures/node_modules/@types/d3/README.md: Deleted
2026/09/18 17:39:37 INFO  : X-PLAN/architecture/figures/node_modules/bare-path/prebuilds/android-arm64/bare-path.bare: Deleted
2026/09/18 17:39:37 INFO  : X-PLAN/architecture/figures/node_modules/@mermaid-js/parser/dist/chunks/mermaid-parser.esm.min/railroad-LO2ZSTWA.mjs.map: Deleted
2026/09/18 17:39:38 INFO  : X-PLAN/architecture/figures/node_modules/clsx/license: Deleted
2026/09/18 17:39:38 INFO  : X-PLAN/architecture/figures/node_modules/@swc/helpers/esm/_class_call_check.js: Deleted
2026/09/18 17:39:38 INFO  : X-PLAN/architecture/figures/node_modules/chromium-bidi/lib/esm/bidiMapper/modules/cdp/CdpTargetManager.js.map: Deleted
2026/09/18 17:39:38 INFO  : X-PLAN/architecture/figures/node_modules/chromium-bidi/lib/esm/utils/result.js: Deleted
2026/09/18 17:39:39 INFO  : X-PLAN/architecture/figures/node_modules/@mermaid-js/parser/dist/chunks/mermaid-parser.core/chunk-OUJLGHUK.mjs.map: Deleted
2026/09/18 17:39:39 INFO  : X-PLAN/architecture/figures/node_modules/@swc/helpers/esm/_identity.js: Deleted
2026/09/18 17:39:39 INFO  : X-PLAN/architecture/figures/node_modules/@puppeteer/browsers/lib/cjs/browser-data/types.d.ts: Deleted
2026/09/18 17:39:39 INFO  : X-PLAN/architecture/figures/node_modules/@mermaid-js/mermaid-zenuml/dist/chunks/mermaid-zenuml.esm/zenuml-definition-PXHHV43P.mjs: Deleted
2026/09/18 17:39:40 INFO  : X-PLAN/architecture/figures/node_modules/@swc/helpers/cjs/_non_iterable_rest.cjs: Deleted
2026/09/18 17:39:40 INFO  : X-PLAN/architecture/figures/node_modules/@internationalized/string/dist/types/src/index.d.ts: Deleted
2026/09/18 17:39:40 INFO  : X-PLAN/architecture/figures/node_modules/antlr4/src/antlr4/CommonTokenStream.js: Deleted
2026/09/18 17:39:41 INFO  : X-PLAN/architecture/figures/node_modules/@puppeteer/browsers/lib/cjs/browser-data/chrome.js: Deleted
2026/09/18 17:39:41 INFO  : X-PLAN/architecture/figures/node_modules/bare-url/prebuilds/android-arm64/bare-url.bare: Deleted
2026/09/18 17:39:42 INFO  : X-PLAN/architecture/figures/node_modules/chromium-bidi/lib/cjs/utils/IdWrapper.js: Deleted
2026/09/18 17:39:42 INFO  : X-PLAN/architecture/figures/node_modules/@puppeteer/browsers/lib/cjs/fileUtil.d.ts.map: Deleted
2026/09/18 17:39:42 INFO  : X-PLAN/architecture/figures/node_modules/@puppeteer/browsers/lib/esm/main.js: Deleted
2026/09/18 17:39:43 INFO  : X-PLAN/architecture/figures/node_modules/@swc/helpers/src/_class_name_tdz_error.mjs: Deleted
2026/09/18 17:39:43 INFO  : X-PLAN/architecture/figures/node_modules/antlr4/src/antlr4/TokenSource.js: Deleted
2026/09/18 17:39:43 INFO  : X-PLAN/architecture/figures/node_modules/b4a/lib/base64.js: Deleted
2026/09/18 17:39:43 INFO  : X-PLAN/architecture/figures/node_modules/@tanstack/virtual-core/dist/cjs/utils.cjs.map: Deleted
2026/09/18 17:39:44 INFO  : X-PLAN/architecture/figures/node_modules/@types/d3-fetch/index.d.ts: Deleted
2026/09/18 17:39:44 INFO  : X-PLAN/architecture/figures/node_modules/@types/d3-polygon/index.d.ts: Deleted
2026/09/18 17:39:45 INFO  : X-PLAN/architecture/figures/node_modules/color-string/LICENSE: Deleted
2026/09/18 17:39:45 INFO  : X-PLAN/architecture/figures/node_modules/color-string/index.js: Deleted
2026/09/18 17:39:45 INFO  : X-PLAN/architecture/figures/node_modules/chromium-bidi/lib/cjs/bidiMapper/modules/bluetooth/BluetoothProcessor.js.map: Deleted
2026/09/18 17:39:46 INFO  : X-PLAN/architecture/figures/node_modules/@puppeteer/browsers/package.json: Deleted
2026/09/18 17:39:46 INFO  : X-PLAN/architecture/figures/node_modules/@internationalized/string/dist/index.mjs: Deleted
2026/09/18 17:39:46 INFO  : X-PLAN/architecture/figures/node_modules/@tootallnate/quickjs-emscripten/dist/esmHelpers.js: Deleted
2026/09/18 17:39:47 INFO  : X-PLAN/architecture/figures/node_modules/@mermaid-js/parser/dist/chunks/mermaid-parser.esm/eventmodeling-WVTWYPDW.mjs.map: Deleted
2026/09/18 17:39:47 INFO  : X-PLAN/architecture/figures/node_modules/antlr4/src/antlr4/FileStream.js: Deleted
2026/09/18 17:39:47 INFO  : X-PLAN/architecture/figures/node_modules/ast-types/def/es6.js: Deleted
2026/09/18 17:39:47 INFO  : X-PLAN/architecture/figures/node_modules/chromium-bidi/lib/esm/bidiMapper/modules/cdp/CdpTarget.js: Deleted
2026/09/18 17:39:48 INFO  : X-PLAN/architecture/figures/node_modules/@internationalized/date/dist/types/src/calendars/EthiopicCalendar.d.ts: Deleted
2026/09/18 17:39:48 INFO  : X-PLAN/architecture/figures/node_modules/antlr4/src/antlr4/utils/stringHashCode.js: Deleted
2026/09/18 17:39:48 INFO  : X-PLAN/architecture/figures/node_modules/@mermaid-js/parser/dist/chunks/mermaid-parser.esm.min/chunk-BPJO5MP5.mjs.map: Deleted
2026/09/18 17:39:49 INFO  : X-PLAN/architecture/figures/node_modules/antlr4/src/antlr4/error/ErrorStrategy.js: Deleted
2026/09/18 17:39:49 INFO  : X-PLAN/architecture/figures/node_modules/color-convert/node_modules/color-name/index.js: Deleted
2026/09/18 17:39:49 INFO  : X-PLAN/architecture/figures/node_modules/chromium-bidi/lib/cjs/utils/EventEmitter.js: Deleted
2026/09/18 17:39:50 INFO  : X-PLAN/architecture/figures/node_modules/chromium-bidi/lib/esm/utils/time.js: Deleted
2026/09/18 17:39:50 INFO  : X-PLAN/architecture/figures/node_modules/chromium-bidi/lib/cjs/bidiMapper/modules/context/BrowsingContextProcessor.d.ts: Deleted
2026/09/18 17:39:50 INFO  : X-PLAN/architecture/figures/node_modules/color-string/README.md: Deleted
2026/09/18 17:39:51 INFO  : X-PLAN/architecture/figures/node_modules/@internationalized/date/dist/private/manipulation.js.map: Deleted
2026/09/18 17:39:51 INFO  : X-PLAN/architecture/figures/node_modules/@types/d3-array/package.json: Deleted
2026/09/18 17:39:51 INFO  : X-PLAN/architecture/figures/node_modules/@tootallnate/quickjs-emscripten/dist/memory.js: Deleted
2026/09/18 17:39:52 INFO  : X-PLAN/architecture/figures/node_modules/@tootallnate/quickjs-emscripten/dist/types-ffi.d.ts: Deleted
2026/09/18 17:39:52 INFO  : X-PLAN/architecture/figures/node_modules/@swc/helpers/src/_ts_values.mjs: Deleted
2026/09/18 17:39:52 INFO  : X-PLAN/architecture/figures/node_modules/@mermaid-js/parser/dist/chunks/mermaid-parser.esm.min/chunk-M5R6W4N3.mjs.map: Deleted
2026/09/18 17:39:52 INFO  : X-PLAN/architecture/figures/node_modules/@mermaid-js/mermaid-cli/dist/assets/fa-solid-900-DOQJEhcS.woff2: Deleted
2026/09/18 17:39:53 INFO  : X-PLAN/architecture/figures/node_modules/@mermaid-js/parser/dist/chunks/mermaid-parser.esm/radar-J2HYQY2E.mjs: Deleted
2026/09/18 17:39:54 INFO  : X-PLAN/architecture/figures/node_modules/bare-url/lib/errors.d.ts: Deleted
2026/09/18 17:39:54 INFO  : X-PLAN/architecture/figures/node_modules/antlr4/src/antlr4/tree/SyntaxTree.js: Deleted
2026/09/18 17:39:54 INFO  : X-PLAN/architecture/figures/node_modules/@swc/helpers/LICENSE: Deleted
2026/09/18 17:39:55 INFO  : X-PLAN/architecture/figures/node_modules/@swc/helpers/cjs/_class_apply_descriptor_update.cjs: Deleted
2026/09/18 17:39:55 INFO  : X-PLAN/architecture/figures/node_modules/@swc/helpers/esm/_super_prop_base.js: Deleted
2026/09/18 17:39:55 INFO  : X-PLAN/architecture/figures/node_modules/@puppeteer/browsers/lib/esm/CLI.js.map: Deleted
2026/09/18 17:39:55 INFO  : X-PLAN/architecture/figures/node_modules/@upsetjs/venn.js/build/venn.js: Deleted
2026/09/18 17:39:56 INFO  : X-PLAN/architecture/figures/node_modules/@mermaid-js/parser/dist/chunks/mermaid-parser.esm.min/railroad-LO2ZSTWA.mjs: Deleted
2026/09/18 17:39:56 INFO  : X-PLAN/architecture/figures/node_modules/basic-ftp/dist/StringEncoding.d.ts: Deleted
2026/09/18 17:39:56 INFO  : X-PLAN/architecture/figures/node_modules/@swc/helpers/src/_wrap_async_generator.mjs: Deleted
2026/09/18 17:39:56 INFO  : X-PLAN/architecture/figures/node_modules/bare-fs/prebuilds/android-arm64/bare-fs.bare: Deleted
2026/09/18 17:39:57 INFO  : X-PLAN/architecture/figures/node_modules/@mermaid-js/mermaid-cli/dist/assets/KaTeX_Size3-Regular-CTq5MqoE.woff: Deleted
2026/09/18 17:39:57 INFO  : X-PLAN/architecture/figures/node_modules/@swc/helpers/src/_inherits.mjs: Deleted
2026/09/18 17:39:57 INFO  : X-PLAN/architecture/figures/node_modules/@react-aria/interactions/dist/module.js: Deleted
2026/09/18 17:39:58 INFO  : X-PLAN/architecture/figures/node_modules/ast-types/def/type-annotations.d.ts: Deleted
2026/09/18 17:39:58 INFO  : X-PLAN/architecture/figures/svg/SA-41.svg: Deleted
2026/09/18 17:39:59 INFO  : X-PLAN/architecture/figures/node_modules/@tootallnate/quickjs-emscripten/dist/module-test.js: Deleted
2026/09/18 17:39:59 INFO  : X-PLAN/architecture/figures/node_modules/@mermaid-js/parser/dist/chunks/mermaid-parser.esm/pie-UYTW2GPP.mjs: Deleted
2026/09/18 17:39:59 INFO  : X-PLAN/architecture/figures/node_modules/@mermaid-js/parser/dist/chunks/mermaid-parser.esm/eventmodeling-WVTWYPDW.mjs: Deleted
2026/09/18 17:40:00 INFO  : X-PLAN/architecture/figures/node_modules/chromium-bidi/lib/cjs/cdp/CdpConnection.d.ts: Deleted
2026/09/18 17:40:00 INFO  : X-PLAN/architecture/figures/node_modules/@napi-rs/canvas-linux-x64-gnu/README.md: Deleted
2026/09/18 17:40:01 INFO  : X-PLAN/architecture/figures/node_modules/antlr4/src/antlr4/tree/ParseTreeListener.js: Deleted
2026/09/18 17:40:01 INFO  : X-PLAN/architecture/figures/node_modules/antlr4/src/antlr4/tree/Trees.js: Deleted
2026/09/18 17:40:02 INFO  : X-PLAN/architecture/figures/node_modules/@puppeteer/browsers/lib/esm/fileUtil.d.ts: Deleted
2026/09/18 17:40:02 INFO  : X-PLAN/architecture/figures/node_modules/@types/d3-format/LICENSE: Deleted
2026/09/18 17:40:03 INFO  : X-PLAN/architecture/figures/node_modules/antlr4/src/antlr4/tree/TerminalNode.js: Deleted
2026/09/18 17:40:03 INFO  : X-PLAN/architecture/figures/node_modules/@swc/helpers/src/_instanceof.mjs: Deleted
2026/09/18 17:40:03 INFO  : X-PLAN/architecture/figures/node_modules/@zenuml/core/types/index.d.ts: Deleted
2026/09/18 17:40:04 INFO  : X-PLAN/architecture/figures/svg/SA-10.svg: Deleted
2026/09/18 17:40:04 INFO  : X-PLAN/architecture/figures/node_modules/@mermaid-js/mermaid-cli/src/index.js: Deleted
2026/09/18 17:40:05 INFO  : X-PLAN/architecture/figures/node_modules/@upsetjs/venn.js/build/venn.esm.js: Deleted
2026/09/18 17:40:05 INFO  : X-PLAN/architecture/figures/node_modules/@mermaid-js/mermaid-cli/dist/assets/KaTeX_Main-Regular-ypZvNtVU.ttf: Deleted
2026/09/18 17:40:05 INFO  : X-PLAN/architecture/figures/node_modules/@mermaid-js/parser/dist/chunks/mermaid-parser.core/chunk-5V3GS4D5.mjs: Deleted
2026/09/18 17:40:06 INFO  : X-PLAN/architecture/figures/node_modules/@upsetjs/venn.js/src/circleintersection.spec.js: Deleted
2026/09/18 17:40:06 INFO  : X-PLAN/architecture/figures/node_modules/bare-path/binding.c: Deleted
2026/09/18 17:40:06 INFO  : X-PLAN/architecture/figures/node_modules/@mermaid-js/mermaid-cli/dist-types/src/index.d.ts.map: Deleted
2026/09/18 17:40:06 INFO  : X-PLAN/architecture/figures/node_modules/@mermaid-js/parser/dist/chunks/mermaid-parser.esm/chunk-QTXQJRYY.mjs.map: Deleted
2026/09/18 17:40:07 INFO  : X-PLAN/architecture/figures/node_modules/bare-path/lib/win32.js: Deleted
2026/09/18 17:40:07 INFO  : X-PLAN/architecture/figures/node_modules/@mermaid-js/mermaid-cli/dist/assets/KaTeX_Math-BoldItalic-CZnvNsCZ.woff2: Deleted
2026/09/18 17:40:08 INFO  : X-PLAN/architecture/figures/node_modules/@mermaid-js/mermaid-cli/dist/assets/fa-regular-400-Bf3rG5Nx.ttf: Deleted
2026/09/18 17:40:08 INFO  : X-PLAN/architecture/figures/node_modules/@types/d3/index.d.ts: Deleted
2026/09/18 17:40:08 INFO  : X-PLAN/architecture/figures/node_modules/agent-base/dist/helpers.js: Deleted
2026/09/18 17:40:09 INFO  : X-PLAN/architecture/figures/node_modules/@mermaid-js/parser/dist/chunks/mermaid-parser.esm/railroad-peg-ILRJLCWS.mjs.map: Deleted
2026/09/18 17:40:09 INFO  : X-PLAN/architecture/figures/node_modules/chalk/source/vendor/supports-color/index.js: Deleted
2026/09/18 17:40:09 INFO  : X-PLAN/architecture/figures/node_modules/@internationalized/date/dist/types/src/manipulation.d.ts: Deleted
2026/09/18 17:40:10 INFO  : X-PLAN/architecture/figures/node_modules/@types/d3-timer/LICENSE: Deleted
2026/09/18 17:40:10 INFO  : X-PLAN/architecture/figures/node_modules/@upsetjs/venn.js/LICENSE: Deleted
2026/09/18 17:40:10 INFO  : X-PLAN/architecture/figures/node_modules/@internationalized/date/dist/private/calendars/EthiopicCalendar.cjs.map: Deleted
2026/09/18 17:40:10 INFO  : X-PLAN/architecture/figures/node_modules/@upsetjs/venn.js/src/layout.spec.js: Deleted
2026/09/18 17:40:11 INFO  : X-PLAN/architecture/figures/node_modules/@swc/helpers/src/_class_apply_descriptor_set.mjs: Deleted
2026/09/18 17:40:11 INFO  : X-PLAN/architecture/figures/node_modules/bare-fs/LICENSE: Deleted
2026/09/18 17:40:12 INFO  : X-PLAN/architecture/figures/node_modules/@types/d3-zoom/package.json: Deleted
2026/09/18 17:40:12 INFO  : X-PLAN/architecture/figures/node_modules/@puppeteer/browsers/lib/cjs/browser-data/firefox.js.map: Deleted
2026/09/18 17:40:12 INFO  : X-PLAN/architecture/figures/node_modules/@types/d3-time-format/LICENSE: Deleted
2026/09/18 17:40:12 INFO  : X-PLAN/architecture/figures/node_modules/chromium-bidi/lib/esm/protocol/generated/webdriver-bidi-permissions.js: Deleted
2026/09/18 17:40:13 INFO  : X-PLAN/architecture/figures/node_modules/antlr4/src/antlr4/tree/RuleNode.js: Deleted
2026/09/18 17:40:13 INFO  : X-PLAN/architecture/figures/node_modules/@iconify/types/README.md: Deleted
2026/09/18 17:40:14 INFO  : X-PLAN/architecture/figures/node_modules/@puppeteer/browsers/lib/cjs/browser-data/chromium.d.ts: Deleted
2026/09/18 17:40:14 INFO  : X-PLAN/architecture/figures/node_modules/@puppeteer/browsers/lib/cjs/browser-data/chromedriver.d.ts: Deleted
2026/09/18 17:40:15 INFO  : X-PLAN/architecture/figures/node_modules/ast-types/def/flow.d.ts: Deleted
2026/09/18 17:40:15 INFO  : X-PLAN/architecture/figures/node_modules/@mermaid-js/parser/dist/chunks/mermaid-parser.esm/chunk-DEW74267.mjs: Deleted
2026/09/18 17:40:16 INFO  : X-PLAN/architecture/figures/node_modules/basic-ftp/dist/parseControlResponse.d.ts: Deleted
2026/09/18 17:40:16 INFO  : X-PLAN/architecture/figures/node_modules/@swc/helpers/esm/_await_async_generator.js: Deleted
2026/09/18 17:40:17 INFO  : X-PLAN/architecture/figures/node_modules/antlr4/src/antlr4/atn/ATNType.js: Deleted
2026/09/18 17:40:17 INFO  : X-PLAN/architecture/figures/node_modules/antlr4/src/antlr4/state/BlockStartState.js: Deleted
2026/09/18 17:40:18 INFO  : X-PLAN/architecture/figures/node_modules/@swc/helpers/cjs/_class_static_private_field_update.cjs: Deleted
2026/09/18 17:40:18 INFO  : X-PLAN/architecture/figures/node_modules/@types/d3-transition/README.md: Deleted
2026/09/18 17:40:18 INFO  : X-PLAN/architecture/figures/node_modules/@swc/helpers/cjs/_set.cjs: Deleted
2026/09/18 17:40:19 INFO  : X-PLAN/architecture/figures/node_modules/ansi-styles/package.json: Deleted
2026/09/18 17:40:20 INFO  : X-PLAN/architecture/figures/node_modules/@puppeteer/browsers/lib/cjs/browser-data/chromium.js: Deleted
2026/09/18 17:40:20 INFO  : X-PLAN/architecture/figures/node_modules/@mermaid-js/mermaid-zenuml/dist/chunks/mermaid-zenuml.esm.min/zenuml-definition-EPHX7WPJ.mjs.map: Deleted
2026/09/18 17:40:20 INFO  : X-PLAN/architecture/figures/node_modules/bare-path/CMakeLists.txt: Deleted
2026/09/18 17:40:20 INFO  : X-PLAN/architecture/figures/node_modules/cytoscape/playwright.config.js: Deleted
2026/09/18 17:40:21 INFO  : X-PLAN/architecture/figures/node_modules/@swc/helpers/cjs/_construct.cjs: Deleted
2026/09/18 17:40:21 INFO  : X-PLAN/architecture/figures/node_modules/@swc/helpers/cjs/_unsupported_iterable_to_array.cjs: Deleted
2026/09/18 17:40:21 INFO  : X-PLAN/architecture/figures/node_modules/@puppeteer/browsers/lib/cjs/httpUtil.js: Deleted
2026/09/18 17:40:22 INFO  : X-PLAN/architecture/figures/node_modules/@internationalized/date/dist/types/src/types.d.ts: Deleted
2026/09/18 17:40:22 INFO  : X-PLAN/architecture/figures/node_modules/cytoscape-cose-bilkent/.babelrc: Deleted
2026/09/18 17:40:23 INFO  : X-PLAN/architecture/figures/node_modules/@upsetjs/venn.js/build/venn.min.js: Deleted
2026/09/18 17:40:23 INFO  : X-PLAN/architecture/figures/node_modules/@braintree/sanitize-url/dist/index.d.ts: Deleted
2026/09/18 17:40:23 INFO  : X-PLAN/architecture/figures/node_modules/@mermaid-js/mermaid-cli/dist/assets/KaTeX_Main-Regular-Dr94JaBh.woff: Deleted
2026/09/18 17:40:25 INFO  : X-PLAN/architecture/figures/node_modules/@headlessui/tailwindcss/README.md: Deleted
2026/09/18 17:40:26 INFO  : X-PLAN/architecture/figures/node_modules/@internationalized/date/dist/types/src/calendars/IslamicCalendar.d.ts: Deleted
2026/09/18 17:40:26 INFO  : X-PLAN/architecture/figures/node_modules/@internationalized/number/dist/index.js.map: Deleted
2026/09/18 17:40:28 INFO  : X-PLAN/architecture/figures/node_modules/@puppeteer/browsers/lib/esm/browser-data/chrome-headless-shell.d.ts: Deleted
2026/09/18 17:40:29 INFO  : X-PLAN/architecture/figures/node_modules/cosmiconfig/dist/defaults.d.ts: Deleted
2026/09/18 17:40:29 INFO  : X-PLAN/architecture/figures/node_modules/@mermaid-js/parser/dist/chunks/mermaid-parser.esm.min/treeView-QZBI6MVZ.mjs.map: Deleted
2026/09/18 17:40:29 INFO  : X-PLAN/architecture/figures/node_modules/chromium-bidi/README.md: Deleted
2026/09/18 17:40:32 INFO  : X-PLAN/architecture/figures/node_modules/@puppeteer/browsers/lib/cjs/fileUtil.js: Deleted
2026/09/18 17:40:32 INFO  : X-PLAN/architecture/figures/node_modules/chromium-bidi/lib/esm/bidiMapper/modules/cdp/CdpProcessor.js: Deleted
2026/09/18 17:40:32 INFO  : X-PLAN/architecture/figures/node_modules/@internationalized/date/dist/private/calendars/IndianCalendar.mjs: Deleted
2026/09/18 17:40:32 INFO  : X-PLAN/architecture/figures/node_modules/@internationalized/number/dist/private/NumberFormatter.mjs: Deleted
2026/09/18 17:40:35 INFO  : X-PLAN/architecture/figures/node_modules/antlr4/src/antlr4/error/BailErrorStrategy.js: Deleted
2026/09/18 17:40:35 INFO  : X-PLAN/architecture/figures/node_modules/@react-aria/focus/dist/types/src/index.d.ts: Deleted
2026/09/18 17:40:35 INFO  : X-PLAN/architecture/figures/node_modules/@mermaid-js/parser/dist/chunks/mermaid-parser.esm.min/radar-JY2HPGN7.mjs.map: Deleted
2026/09/18 17:40:36 INFO  : X-PLAN/architecture/figures/node_modules/@mermaid-js/mermaid-cli/dist/assets/KaTeX_Main-Italic-BMLOBm91.woff: Deleted
2026/09/18 17:40:37 INFO  : X-PLAN/architecture/figures/node_modules/basic-ftp/package.json: Deleted
2026/09/18 17:40:39 INFO  : X-PLAN/architecture/figures/node_modules/chromium-bidi/lib/esm/cdp/CdpConnection.js.map: Deleted
2026/09/18 17:40:40 INFO  : X-PLAN/architecture/figures/node_modules/@tootallnate/quickjs-emscripten/dist/generated/emscripten-module.WASM_RELEASE_SYNC.d.ts: Deleted
2026/09/18 17:40:41 INFO  : X-PLAN/architecture/figures/node_modules/@mermaid-js/mermaid-cli/dist/assets/KaTeX_SansSerif-Italic-DN2j7dab.woff: Deleted
2026/09/18 17:40:41 INFO  : X-PLAN/architecture/figures/node_modules/bare-path/package.json: Deleted
2026/09/18 17:40:41 INFO  : X-PLAN/architecture/figures/node_modules/@mermaid-js/parser/dist/chunks/mermaid-parser.esm.min/info-CTUXQLLE.mjs.map: Deleted
2026/09/18 17:40:43 INFO  : X-PLAN/architecture/figures/node_modules/@internationalized/date/dist/private/manipulation.mjs: Deleted
2026/09/18 17:40:43 INFO  : X-PLAN/architecture/figures/node_modules/@types/d3-zoom/index.d.ts: Deleted
2026/09/18 17:40:43 INFO  : X-PLAN/architecture/figures/node_modules/@swc/helpers/_/_class_check_private_static_field_descriptor/package.json: Deleted
2026/09/18 17:40:43 INFO  : X-PLAN/architecture/figures/node_modules/@mermaid-js/parser/dist/chunks/mermaid-parser.esm/chunk-E2OJO47P.mjs.map: Deleted
2026/09/18 17:40:44 INFO  : X-PLAN/architecture/figures/node_modules/@swc/helpers/esm/_create_for_of_iterator_helper_loose.js: Deleted
2026/09/18 17:40:44 INFO  : X-PLAN/architecture/figures/node_modules/@internationalized/number/README.md: Deleted
2026/09/18 17:40:44 INFO  : X-PLAN/architecture/figures/node_modules/@swc/helpers/cjs/_get_prototype_of.cjs: Deleted
2026/09/18 17:40:44 INFO  : X-PLAN/architecture/figures/node_modules/chromium-bidi/lib/esm/utils/EventEmitter.d.ts: Deleted
2026/09/18 17:40:45 INFO  : X-PLAN/architecture/figures/node_modules/antlr4/spec/support/jasmine.json: Deleted
2026/09/18 17:40:46 INFO  : X-PLAN/architecture/figures/node_modules/@mermaid-js/parser/dist/chunks/mermaid-parser.esm.min/chunk-OE7WAEHP.mjs: Deleted
2026/09/18 17:40:46 INFO  : X-PLAN/architecture/figures/node_modules/@internationalized/date/dist/types/src/queries.d.ts: Deleted
2026/09/18 17:40:46 INFO  : X-PLAN/architecture/figures/node_modules/color-string/index.d.ts: Deleted
2026/09/18 17:40:47 INFO  : X-PLAN/architecture/figures/node_modules/@internationalized/date/dist/private/calendars/JapaneseCalendar.cjs.map: Deleted
2026/09/18 17:40:47 INFO  : X-PLAN/architecture/figures/node_modules/chromium-bidi/lib/cjs/bidiTab/Transport.js: Deleted
2026/09/18 17:40:47 INFO  : X-PLAN/architecture/figures/node_modules/@puppeteer/browsers/src/browser-data/browser-data.ts: Deleted
2026/09/18 17:40:47 INFO  : X-PLAN/architecture/figures/node_modules/@swc/helpers/esm/_define_property.js: Deleted
2026/09/18 17:40:48 INFO  : X-PLAN/architecture/figures/node_modules/@mermaid-js/parser/dist/chunks/mermaid-parser.esm/packet-YVFSY34C.mjs.map: Deleted
2026/09/18 17:40:48 INFO  : X-PLAN/architecture/figures/node_modules/@mermaid-js/parser/dist/chunks/mermaid-parser.esm/treeView-2LALZXKK.mjs.map: Deleted
2026/09/18 17:40:48 INFO  : X-PLAN/architecture/figures/node_modules/@mermaid-js/parser/dist/chunks/mermaid-parser.core/railroad-ebnf-LZEXJU2U.mjs: Deleted
2026/09/18 17:40:48 INFO  : X-PLAN/architecture/figures/node_modules/ast-types/types.d.ts: Deleted
2026/09/18 17:40:49 INFO  : X-PLAN/architecture/figures/node_modules/@types/d3-random/LICENSE: Deleted
2026/09/18 17:40:49 INFO  : X-PLAN/architecture/figures/node_modules/cosmiconfig/dist/index.d.ts: Deleted
2026/09/18 17:40:49 INFO  : X-PLAN/architecture/figures/node_modules/@mermaid-js/mermaid-zenuml/dist/zenuml-definition.d.ts: Deleted
2026/09/18 17:40:49 INFO  : X-PLAN/architecture/figures/node_modules/basic-ftp/dist/transfer.js: Deleted
2026/09/18 17:40:50 INFO  : X-PLAN/architecture/figures/node_modules/bare-path/binding.js: Deleted
2026/09/18 17:40:51 INFO  : X-PLAN/architecture/figures/node_modules/chromium-bidi/lib/esm/bidiServer/WebSocketServer.d.ts: Deleted
2026/09/18 17:40:51 INFO  : X-PLAN/architecture/figures/node_modules/antlr4/src/antlr4/tree/ErrorNodeImpl.js: Deleted
2026/09/18 17:40:51 INFO  : X-PLAN/architecture/figures/node_modules/ast-types/def/jsx.js: Deleted
2026/09/18 17:40:52 INFO  : X-PLAN/architecture/figures/node_modules/chromium-bidi/lib/esm/cdp/CdpClient.js.map: Deleted
2026/09/18 17:40:52 INFO  : X-PLAN/architecture/figures/node_modules/@mermaid-js/mermaid-cli/dist/assets/fa-regular-400-DgEfZSYE.woff2: Deleted
2026/09/18 17:40:52 INFO  : X-PLAN/architecture/figures/node_modules/@puppeteer/browsers/lib/cjs/Cache.js: Deleted
2026/09/18 17:40:52 INFO  : X-PLAN/architecture/figures/node_modules/@react-types/shared/src/collections.d.ts: Deleted
2026/09/18 17:40:55 INFO  : X-PLAN/architecture/figures/svg/SA-24.svg: Deleted
2026/09/18 17:40:55 INFO  : X-PLAN/architecture/figures/node_modules/@mermaid-js/parser/dist/chunks/mermaid-parser.esm/gitGraph-ABMJHP3C.mjs: Deleted
2026/09/18 17:40:55 INFO  : X-PLAN/architecture/figures/node_modules/@puppeteer/browsers/lib/cjs/main-cli.d.ts: Deleted
2026/09/18 17:40:55 INFO  : X-PLAN/architecture/figures/node_modules/@internationalized/date/dist/private/calendars/IslamicCalendar.cjs.map: Deleted
2026/09/18 17:40:56 INFO  : X-PLAN/architecture/figures/node_modules/@braintree/sanitize-url/.eslintignore: Deleted
2026/09/18 17:40:56 INFO  : X-PLAN/architecture/figures/node_modules/@swc/helpers/esm/_get_prototype_of.js: Deleted
2026/09/18 17:40:56 INFO  : X-PLAN/architecture/figures/node_modules/antlr4/src/antlr4/tree/ParseTreeWalker.js: Deleted
2026/09/18 17:40:56 INFO  : X-PLAN/architecture/figures/node_modules/bare-events/global.d.ts: Deleted
2026/09/18 17:40:57 INFO  : X-PLAN/architecture/figures/svg/SA-38.svg: Deleted
2026/09/18 17:40:57 INFO  : X-PLAN/architecture/figures/node_modules/@puppeteer/browsers/lib/esm/detectPlatform.js: Deleted
2026/09/18 17:40:57 INFO  : X-PLAN/architecture/figures/node_modules/@swc/helpers/src/_overload_yield.mjs: Deleted
2026/09/18 17:40:58 INFO  : X-PLAN/architecture/figures/node_modules/@mermaid-js/mermaid-cli/dist/assets/KaTeX_Size2-Regular-B7gKUWhC.ttf: Deleted
2026/09/18 17:40:58 INFO  : X-PLAN/architecture/figures/node_modules/argparse/LICENSE: Deleted
2026/09/18 17:40:58 INFO  : X-PLAN/architecture/figures/node_modules/chromium-bidi/lib/esm/bidiMapper/CommandProcessor.js: Deleted
2026/09/18 17:40:58 INFO  : X-PLAN/architecture/figures/node_modules/antlr4/.eslintrc.yml: Deleted
2026/09/18 17:40:59 INFO  : X-PLAN/architecture/figures/node_modules/chromium-bidi/lib/cjs/bidiMapper/modules/browser/BrowserProcessor.js: Deleted
2026/09/18 17:41:00 INFO  : X-PLAN/architecture/figures/node_modules/chromium-bidi/lib/cjs/bidiMapper/modules/cdp/CdpTargetManager.d.ts: Deleted
2026/09/18 17:41:00 INFO  : X-PLAN/architecture/figures/node_modules/@swc/helpers/src/_call_super.mjs: Deleted
2026/09/18 17:41:00 INFO  : X-PLAN/architecture/figures/node_modules/@internationalized/date/dist/private/calendars/GregorianCalendar.js.map: Deleted
2026/09/18 17:41:00 INFO  : X-PLAN/architecture/figures/node_modules/antlr4/src/antlr4/error/index.js: Deleted
2026/09/18 17:41:01 INFO  : X-PLAN/architecture/figures/node_modules/antlr4/src/antlr4/state/StarLoopEntryState.js: Deleted
2026/09/18 17:41:02 INFO  : X-PLAN/architecture/figures/node_modules/chromium-bidi/lib/cjs/utils/UrlHelpers.js.map: Deleted
2026/09/18 17:41:04 INFO  : X-PLAN/architecture/figures/node_modules/@puppeteer/browsers/lib/cjs/httpUtil.js.map: Deleted
2026/09/18 17:41:04 INFO  : X-PLAN/architecture/figures/node_modules/ast-types/def/flow.js: Deleted
2026/09/18 17:41:05 INFO  : X-PLAN/architecture/figures/node_modules/chromium-bidi/lib/esm/utils/Buffer.js: Deleted
2026/09/18 17:41:05 INFO  : X-PLAN/architecture/figures/node_modules/@babel/code-frame/README.md: Deleted
2026/09/18 17:41:06 INFO  : X-PLAN/architecture/figures/node_modules/@internationalized/date/dist/index.mjs.map: Deleted
2026/09/18 17:41:06 INFO  : X-PLAN/architecture/figures/node_modules/antlr4/src/antlr4/atn/OrderedATNConfigSet.js: Deleted
2026/09/18 17:41:08 INFO  : X-PLAN/architecture/figures/node_modules/@babel/helper-validator-identifier/lib/keyword.js: Deleted
2026/09/18 17:41:08 INFO  : X-PLAN/architecture/figures/node_modules/@swc/helpers/esm/_class_static_private_field_destructure.js: Deleted
2026/09/18 17:41:08 INFO  : X-PLAN/architecture/figures/node_modules/@tootallnate/quickjs-emscripten/dist/module-asyncify.js.map: Deleted
2026/09/18 17:41:08 INFO  : X-PLAN/architecture/figures/node_modules/@swc/helpers/src/_class_check_private_static_field_descriptor.mjs: Deleted
2026/09/18 17:41:10 INFO  : X-PLAN/architecture/figures/node_modules/chromium-bidi/lib/esm/bidiTab/BidiParser.js.map: Deleted
2026/09/18 17:41:10 INFO  : X-PLAN/architecture/figures/node_modules/@swc/helpers/src/_class_static_private_field_destructure.mjs: Deleted
2026/09/18 17:41:10 INFO  : X-PLAN/architecture/figures/node_modules/chromium-bidi/lib/cjs/protocol/chromium-bidi.js: Deleted
2026/09/18 17:41:10 INFO  : X-PLAN/architecture/figures/node_modules/chromium-bidi/lib/cjs/bidiMapper/BidiMapper.d.ts: Deleted
2026/09/18 17:41:12 INFO  : X-PLAN/architecture/figures/node_modules/chromium-bidi/lib/esm/protocol/generated/webdriver-bidi.js: Deleted
2026/09/18 17:41:12 INFO  : X-PLAN/architecture/figures/node_modules/chromium-bidi/lib/esm/utils/DefaultMap.js.map: Deleted
2026/09/18 17:41:12 INFO  : X-PLAN/architecture/figures/node_modules/@mermaid-js/mermaid-cli/dist/assets/KaTeX_AMS-Regular-BQhdFMY1.woff2: Deleted
2026/09/18 17:41:12 INFO  : X-PLAN/architecture/figures/node_modules/@swc/helpers/cjs/_to_consumable_array.cjs: Deleted
2026/09/18 17:41:13 INFO  : X-PLAN/architecture/figures/node_modules/@tootallnate/quickjs-emscripten/dist/generated/emscripten-module.WASM_RELEASE_SYNC.js.map: Deleted
2026/09/18 17:41:14 INFO  : X-PLAN/architecture/figures/node_modules/@internationalized/date/dist/types/src/calendars/TaiwanCalendar.d.ts: Deleted
2026/09/18 17:41:14 INFO  : X-PLAN/architecture/figures/node_modules/bare-stream/README.md: Deleted
2026/09/18 17:41:14 INFO  : X-PLAN/architecture/figures/node_modules/@swc/helpers/esm/_export_star.js: Deleted
2026/09/18 17:41:15 INFO  : X-PLAN/architecture/figures/node_modules/bare-path/prebuilds/ios-x64-simulator/bare-path.bare: Deleted
2026/09/18 17:41:15 INFO  : X-PLAN/architecture/figures/node_modules/buffer-crc32/package.json: Deleted
2026/09/18 17:41:15 INFO  : X-PLAN/architecture/figures/node_modules/clsx/dist/clsx.mjs: Deleted
2026/09/18 17:41:15 INFO  : X-PLAN/architecture/figures/node_modules/@react-types/shared/src/selection.d.ts: Deleted
2026/09/18 17:41:16 INFO  : X-PLAN/architecture/figures/node_modules/@mermaid-js/parser/dist/chunks/mermaid-parser.esm.min/packet-FTHM355D.mjs.map: Deleted
2026/09/18 17:41:16 INFO  : X-PLAN/architecture/figures/node_modules/@react-aria/interactions/src/index.ts: Deleted
2026/09/18 17:41:17 INFO  : X-PLAN/architecture/figures/node_modules/ast-types/README.md: Deleted
2026/09/18 17:41:19 INFO  : X-PLAN/architecture/figures/node_modules/@types/d3-path/index.d.ts: Deleted
2026/09/18 17:41:19 INFO  : X-PLAN/architecture/figures/node_modules/@puppeteer/browsers/src/launch.ts: Deleted
2026/09/18 17:41:19 INFO  : X-PLAN/architecture/figures/node_modules/@tootallnate/quickjs-emscripten/c/interface.c: Deleted
2026/09/18 17:41:19 INFO  : X-PLAN/architecture/figures/node_modules/chromium-bidi/lib/esm/bidiMapper/BidiNoOpParser.js: Deleted
2026/09/18 17:41:21 INFO  : X-PLAN/architecture/figures/node_modules/@internationalized/date/dist/types/src/index.d.ts: Deleted
2026/09/18 17:41:21 INFO  : X-PLAN/architecture/figures/node_modules/@internationalized/string/dist/private/LocalizedStringFormatter.cjs.map: Deleted
2026/09/18 17:41:21 INFO  : X-PLAN/architecture/figures/node_modules/@swc/helpers/_/_async_iterator/package.json: Deleted
2026/09/18 17:41:21 INFO  : X-PLAN/architecture/figures/node_modules/@swc/helpers/cjs/_sliced_to_array_loose.cjs: Deleted
2026/09/18 17:41:22 INFO  : X-PLAN/architecture/figures/node_modules/@mermaid-js/parser/dist/chunks/mermaid-parser.esm.min/wardley-52OBY6EM.mjs.map: Deleted
2026/09/18 17:41:22 INFO  : X-PLAN/architecture/figures/node_modules/basic-ftp/dist/index.d.ts: Deleted
2026/09/18 17:41:23 INFO  : X-PLAN/architecture/figures/node_modules/chromium-bidi/lib/cjs/protocol-parser/generated/webdriver-bidi-permissions.js: Deleted
2026/09/18 17:41:23 INFO  : X-PLAN/architecture/figures/node_modules/@mermaid-js/mermaid-zenuml/README.md: Deleted
2026/09/18 17:41:24 INFO  : X-PLAN/architecture/figures/node_modules/@puppeteer/browsers/lib/esm/debug.d.ts: Deleted
2026/09/18 17:41:24 INFO  : X-PLAN/architecture/figures/node_modules/@swc/helpers/_/_class_apply_descriptor_destructure/package.json: Deleted
2026/09/18 17:41:24 INFO  : X-PLAN/architecture/figures/node_modules/chromium-bidi/lib/esm/utils/ProcessingQueue.js: Deleted
2026/09/18 17:41:24 INFO  : X-PLAN/architecture/figures/node_modules/@zenuml/core/dist/vendor/highlightjs/github-dark.min.css: Deleted
2026/09/18 17:41:25 INFO  : X-PLAN/architecture/figures/node_modules/aria-hidden/dist/es5/index.js: Deleted
2026/09/18 17:41:25 INFO  : X-PLAN/architecture/figures/node_modules/.package-lock.json: Deleted
2026/09/18 17:41:25 INFO  : X-PLAN/architecture/figures/node_modules/@braintree/sanitize-url/package.json: Deleted
2026/09/18 17:41:25 INFO  : X-PLAN/architecture/figures/node_modules/@internationalized/date/README.md: Deleted
2026/09/18 17:41:26 INFO  : X-PLAN/architecture/figures/node_modules/bare-events/global.js: Deleted
2026/09/18 17:41:26 INFO  : X-PLAN/architecture/figures/node_modules/@swc/helpers/cjs/_ts_metadata.cjs: Deleted
2026/09/18 17:41:27 INFO  : X-PLAN/architecture/figures/node_modules/b4a/lib/ascii.js: Deleted
2026/09/18 17:41:27 INFO  : X-PLAN/architecture/figures/node_modules/chromium-bidi/lib/esm/protocol/protocol.d.ts: Deleted
2026/09/18 17:41:28 INFO  : X-PLAN/architecture/figures/node_modules/@puppeteer/browsers/lib/cjs/CLI.d.ts: Deleted
2026/09/18 17:41:28 INFO  : X-PLAN/architecture/figures/node_modules/buffer/README.md: Deleted
2026/09/18 17:41:28 INFO  : X-PLAN/architecture/figures/node_modules/antlr4/src/antlr4/transition/Transition.js: Deleted
2026/09/18 17:41:28 INFO  : X-PLAN/architecture/figures/node_modules/@puppeteer/browsers/lib/cjs/launch.js: Deleted
2026/09/18 17:41:29 INFO  : X-PLAN/architecture/figures/node_modules/@mermaid-js/parser/dist/chunks/mermaid-parser.esm/architecture-RL3TTVMG.mjs: Deleted
2026/09/18 17:41:29 INFO  : X-PLAN/architecture/figures/node_modules/@mermaid-js/parser/dist/chunks/mermaid-parser.core/railroad-abnf-HS5TGJTU.mjs.map: Deleted
2026/09/18 17:41:29 INFO  : X-PLAN/architecture/figures/node_modules/bare-fs/README.md: Deleted
2026/09/18 17:41:29 INFO  : X-PLAN/architecture/figures/node_modules/@types/d3-fetch/README.md: Deleted
2026/09/18 17:41:30 INFO  : X-PLAN/architecture/figures/node_modules/cytoscape/README.md: Deleted
2026/09/18 17:41:31 INFO  : X-PLAN/architecture/figures/node_modules/bare-fs/prebuilds/android-arm/bare-fs.bare: Deleted
2026/09/18 17:41:31 INFO  : X-PLAN/architecture/figures/node_modules/chromium-bidi/lib/esm/protocol/generated/webdriver-bidi.js.map: Deleted
2026/09/18 17:41:31 INFO  : X-PLAN/architecture/figures/node_modules/chromium-bidi/lib/cjs/utils/unitConversions.d.ts: Deleted
2026/09/18 17:41:31 INFO  : X-PLAN/architecture/figures/svg/SA-33.svg: Deleted
2026/09/18 17:41:32 INFO  : X-PLAN/architecture/figures/node_modules/@puppeteer/browsers/lib/esm/CLI.d.ts: Deleted
2026/09/18 17:41:32 INFO  : X-PLAN/architecture/figures/node_modules/@internationalized/date/src/string.ts: Deleted
2026/09/18 17:41:32 INFO  : X-PLAN/architecture/figures/node_modules/@tootallnate/quickjs-emscripten/dist/emscripten-types.js.map: Deleted
2026/09/18 17:41:33 INFO  : X-PLAN/architecture/figures/node_modules/@zenuml/core/dist/CNAME.txt: Deleted
2026/09/18 17:41:33 INFO  : X-PLAN/architecture/figures/node_modules/antlr4/src/antlr4/dfa/index.js: Deleted
2026/09/18 17:41:33 INFO  : X-PLAN/architecture/figures/node_modules/chromium-bidi/lib/cjs/bidiMapper/modules/context/BrowsingContextStorage.d.ts: Deleted
2026/09/18 17:41:33 INFO  : X-PLAN/architecture/figures/node_modules/chromium-bidi/lib/cjs/bidiMapper/modules/cdp/TargetEvents.js.map: Deleted
2026/09/18 17:41:34 INFO  : X-PLAN/architecture/figures/svg/SA-32.svg: Deleted
2026/09/18 17:41:34 INFO  : X-PLAN/architecture/figures/node_modules/@mermaid-js/parser/dist/chunks/mermaid-parser.esm.min/pie-CEW4W6Q6.mjs: Deleted
2026/09/18 17:41:34 INFO  : X-PLAN/architecture/figures/node_modules/@mermaid-js/mermaid-cli/dist/assets/KaTeX_Main-BoldItalic-DzxPMmG6.ttf: Deleted
2026/09/18 17:41:35 INFO  : X-PLAN/architecture/figures/node_modules/@swc/helpers/esm/_initializer_warning_helper.js: Deleted
2026/09/18 17:41:35 INFO  : X-PLAN/architecture/figures/node_modules/@mermaid-js/parser/dist/src/index.d.ts: Deleted
2026/09/18 17:41:35 INFO  : X-PLAN/architecture/figures/node_modules/@swc/helpers/src/_initializer_define_property.mjs: Deleted
2026/09/18 17:41:36 INFO  : X-PLAN/architecture/figures/node_modules/bare-path/index.js: Deleted
2026/09/18 17:41:36 INFO  : X-PLAN/architecture/figures/node_modules/aria-hidden/dist/es2019/index.d.ts: Deleted
2026/09/18 17:41:36 INFO  : X-PLAN/architecture/figures/node_modules/bare-fs/prebuilds/linux-arm64/bare-fs.bare: Deleted
2026/09/18 17:41:36 INFO  : X-PLAN/architecture/figures/node_modules/buffer-crc32/index.js: Deleted
2026/09/18 17:41:37 INFO  : X-PLAN/architecture/figures/node_modules/@internationalized/date/dist/private/CalendarDate.mjs.map: Deleted
2026/09/18 17:41:37 INFO  : X-PLAN/architecture/figures/node_modules/@swc/helpers/cjs/_decorate.cjs: Deleted
2026/09/18 17:41:38 INFO  : X-PLAN/architecture/figures/node_modules/@swc/helpers/cjs/_initializer_warning_helper.cjs: Deleted
2026/09/18 17:41:38 INFO  : X-PLAN/architecture/figures/node_modules/@tootallnate/quickjs-emscripten/dist/runtime.d.ts: Deleted
2026/09/18 17:41:38 INFO  : X-PLAN/architecture/figures/node_modules/@swc/helpers/src/_sliced_to_array_loose.mjs: Deleted
2026/09/18 17:41:38 INFO  : X-PLAN/architecture/figures/node_modules/@types/d3-delaunay/package.json: Deleted
2026/09/18 17:41:39 INFO  : X-PLAN/architecture/figures/node_modules/chromium-bidi/lib/cjs/bidiMapper/BidiServer.js: Deleted
2026/09/18 17:41:39 INFO  : X-PLAN/architecture/figures/node_modules/@babel/code-frame/LICENSE: Deleted
2026/09/18 17:41:39 INFO  : X-PLAN/architecture/figures/node_modules/@napi-rs/canvas-linux-x64-gnu/package.json: Deleted
2026/09/18 17:41:39 INFO  : X-PLAN/architecture/figures/node_modules/@tootallnate/quickjs-emscripten/dist/module.js: Deleted
2026/09/18 17:41:40 INFO  : X-PLAN/architecture/figures/node_modules/chromium-bidi/lib/esm/bidiMapper/OutgoingMessage.d.ts: Deleted
2026/09/18 17:41:40 INFO  : X-PLAN/architecture/figures/node_modules/@puppeteer/browsers/README.md: Deleted
2026/09/18 17:41:41 INFO  : X-PLAN/architecture/figures/node_modules/@mermaid-js/mermaid-zenuml/dist/chunks/mermaid-zenuml.esm/zenuml-definition-PXHHV43P.mjs.map: Deleted
2026/09/18 17:41:41 INFO  : X-PLAN/architecture/figures/node_modules/chromium-bidi/lib/cjs/protocol/cdp.js: Deleted
2026/09/18 17:41:41 INFO  : X-PLAN/architecture/figures/node_modules/@mermaid-js/mermaid-zenuml/dist/mermaid-zenuml.esm.mjs: Deleted
2026/09/18 17:41:42 INFO  : X-PLAN/architecture/figures/node_modules/ansi-regex/readme.md: Deleted
2026/09/18 17:41:42 INFO  : X-PLAN/architecture/figures/node_modules/@types/d3-drag/README.md: Deleted
2026/09/18 17:41:42 INFO  : X-PLAN/architecture/figures/node_modules/chromium-bidi/lib/esm/cdp/CdpClient.js: Deleted
2026/09/18 17:41:43 INFO  : X-PLAN/architecture/figures/node_modules/antlr4/src/antlr4/atn/PredictionMode.js: Deleted
2026/09/18 17:41:43 INFO  : X-PLAN/architecture/figures/node_modules/bare-fs/prebuilds/android-x64/bare-fs.bare: Deleted
2026/09/18 17:41:43 INFO  : X-PLAN/architecture/figures/node_modules/@braintree/sanitize-url/CHANGELOG.md: Deleted
2026/09/18 17:41:44 INFO  : X-PLAN/architecture/figures/node_modules/@iconify/types/provider.d.ts: Deleted
2026/09/18 17:41:44 INFO  : X-PLAN/architecture/figures/node_modules/@swc/helpers/cjs/_instanceof.cjs: Deleted
2026/09/18 17:41:44 INFO  : X-PLAN/architecture/figures/node_modules/@swc/helpers/esm/_array_without_holes.js: Deleted
2026/09/18 17:41:45 INFO  : X-PLAN/architecture/figures/node_modules/@tootallnate/quickjs-emscripten/dist/types.d.ts: Deleted
2026/09/18 17:41:45 INFO  : X-PLAN/architecture/figures/node_modules/@mermaid-js/parser/dist/chunks/mermaid-parser.esm/architecture-RL3TTVMG.mjs.map: Deleted
2026/09/18 17:41:45 INFO  : X-PLAN/architecture/figures/node_modules/@types/geojson/README.md: Deleted
2026/09/18 17:41:46 INFO  : X-PLAN/architecture/figures/node_modules/@swc/helpers/esm/_tagged_template_literal_loose.js: Deleted
2026/09/18 17:41:46 INFO  : X-PLAN/architecture/figures/node_modules/@types/d3-dispatch/LICENSE: Deleted
2026/09/18 17:41:46 INFO  : X-PLAN/architecture/figures/node_modules/@types/d3-interpolate/package.json: Deleted
2026/09/18 17:41:46 INFO  : X-PLAN/architecture/figures/node_modules/callsites/index.d.ts: Deleted
2026/09/18 17:41:47 INFO  : X-PLAN/architecture/figures/node_modules/chromium-bidi/lib/esm/bidiServer/index.js.map: Deleted
2026/09/18 17:41:47 INFO  : X-PLAN/architecture/figures/node_modules/chromium-bidi/lib/cjs/bidiMapper/BidiTransport.js.map: Deleted
2026/09/18 17:41:47 INFO  : X-PLAN/architecture/figures/node_modules/@swc/helpers/cjs/_class_private_field_destructure.cjs: Deleted
2026/09/18 17:41:48 INFO  : X-PLAN/architecture/figures/node_modules/@swc/helpers/cjs/_class_private_field_loose_base.cjs: Deleted
2026/09/18 17:41:48 INFO  : X-PLAN/architecture/figures/node_modules/bare-path/prebuilds/ios-arm64-simulator/bare-path.bare: Deleted
2026/09/18 17:41:48 INFO  : X-PLAN/architecture/figures/node_modules/@puppeteer/browsers/lib/cjs/CLI.js: Deleted
2026/09/18 17:41:48 INFO  : X-PLAN/architecture/figures/node_modules/@internationalized/date/dist/index.cjs: Deleted
2026/09/18 17:41:49 INFO  : X-PLAN/architecture/figures/node_modules/@mermaid-js/parser/dist/chunks/mermaid-parser.esm/chunk-YSXASIHP.mjs.map: Deleted
2026/09/18 17:41:49 INFO  : X-PLAN/architecture/figures/node_modules/@types/d3-drag/index.d.ts: Deleted
2026/09/18 17:41:50 INFO  : X-PLAN/architecture/figures/node_modules/antlr4/src/antlr4/tree/index.js: Deleted
2026/09/18 17:41:50 INFO  : X-PLAN/architecture/figures/node_modules/ast-types/.github/workflows/main.yml: Deleted
2026/09/18 17:41:50 INFO  : X-PLAN/architecture/figures/node_modules/@swc/helpers/cjs/_iterable_to_array_limit_loose.cjs: Deleted
2026/09/18 17:41:51 INFO  : X-PLAN/architecture/figures/node_modules/@tootallnate/quickjs-emscripten/dist/asyncify-helpers.js: Deleted
2026/09/18 17:41:51 INFO  : X-PLAN/architecture/figures/node_modules/ast-types/gen/visitor.js: Deleted
2026/09/18 17:41:51 INFO  : X-PLAN/architecture/figures/node_modules/bare-path/prebuilds/darwin-x64/bare-path.bare: Deleted
2026/09/18 17:41:51 INFO  : X-PLAN/architecture/figures/node_modules/@types/d3-axis/LICENSE: Deleted
2026/09/18 17:41:52 INFO  : X-PLAN/architecture/figures/node_modules/chromium-bidi/lib/cjs/protocol/generated/webdriver-bidi-permissions.js: Deleted
2026/09/18 17:41:52 INFO  : X-PLAN/architecture/figures/node_modules/@types/geojson/package.json: Deleted
2026/09/18 17:41:52 INFO  : X-PLAN/architecture/figures/node_modules/@floating-ui/react/package.json: Deleted
2026/09/18 17:41:52 INFO  : X-PLAN/architecture/figures/node_modules/@types/d3-axis/index.d.ts: Deleted
2026/09/18 17:41:53 INFO  : X-PLAN/architecture/figures/node_modules/ast-types/def/babel.js: Deleted
2026/09/18 17:41:54 INFO  : X-PLAN/architecture/figures/node_modules/cose-base/src/CoSEConstants.js: Deleted
2026/09/18 17:41:54 INFO  : X-PLAN/architecture/figures/node_modules/antlr4/src/antlr4/atn/LL1Analyzer.js: Deleted
2026/09/18 17:41:54 INFO  : X-PLAN/architecture/figures/node_modules/chromium-bidi/lib/esm/bidiTab/bidiTab.js.map: Deleted
2026/09/18 17:41:55 INFO  : X-PLAN/architecture/figures/node_modules/@puppeteer/browsers/lib/esm/browser-data/chrome-headless-shell.d.ts.map: Deleted
2026/09/18 17:41:55 INFO  : X-PLAN/architecture/figures/node_modules/buffer/AUTHORS.md: Deleted
2026/09/18 17:41:55 INFO  : X-PLAN/architecture/figures/node_modules/@types/d3-delaunay/LICENSE: Deleted
2026/09/18 17:41:55 INFO  : X-PLAN/architecture/figures/node_modules/antlr4/src/antlr4/utils/standardHashCodeFunction.js: Deleted
2026/09/18 17:41:56 INFO  : X-PLAN/architecture/figures/node_modules/cose-base/src/CoSENode.js: Deleted
2026/09/18 17:41:56 INFO  : X-PLAN/architecture/figures/node_modules/@swc/helpers/cjs/_array_with_holes.cjs: Deleted
2026/09/18 17:41:56 INFO  : X-PLAN/architecture/figures/node_modules/@internationalized/date/dist/private/calendars/IndianCalendar.mjs.map: Deleted
2026/09/18 17:41:57 INFO  : X-PLAN/architecture/figures/node_modules/@mermaid-js/parser/dist/chunks/mermaid-parser.core/wardley-WFR3VGLG.mjs.map: Deleted
2026/09/18 17:41:57 INFO  : X-PLAN/architecture/figures/node_modules/@puppeteer/browsers/lib/cjs/browser-data/chrome-headless-shell.d.ts: Deleted
2026/09/18 17:41:58 INFO  : X-PLAN/architecture/figures/node_modules/@types/d3-time-format/index.d.ts: Deleted
2026/09/18 17:41:58 INFO  : X-PLAN/architecture/figures/node_modules/@swc/helpers/scripts/ast_grep.js: Deleted
2026/09/18 17:41:58 INFO  : X-PLAN/architecture/figures/node_modules/chromium-bidi/lib/cjs/bidiMapper/modules/input/ActionDispatcher.d.ts: Deleted
2026/09/18 17:41:59 INFO  : X-PLAN/architecture/figures/node_modules/@puppeteer/browsers/src/browser-data/chromedriver.ts: Deleted
2026/09/18 17:41:59 INFO  : X-PLAN/architecture/figures/node_modules/@tootallnate/quickjs-emscripten/dist/deferred-promise.js.map: Deleted
2026/09/18 17:41:59 INFO  : X-PLAN/architecture/figures/node_modules/@swc/helpers/esm/_defaults.js: Deleted
2026/09/18 17:42:00 INFO  : X-PLAN/architecture/figures/node_modules/@tootallnate/quickjs-emscripten/dist/runtime-asyncify.d.ts: Deleted
2026/09/18 17:42:02 INFO  : X-PLAN/architecture/figures/node_modules/@babel/helper-validator-identifier/lib/keyword.js.map: Deleted
2026/09/18 17:42:02 INFO  : X-PLAN/architecture/figures/node_modules/@swc/helpers/src/_async_generator.mjs: Deleted
2026/09/18 17:42:02 INFO  : X-PLAN/architecture/figures/node_modules/@types/d3-path/LICENSE: Deleted
2026/09/18 17:42:02 INFO  : X-PLAN/architecture/figures/node_modules/@mermaid-js/parser/dist/chunks/mermaid-parser.core/chunk-6TQVIW2G.mjs: Deleted
2026/09/18 17:42:03 INFO  : X-PLAN/architecture/figures/node_modules/@swc/helpers/src/_ts_decorate.mjs: Deleted
2026/09/18 17:42:04 INFO  : X-PLAN/architecture/figures/node_modules/cose-base/src/CoSEGraph.js: Deleted
2026/09/18 17:42:04 INFO  : X-PLAN/architecture/figures/node_modules/chromium-bidi/lib/cjs/protocol-parser/generated/webdriver-bidi-permissions.js.map: Deleted
2026/09/18 17:42:04 INFO  : X-PLAN/architecture/figures/node_modules/@babel/code-frame/package.json: Deleted
2026/09/18 17:42:05 INFO  : X-PLAN/architecture/figures/node_modules/@swc/helpers/cjs/_class_private_field_loose_key.cjs: Deleted
2026/09/18 17:42:05 INFO  : X-PLAN/architecture/figures/node_modules/@mermaid-js/parser/dist/chunks/mermaid-parser.esm/railroad-CBY4SZLZ.mjs.map: Deleted
2026/09/18 17:42:06 INFO  : X-PLAN/architecture/figures/node_modules/antlr4/src/antlr4/action/LexerMoreAction.js: Deleted
2026/09/18 17:42:06 INFO  : X-PLAN/architecture/figures/node_modules/antlr4/src/antlr4/tree/ParseTree.js: Deleted
2026/09/18 17:42:06 INFO  : X-PLAN/architecture/figures/svg/SA-43.svg: Deleted
2026/09/18 17:42:07 INFO  : X-PLAN/architecture/figures/node_modules/@mermaid-js/parser/dist/chunks/mermaid-parser.esm/railroad-ebnf-4DWDYKAR.mjs.map: Deleted
2026/09/18 17:42:07 INFO  : X-PLAN/architecture/figures/node_modules/basic-ftp/dist/parseControlResponse.js: Deleted
2026/09/18 17:42:07 INFO  : X-PLAN/architecture/figures/svg/SA-GEO.svg: Deleted
2026/09/18 17:42:08 INFO  : X-PLAN/architecture/figures/node_modules/@swc/helpers/esm/_construct.js: Deleted
2026/09/18 17:42:08 INFO  : X-PLAN/architecture/figures/node_modules/cliui/CHANGELOG.md: Deleted
2026/09/18 17:42:08 INFO  : X-PLAN/architecture/figures/node_modules/ast-types/def/jsx.d.ts: Deleted
2026/09/18 17:42:09 INFO  : X-PLAN/architecture/figures/node_modules/@napi-rs/canvas/node-canvas.d.ts: Deleted
2026/09/18 17:42:09 INFO  : X-PLAN/architecture/figures/node_modules/@swc/helpers/esm/_class_private_field_get.js: Deleted
2026/09/18 17:42:10 INFO  : X-PLAN/architecture/figures/node_modules/@tanstack/virtual-core/dist/cjs/index.cjs: Deleted
2026/09/18 17:42:10 INFO  : X-PLAN/architecture/figures/node_modules/antlr4/spec/helpers/Reporter.js: Deleted
2026/09/18 17:42:10 INFO  : X-PLAN/architecture/figures/node_modules/bare-fs/promises.js: Deleted
2026/09/18 17:42:10 INFO  : X-PLAN/architecture/figures/node_modules/@tootallnate/quickjs-emscripten/dist/variants.js: Deleted
2026/09/18 17:42:11 INFO  : X-PLAN/architecture/figures/node_modules/basic-ftp/dist/parseListMLSD.d.ts: Deleted
2026/09/18 17:42:11 INFO  : X-PLAN/architecture/figures/node_modules/antlr4/src/antlr4/atn/LexerATNConfig.js: Deleted
2026/09/18 17:42:11 INFO  : X-PLAN/architecture/figures/node_modules/basic-ftp/dist/netUtils.d.ts: Deleted
2026/09/18 17:42:12 INFO  : X-PLAN/architecture/figures/node_modules/@swc/helpers/cjs/_class_private_method_init.cjs: Deleted
2026/09/18 17:42:12 INFO  : X-PLAN/architecture/figures/node_modules/@swc/helpers/esm/_inherits_loose.js: Deleted
2026/09/18 17:42:12 INFO  : X-PLAN/architecture/figures/node_modules/@swc/helpers/cjs/_write_only_error.cjs: Deleted
2026/09/18 17:42:12 INFO  : X-PLAN/architecture/figures/node_modules/@mermaid-js/parser/dist/chunks/mermaid-parser.esm/railroad-ebnf-4DWDYKAR.mjs: Deleted
2026/09/18 17:42:13 INFO  : X-PLAN/architecture/figures/node_modules/chromium-bidi/lib/esm/bidiTab/bidiTab.d.ts: Deleted
2026/09/18 17:42:14 INFO  : X-PLAN/architecture/figures/node_modules/chromium-bidi/lib/esm/utils/IdWrapper.js: Deleted
2026/09/18 17:42:14 INFO  : X-PLAN/architecture/figures/node_modules/@mermaid-js/parser/dist/chunks/mermaid-parser.esm.min/chunk-VMMI3RRM.mjs: Deleted
2026/09/18 17:42:14 INFO  : X-PLAN/architecture/figures/node_modules/@internationalized/number/src/index.ts: Deleted
2026/09/18 17:42:14 INFO  : X-PLAN/architecture/figures/node_modules/@types/d3-format/README.md: Deleted
2026/09/18 17:42:15 INFO  : X-PLAN/architecture/figures/node_modules/chalk/license: Deleted
2026/09/18 17:42:16 INFO  : X-PLAN/architecture/figures/node_modules/@puppeteer/browsers/lib/cjs/browser-data/firefox.js: Deleted
2026/09/18 17:42:16 INFO  : X-PLAN/architecture/figures/node_modules/@mermaid-js/parser/dist/chunks/mermaid-parser.esm.min/packet-FTHM355D.mjs: Deleted
2026/09/18 17:42:16 INFO  : X-PLAN/architecture/figures/node_modules/@puppeteer/browsers/lib/esm/browser-data/chromedriver.js: Deleted
2026/09/18 17:42:17 INFO  : X-PLAN/architecture/figures/node_modules/antlr4/src/antlr4/atn/AbstractPredicateTransition.js: Deleted
2026/09/18 17:42:17 INFO  : X-PLAN/architecture/figures/node_modules/@types/d3-shape/index.d.ts: Deleted
2026/09/18 17:42:17 INFO  : X-PLAN/architecture/figures/node_modules/@swc/helpers/cjs/_object_without_properties.cjs: Deleted
2026/09/18 17:42:17 INFO  : X-PLAN/architecture/figures/node_modules/@swc/helpers/cjs/_to_property_key.cjs: Deleted
2026/09/18 17:42:18 INFO  : X-PLAN/architecture/figures/node_modules/cliui/package.json: Deleted
2026/09/18 17:42:18 INFO  : X-PLAN/architecture/figures/node_modules/@swc/helpers/esm/_class_name_tdz_error.js: Deleted
2026/09/18 17:42:19 INFO  : X-PLAN/architecture/figures/node_modules/bare-url/prebuilds/ios-arm64/bare-url.bare: Deleted
2026/09/18 17:42:19 INFO  : X-PLAN/architecture/figures/node_modules/chromium-bidi/lib/cjs/bidiMapper/modules/cdp/CdpProcessor.js: Deleted
2026/09/18 17:42:19 INFO  : X-PLAN/architecture/figures/node_modules/chromium-bidi/lib/THIRD_PARTY_NOTICES: Deleted
2026/09/18 17:42:20 INFO  : X-PLAN/architecture/figures/node_modules/@iconify/types/.prettierrc: Deleted
2026/09/18 17:42:20 INFO  : X-PLAN/architecture/figures/node_modules/chromium-bidi/lib/esm/bidiMapper/modules/cdp/TargetEvents.js.map: Deleted
2026/09/18 17:42:21 INFO  : X-PLAN/architecture/figures/node_modules/@swc/helpers/cjs/_class_private_field_get.cjs: Deleted
2026/09/18 17:42:21 INFO  : X-PLAN/architecture/figures/node_modules/@internationalized/date/src/types.ts: Deleted
2026/09/18 17:42:21 INFO  : X-PLAN/architecture/figures/node_modules/@zenuml/core/dist/test-chinese.html: Deleted
2026/09/18 17:42:21 INFO  : X-PLAN/architecture/figures/node_modules/@puppeteer/browsers/lib/esm/browser-data/chrome.js.map: Deleted
2026/09/18 17:42:22 INFO  : X-PLAN/architecture/figures/node_modules/@puppeteer/browsers/lib/cjs/launch.d.ts.map: Deleted
2026/09/18 17:42:22 INFO  : X-PLAN/architecture/figures/node_modules/bare-path/prebuilds/darwin-arm64/bare-path.bare: Deleted
2026/09/18 17:42:22 INFO  : X-PLAN/architecture/figures/node_modules/@types/d3-axis/package.json: Deleted
2026/09/18 17:42:22 INFO  : X-PLAN/architecture/figures/node_modules/@mermaid-js/parser/dist/chunks/mermaid-parser.core/treemap-WGGIJYW6.mjs.map: Deleted
2026/09/18 17:42:23 INFO  : X-PLAN/architecture/figures/node_modules/antlr4/src/antlr4/utils/valueToString.js: Deleted
2026/09/18 17:42:23 INFO  : X-PLAN/architecture/figures/node_modules/commander/Readme.md: Deleted
2026/09/18 17:42:23 INFO  : X-PLAN/architecture/figures/node_modules/@swc/helpers/cjs/_interop_require_default.cjs: Deleted
2026/09/18 17:42:24 INFO  : X-PLAN/architecture/figures/node_modules/@internationalized/date/dist/private/calendars/BuddhistCalendar.js.map: Deleted
2026/09/18 17:42:25 INFO  : X-PLAN/architecture/figures/node_modules/argparse/lib/textwrap.js: Deleted
2026/09/18 17:42:25 INFO  : X-PLAN/architecture/figures/node_modules/@swc/helpers/src/_ts_metadata.mjs: Deleted
2026/09/18 17:42:25 INFO  : X-PLAN/architecture/figures/node_modules/@swc/helpers/esm/_instanceof.js: Deleted
2026/09/18 17:42:25 INFO  : X-PLAN/architecture/figures/node_modules/chromium-bidi/lib/cjs/utils/log.js.map: Deleted
2026/09/18 17:42:26 INFO  : X-PLAN/architecture/figures/node_modules/@mermaid-js/parser/dist/chunks/mermaid-parser.core/chunk-IH6LHLGP.mjs.map: Deleted
2026/09/18 17:42:26 INFO  : X-PLAN/architecture/figures/node_modules/bare-url/lib/url-search-params.js: Deleted
2026/09/18 17:42:26 INFO  : X-PLAN/architecture/figures/node_modules/ast-types/types.js: Deleted
2026/09/18 17:42:27 INFO  : X-PLAN/architecture/figures/node_modules/clsx/clsx.d.mts: Deleted
2026/09/18 17:42:27 INFO  : X-PLAN/architecture/figures/node_modules/chromium-bidi/lib/cjs/utils/assert.d.ts: Deleted
2026/09/18 17:42:27 INFO  : X-PLAN/architecture/figures/svg/SA-23.svg: Deleted
2026/09/18 17:42:28 INFO  : X-PLAN/architecture/figures/node_modules/@internationalized/date/dist/private/calendars/IndianCalendar.js: Deleted
2026/09/18 17:42:28 INFO  : X-PLAN/architecture/figures/node_modules/@tootallnate/quickjs-emscripten/dist/context.js: Deleted
2026/09/18 17:42:28 INFO  : X-PLAN/architecture/figures/node_modules/@types/d3-dsv/LICENSE: Deleted
2026/09/18 17:42:29 INFO  : X-PLAN/architecture/figures/node_modules/chalk/source/vendor/supports-color/browser.js: Deleted
2026/09/18 17:42:29 INFO  : X-PLAN/architecture/figures/node_modules/chromium-bidi/lib/cjs/bidiMapper/modules/context/BrowsingContextImpl.js.map: Deleted
2026/09/18 17:42:29 INFO  : X-PLAN/architecture/figures/node_modules/@swc/helpers/esm/_class_apply_descriptor_update.js: Deleted
2026/09/18 17:42:30 INFO  : X-PLAN/architecture/figures/node_modules/@mermaid-js/parser/dist/chunks/mermaid-parser.esm/chunk-ZO42IW3I.mjs.map: Deleted
2026/09/18 17:42:30 INFO  : X-PLAN/architecture/figures/node_modules/@mermaid-js/parser/dist/chunks/mermaid-parser.esm.min/chunk-LNRHPJCK.mjs: Deleted
2026/09/18 17:42:30 INFO  : X-PLAN/architecture/figures/node_modules/antlr4/src/antlr4/BufferedTokenStream.js: Deleted
2026/09/18 17:42:30 INFO  : X-PLAN/architecture/figures/node_modules/ast-types/def/es7.d.ts: Deleted
2026/09/18 17:42:31 INFO  : X-PLAN/architecture/figures/node_modules/antlr4/src/antlr4/tree/ParseTreeVisitor.js: Deleted
2026/09/18 17:42:31 INFO  : X-PLAN/architecture/figures/node_modules/antlr4/src/antlr4/misc/BitSet.js: Deleted
2026/09/18 17:42:32 INFO  : X-PLAN/architecture/figures/svg/SA-17.svg: Deleted
2026/09/18 17:42:32 INFO  : X-PLAN/architecture/figures/node_modules/chromium-bidi/lib/cjs/bidiMapper/BidiServer.d.ts: Deleted
2026/09/18 17:42:33 INFO  : X-PLAN/architecture/figures/node_modules/@mermaid-js/mermaid-zenuml/dist/mermaid-zenuml.min.js: Deleted
2026/09/18 17:42:33 INFO  : X-PLAN/architecture/figures/node_modules/@swc/helpers/cjs/_class_check_private_static_field_descriptor.cjs: Deleted
2026/09/18 17:42:33 INFO  : X-PLAN/architecture/figures/node_modules/antlr4/src/antlr4/atn/ATNConfigSet.js: Deleted
2026/09/18 17:42:33 INFO  : X-PLAN/architecture/figures/node_modules/@mermaid-js/mermaid-cli/dist/assets/KaTeX_Size4-Regular-BF-4gkZK.woff: Deleted
2026/09/18 17:42:34 INFO  : X-PLAN/architecture/figures/node_modules/@types/d3-timer/README.md: Deleted
2026/09/18 17:42:35 INFO  : X-PLAN/architecture/figures/node_modules/@tanstack/virtual-core/dist/esm/index.js.map: Deleted
2026/09/18 17:42:35 INFO  : X-PLAN/architecture/figures/node_modules/ast-types/lib/types.d.ts: Deleted
2026/09/18 17:42:35 INFO  : X-PLAN/architecture/figures/node_modules/bare-url/index.js: Deleted
2026/09/18 17:42:36 INFO  : X-PLAN/architecture/figures/svg/SA-02.svg: Deleted
2026/09/18 17:42:36 INFO  : X-PLAN/architecture/figures/node_modules/chromium-bidi/lib/esm/bidiTab/Transport.d.ts: Deleted
2026/09/18 17:42:36 INFO  : X-PLAN/architecture/figures/node_modules/@mermaid-js/mermaid-zenuml/dist/parser.d.ts: Deleted
2026/09/18 17:42:36 INFO  : X-PLAN/architecture/figures/node_modules/chromium-bidi/lib/cjs/bidiTab/BidiParser.d.ts: Deleted
2026/09/18 17:42:37 INFO  : X-PLAN/architecture/figures/node_modules/@react-aria/interactions/dist/main.js: Deleted
2026/09/18 17:42:37 INFO  : X-PLAN/architecture/figures/node_modules/@puppeteer/browsers/lib/esm/detectPlatform.d.ts: Deleted
2026/09/18 17:42:37 INFO  : X-PLAN/architecture/figures/node_modules/@internationalized/date/dist/private/calendars/EthiopicCalendar.js: Deleted
2026/09/18 17:42:38 INFO  : X-PLAN/architecture/figures/node_modules/chromium-bidi/lib/cjs/bidiMapper/OutgoingMessage.js.map: Deleted
2026/09/18 17:42:38 INFO  : X-PLAN/architecture/figures/node_modules/chromium-bidi/lib/esm/package.json: Deleted
2026/09/18 17:42:38 INFO  : X-PLAN/architecture/figures/node_modules/chromium-bidi/lib/cjs/bidiMapper/modules/context/BrowsingContextProcessor.js.map: Deleted
2026/09/18 17:42:39 INFO  : X-PLAN/architecture/figures/node_modules/antlr4/src/antlr4/tree/Tree.js: Deleted
2026/09/18 17:42:39 INFO  : X-PLAN/architecture/figures/node_modules/@napi-rs/canvas/index.js: Deleted
2026/09/18 17:42:40 INFO  : X-PLAN/architecture/figures/node_modules/@mermaid-js/parser/dist/chunks/mermaid-parser.core/chunk-ICYGCRZG.mjs: Deleted
2026/09/18 17:42:40 INFO  : X-PLAN/architecture/figures/node_modules/@mermaid-js/parser/dist/chunks/mermaid-parser.core/packet-AYTQ26CC.mjs: Deleted
2026/09/18 17:42:40 INFO  : X-PLAN/architecture/figures/node_modules/@swc/helpers/src/_interop_require_default.mjs: Deleted
2026/09/18 17:42:40 INFO  : X-PLAN/architecture/figures/node_modules/@tanstack/virtual-core/dist/esm/utils.js.map: Deleted
2026/09/18 17:42:41 INFO  : X-PLAN/architecture/figures/node_modules/@tanstack/virtual-core/dist/cjs/utils.cjs: Deleted
2026/09/18 17:42:41 INFO  : X-PLAN/architecture/figures/node_modules/antlr4/src/antlr4/misc/HashSet.js: Deleted
2026/09/18 17:42:41 INFO  : X-PLAN/architecture/figures/node_modules/@mermaid-js/parser/dist/chunks/mermaid-parser.esm.min/railroad-abnf-CDRPPXSQ.mjs: Deleted
2026/09/18 17:42:42 INFO  : X-PLAN/architecture/figures/node_modules/chromium-bidi/lib/esm/utils/EventEmitter.js: Deleted
2026/09/18 17:42:42 INFO  : X-PLAN/architecture/figures/node_modules/cytoscape-cose-bilkent/cytoscape-cose-bilkent.js: Deleted
2026/09/18 17:42:43 INFO  : X-PLAN/architecture/figures/node_modules/@puppeteer/browsers/lib/esm/main.d.ts: Deleted
2026/09/18 17:42:43 INFO  : X-PLAN/architecture/figures/node_modules/@tootallnate/quickjs-emscripten/dist/index.d.ts: Deleted
2026/09/18 17:42:43 INFO  : X-PLAN/architecture/figures/node_modules/@tanstack/react-virtual/dist/cjs/index.cjs: Deleted
2026/09/18 17:42:49 INFO  : X-PLAN/architecture/figures/node_modules/cosmiconfig/LICENSE: Deleted
2026/09/18 17:42:49 INFO  : X-PLAN/architecture/figures/node_modules/@internationalized/date/dist/private/utils.cjs: Deleted
2026/09/18 17:42:49 INFO  : X-PLAN/architecture/figures/node_modules/@swc/helpers/src/_construct.mjs: Deleted
2026/09/18 17:42:49 INFO  : X-PLAN/architecture/figures/node_modules/aria-hidden/dist/es5/index.d.ts: Deleted
2026/09/18 17:42:51 INFO  : X-PLAN/architecture/figures/node_modules/chromium-bidi/lib/esm/utils/assert.d.ts: Deleted
2026/09/18 17:42:51 INFO  : X-PLAN/architecture/figures/node_modules/@mermaid-js/parser/dist/chunks/mermaid-parser.core/chunk-I5DQTOEV.mjs.map: Deleted
2026/09/18 17:42:51 INFO  : X-PLAN/architecture/figures/node_modules/buffer-crc32/LICENSE: Deleted
2026/09/18 17:42:51 INFO  : X-PLAN/architecture/figures/node_modules/@tootallnate/quickjs-emscripten/dist/runtime-asyncify.js: Deleted
2026/09/18 17:42:52 INFO  : X-PLAN/architecture/figures/node_modules/@swc/helpers/esm/_sliced_to_array_loose.js: Deleted
2026/09/18 17:42:52 INFO  : X-PLAN/architecture/figures/node_modules/@react-types/shared/src/inputs.d.ts: Deleted
2026/09/18 17:42:53 INFO  : X-PLAN/architecture/figures/node_modules/chromium-bidi/lib/cjs/cdp/CdpConnection.js: Deleted
2026/09/18 17:42:53 INFO  : X-PLAN/architecture/figures/node_modules/@mermaid-js/mermaid-cli/src/version.js: Deleted
2026/09/18 17:42:54 INFO  : X-PLAN/architecture/figures/node_modules/agent-base/README.md: Deleted
2026/09/18 17:42:54 INFO  : X-PLAN/architecture/figures/node_modules/antlr4/src/antlr4/error/ErrorListener.js: Deleted
2026/09/18 17:42:54 INFO  : X-PLAN/architecture/figures/node_modules/bare-fs/prebuilds/win32-arm64/bare-fs.bare: Deleted
2026/09/18 17:42:54 INFO  : X-PLAN/architecture/figures/node_modules/commander/lib/suggestSimilar.js: Deleted
2026/09/18 17:42:55 INFO  : X-PLAN/architecture/figures/node_modules/@internationalized/date/dist/types/src/DateFormatter.d.ts: Deleted
2026/09/18 17:42:55 INFO  : X-PLAN/architecture/figures/node_modules/@mermaid-js/mermaid-cli/dist/assets/KaTeX_Caligraphic-Regular-CTRA-rTL.woff: Deleted
2026/09/18 17:42:56 INFO  : X-PLAN/architecture/figures/node_modules/bare-url/global.js: Deleted
2026/09/18 17:42:56 INFO  : X-PLAN/architecture/figures/node_modules/bare-path/index.d.ts: Deleted
2026/09/18 17:42:56 INFO  : X-PLAN/architecture/figures/node_modules/bare-url/prebuilds/android-ia32/bare-url.bare: Deleted
2026/09/18 17:42:57 INFO  : X-PLAN/architecture/figures/node_modules/@mermaid-js/parser/dist/chunks/mermaid-parser.esm.min/railroad-ebnf-DYMBCHAD.mjs: Deleted
2026/09/18 17:42:57 INFO  : X-PLAN/architecture/figures/node_modules/@braintree/sanitize-url/.github/CODEOWNERS: Deleted
2026/09/18 17:42:58 INFO  : X-PLAN/architecture/figures/node_modules/chromium-bidi/lib/cjs/bidiTab/BidiParser.js.map: Deleted
2026/09/18 17:42:58 INFO  : X-PLAN/architecture/figures/node_modules/@tanstack/react-virtual/LICENSE: Deleted
2026/09/18 17:42:58 INFO  : X-PLAN/architecture/figures/node_modules/@internationalized/date/dist/private/conversion.js: Deleted
2026/09/18 17:42:59 INFO  : X-PLAN/architecture/figures/node_modules/@internationalized/date/dist/private/calendars/TaiwanCalendar.cjs: Deleted
2026/09/18 17:42:59 INFO  : X-PLAN/architecture/figures/node_modules/@zenuml/core/dist/zenuml.esm.mjs.map: Deleted
2026/09/18 17:42:59 INFO  : X-PLAN/architecture/figures/node_modules/@swc/helpers/src/_possible_constructor_return.mjs: Deleted
2026/09/18 17:42:59 INFO  : X-PLAN/architecture/figures/node_modules/@puppeteer/browsers/src/detectPlatform.ts: Deleted
2026/09/18 17:43:00 INFO  : X-PLAN/architecture/figures/node_modules/@tanstack/react-virtual/dist/esm/index.js: Deleted
2026/09/18 17:43:00 INFO  : X-PLAN/architecture/figures/node_modules/cosmiconfig/dist/ExplorerSync.js: Deleted
2026/09/18 17:43:01 INFO  : X-PLAN/architecture/figures/node_modules/@headlessui/react/README.md: Deleted
2026/09/18 17:43:01 INFO  : X-PLAN/architecture/figures/node_modules/@floating-ui/react/LICENSE: Deleted
2026/09/18 17:43:01 INFO  : X-PLAN/architecture/figures/node_modules/@swc/helpers/esm/_new_arrow_check.js: Deleted
2026/09/18 17:43:01 INFO  : X-PLAN/architecture/figures/node_modules/chromium-bidi/lib/esm/protocol/chromium-bidi.js.map: Deleted
2026/09/18 17:43:02 INFO  : X-PLAN/architecture/figures/node_modules/@mermaid-js/parser/dist/chunks/mermaid-parser.esm.min/chunk-ESOQ6XDP.mjs.map: Deleted
2026/09/18 17:43:02 INFO  : X-PLAN/architecture/figures/node_modules/antlr4/src/antlr4/transition/SetTransition.js: Deleted
2026/09/18 17:43:02 INFO  : X-PLAN/architecture/figures/node_modules/@swc/helpers/src/_wrap_reg_exp.mjs: Deleted
2026/09/18 17:43:02 INFO  : X-PLAN/architecture/figures/node_modules/@internationalized/number/dist/private/NumberFormatter.cjs: Deleted
2026/09/18 17:43:04 INFO  : X-PLAN/architecture/figures/node_modules/@zenuml/core/dist/lsp/zenuml-server.worker.js: Deleted
2026/09/18 17:43:04 INFO  : X-PLAN/architecture/figures/node_modules/@mermaid-js/parser/dist/chunks/mermaid-parser.core/chunk-OUJLGHUK.mjs: Deleted
2026/09/18 17:43:04 INFO  : X-PLAN/architecture/figures/node_modules/chromium-bidi/lib/esm/bidiMapper/BidiParser.js: Deleted
2026/09/18 17:43:04 INFO  : X-PLAN/architecture/figures/node_modules/chromium-bidi/lib/esm/bidiServer/MapperCdpConnection.js: Deleted
2026/09/18 17:43:05 INFO  : X-PLAN/architecture/figures/node_modules/aria-hidden/dist/es2015/index.d.ts: Deleted
2026/09/18 17:43:05 INFO  : X-PLAN/architecture/figures/node_modules/bare-events/package.json: Deleted
2026/09/18 17:43:05 INFO  : X-PLAN/architecture/figures/node_modules/@types/d3-hierarchy/index.d.ts: Deleted
2026/09/18 17:43:05 INFO  : X-PLAN/architecture/figures/node_modules/@mermaid-js/parser/dist/chunks/mermaid-parser.core/railroad-abnf-HS5TGJTU.mjs: Deleted
2026/09/18 17:43:06 INFO  : X-PLAN/architecture/figures/node_modules/chromium-bidi/lib/esm/bidiServer/BrowserInstance.d.ts: Deleted
2026/09/18 17:43:07 INFO  : X-PLAN/architecture/figures/node_modules/antlr4/src/antlr4/polyfills/codepointat.js: Deleted
2026/09/18 17:43:07 INFO  : X-PLAN/architecture/figures/node_modules/@mermaid-js/parser/dist/chunks/mermaid-parser.esm/chunk-CIUNOC2B.mjs.map: Deleted
2026/09/18 17:43:07 INFO  : X-PLAN/architecture/figures/node_modules/@swc/helpers/esm/index.js: Deleted
2026/09/18 17:43:08 INFO  : X-PLAN/architecture/figures/node_modules/@swc/helpers/src/_async_generator_delegate.mjs: Deleted
2026/09/18 17:43:08 INFO  : X-PLAN/architecture/figures/node_modules/@types/d3-scale-chromatic/package.json: Deleted
2026/09/18 17:43:08 INFO  : X-PLAN/architecture/figures/node_modules/chromium-bidi/lib/esm/utils/Mutex.js: Deleted
2026/09/18 17:43:08 INFO  : X-PLAN/architecture/figures/node_modules/@mermaid-js/parser/dist/chunks/mermaid-parser.esm.min/cynefin-5N6L4GKY.mjs: Deleted
2026/09/18 17:43:09 INFO  : X-PLAN/architecture/figures/node_modules/basic-ftp/dist/Client.d.ts: Deleted
2026/09/18 17:43:09 INFO  : X-PLAN/architecture/figures/node_modules/@braintree/sanitize-url/LICENSE: Deleted
2026/09/18 17:43:09 INFO  : X-PLAN/architecture/figures/node_modules/chromium-bidi/lib/esm/utils/EventEmitter.js.map: Deleted
2026/09/18 17:43:09 INFO  : X-PLAN/architecture/figures/node_modules/@internationalized/date/dist/private/calendars/IndianCalendar.cjs.map: Deleted
2026/09/18 17:43:10 INFO  : X-PLAN/architecture/figures/node_modules/@puppeteer/browsers/lib/esm/httpUtil.d.ts: Deleted
2026/09/18 17:43:10 INFO  : X-PLAN/architecture/figures/node_modules/@swc/helpers/src/index.mjs: Deleted
2026/09/18 17:43:10 INFO  : X-PLAN/architecture/figures/node_modules/bare-path/lib/constants.js: Deleted
2026/09/18 17:43:11 INFO  : X-PLAN/architecture/figures/node_modules/chromium-bidi/lib/esm/bidiTab/Transport.js.map: Deleted
2026/09/18 17:43:11 INFO  : X-PLAN/architecture/figures/node_modules/@napi-rs/canvas/README.md: Deleted
2026/09/18 17:43:11 INFO  : X-PLAN/architecture/figures/node_modules/@swc/helpers/cjs/_class_apply_descriptor_get.cjs: Deleted
2026/09/18 17:43:12 INFO  : X-PLAN/architecture/figures/node_modules/@internationalized/date/dist/private/calendars/GregorianCalendar.js: Deleted
2026/09/18 17:43:12 INFO  : X-PLAN/architecture/figures/node_modules/@zenuml/core/dist/embed-container-demo.html: Deleted
2026/09/18 17:43:12 INFO  : X-PLAN/architecture/figures/node_modules/ast-types/def/babel-core.d.ts: Deleted
2026/09/18 17:43:13 INFO  : X-PLAN/architecture/figures/node_modules/@swc/helpers/src/_tagged_template_literal.mjs: Deleted
2026/09/18 17:43:13 INFO  : X-PLAN/architecture/figures/node_modules/chromium-bidi/lib/esm/bidiMapper/BidiMapper.js: Deleted
2026/09/18 17:43:13 INFO  : X-PLAN/architecture/figures/node_modules/chromium-bidi/lib/esm/bidiMapper/BidiParser.d.ts: Deleted
2026/09/18 17:43:14 INFO  : X-PLAN/architecture/figures/node_modules/@internationalized/date/dist/index.mjs: Deleted
2026/09/18 17:43:14 INFO  : X-PLAN/architecture/figures/node_modules/@puppeteer/browsers/lib/esm/CLI.js: Deleted
2026/09/18 17:43:14 INFO  : X-PLAN/architecture/figures/node_modules/@swc/helpers/_/_call_super/package.json: Deleted
2026/09/18 17:43:14 INFO  : X-PLAN/architecture/figures/node_modules/antlr4/src/antlr4/transition/EpsilonTransition.js: Deleted
2026/09/18 17:43:15 INFO  : X-PLAN/architecture/figures/node_modules/class-variance-authority/dist/types.d.ts: Deleted
2026/09/18 17:43:15 INFO  : X-PLAN/architecture/figures/node_modules/@mermaid-js/mermaid-cli/dist/assets/KaTeX_Main-Bold-waoOVXN0.ttf: Deleted
2026/09/18 17:43:15 INFO  : X-PLAN/architecture/figures/node_modules/chromium-bidi/lib/esm/protocol/generated/webdriver-bidi.d.ts: Deleted
2026/09/18 17:43:16 INFO  : X-PLAN/architecture/figures/node_modules/@internationalized/number/dist/private/NumberParser.js: Deleted
2026/09/18 17:43:17 INFO  : X-PLAN/architecture/figures/node_modules/cosmiconfig/dist/types.js: Deleted
2026/09/18 17:43:17 INFO  : X-PLAN/architecture/figures/node_modules/@mermaid-js/parser/dist/chunks/mermaid-parser.core/chunk-6EIED4P4.mjs: Deleted
2026/09/18 17:43:17 INFO  : X-PLAN/architecture/figures/node_modules/bare-path/prebuilds/win32-arm64/bare-path.bare: Deleted
2026/09/18 17:43:17 INFO  : X-PLAN/architecture/figures/node_modules/@react-types/shared/src/removable.d.ts: Deleted
2026/09/18 17:43:18 INFO  : X-PLAN/architecture/figures/node_modules/@react-aria/interactions/dist/import.mjs: Deleted
2026/09/18 17:43:18 INFO  : X-PLAN/architecture/figures/node_modules/@internationalized/date/src/calendars/HebrewCalendar.ts: Deleted
2026/09/18 17:43:18 INFO  : X-PLAN/architecture/figures/node_modules/@internationalized/string/dist/private/LocalizedStringFormatter.mjs.map: Deleted
2026/09/18 17:43:19 INFO  : X-PLAN/architecture/figures/node_modules/@puppeteer/browsers/lib/cjs/debug.d.ts: Deleted
2026/09/18 17:43:19 INFO  : X-PLAN/architecture/figures/node_modules/@floating-ui/core/README.md: Deleted
2026/09/18 17:43:19 INFO  : X-PLAN/architecture/figures/node_modules/@swc/helpers/esm/_object_destructuring_empty.js: Deleted
2026/09/18 17:43:19 INFO  : X-PLAN/architecture/figures/node_modules/@internationalized/date/dist/private/createCalendar.mjs.map: Deleted
2026/09/18 17:43:20 INFO  : X-PLAN/architecture/figures/node_modules/@internationalized/date/src/calendars/IndianCalendar.ts: Deleted
2026/09/18 17:43:21 INFO  : X-PLAN/architecture/figures/node_modules/@tootallnate/quickjs-emscripten/dist/debug.js: Deleted
2026/09/18 17:43:21 INFO  : X-PLAN/architecture/figures/node_modules/@puppeteer/browsers/lib/esm/browser-data/firefox.d.ts: Deleted
2026/09/18 17:43:21 INFO  : X-PLAN/architecture/figures/node_modules/chromium-bidi/lib/cjs/utils/Deferred.js.map: Deleted
2026/09/18 17:43:21 INFO  : X-PLAN/architecture/figures/node_modules/@puppeteer/browsers/lib/esm/browser-data/chromium.d.ts.map: Deleted
2026/09/18 17:43:22 INFO  : X-PLAN/architecture/figures/node_modules/chromium-bidi/lib/cjs/protocol-parser/protocol-parser.js: Deleted
2026/09/18 17:43:22 INFO  : X-PLAN/architecture/figures/node_modules/@mermaid-js/parser/dist/chunks/mermaid-parser.esm/chunk-YSXASIHP.mjs: Deleted
2026/09/18 17:43:22 INFO  : X-PLAN/architecture/figures/node_modules/ast-types/lib/shared.d.ts: Deleted
2026/09/18 17:43:22 INFO  : X-PLAN/architecture/figures/node_modules/@headlessui/tailwindcss/package.json: Deleted
2026/09/18 17:43:23 INFO  : X-PLAN/architecture/figures/node_modules/@mermaid-js/mermaid-cli/dist/assets/KaTeX_Main-Bold-Jm3AIy58.woff: Deleted
2026/09/18 17:43:23 INFO  : X-PLAN/architecture/figures/node_modules/@internationalized/date/dist/private/calendars/IslamicCalendar.mjs.map: Deleted
2026/09/18 17:43:23 INFO  : X-PLAN/architecture/figures/node_modules/@swc/helpers/esm/_async_generator_delegate.js: Deleted
2026/09/18 17:43:23 INFO  : X-PLAN/architecture/figures/node_modules/@swc/helpers/scripts/build.js: Deleted
2026/09/18 17:43:24 INFO  : X-PLAN/architecture/figures/node_modules/@mermaid-js/parser/dist/chunks/mermaid-parser.esm/chunk-CIUNOC2B.mjs: Deleted
2026/09/18 17:43:24 INFO  : X-PLAN/architecture/figures/node_modules/@internationalized/string/dist/types/src/LocalizedStringDictionary.d.ts: Deleted
2026/09/18 17:43:25 INFO  : X-PLAN/architecture/figures/node_modules/@mermaid-js/mermaid-cli/README.md: Deleted
2026/09/18 17:43:25 INFO  : X-PLAN/architecture/figures/node_modules/bare-fs/index.d.ts: Deleted
2026/09/18 17:43:26 INFO  : X-PLAN/architecture/figures/node_modules/chromium-bidi/lib/esm/bidiTab/BidiParser.d.ts: Deleted
2026/09/18 17:43:26 INFO  : X-PLAN/architecture/figures/node_modules/chromium-bidi/lib/cjs/utils/result.js.map: Deleted
2026/09/18 17:43:26 INFO  : X-PLAN/architecture/figures/node_modules/@mermaid-js/parser/dist/mermaid-parser.esm.min.mjs: Deleted
2026/09/18 17:43:26 INFO  : X-PLAN/architecture/figures/node_modules/ansi-regex/index.d.ts: Deleted
2026/09/18 17:43:29 INFO  : X-PLAN/architecture/figures/node_modules/@puppeteer/browsers/lib/esm/fileUtil.js: Deleted
2026/09/18 17:43:29 INFO  : X-PLAN/architecture/figures/svg/SA-03.svg: Deleted
2026/09/18 17:43:29 INFO  : X-PLAN/architecture/figures/node_modules/@types/d3-brush/index.d.ts: Deleted
2026/09/18 17:43:29 INFO  : X-PLAN/architecture/figures/node_modules/@mermaid-js/parser/dist/chunks/mermaid-parser.esm/chunk-FTNGQ3OV.mjs.map: Deleted
2026/09/18 17:43:30 INFO  : X-PLAN/architecture/figures/node_modules/@mermaid-js/parser/dist/chunks/mermaid-parser.esm/cynefin-FUCI45MO.mjs: Deleted
2026/09/18 17:43:30 INFO  : X-PLAN/architecture/figures/node_modules/@mermaid-js/parser/dist/chunks/mermaid-parser.esm.min/chunk-ESOQ6XDP.mjs: Deleted
2026/09/18 17:43:30 INFO  : X-PLAN/architecture/figures/node_modules/@mermaid-js/parser/dist/chunks/mermaid-parser.esm.min/radar-JY2HPGN7.mjs: Deleted
2026/09/18 17:43:30 INFO  : X-PLAN/architecture/figures/svg/SA-06.svg: Deleted
2026/09/18 17:43:31 INFO  : X-PLAN/architecture/figures/node_modules/@internationalized/string/src/index.ts: Deleted
2026/09/18 17:43:31 INFO  : X-PLAN/architecture/figures/node_modules/@swc/helpers/src/_ts_param.mjs: Deleted
2026/09/18 17:43:31 INFO  : X-PLAN/architecture/figures/node_modules/@mermaid-js/parser/dist/chunks/mermaid-parser.esm.min/treemap-2KTZIG75.mjs: Deleted
2026/09/18 17:43:32 INFO  : X-PLAN/architecture/figures/node_modules/@swc/helpers/src/_set.mjs: Deleted
2026/09/18 17:43:33 INFO  : X-PLAN/architecture/figures/node_modules/@iconify/types/pnpm-lock.yaml: Deleted
2026/09/18 17:43:33 INFO  : X-PLAN/architecture/figures/node_modules/clsx/dist/lite.js: Deleted
2026/09/18 17:43:33 INFO  : X-PLAN/architecture/figures/node_modules/bare-fs/lib/constants.d.ts: Deleted
2026/09/18 17:43:33 INFO  : X-PLAN/architecture/figures/node_modules/@mermaid-js/parser/dist/chunks/mermaid-parser.esm/chunk-Z6IW22I5.mjs.map: Deleted
2026/09/18 17:43:34 INFO  : X-PLAN/architecture/figures/node_modules/bare-events/README.md: Deleted
2026/09/18 17:43:34 INFO  : X-PLAN/architecture/figures/node_modules/chromium-bidi/lib/esm/utils/unitConversions.js.map: Deleted
2026/09/18 17:43:34 INFO  : X-PLAN/architecture/figures/node_modules/@swc/helpers/cjs/_iterable_to_array.cjs: Deleted
2026/09/18 17:43:34 INFO  : X-PLAN/architecture/figures/node_modules/cytoscape/.github/dependabot.yml: Deleted
2026/09/18 17:43:36 INFO  : X-PLAN/architecture/figures/node_modules/@swc/helpers/_/_apply_decs_2311/package.json: Deleted
2026/09/18 17:43:36 INFO  : X-PLAN/architecture/figures/node_modules/@zenuml/core/types/svg.d.ts: Deleted
2026/09/18 17:43:36 INFO  : X-PLAN/architecture/figures/node_modules/antlr4/src/antlr4/index.js: Deleted
2026/09/18 17:43:36 INFO  : X-PLAN/architecture/figures/node_modules/@mermaid-js/parser/dist/chunks/mermaid-parser.esm/railroad-CBY4SZLZ.mjs: Deleted
2026/09/18 17:43:37 INFO  : X-PLAN/architecture/figures/node_modules/ast-types/lib/equiv.d.ts: Deleted
2026/09/18 17:43:37 INFO  : X-PLAN/architecture/figures/node_modules/chromium-bidi/lib/esm/bidiServer/reader.js.map: Deleted
2026/09/18 17:43:37 INFO  : X-PLAN/architecture/figures/node_modules/@mermaid-js/parser/dist/chunks/mermaid-parser.esm/treemap-KCBBMFWV.mjs.map: Deleted
2026/09/18 17:43:37 INFO  : X-PLAN/architecture/figures/node_modules/chromium-bidi/lib/cjs/bidiMapper/modules/cdp/TargetEvents.js: Deleted
2026/09/18 17:43:38 INFO  : X-PLAN/architecture/figures/svg/SA-21.svg: Deleted
2026/09/18 17:43:38 INFO  : X-PLAN/architecture/figures/node_modules/@swc/helpers/cjs/_class_static_private_field_spec_get.cjs: Deleted
2026/09/18 17:43:38 INFO  : X-PLAN/architecture/figures/node_modules/@swc/helpers/esm/_interop_require_wildcard.js: Deleted
2026/09/18 17:43:38 INFO  : X-PLAN/architecture/figures/node_modules/@puppeteer/browsers/lib/cjs/main-cli.js: Deleted
2026/09/18 17:43:41 INFO  : X-PLAN/architecture/figures/node_modules/class-variance-authority/package.json: Deleted
2026/09/18 17:43:41 INFO  : X-PLAN/architecture/figures/node_modules/@mermaid-js/parser/dist/chunks/mermaid-parser.core/chunk-6TQVIW2G.mjs.map: Deleted
2026/09/18 17:43:41 INFO  : X-PLAN/architecture/figures/node_modules/@tanstack/virtual-core/dist/esm/index.js: Deleted
2026/09/18 17:43:41 INFO  : X-PLAN/architecture/figures/node_modules/@puppeteer/browsers/lib/esm/install.js.map: Deleted
2026/09/18 17:43:43 INFO  : X-PLAN/architecture/figures/node_modules/@mermaid-js/mermaid-cli/dist-types/src/cli.d.ts: Deleted
2026/09/18 17:43:43 INFO  : X-PLAN/architecture/figures/node_modules/@swc/helpers/cjs/_class_static_private_method_get.cjs: Deleted
2026/09/18 17:43:43 INFO  : X-PLAN/architecture/figures/node_modules/@internationalized/date/dist/private/utils.js.map: Deleted
2026/09/18 17:43:43 INFO  : X-PLAN/architecture/figures/node_modules/@internationalized/date/dist/private/calendars/GregorianCalendar.mjs: Deleted
2026/09/18 17:43:44 INFO  : X-PLAN/architecture/figures/node_modules/@internationalized/date/dist/private/calendars/HebrewCalendar.mjs.map: Deleted
2026/09/18 17:43:44 INFO  : X-PLAN/architecture/figures/node_modules/chromium-bidi/lib/cjs/bidiMapper/BidiNoOpParser.js: Deleted
2026/09/18 17:43:44 INFO  : X-PLAN/architecture/figures/node_modules/@internationalized/date/dist/private/calendars/IndianCalendar.js.map: Deleted
2026/09/18 17:43:44 INFO  : X-PLAN/architecture/figures/node_modules/antlr4/src/antlr4/utils/escapeWhitespace.js: Deleted
2026/09/18 17:43:46 INFO  : X-PLAN/architecture/figures/node_modules/cosmiconfig/dist/ExplorerBase.d.ts: Deleted
2026/09/18 17:43:46 INFO  : X-PLAN/architecture/figures/node_modules/chromium-bidi/lib/cjs/bidiMapper/modules/context/BrowsingContextStorage.js: Deleted
2026/09/18 17:43:46 INFO  : X-PLAN/architecture/figures/node_modules/@mermaid-js/mermaid-zenuml/dist/zenumlRenderer.spec.d.ts: Deleted
2026/09/18 17:43:46 INFO  : X-PLAN/architecture/figures/node_modules/@internationalized/date/src/queries.ts: Deleted
2026/09/18 17:43:47 INFO  : X-PLAN/architecture/figures/node_modules/@mermaid-js/mermaid-cli/dist/assets/KaTeX_Caligraphic-Bold-Dq_IR9rO.woff2: Deleted
2026/09/18 17:43:48 INFO  : X-PLAN/architecture/figures/node_modules/@swc/helpers/esm/_ts_param.js: Deleted
2026/09/18 17:43:48 INFO  : X-PLAN/architecture/figures/node_modules/@mermaid-js/parser/dist/chunks/mermaid-parser.esm.min/treeView-QZBI6MVZ.mjs: Deleted
2026/09/18 17:43:48 INFO  : X-PLAN/architecture/figures/node_modules/chromium-bidi/lib/esm/bidiServer/SimpleTransport.js.map: Deleted
2026/09/18 17:43:49 INFO  : X-PLAN/architecture/figures/node_modules/@tanstack/react-virtual/package.json: Deleted
2026/09/18 17:43:49 INFO  : X-PLAN/architecture/figures/node_modules/@mermaid-js/parser/dist/chunks/mermaid-parser.core/eventmodeling-NTZA5JFV.mjs: Deleted
2026/09/18 17:43:50 INFO  : X-PLAN/architecture/figures/node_modules/ast-types/gen/namedTypes.d.ts: Deleted
2026/09/18 17:43:50 INFO  : X-PLAN/architecture/figures/node_modules/chromium-bidi/lib/cjs/utils/DistinctValues.d.ts: Deleted
2026/09/18 17:43:51 INFO  : X-PLAN/architecture/figures/node_modules/cytoscape-cose-bilkent/demo-compound.html: Deleted
2026/09/18 17:43:51 INFO  : X-PLAN/architecture/figures/node_modules/@mermaid-js/mermaid-zenuml/dist/mermaid-zenuml.esm.min.mjs: Deleted
2026/09/18 17:43:51 INFO  : X-PLAN/architecture/figures/node_modules/@internationalized/number/dist/private/NumberFormatter.js: Deleted
2026/09/18 17:43:51 INFO  : X-PLAN/architecture/figures/node_modules/@swc/helpers/esm/_class_private_method_get.js: Deleted
2026/09/18 17:43:52 INFO  : X-PLAN/architecture/figures/node_modules/@swc/helpers/esm/_get.js: Deleted
2026/09/18 17:43:52 INFO  : X-PLAN/architecture/figures/node_modules/@swc/helpers/src/_class_static_private_field_spec_get.mjs: Deleted
2026/09/18 17:43:52 INFO  : X-PLAN/architecture/figures/node_modules/antlr4/src/antlr4/InputStream.js: Deleted
2026/09/18 17:43:52 INFO  : X-PLAN/architecture/figures/node_modules/chromium-bidi/lib/esm/protocol/ErrorResponse.js.map: Deleted
2026/09/18 17:43:53 INFO  : X-PLAN/architecture/figures/node_modules/@mermaid-js/mermaid-cli/dist/assets/KaTeX_Fraktur-Bold-BdnERNNW.ttf: Deleted
2026/09/18 17:43:53 INFO  : X-PLAN/architecture/figures/node_modules/@mermaid-js/mermaid-cli/dist/assets/KaTeX_SansSerif-Regular-DDBCnlJ7.woff2: Deleted
2026/09/18 17:43:53 INFO  : X-PLAN/architecture/figures/node_modules/@mermaid-js/mermaid-cli/dist/assets/KaTeX_Size4-Regular-Dl5lxZxV.woff2: Deleted
2026/09/18 17:43:54 INFO  : X-PLAN/architecture/figures/node_modules/ast-types/lib/path.js: Deleted
2026/09/18 17:43:55 INFO  : X-PLAN/architecture/figures/node_modules/buffer/package.json: Deleted
2026/09/18 17:43:55 INFO  : X-PLAN/architecture/figures/node_modules/@react-types/shared/README.md: Deleted
2026/09/18 17:43:55 INFO  : X-PLAN/architecture/figures/node_modules/@types/d3-brush/LICENSE: Deleted
2026/09/18 17:43:55 INFO  : X-PLAN/architecture/figures/node_modules/@internationalized/date/dist/types/src/createCalendar.d.ts: Deleted
2026/09/18 17:43:56 INFO  : X-PLAN/architecture/figures/node_modules/basic-ftp/dist/ProgressTracker.js: Deleted
2026/09/18 17:43:56 INFO  : X-PLAN/architecture/figures/node_modules/@swc/helpers/cjs/_throw.cjs: Deleted
2026/09/18 17:43:56 INFO  : X-PLAN/architecture/figures/node_modules/@swc/helpers/src/_class_check_private_static_access.mjs: Deleted
2026/09/18 17:43:57 INFO  : X-PLAN/architecture/figures/node_modules/@swc/helpers/esm/_async_to_generator.js: Deleted
2026/09/18 17:43:57 INFO  : X-PLAN/architecture/figures/node_modules/@puppeteer/browsers/lib/cjs/detectPlatform.d.ts.map: Deleted
2026/09/18 17:43:58 INFO  : X-PLAN/architecture/figures/node_modules/@swc/helpers/src/_class_call_check.mjs: Deleted
2026/09/18 17:43:58 INFO  : X-PLAN/architecture/figures/node_modules/@swc/helpers/esm/_read_only_error.js: Deleted
2026/09/18 17:43:58 INFO  : X-PLAN/architecture/figures/node_modules/@internationalized/date/dist/private/createCalendar.cjs: Deleted
2026/09/18 17:43:59 INFO  : X-PLAN/architecture/figures/node_modules/@mermaid-js/parser/dist/chunks/mermaid-parser.esm/chunk-JXY6EF7A.mjs.map: Deleted
2026/09/18 17:43:59 INFO  : X-PLAN/architecture/figures/node_modules/bare-fs/index.js: Deleted
2026/09/18 17:43:59 INFO  : X-PLAN/architecture/figures/node_modules/@mermaid-js/parser/dist/chunks/mermaid-parser.esm.min/eventmodeling-5XS77AUN.mjs.map: Deleted
2026/09/18 17:43:59 INFO  : X-PLAN/architecture/exports/solution-architecture.pdf: Deleted
2026/09/18 17:44:07 INFO  : X-PLAN/architecture/figures/node_modules/@swc/helpers/src/_apply_decorated_descriptor.mjs: Deleted
2026/09/18 17:44:07 INFO  : X-PLAN/architecture/figures/node_modules/@upsetjs/venn.js/src/circleintersection.js: Deleted
2026/09/18 17:44:07 INFO  : X-PLAN/architecture/figures/node_modules/@mermaid-js/parser/dist/mermaid-parser.esm.min.mjs.map: Deleted
2026/09/18 17:44:07 INFO  : X-PLAN/architecture/figures/node_modules/chromium-bidi/lib/cjs/utils/ProcessingQueue.js.map: Deleted
2026/09/18 17:44:08 INFO  : X-PLAN/architecture/figures/node_modules/@internationalized/date/dist/private/calendars/GregorianCalendar.cjs: Deleted
2026/09/18 17:44:08 INFO  : X-PLAN/architecture/figures/node_modules/@puppeteer/browsers/lib/cjs/browser-data/chrome.d.ts.map: Deleted
2026/09/18 17:44:08 INFO  : X-PLAN/architecture/figures/node_modules/@internationalized/date/src/CalendarDate.ts: Deleted
2026/09/18 17:44:08 INFO  : X-PLAN/architecture/figures/node_modules/chromium-bidi/lib/esm/utils/transport.js.map: Deleted
2026/09/18 17:44:09 INFO  : X-PLAN/architecture/figures/node_modules/@upsetjs/venn.js/src/layout.js: Deleted
2026/09/18 17:44:10 INFO  : X-PLAN/architecture/figures/node_modules/@mermaid-js/parser/dist/chunks/mermaid-parser.esm.min/info-CTUXQLLE.mjs: Deleted
2026/09/18 17:44:10 INFO  : X-PLAN/architecture/figures/node_modules/argparse/README.md: Deleted
2026/09/18 17:44:10 INFO  : X-PLAN/architecture/figures/node_modules/@swc/helpers/cjs/_class_call_check.cjs: Deleted
2026/09/18 17:44:11 INFO  : X-PLAN/architecture/figures/node_modules/ast-types/def/es-proposals.js: Deleted
2026/09/18 17:44:11 INFO  : X-PLAN/architecture/figures/node_modules/cosmiconfig/dist/merge.d.ts: Deleted
2026/09/18 17:44:11 INFO  : X-PLAN/architecture/figures/node_modules/chromium-bidi/lib/cjs/protocol/ErrorResponse.js.map: Deleted
2026/09/18 17:44:11 INFO  : X-PLAN/architecture/figures/node_modules/@braintree/sanitize-url/.prettierignore: Deleted
2026/09/18 17:44:12 INFO  : X-PLAN/architecture/figures/node_modules/@react-aria/focus/README.md: Deleted
2026/09/18 17:44:12 INFO  : X-PLAN/architecture/figures/node_modules/@internationalized/date/dist/private/CalendarDate.js: Deleted
2026/09/18 17:44:12 INFO  : X-PLAN/architecture/figures/node_modules/basic-ftp/dist/parseListMLSD.js: Deleted
2026/09/18 17:44:13 INFO  : X-PLAN/architecture/figures/node_modules/@zenuml/core/dist/vendor/codemirror/codemirror.min.css: Deleted
2026/09/18 17:44:13 INFO  : X-PLAN/architecture/figures/node_modules/@types/d3-zoom/LICENSE: Deleted
2026/09/18 17:44:13 INFO  : X-PLAN/architecture/figures/node_modules/@internationalized/date/dist/private/weekStartData.cjs.map: Deleted
2026/09/18 17:44:13 INFO  : X-PLAN/architecture/figures/node_modules/cose-base/src/CoSEGraphManager.js: Deleted
2026/09/18 17:44:14 INFO  : X-PLAN/architecture/figures/node_modules/@types/d3-dsv/README.md: Deleted
2026/09/18 17:44:15 INFO  : X-PLAN/architecture/figures/node_modules/@swc/helpers/cjs/_create_class.cjs: Deleted
2026/09/18 17:44:15 INFO  : X-PLAN/architecture/figures/node_modules/@puppeteer/browsers/lib/cjs/main.d.ts: Deleted
2026/09/18 17:44:15 INFO  : X-PLAN/architecture/figures/node_modules/@internationalized/number/dist/index.cjs.map: Deleted
2026/09/18 17:44:15 INFO  : X-PLAN/architecture/figures/node_modules/@mermaid-js/parser/dist/chunks/mermaid-parser.core/pie-WAS4IAKB.mjs: Deleted
2026/09/18 17:44:16 INFO  : X-PLAN/architecture/figures/node_modules/cytoscape/LICENSE: Deleted
2026/09/18 17:44:16 INFO  : X-PLAN/architecture/figures/node_modules/antlr4/src/antlr4/error/DefaultErrorStrategy.js: Deleted
2026/09/18 17:44:16 INFO  : X-PLAN/architecture/figures/node_modules/@mermaid-js/mermaid-cli/dist/assets/KaTeX_SansSerif-Regular-CS6fqUqJ.woff: Deleted
2026/09/18 17:44:17 INFO  : X-PLAN/architecture/figures/node_modules/@swc/helpers/cjs/_assert_this_initialized.cjs: Deleted
2026/09/18 17:44:17 INFO  : X-PLAN/architecture/figures/node_modules/@types/d3-array/index.d.ts: Deleted
2026/09/18 17:44:18 INFO  : X-PLAN/architecture/figures/node_modules/@swc/helpers/_/_async_generator_delegate/package.json: Deleted
2026/09/18 17:44:18 INFO  : X-PLAN/architecture/figures/node_modules/@types/d3-time/index.d.ts: Deleted
2026/09/18 17:44:18 INFO  : X-PLAN/architecture/figures/node_modules/@internationalized/date/dist/private/calendars/PersianCalendar.mjs: Deleted
2026/09/18 17:44:19 INFO  : X-PLAN/architecture/figures/node_modules/@tootallnate/quickjs-emscripten/dist/module-test.js.map: Deleted
2026/09/18 17:44:19 INFO  : X-PLAN/architecture/figures/node_modules/chromium-bidi/lib/esm/utils/CdpErrorConstants.js.map: Deleted
2026/09/18 17:44:19 INFO  : X-PLAN/architecture/figures/node_modules/chromium-bidi/lib/esm/utils/Mutex.d.ts: Deleted
2026/09/18 17:44:20 INFO  : X-PLAN/architecture/figures/node_modules/chromium-bidi/lib/esm/protocol/generated/webdriver-bidi-permissions.js.map: Deleted
2026/09/18 17:44:20 INFO  : X-PLAN/architecture/figures/node_modules/@internationalized/number/dist/index.cjs: Deleted
2026/09/18 17:44:20 INFO  : X-PLAN/architecture/figures/node_modules/@internationalized/string/dist/index.cjs: Deleted
2026/09/18 17:44:21 INFO  : X-PLAN/architecture/figures/node_modules/@internationalized/date/dist/private/calendars/HebrewCalendar.cjs.map: Deleted
2026/09/18 17:44:21 INFO  : X-PLAN/architecture/figures/node_modules/@tootallnate/quickjs-emscripten/dist/runtime.js: Deleted
2026/09/18 17:44:22 INFO  : X-PLAN/architecture/figures/node_modules/@puppeteer/browsers/lib/esm/browser-data/browser-data.js.map: Deleted
2026/09/18 17:44:22 INFO  : X-PLAN/architecture/figures/node_modules/@swc/helpers/src/_unsupported_iterable_to_array.mjs: Deleted
2026/09/18 17:44:23 INFO  : X-PLAN/architecture/figures/node_modules/cose-base/webpack.config.js: Deleted
2026/09/18 17:44:23 INFO  : X-PLAN/architecture/figures/node_modules/@swc/helpers/cjs/_await_value.cjs: Deleted
2026/09/18 17:44:23 INFO  : X-PLAN/architecture/figures/node_modules/@swc/helpers/cjs/_interop_require_wildcard.cjs: Deleted
2026/09/18 17:44:23 INFO  : X-PLAN/architecture/figures/node_modules/@internationalized/date/dist/private/calendars/IslamicCalendar.mjs: Deleted
2026/09/18 17:44:24 INFO  : X-PLAN/architecture/figures/node_modules/@swc/helpers/esm/_class_private_method_init.js: Deleted
2026/09/18 17:44:24 INFO  : X-PLAN/architecture/figures/node_modules/@mermaid-js/mermaid-zenuml/dist/chunks/mermaid-zenuml.esm.min/chunk-VDOFMJQL.mjs: Deleted
2026/09/18 17:44:25 INFO  : X-PLAN/architecture/figures/node_modules/@types/d3-scale-chromatic/index.d.ts: Deleted
2026/09/18 17:44:25 INFO  : X-PLAN/architecture/figures/node_modules/@mermaid-js/mermaid-cli/dist/assets/KaTeX_Main-Italic-NWA7e6Wa.woff2: Deleted
2026/09/18 17:44:26 INFO  : X-PLAN/architecture/figures/node_modules/@swc/helpers/cjs/_using_ctx.cjs: Deleted
2026/09/18 17:44:26 INFO  : X-PLAN/architecture/figures/node_modules/chromium-bidi/lib/esm/bidiMapper/BidiTransport.d.ts: Deleted
2026/09/18 17:44:26 INFO  : X-PLAN/architecture/figures/node_modules/antlr4/src/antlr4/atn/LexerActionExecutor.js: Deleted
2026/09/18 17:44:26 INFO  : X-PLAN/architecture/figures/node_modules/bare-url/prebuilds/linux-arm64/bare-url.bare: Deleted
2026/09/18 17:44:27 INFO  : X-PLAN/architecture/figures/svg/SA-11.svg: Deleted
2026/09/18 17:44:27 INFO  : X-PLAN/architecture/figures/node_modules/@mermaid-js/mermaid-zenuml/dist/mermaid-zenuml.esm.min.mjs.map: Deleted
2026/09/18 17:44:28 INFO  : X-PLAN/architecture/figures/node_modules/@swc/helpers/cjs/_skip_first_generator_next.cjs: Deleted
2026/09/18 17:44:28 INFO  : X-PLAN/architecture/figures/node_modules/@puppeteer/browsers/lib/cjs/detectPlatform.js: Deleted
2026/09/18 17:44:29 INFO  : X-PLAN/architecture/figures/node_modules/ansi-regex/package.json: Deleted
2026/09/18 17:44:29 INFO  : X-PLAN/architecture/figures/node_modules/@types/d3-chord/package.json: Deleted
2026/09/18 17:44:29 INFO  : X-PLAN/architecture/figures/node_modules/@swc/helpers/cjs/_jsx.cjs: Deleted
2026/09/18 17:44:29 INFO  : X-PLAN/architecture/figures/node_modules/chromium-bidi/lib/cjs/utils/UrlHelpers.d.ts: Deleted
2026/09/18 17:44:30 INFO  : X-PLAN/architecture/figures/node_modules/@swc/helpers/esm/_class_static_private_method_get.js: Deleted
2026/09/18 17:44:30 INFO  : X-PLAN/architecture/figures/node_modules/@swc/helpers/src/_class_apply_descriptor_get.mjs: Deleted
2026/09/18 17:44:32 INFO  : X-PLAN/architecture/figures/node_modules/@swc/helpers/_/_class_apply_descriptor_get/package.json: Deleted
2026/09/18 17:44:32 INFO  : X-PLAN/architecture/figures/node_modules/ast-types/lib/path.d.ts: Deleted
2026/09/18 17:44:32 INFO  : X-PLAN/architecture/figures/node_modules/chromium-bidi/lib/cjs/bidiTab/mapperTabPage.js: Deleted
2026/09/18 17:44:32 INFO  : X-PLAN/architecture/figures/node_modules/@internationalized/date/dist/private/queries.cjs: Deleted
2026/09/18 17:44:34 INFO  : X-PLAN/architecture/figures/node_modules/@puppeteer/browsers/lib/esm/package.json: Deleted
2026/09/18 17:44:34 INFO  : X-PLAN/architecture/figures/node_modules/@tanstack/virtual-core/dist/esm/lazy-measurements.js: Deleted
2026/09/18 17:44:34 INFO  : X-PLAN/architecture/figures/node_modules/@puppeteer/browsers/lib/cjs/httpUtil.d.ts: Deleted
2026/09/18 17:44:34 INFO  : X-PLAN/architecture/figures/node_modules/@swc/helpers/src/_set_prototype_of.mjs: Deleted
2026/09/18 17:44:38 INFO  : X-PLAN/architecture/figures/node_modules/@mermaid-js/mermaid-zenuml/dist/mermaid-zenuml.min.js.map: Deleted
2026/09/18 17:44:38 INFO  : X-PLAN/architecture/figures/node_modules/commander/typings/esm.d.mts: Deleted
2026/09/18 17:44:38 INFO  : X-PLAN/architecture/figures/node_modules/@mermaid-js/mermaid-zenuml/dist/chunks/mermaid-zenuml.core/zenuml-definition-ZCSB3OVJ.mjs.map: Deleted
2026/09/18 17:44:38 INFO  : X-PLAN/architecture/figures/node_modules/@mermaid-js/parser/dist/chunks/mermaid-parser.esm.min/chunk-TPHQQJKO.mjs: Deleted
2026/09/18 17:44:39 INFO  : X-PLAN/architecture/figures/node_modules/bare-events/LICENSE: Deleted
2026/09/18 17:44:40 INFO  : X-PLAN/architecture/figures/node_modules/@mermaid-js/parser/dist/chunks/mermaid-parser.esm/railroad-abnf-C6YJMTIA.mjs: Deleted
2026/09/18 17:44:40 INFO  : X-PLAN/architecture/figures/node_modules/@puppeteer/browsers/lib/cjs/main.d.ts.map: Deleted
2026/09/18 17:44:40 INFO  : X-PLAN/architecture/figures/node_modules/@types/d3-geo/LICENSE: Deleted
2026/09/18 17:44:41 INFO  : X-PLAN/architecture/figures/node_modules/antlr4/src/antlr4/error/RecognitionException.js: Deleted
2026/09/18 17:44:43 INFO  : X-PLAN/architecture/figures/node_modules/chalk/source/index.d.ts: Deleted
2026/09/18 17:44:43 INFO  : X-PLAN/architecture/figures/node_modules/@mermaid-js/mermaid-cli/dist/assets/KaTeX_Fraktur-Regular-CTYiF6lA.woff2: Deleted
2026/09/18 17:44:43 INFO  : X-PLAN/architecture/figures/node_modules/cose-base/LICENSE: Deleted
2026/09/18 17:44:44 INFO  : X-PLAN/architecture/figures/node_modules/@internationalized/date/dist/private/DateFormatter.cjs.map: Deleted
2026/09/18 17:44:46 INFO  : X-PLAN/architecture/figures/node_modules/@puppeteer/browsers/lib/esm/debug.js: Deleted
2026/09/18 17:44:47 INFO  : X-PLAN/architecture/figures/node_modules/chromium-bidi/lib/esm/bidiMapper/BidiNoOpParser.js.map: Deleted
2026/09/18 17:44:47 INFO  : X-PLAN/architecture/figures/node_modules/antlr4/src/antlr4/utils/index.js: Deleted
2026/09/18 17:44:47 INFO  : X-PLAN/architecture/figures/node_modules/chromium-bidi/lib/esm/utils/transport.js: Deleted
2026/09/18 17:44:50 INFO  : X-PLAN/architecture/figures/node_modules/@mermaid-js/parser/package.json: Deleted
2026/09/18 17:44:51 INFO  : X-PLAN/architecture/figures/node_modules/@tootallnate/quickjs-emscripten/LICENSE: Deleted
2026/09/18 17:44:51 INFO  : X-PLAN/architecture/figures/node_modules/@mermaid-js/parser/dist/chunks/mermaid-parser.esm/chunk-Z6IW22I5.mjs: Deleted
2026/09/18 17:44:51 INFO  : X-PLAN/architecture/figures/node_modules/@internationalized/date/dist/private/calendars/BuddhistCalendar.mjs: Deleted
2026/09/18 17:44:54 INFO  : X-PLAN/architecture/figures/node_modules/antlr4/src/antlr4/atn/ParserATNSimulator.js: Deleted
2026/09/18 17:44:55 INFO  : X-PLAN/architecture/figures/node_modules/chromium-bidi/lib/esm/utils/DistinctValues.js: Deleted
2026/09/18 17:44:55 INFO  : X-PLAN/architecture/figures/node_modules/@swc/helpers/esm/_tagged_template_literal.js: Deleted
2026/09/18 17:44:55 INFO  : X-PLAN/architecture/figures/node_modules/@puppeteer/browsers/lib/esm/main-cli.d.ts: Deleted
2026/09/18 17:44:55 INFO  : X-PLAN/architecture/figures/node_modules/@tootallnate/quickjs-emscripten/dist/index.js.map: Deleted
2026/09/18 17:44:57 INFO  : X-PLAN/architecture/figures/node_modules/@swc/helpers/src/_class_static_private_field_spec_set.mjs: Deleted
2026/09/18 17:44:57 INFO  : X-PLAN/architecture/figures/node_modules/@zenuml/core/dist/lsp/main.js: Deleted
2026/09/18 17:44:57 INFO  : X-PLAN/architecture/figures/node_modules/chromium-bidi/lib/cjs/utils/DefaultMap.d.ts: Deleted
2026/09/18 17:44:57 INFO  : X-PLAN/architecture/figures/node_modules/@internationalized/date/src/createCalendar.ts: Deleted
2026/09/18 17:44:59 INFO  : X-PLAN/architecture/figures/node_modules/@internationalized/string/dist/private/LocalizedStringDictionary.js.map: Deleted
2026/09/18 17:44:59 INFO  : X-PLAN/architecture/figures/node_modules/@swc/helpers/scripts/errors.js: Deleted
2026/09/18 17:44:59 INFO  : X-PLAN/architecture/figures/node_modules/@swc/helpers/_/_class_private_field_get/package.json: Deleted
2026/09/18 17:44:59 INFO  : X-PLAN/architecture/figures/node_modules/@puppeteer/browsers/lib/esm/install.d.ts: Deleted
2026/09/18 17:45:01 INFO  : X-PLAN/architecture/figures/node_modules/@tanstack/virtual-core/dist/cjs/utils.d.cts: Deleted
2026/09/18 17:45:01 INFO  : X-PLAN/architecture/figures/node_modules/chromium-bidi/lib/cjs/bidiMapper/modules/input/ActionDispatcher.js.map: Deleted
2026/09/18 17:45:01 INFO  : X-PLAN/architecture/figures/node_modules/@types/d3-array/LICENSE: Deleted
2026/09/18 17:45:01 INFO  : X-PLAN/architecture/figures/node_modules/@swc/helpers/cjs/_check_private_redeclaration.cjs: Deleted
2026/09/18 17:45:03 INFO  : X-PLAN/architecture/figures/node_modules/@swc/helpers/src/_update.mjs: Deleted
2026/09/18 17:45:03 INFO  : X-PLAN/architecture/figures/node_modules/@swc/helpers/esm/_skip_first_generator_next.js: Deleted
2026/09/18 17:45:04 INFO  : X-PLAN/architecture/figures/node_modules/chromium-bidi/lib/esm/utils/assert.js.map: Deleted
2026/09/18 17:45:04 INFO  : X-PLAN/architecture/figures/node_modules/class-variance-authority/dist/index.d.ts: Deleted
2026/09/18 17:45:05 INFO  : X-PLAN/architecture/figures/node_modules/@types/d3-shape/LICENSE: Deleted
2026/09/18 17:45:05 INFO  : X-PLAN/architecture/figures/node_modules/@react-types/shared/src/dom.d.ts: Deleted
2026/09/18 17:45:05 INFO  : X-PLAN/architecture/figures/node_modules/@swc/helpers/cjs/_type_of.cjs: Deleted
2026/09/18 17:45:06 INFO  : X-PLAN/architecture/figures/node_modules/@swc/helpers/src/_async_iterator.mjs: Deleted
2026/09/18 17:45:07 INFO  : X-PLAN/architecture/figures/node_modules/@swc/helpers/src/_class_private_field_destructure.mjs: Deleted
2026/09/18 17:45:07 INFO  : X-PLAN/architecture/figures/node_modules/antlr4/src/antlr4/misc/IntervalSet.js: Deleted
2026/09/18 17:45:08 INFO  : X-PLAN/architecture/figures/node_modules/bare-url/prebuilds/darwin-arm64/bare-url.bare: Deleted
2026/09/18 17:45:08 INFO  : X-PLAN/architecture/figures/node_modules/chromium-bidi/lib/cjs/utils/WebsocketTransport.d.ts: Deleted
2026/09/18 17:45:08 INFO  : X-PLAN/architecture/figures/node_modules/@puppeteer/browsers/lib/cjs/browser-data/chromedriver.js.map: Deleted
2026/09/18 17:45:09 INFO  : X-PLAN/architecture/figures/node_modules/basic-ftp/dist/parseListUnix.js: Deleted
2026/09/18 17:45:09 INFO  : X-PLAN/architecture/figures/node_modules/@puppeteer/browsers/lib/esm/browser-data/chrome-headless-shell.js: Deleted
2026/09/18 17:45:09 INFO  : X-PLAN/architecture/figures/node_modules/antlr4/src/antlr4/context/SingletonPredictionContext.js: Deleted
2026/09/18 17:45:10 INFO  : X-PLAN/architecture/figures/node_modules/chromium-bidi/lib/cjs/bidiMapper/CommandProcessor.d.ts: Deleted
2026/09/18 17:45:10 INFO  : X-PLAN/architecture/figures/node_modules/@tanstack/virtual-core/src/utils.ts: Deleted
2026/09/18 17:45:10 INFO  : X-PLAN/architecture/figures/node_modules/basic-ftp/dist/FtpContext.d.ts: Deleted
2026/09/18 17:45:11 INFO  : X-PLAN/architecture/figures/node_modules/@iconify/types/types.js: Deleted
2026/09/18 17:45:11 INFO  : X-PLAN/architecture/figures/node_modules/@mermaid-js/mermaid-zenuml/dist/mermaid-zenuml.core.mjs: Deleted
2026/09/18 17:45:12 INFO  : X-PLAN/architecture/figures/node_modules/@internationalized/date/dist/private/conversion.cjs.map: Deleted
2026/09/18 17:45:12 INFO  : X-PLAN/architecture/figures/node_modules/@mermaid-js/mermaid-cli/dist/assets/KaTeX_Main-BoldItalic-SpSLRI95.woff: Deleted
2026/09/18 17:45:12 INFO  : X-PLAN/architecture/figures/node_modules/@swc/helpers/cjs/_sliced_to_array.cjs: Deleted
2026/09/18 17:45:12 INFO  : X-PLAN/architecture/figures/node_modules/@swc/helpers/cjs/_to_primitive.cjs: Deleted
2026/09/18 17:45:13 INFO  : X-PLAN/architecture/figures/node_modules/@internationalized/date/LICENSE: Deleted
2026/09/18 17:45:13 INFO  : X-PLAN/architecture/figures/node_modules/@mermaid-js/mermaid-cli/dist/assets/fa-brands-400-O7nZalfM.woff2: Deleted
2026/09/18 17:45:13 INFO  : X-PLAN/architecture/figures/node_modules/antlr4/src/antlr4/action/LexerTypeAction.js: Deleted
2026/09/18 17:45:14 INFO  : X-PLAN/architecture/figures/node_modules/@internationalized/date/dist/private/queries.cjs.map: Deleted
2026/09/18 17:45:14 INFO  : X-PLAN/architecture/figures/node_modules/@internationalized/string/dist/private/LocalizedStringDictionary.mjs: Deleted
2026/09/18 17:45:14 INFO  : X-PLAN/architecture/figures/node_modules/@mermaid-js/parser/dist/chunks/mermaid-parser.esm.min/railroad-ebnf-DYMBCHAD.mjs.map: Deleted
2026/09/18 17:45:15 INFO  : X-PLAN/architecture/figures/node_modules/@react-aria/interactions/dist/types/src/index.d.ts: Deleted
2026/09/18 17:45:15 INFO  : X-PLAN/architecture/figures/node_modules/@internationalized/date/dist/private/calendars/BuddhistCalendar.cjs: Deleted
2026/09/18 17:45:16 INFO  : X-PLAN/architecture/figures/node_modules/chromium-bidi/lib/esm/bidiServer/reader.js: Deleted
2026/09/18 17:45:16 INFO  : X-PLAN/architecture/figures/node_modules/@internationalized/date/dist/private/DateFormatter.js.map: Deleted
2026/09/18 17:45:16 INFO  : X-PLAN/architecture/figures/node_modules/@puppeteer/browsers/lib/esm/main-cli.js.map: Deleted
2026/09/18 17:45:17 INFO  : X-PLAN/architecture/figures/node_modules/@tootallnate/quickjs-emscripten/dist/variants.d.ts: Deleted
2026/09/18 17:45:17 INFO  : X-PLAN/architecture/figures/node_modules/chromium-bidi/lib/cjs/protocol-parser/generated/webdriver-bidi-bluetooth.d.ts: Deleted
2026/09/18 17:45:17 INFO  : X-PLAN/architecture/figures/node_modules/cliui/README.md: Deleted
2026/09/18 17:45:17 INFO  : X-PLAN/architecture/figures/node_modules/@swc/helpers/cjs/_object_without_properties_loose.cjs: Deleted
2026/09/18 17:45:18 INFO  : X-PLAN/architecture/figures/node_modules/chromium-bidi/lib/esm/protocol/cdp.js: Deleted
2026/09/18 17:45:19 INFO  : X-PLAN/architecture/figures/node_modules/@internationalized/number/package.json: Deleted
2026/09/18 17:45:19 INFO  : X-PLAN/architecture/figures/node_modules/chromium-bidi/lib/esm/protocol/generated/webdriver-bidi-bluetooth.js: Deleted
2026/09/18 17:45:19 INFO  : X-PLAN/architecture/figures/node_modules/@swc/helpers/cjs/_async_generator_delegate.cjs: Deleted
2026/09/18 17:45:19 INFO  : X-PLAN/architecture/figures/node_modules/@puppeteer/browsers/lib/cjs/detectPlatform.d.ts: Deleted
2026/09/18 17:45:20 INFO  : X-PLAN/architecture/figures/node_modules/@mermaid-js/mermaid-zenuml/dist/chunks/mermaid-zenuml.esm/chunk-2QIYEC2I.mjs: Deleted
2026/09/18 17:45:20 INFO  : X-PLAN/architecture/figures/node_modules/@mermaid-js/parser/dist/chunks/mermaid-parser.core/chunk-747NJXEK.mjs.map: Deleted
2026/09/18 17:45:20 INFO  : X-PLAN/architecture/figures/node_modules/@internationalized/date/dist/private/calendars/EthiopicCalendar.cjs: Deleted
2026/09/18 17:45:21 INFO  : X-PLAN/architecture/figures/node_modules/bare-path/lib/posix.js: Deleted
2026/09/18 17:45:21 INFO  : X-PLAN/architecture/figures/node_modules/antlr4/src/antlr4/state/ATNState.js: Deleted
2026/09/18 17:45:22 INFO  : X-PLAN/architecture/figures/node_modules/@mermaid-js/parser/dist/chunks/mermaid-parser.esm/railroad-peg-ILRJLCWS.mjs: Deleted
2026/09/18 17:45:22 INFO  : X-PLAN/architecture/figures/node_modules/ast-types/gen/builders.d.ts: Deleted
2026/09/18 17:45:22 INFO  : X-PLAN/architecture/figures/node_modules/antlr4/src/antlr4/dfa/DFA.js: Deleted
2026/09/18 17:45:26 INFO  : X-PLAN/architecture/figures/node_modules/@types/d3-scale/README.md: Deleted
2026/09/18 17:45:26 INFO  : X-PLAN/architecture/figures/node_modules/@types/d3-interpolate/index.d.ts: Deleted
2026/09/18 17:45:26 INFO  : X-PLAN/architecture/figures/node_modules/@react-aria/focus/package.json: Deleted
2026/09/18 17:45:26 INFO  : X-PLAN/architecture/figures/node_modules/chromium-bidi/lib/cjs/utils/DistinctValues.js.map: Deleted
2026/09/18 17:45:27 INFO  : X-PLAN/architecture/figures/node_modules/@puppeteer/browsers/lib/esm/browser-data/types.d.ts: Deleted
2026/09/18 17:45:27 INFO  : X-PLAN/architecture/figures/node_modules/cytoscape/.travis.yml: Deleted
2026/09/18 17:45:28 INFO  : X-PLAN/architecture/figures/node_modules/@mermaid-js/mermaid-cli/dist/assets/KaTeX_Size4-Regular-DWFBv043.ttf: Deleted
2026/09/18 17:45:28 INFO  : X-PLAN/architecture/figures/node_modules/bare-url/package.json: Deleted
2026/09/18 17:45:29 INFO  : X-PLAN/architecture/figures/svg/SA-25.svg: Deleted
2026/09/18 17:45:29 INFO  : X-PLAN/architecture/figures/node_modules/@napi-rs/canvas/LICENSE: Deleted
2026/09/18 17:45:29 INFO  : X-PLAN/architecture/figures/node_modules/@braintree/sanitize-url/README.md: Deleted
2026/09/18 17:45:29 INFO  : X-PLAN/architecture/figures/node_modules/@swc/helpers/esm/_ts_generator.js: Deleted
2026/09/18 17:45:30 INFO  : X-PLAN/architecture/figures/node_modules/chromium-bidi/lib/cjs/bidiTab/mapperTabPage.js.map: Deleted
2026/09/18 17:45:31 INFO  : X-PLAN/architecture/figures/node_modules/@internationalized/date/dist/private/calendars/JapaneseCalendar.mjs: Deleted
2026/09/18 17:45:31 INFO  : X-PLAN/architecture/figures/node_modules/@mermaid-js/parser/dist/chunks/mermaid-parser.core/chunk-I5DQTOEV.mjs: Deleted
2026/09/18 17:45:31 INFO  : X-PLAN/architecture/figures/node_modules/@swc/helpers/src/_create_super.mjs: Deleted
2026/09/18 17:45:34 INFO  : X-PLAN/architecture/figures/node_modules/chromium-bidi/lib/cjs/utils/Deferred.js: Deleted
2026/09/18 17:45:34 INFO  : X-PLAN/architecture/figures/node_modules/basic-ftp/dist/StringEncoding.js: Deleted
2026/09/18 17:45:34 INFO  : X-PLAN/architecture/figures/node_modules/@puppeteer/browsers/lib/cjs/browser-data/chrome-headless-shell.js: Deleted
2026/09/18 17:45:34 INFO  : X-PLAN/architecture/figures/node_modules/@mermaid-js/parser/dist/chunks/mermaid-parser.esm.min/chunk-OTQKI4Q5.mjs: Deleted
2026/09/18 17:45:35 INFO  : X-PLAN/architecture/figures/node_modules/@swc/helpers/esm/_extends.js: Deleted
2026/09/18 17:45:35 INFO  : X-PLAN/architecture/figures/node_modules/@puppeteer/browsers/lib/cjs/install.js.map: Deleted
2026/09/18 17:45:35 INFO  : X-PLAN/architecture/figures/node_modules/cytoscape/.browserslist: Deleted
2026/09/18 17:45:35 INFO  : X-PLAN/architecture/figures/node_modules/@mermaid-js/parser/README.md: Deleted
2026/09/18 17:45:36 INFO  : X-PLAN/architecture/figures/node_modules/@mermaid-js/parser/dist/chunks/mermaid-parser.core/chunk-6AZGARVD.mjs: Deleted
2026/09/18 17:45:36 INFO  : X-PLAN/architecture/figures/node_modules/chromium-bidi/LICENSE: Deleted
2026/09/18 17:45:37 INFO  : X-PLAN/architecture/figures/node_modules/@tootallnate/quickjs-emscripten/dist/generated/ffi.WASM_RELEASE_SYNC.js.map: Deleted
2026/09/18 17:45:37 INFO  : X-PLAN/architecture/figures/node_modules/@mermaid-js/parser/dist/chunks/mermaid-parser.esm/chunk-E2OJO47P.mjs: Deleted
2026/09/18 17:45:38 INFO  : X-PLAN/architecture/figures/node_modules/@mermaid-js/parser/dist/chunks/mermaid-parser.esm.min/chunk-IRLRCMIP.mjs: Deleted
2026/09/18 17:45:38 INFO  : X-PLAN/architecture/figures/node_modules/chromium-bidi/lib/esm/bidiMapper/BidiMapper.d.ts: Deleted
2026/09/18 17:45:38 INFO  : X-PLAN/architecture/figures/node_modules/chromium-bidi/lib/esm/utils/assert.js: Deleted
2026/09/18 17:45:38 INFO  : X-PLAN/architecture/figures/node_modules/@mermaid-js/mermaid-cli/dist/assets/fa-brands-400-Dur5g48u.ttf: Deleted
2026/09/18 17:45:39 INFO  : X-PLAN/architecture/figures/node_modules/agent-base/dist/index.d.ts: Deleted
2026/09/18 17:45:39 INFO  : X-PLAN/architecture/figures/node_modules/@internationalized/date/dist/private/queries.mjs.map: Deleted
2026/09/18 17:45:39 INFO  : X-PLAN/architecture/figures/node_modules/@tanstack/react-virtual/dist/esm/index.js.map: Deleted
2026/09/18 17:45:39 INFO  : X-PLAN/architecture/figures/node_modules/ast-types/def/es6.d.ts: Deleted
2026/09/18 17:45:40 INFO  : X-PLAN/architecture/figures/node_modules/chalk/readme.md: Deleted
2026/09/18 17:45:40 INFO  : X-PLAN/architecture/figures/node_modules/@swc/helpers/package.json: Deleted
2026/09/18 17:45:40 INFO  : X-PLAN/architecture/figures/node_modules/@swc/helpers/cjs/_create_for_of_iterator_helper_loose.cjs: Deleted
2026/09/18 17:45:40 INFO  : X-PLAN/architecture/figures/node_modules/@swc/helpers/esm/_class_private_method_set.js: Deleted
2026/09/18 17:45:42 INFO  : X-PLAN/architecture/figures/node_modules/@internationalized/date/dist/types/src/utils.d.ts: Deleted
2026/09/18 17:45:42 INFO  : X-PLAN/architecture/figures/node_modules/@mermaid-js/parser/dist/chunks/mermaid-parser.esm/chunk-5I6LL4RE.mjs: Deleted
2026/09/18 17:45:42 INFO  : X-PLAN/architecture/figures/node_modules/@swc/helpers/esm/_async_generator.js: Deleted
2026/09/18 17:45:42 INFO  : X-PLAN/architecture/figures/node_modules/@mermaid-js/mermaid-zenuml/dist/detector.d.ts: Deleted
2026/09/18 17:45:43 INFO  : X-PLAN/architecture/figures/node_modules/@tootallnate/quickjs-emscripten/dist/module-test.d.ts: Deleted
2026/09/18 17:45:43 INFO  : X-PLAN/architecture/figures/node_modules/@mermaid-js/mermaid-zenuml/dist/chunks/mermaid-zenuml.esm/chunk-OS44DIFC.mjs: Deleted
2026/09/18 17:45:43 INFO  : X-PLAN/architecture/figures/node_modules/chromium-bidi/lib/cjs/cdp/cdpMessage.d.ts: Deleted
2026/09/18 17:45:43 INFO  : X-PLAN/architecture/figures/node_modules/antlr4/src/antlr4/TokenStream.js: Deleted
2026/09/18 17:45:44 INFO  : X-PLAN/architecture/figures/node_modules/@internationalized/date/dist/private/calendars/TaiwanCalendar.cjs.map: Deleted
2026/09/18 17:45:44 INFO  : X-PLAN/architecture/figures/node_modules/@internationalized/date/dist/private/CalendarDate.js.map: Deleted
2026/09/18 17:45:44 INFO  : X-PLAN/architecture/figures/node_modules/@internationalized/date/dist/private/queries.js.map: Deleted
2026/09/18 17:45:45 INFO  : X-PLAN/architecture/figures/node_modules/chromium-bidi/lib/cjs/utils/GraphemeTools.js: Deleted
2026/09/18 17:45:45 INFO  : X-PLAN/architecture/figures/node_modules/@react-aria/focus/src/index.ts: Deleted
2026/09/18 17:45:46 INFO  : X-PLAN/architecture/figures/node_modules/@swc/helpers/cjs/_ts_decorate.cjs: Deleted
2026/09/18 17:45:46 INFO  : X-PLAN/architecture/figures/node_modules/@swc/helpers/esm/_is_native_reflect_construct.js: Deleted
2026/09/18 17:45:46 INFO  : X-PLAN/architecture/figures/node_modules/bare-fs/prebuilds/ios-arm64/bare-fs.bare: Deleted
2026/09/18 17:45:47 INFO  : X-PLAN/architecture/figures/node_modules/chromium-bidi/lib/cjs/utils/Buffer.js.map: Deleted
2026/09/18 17:45:47 INFO  : X-PLAN/architecture/figures/node_modules/chromium-bidi/lib/esm/utils/Deferred.js: Deleted
2026/09/18 17:45:47 INFO  : X-PLAN/architecture/figures/node_modules/@types/d3-force/index.d.ts: Deleted
2026/09/18 17:45:47 INFO  : X-PLAN/architecture/figures/node_modules/chromium-bidi/lib/esm/bidiMapper/CommandProcessor.d.ts: Deleted
2026/09/18 17:45:48 INFO  : X-PLAN/architecture/figures/node_modules/@swc/helpers/esm/_class_private_field_update.js: Deleted
2026/09/18 17:45:48 INFO  : X-PLAN/architecture/figures/node_modules/@react-types/shared/src/locale.d.ts: Deleted
2026/09/18 17:45:48 INFO  : X-PLAN/architecture/figures/node_modules/@swc/helpers/esm/_to_property_key.js: Deleted
2026/09/18 17:45:48 INFO  : X-PLAN/architecture/figures/node_modules/@mermaid-js/parser/dist/chunks/mermaid-parser.core/chunk-ICYGCRZG.mjs.map: Deleted
2026/09/18 17:45:49 INFO  : X-PLAN/architecture/figures/node_modules/@types/d3-ease/README.md: Deleted
2026/09/18 17:45:49 INFO  : X-PLAN/architecture/figures/node_modules/@mermaid-js/parser/dist/chunks/mermaid-parser.core/eventmodeling-NTZA5JFV.mjs.map: Deleted
2026/09/18 17:45:49 INFO  : X-PLAN/architecture/figures/node_modules/chromium-bidi/lib/cjs/bidiTab/mapperTabPage.d.ts: Deleted
2026/09/18 17:45:50 INFO  : X-PLAN/architecture/figures/node_modules/chromium-bidi/lib/esm/bidiMapper/modules/cdp/CdpTargetManager.js: Deleted
2026/09/18 17:45:50 INFO  : X-PLAN/architecture/figures/node_modules/@mermaid-js/mermaid-cli/dist/assets/KaTeX_Size1-Regular-C195tn64.woff: Deleted
2026/09/18 17:45:51 INFO  : X-PLAN/architecture/figures/node_modules/@puppeteer/browsers/lib/esm/main-cli.d.ts.map: Deleted
2026/09/18 17:45:51 INFO  : X-PLAN/architecture/figures/node_modules/@puppeteer/browsers/lib/esm/detectPlatform.js.map: Deleted
2026/09/18 17:45:51 INFO  : X-PLAN/architecture/figures/node_modules/@mermaid-js/parser/dist/chunks/mermaid-parser.esm/railroad-abnf-C6YJMTIA.mjs.map: Deleted
2026/09/18 17:45:52 INFO  : X-PLAN/architecture/figures/node_modules/bare-fs/promises.d.ts: Deleted
2026/09/18 17:45:52 INFO  : X-PLAN/architecture/figures/node_modules/antlr4/src/antlr4/action/LexerChannelAction.js: Deleted
2026/09/18 17:45:52 INFO  : X-PLAN/architecture/figures/node_modules/@internationalized/number/dist/private/NumberFormatter.cjs.map: Deleted
2026/09/18 17:45:52 INFO  : X-PLAN/architecture/figures/node_modules/@puppeteer/browsers/lib/esm/fileUtil.d.ts.map: Deleted
2026/09/18 17:45:53 INFO  : X-PLAN/architecture/figures/node_modules/@swc/helpers/esm/_unsupported_iterable_to_array.js: Deleted
2026/09/18 17:45:53 INFO  : X-PLAN/architecture/figures/node_modules/@puppeteer/browsers/src/tsconfig.esm.json: Deleted
2026/09/18 17:45:53 INFO  : X-PLAN/architecture/figures/node_modules/antlr4/src/antlr4/error/ParseCancellationException.js: Deleted
2026/09/18 17:45:54 INFO  : X-PLAN/architecture/figures/node_modules/@swc/helpers/esm/_iterable_to_array_limit.js: Deleted
2026/09/18 17:45:54 INFO  : X-PLAN/architecture/figures/node_modules/ast-types/LICENSE: Deleted
2026/09/18 17:45:54 INFO  : X-PLAN/architecture/figures/node_modules/@types/d3-dsv/package.json: Deleted
2026/09/18 17:45:55 INFO  : X-PLAN/architecture/figures/node_modules/ast-types/def/esprima.d.ts: Deleted
2026/09/18 17:45:55 INFO  : X-PLAN/architecture/figures/node_modules/@react-aria/focus/LICENSE: Deleted
2026/09/18 17:45:56 INFO  : X-PLAN/architecture/figures/node_modules/@internationalized/date/dist/private/string.cjs: Deleted
2026/09/18 17:45:56 INFO  : X-PLAN/architecture/figures/node_modules/@internationalized/date/dist/private/calendars/PersianCalendar.mjs.map: Deleted
2026/09/18 17:45:56 INFO  : X-PLAN/architecture/figures/node_modules/antlr4/package.json: Deleted
2026/09/18 17:45:57 INFO  : X-PLAN/architecture/figures/node_modules/@mermaid-js/parser/dist/chunks/mermaid-parser.esm.min/chunk-ZU4VZGUK.mjs: Deleted
2026/09/18 17:45:57 INFO  : X-PLAN/architecture/figures/node_modules/@types/d3-contour/index.d.ts: Deleted
2026/09/18 17:45:57 INFO  : X-PLAN/architecture/figures/node_modules/@swc/helpers/_/_apply_decorated_descriptor/package.json: Deleted
2026/09/18 17:45:57 INFO  : X-PLAN/architecture/figures/node_modules/@tanstack/virtual-core/dist/cjs/lazy-measurements.d.cts: Deleted
2026/09/18 17:45:58 INFO  : X-PLAN/architecture/figures/node_modules/bare-fs/binding.c: Deleted
2026/09/18 17:45:58 INFO  : X-PLAN/architecture/figures/node_modules/chromium-bidi/lib/cjs/utils/IdWrapper.js.map: Deleted
2026/09/18 17:45:59 INFO  : X-PLAN/architecture/figures/node_modules/@internationalized/date/dist/private/createCalendar.cjs.map: Deleted
2026/09/18 17:45:59 INFO  : X-PLAN/architecture/figures/node_modules/chromium-bidi/lib/esm/bidiMapper/modules/browser/BrowserProcessor.js: Deleted
2026/09/18 17:46:00 INFO  : X-PLAN/architecture/figures/node_modules/@swc/helpers/cjs/_overload_yield.cjs: Deleted
2026/09/18 17:46:00 INFO  : X-PLAN/architecture/figures/node_modules/@swc/helpers/cjs/_class_private_method_set.cjs: Deleted
2026/09/18 17:46:00 INFO  : X-PLAN/architecture/figures/node_modules/color-convert/package.json: Deleted
2026/09/18 17:46:00 INFO  : X-PLAN/architecture/figures/node_modules/@swc/helpers/src/_array_like_to_array.mjs: Deleted
2026/09/18 17:46:01 INFO  : X-PLAN/architecture/figures/node_modules/chromium-bidi/lib/cjs/bidiMapper/modules/cdp/TargetEvents.d.ts: Deleted
2026/09/18 17:46:01 INFO  : X-PLAN/architecture/figures/node_modules/chromium-bidi/lib/cjs/utils/UrlHelpers.js: Deleted
2026/09/18 17:46:01 INFO  : X-PLAN/architecture/figures/node_modules/@braintree/sanitize-url/dist/constants.js: Deleted
2026/09/18 17:46:01 INFO  : X-PLAN/architecture/figures/node_modules/@puppeteer/browsers/lib/cjs/browser-data/chrome.js.map: Deleted
2026/09/18 17:46:02 INFO  : X-PLAN/architecture/figures/node_modules/@types/d3-random/README.md: Deleted
2026/09/18 17:46:03 INFO  : X-PLAN/architecture/figures/node_modules/chalk/source/vendor/ansi-styles/index.js: Deleted
2026/09/18 17:46:03 INFO  : X-PLAN/architecture/figures/node_modules/@braintree/sanitize-url/vitest.config.ts: Deleted
2026/09/18 17:46:03 INFO  : X-PLAN/architecture/figures/node_modules/cosmiconfig/dist/Explorer.d.ts: Deleted
2026/09/18 17:46:03 INFO  : X-PLAN/architecture/figures/node_modules/@internationalized/string/package.json: Deleted
2026/09/18 17:46:04 INFO  : X-PLAN/architecture/figures/node_modules/@types/d3-array/README.md: Deleted
2026/09/18 17:46:04 INFO  : X-PLAN/architecture/figures/node_modules/@mermaid-js/parser/dist/chunks/mermaid-parser.core/treemap-WGGIJYW6.mjs: Deleted
2026/09/18 17:46:04 INFO  : X-PLAN/architecture/figures/node_modules/chromium-bidi/lib/cjs/bidiMapper/BidiNoOpParser.js.map: Deleted
2026/09/18 17:46:05 INFO  : X-PLAN/architecture/figures/node_modules/chromium-bidi/lib/cjs/protocol/generated/webdriver-bidi-bluetooth.js.map: Deleted
2026/09/18 17:46:05 INFO  : X-PLAN/architecture/figures/node_modules/@mermaid-js/parser/dist/chunks/mermaid-parser.core/chunk-UY3FDG6J.mjs: Deleted
2026/09/18 17:46:05 INFO  : X-PLAN/architecture/figures/node_modules/@mermaid-js/parser/dist/chunks/mermaid-parser.esm/chunk-QTXQJRYY.mjs: Deleted
2026/09/18 17:46:05 INFO  : X-PLAN/architecture/figures/node_modules/@swc/helpers/src/_type_of.mjs: Deleted
2026/09/18 17:46:06 INFO  : X-PLAN/architecture/figures/node_modules/@tootallnate/quickjs-emscripten/package.json: Deleted
2026/09/18 17:46:07 INFO  : X-PLAN/architecture/figures/node_modules/@swc/helpers/esm/_non_iterable_rest.js: Deleted
2026/09/18 17:46:07 INFO  : X-PLAN/architecture/figures/node_modules/@internationalized/number/dist/types/src/NumberParser.d.ts: Deleted
2026/09/18 17:46:07 INFO  : X-PLAN/architecture/figures/node_modules/@mermaid-js/parser/dist/chunks/mermaid-parser.core/cynefin-OW5HDTMX.mjs.map: Deleted
2026/09/18 17:46:08 INFO  : X-PLAN/architecture/figures/node_modules/@puppeteer/browsers/lib/esm/browser-data/chromedriver.d.ts.map: Deleted
2026/09/18 17:46:09 INFO  : X-PLAN/architecture/figures/node_modules/base64-js/LICENSE: Deleted
2026/09/18 17:46:09 INFO  : X-PLAN/architecture/figures/node_modules/b4a/package.json: Deleted
2026/09/18 17:46:09 INFO  : X-PLAN/architecture/figures/node_modules/chromium-bidi/lib/esm/bidiServer/WebSocketServer.js.map: Deleted
2026/09/18 17:46:09 INFO  : X-PLAN/architecture/figures/node_modules/@internationalized/string/dist/index.mjs.map: Deleted
2026/09/18 17:46:10 INFO  : X-PLAN/architecture/figures/node_modules/ast-types/def/esprima.js: Deleted
2026/09/18 17:46:10 INFO  : X-PLAN/architecture/figures/node_modules/@swc/helpers/esm/_apply_decs_2203_r.js: Deleted
2026/09/18 17:46:10 INFO  : X-PLAN/architecture/figures/node_modules/@mermaid-js/parser/dist/chunks/mermaid-parser.esm/chunk-YNGXLGBY.mjs.map: Deleted
2026/09/18 17:46:10 INFO  : X-PLAN/architecture/figures/node_modules/@swc/helpers/cjs/_get.cjs: Deleted
2026/09/18 17:46:11 INFO  : X-PLAN/architecture/figures/node_modules/@swc/helpers/src/_class_private_field_init.mjs: Deleted
2026/09/18 17:46:11 INFO  : X-PLAN/architecture/figures/node_modules/@puppeteer/browsers/lib/esm/browser-data/types.d.ts.map: Deleted
2026/09/18 17:46:11 INFO  : X-PLAN/architecture/figures/node_modules/b4a/lib/utf16le.js: Deleted
2026/09/18 17:46:12 INFO  : X-PLAN/architecture/figures/node_modules/antlr4/src/antlr4/state/LoopEndState.js: Deleted
2026/09/18 17:46:13 INFO  : X-PLAN/architecture/figures/node_modules/chromium-bidi/lib/esm/bidiTab/mapperTabPage.js.map: Deleted
2026/09/18 17:46:13 INFO  : X-PLAN/architecture/figures/node_modules/color-convert/conversions.js: Deleted
2026/09/18 17:46:13 INFO  : X-PLAN/architecture/figures/node_modules/@types/d3-selection/package.json: Deleted
2026/09/18 17:46:13 INFO  : X-PLAN/architecture/figures/node_modules/chromium-bidi/lib/cjs/protocol/generated/webdriver-bidi-permissions.d.ts: Deleted
2026/09/18 17:46:14 INFO  : X-PLAN/architecture/figures/node_modules/@internationalized/date/dist/private/calendars/IslamicCalendar.js: Deleted
2026/09/18 17:46:14 INFO  : X-PLAN/architecture/figures/node_modules/@internationalized/date/dist/private/calendars/TaiwanCalendar.mjs.map: Deleted
2026/09/18 17:46:14 INFO  : X-PLAN/architecture/figures/node_modules/@internationalized/string/dist/index.js.map: Deleted
2026/09/18 17:46:14 INFO  : X-PLAN/architecture/figures/node_modules/@types/d3-brush/README.md: Deleted
2026/09/18 17:46:15 INFO  : X-PLAN/architecture/figures/node_modules/@types/d3-chord/README.md: Deleted
2026/09/18 17:46:15 INFO  : X-PLAN/architecture/figures/node_modules/cliui/LICENSE.txt: Deleted
2026/09/18 17:46:15 INFO  : X-PLAN/architecture/figures/node_modules/@floating-ui/core/LICENSE: Deleted
2026/09/18 17:46:16 INFO  : X-PLAN/architecture/figures/node_modules/@swc/helpers/esm/_inherits.js: Deleted
2026/09/18 17:46:17 INFO  : X-PLAN/architecture/figures/node_modules/@zenuml/core/dist/zenuml.js: Deleted
2026/09/18 17:46:17 INFO  : X-PLAN/architecture/figures/node_modules/bare-events/web.d.ts: Deleted
2026/09/18 17:46:17 INFO  : X-PLAN/architecture/figures/node_modules/@internationalized/date/dist/private/calendars/BuddhistCalendar.js: Deleted
2026/09/18 17:46:18 INFO  : X-PLAN/architecture/figures/node_modules/@puppeteer/browsers/lib/esm/Cache.d.ts: Deleted
2026/09/18 17:46:19 INFO  : X-PLAN/architecture/figures/node_modules/ast-types/fork.js: Deleted
2026/09/18 17:46:19 INFO  : X-PLAN/architecture/figures/node_modules/chromium-bidi/lib/cjs/protocol-parser/generated/webdriver-bidi.js.map: Deleted
2026/09/18 17:46:19 INFO  : X-PLAN/architecture/figures/node_modules/@swc/helpers/cjs/_class_static_private_field_destructure.cjs: Deleted
2026/09/18 17:46:19 INFO  : X-PLAN/architecture/figures/node_modules/@zenuml/core/README.md: Deleted
2026/09/18 17:46:21 INFO  : X-PLAN/architecture/figures/node_modules/@mermaid-js/mermaid-zenuml/dist/chunks/mermaid-zenuml.esm.min/zenuml-definition-EPHX7WPJ.mjs: Deleted
2026/09/18 17:46:21 INFO  : X-PLAN/architecture/figures/node_modules/chromium-bidi/lib/cjs/utils/DefaultMap.js.map: Deleted
2026/09/18 17:46:21 INFO  : X-PLAN/architecture/figures/node_modules/chromium-bidi/lib/esm/protocol/cdp.d.ts: Deleted
2026/09/18 17:46:21 INFO  : X-PLAN/architecture/figures/node_modules/@mermaid-js/parser/dist/chunks/mermaid-parser.core/chunk-5V3GS4D5.mjs.map: Deleted
2026/09/18 17:46:22 INFO  : X-PLAN/architecture/figures/node_modules/b4a/runtime.d.ts: Deleted
2026/09/18 17:46:22 INFO  : X-PLAN/architecture/figures/node_modules/@swc/helpers/cjs/_class_check_private_static_access.cjs: Deleted
2026/09/18 17:46:22 INFO  : X-PLAN/architecture/figures/node_modules/@mermaid-js/mermaid-cli/dist/assets/KaTeX_Math-Italic-t53AETM-.woff2: Deleted
2026/09/18 17:46:23 INFO  : X-PLAN/architecture/figures/node_modules/antlr4/src/antlr4/misc/HashCode.js: Deleted
2026/09/18 17:46:24 INFO  : X-PLAN/architecture/figures/node_modules/chromium-bidi/lib/cjs/utils/time.d.ts: Deleted
2026/09/18 17:46:24 INFO  : X-PLAN/architecture/figures/svg/SA-35.svg: Deleted
2026/09/18 17:46:24 INFO  : X-PLAN/architecture/figures/node_modules/@mermaid-js/mermaid-zenuml/dist/mermaid-zenuml.esm.mjs.map: Deleted
2026/09/18 17:46:24 INFO  : X-PLAN/architecture/figures/node_modules/@swc/helpers/cjs/_ts_dispose_resources.cjs: Deleted
2026/09/18 17:46:25 INFO  : X-PLAN/architecture/figures/node_modules/bare-url/lib/url-search-params.d.ts: Deleted
2026/09/18 17:46:25 INFO  : X-PLAN/architecture/figures/node_modules/bare-fs/prebuilds/linux-x64/bare-fs.bare: Deleted
2026/09/18 17:46:25 INFO  : X-PLAN/architecture/figures/node_modules/chromium-bidi/lib/cjs/bidiMapper/BidiTransport.js: Deleted
2026/09/18 17:46:26 INFO  : X-PLAN/architecture/figures/node_modules/@mermaid-js/mermaid-cli/dist/assets/KaTeX_Size1-Regular-mCD8mA8B.woff2: Deleted
2026/09/18 17:46:26 INFO  : X-PLAN/architecture/figures/node_modules/@puppeteer/browsers/lib/esm/browser-data/chrome-headless-shell.js.map: Deleted
2026/09/18 17:46:27 INFO  : X-PLAN/architecture/figures/node_modules/@mermaid-js/parser/dist/chunks/mermaid-parser.esm.min/chunk-WK6FI2EL.mjs.map: Deleted
2026/09/18 17:46:27 INFO  : X-PLAN/architecture/figures/node_modules/antlr4/src/antlr4/tree/ErrorNode.js: Deleted
2026/09/18 17:46:27 INFO  : X-PLAN/architecture/figures/node_modules/cliui/build/lib/string-utils.js: Deleted
2026/09/18 17:46:28 INFO  : X-PLAN/architecture/figures/node_modules/chromium-bidi/lib/esm/bidiMapper/modules/cdp/CdpTargetManager.d.ts: Deleted
2026/09/18 17:46:28 INFO  : X-PLAN/architecture/figures/node_modules/@antfu/install-pkg/LICENSE: Deleted
2026/09/18 17:46:28 INFO  : X-PLAN/architecture/figures/node_modules/@mermaid-js/parser/dist/chunks/mermaid-parser.esm/chunk-KF7DCBH4.mjs: Deleted
2026/09/18 17:46:29 INFO  : X-PLAN/architecture/figures/node_modules/@braintree/sanitize-url/.github/pull_request_template.md: Deleted
2026/09/18 17:46:29 INFO  : X-PLAN/architecture/figures/node_modules/@react-aria/focus/dist/module.js.map: Deleted
2026/09/18 17:46:30 INFO  : X-PLAN/architecture/figures/node_modules/@swc/helpers/cjs/_async_iterator.cjs: Deleted
2026/09/18 17:46:30 INFO  : X-PLAN/architecture/figures/node_modules/antlr4/src/antlr4/error/ConsoleErrorListener.js: Deleted
2026/09/18 17:46:30 INFO  : X-PLAN/architecture/figures/node_modules/chromium-bidi/lib/esm/bidiMapper/modules/cdp/CdpTarget.d.ts: Deleted
2026/09/18 17:46:30 INFO  : X-PLAN/architecture/figures/node_modules/@swc/helpers/src/_class_private_field_loose_base.mjs: Deleted
2026/09/18 17:46:31 INFO  : X-PLAN/architecture/figures/node_modules/@mermaid-js/parser/dist/chunks/mermaid-parser.esm.min/chunk-MMNL2B2L.mjs.map: Deleted
2026/09/18 17:46:31 INFO  : X-PLAN/architecture/figures/node_modules/@types/d3-contour/LICENSE: Deleted
2026/09/18 17:46:31 INFO  : X-PLAN/architecture/figures/node_modules/bare-events/index.js: Deleted
2026/09/18 17:46:32 INFO  : X-PLAN/architecture/figures/node_modules/chromium-bidi/lib/esm/cdp/cdpMessage.js.map: Deleted
2026/09/18 17:46:32 INFO  : X-PLAN/architecture/figures/node_modules/chromium-bidi/lib/cjs/bidiMapper/modules/cdp/CdpTargetManager.js: Deleted
2026/09/18 17:46:32 INFO  : X-PLAN/architecture/figures/node_modules/@internationalized/date/dist/private/weekStartData.cjs: Deleted
2026/09/18 17:46:33 INFO  : X-PLAN/architecture/figures/node_modules/antlr4/src/antlr4/transition/PredicateTransition.js: Deleted
2026/09/18 17:46:33 INFO  : X-PLAN/architecture/figures/node_modules/antlr4/src/antlr4/atn/PredictionContextCache.js: Deleted
2026/09/18 17:46:34 INFO  : X-PLAN/architecture/figures/node_modules/chromium-bidi/lib/cjs/protocol/protocol.js.map: Deleted
2026/09/18 17:46:34 INFO  : X-PLAN/architecture/figures/node_modules/chromium-bidi/lib/esm/utils/uuid.d.ts: Deleted
2026/09/18 17:46:34 INFO  : X-PLAN/architecture/figures/node_modules/chromium-bidi/lib/cjs/bidiMapper/modules/cdp/CdpTargetManager.js.map: Deleted
2026/09/18 17:46:34 INFO  : X-PLAN/architecture/figures/node_modules/agent-base/package.json: Deleted
2026/09/18 17:46:35 INFO  : X-PLAN/architecture/figures/node_modules/@puppeteer/browsers/lib/esm/httpUtil.d.ts.map: Deleted
2026/09/18 17:46:35 INFO  : X-PLAN/architecture/figures/node_modules/@mermaid-js/parser/dist/chunks/mermaid-parser.core/chunk-2ZTRR5NV.mjs: Deleted
2026/09/18 17:46:36 INFO  : X-PLAN/architecture/figures/node_modules/@upsetjs/venn.js/src/diagram.js: Deleted
2026/09/18 17:46:36 INFO  : X-PLAN/architecture/figures/node_modules/@puppeteer/browsers/lib/cjs/browser-data/chrome-headless-shell.js.map: Deleted
2026/09/18 17:46:37 INFO  : X-PLAN/architecture/figures/node_modules/cosmiconfig/README.md: Deleted
2026/09/18 17:46:37 INFO  : X-PLAN/architecture/figures/node_modules/@mermaid-js/mermaid-cli/package.json: Deleted
2026/09/18 17:46:37 INFO  : X-PLAN/architecture/figures/node_modules/@internationalized/date/dist/private/CalendarDate.cjs: Deleted
2026/09/18 17:46:37 INFO  : X-PLAN/architecture/figures/node_modules/@swc/helpers/esm/_update.js: Deleted
2026/09/18 17:46:38 INFO  : X-PLAN/architecture/figures/node_modules/@mermaid-js/parser/dist/chunks/mermaid-parser.esm/chunk-5I6LL4RE.mjs.map: Deleted
2026/09/18 17:46:38 INFO  : X-PLAN/architecture/figures/svg/SA-26.svg: Deleted
2026/09/18 17:46:39 INFO  : X-PLAN/architecture/figures/node_modules/@zenuml/core/dist/vendor/codemirror/codemirror.min.js: Deleted
2026/09/18 17:46:39 INFO  : X-PLAN/architecture/figures/node_modules/@mermaid-js/mermaid-cli/dist/assets/KaTeX_Fraktur-Regular-Dxdc4cR9.woff: Deleted
2026/09/18 17:46:39 INFO  : X-PLAN/architecture/figures/node_modules/@swc/helpers/cjs/_read_only_error.cjs: Deleted
2026/09/18 17:46:39 INFO  : X-PLAN/architecture/figures/node_modules/@swc/helpers/cjs/_call_super.cjs: Deleted
2026/09/18 17:46:40 INFO  : X-PLAN/architecture/figures/node_modules/chromium-bidi/lib/esm/bidiMapper/modules/bluetooth/BluetoothProcessor.js: Deleted
2026/09/18 17:46:40 INFO  : X-PLAN/architecture/figures/node_modules/@mermaid-js/mermaid-cli/dist/assets/KaTeX_Size2-Regular-oD1tc_U0.woff: Deleted
2026/09/18 17:46:41 INFO  : X-PLAN/architecture/figures/node_modules/@tootallnate/quickjs-emscripten/dist/index.js: Deleted
2026/09/18 17:46:41 INFO  : X-PLAN/architecture/figures/node_modules/@swc/helpers/src/_class_private_field_set.mjs: Deleted
2026/09/18 17:46:41 INFO  : X-PLAN/architecture/figures/node_modules/@swc/helpers/src/_create_class.mjs: Deleted
2026/09/18 17:46:41 INFO  : X-PLAN/architecture/figures/node_modules/antlr4/src/antlr4/transition/NotSetTransition.js: Deleted
2026/09/18 17:46:42 INFO  : X-PLAN/architecture/figures/node_modules/@swc/helpers/esm/_class_check_private_static_field_descriptor.js: Deleted
2026/09/18 17:46:42 INFO  : X-PLAN/architecture/figures/node_modules/chromium-bidi/lib/esm/utils/uuid.js.map: Deleted
2026/09/18 17:46:42 INFO  : X-PLAN/architecture/figures/node_modules/@swc/helpers/esm/_class_private_field_loose_base.js: Deleted
2026/09/18 17:46:43 INFO  : X-PLAN/architecture/figures/node_modules/@swc/helpers/src/_ts_generator.mjs: Deleted
2026/09/18 17:46:43 INFO  : X-PLAN/architecture/figures/node_modules/antlr4/src/antlr4/state/DecisionState.js: Deleted
2026/09/18 17:46:43 INFO  : X-PLAN/architecture/figures/node_modules/@types/d3-force/LICENSE: Deleted
2026/09/18 17:46:44 INFO  : X-PLAN/architecture/figures/node_modules/@mermaid-js/mermaid-zenuml/dist/mermaid-zenuml.js: Deleted
2026/09/18 17:46:45 INFO  : X-PLAN/architecture/figures/node_modules/@tootallnate/quickjs-emscripten/dist/module.js.map: Deleted
2026/09/18 17:46:45 INFO  : X-PLAN/architecture/figures/node_modules/chromium-bidi/lib/esm/utils/Base64.js: Deleted
2026/09/18 17:46:45 INFO  : X-PLAN/architecture/figures/node_modules/@mermaid-js/parser/dist/chunks/mermaid-parser.core/treeView-Q6P3EWNA.mjs.map: Deleted
2026/09/18 17:46:45 INFO  : X-PLAN/architecture/figures/node_modules/@internationalized/date/dist/private/manipulation.cjs.map: Deleted
2026/09/18 17:46:46 INFO  : X-PLAN/architecture/figures/node_modules/@types/d3-delaunay/README.md: Deleted
2026/09/18 17:46:46 INFO  : X-PLAN/architecture/figures/node_modules/@swc/helpers/src/_ts_add_disposable_resource.mjs: Deleted
2026/09/18 17:46:46 INFO  : X-PLAN/architecture/figures/node_modules/@swc/helpers/esm/_ts_values.js: Deleted
2026/09/18 17:46:47 INFO  : X-PLAN/architecture/figures/node_modules/@swc/helpers/_/_class_name_tdz_error/package.json: Deleted
2026/09/18 17:46:48 INFO  : X-PLAN/architecture/figures/node_modules/@tanstack/virtual-core/src/index.ts: Deleted
2026/09/18 17:46:48 INFO  : X-PLAN/architecture/figures/node_modules/@puppeteer/browsers/lib/esm/install.js: Deleted
2026/09/18 17:46:48 INFO  : X-PLAN/architecture/figures/node_modules/@mermaid-js/mermaid-cli/dist/assets/KaTeX_Size2-Regular-Dy4dx90m.woff2: Deleted
2026/09/18 17:46:49 INFO  : X-PLAN/architecture/figures/node_modules/@mermaid-js/parser/dist/chunks/mermaid-parser.core/chunk-2ZTRR5NV.mjs.map: Deleted
2026/09/18 17:46:49 INFO  : X-PLAN/architecture/figures/node_modules/@swc/helpers/scripts/utils.js: Deleted
2026/09/18 17:46:49 INFO  : X-PLAN/architecture/figures/node_modules/@puppeteer/browsers/lib/esm/browser-data/chrome.js: Deleted
2026/09/18 17:46:50 INFO  : X-PLAN/architecture/figures/node_modules/antlr4/src/antlr4/state/StarBlockStartState.js: Deleted
2026/09/18 17:46:52 INFO  : X-PLAN/architecture/figures/node_modules/@mermaid-js/mermaid-cli/dist/assets/KaTeX_SansSerif-Bold-DbIhKOiC.woff: Deleted
2026/09/18 17:46:52 INFO  : X-PLAN/architecture/figures/node_modules/@internationalized/number/dist/types/src/index.d.ts: Deleted
2026/09/18 17:46:52 INFO  : X-PLAN/architecture/figures/node_modules/@puppeteer/browsers/lib/cjs/main-cli.js.map: Deleted
2026/09/18 17:46:52 INFO  : X-PLAN/architecture/figures/node_modules/@mermaid-js/parser/dist/chunks/mermaid-parser.esm/chunk-KF7DCBH4.mjs.map: Deleted
2026/09/18 17:46:53 INFO  : X-PLAN/architecture/figures/node_modules/@swc/helpers/cjs/_class_name_tdz_error.cjs: Deleted
2026/09/18 17:46:53 INFO  : X-PLAN/architecture/figures/node_modules/@swc/helpers/src/_to_property_key.mjs: Deleted
2026/09/18 17:46:53 INFO  : X-PLAN/architecture/figures/node_modules/bare-stream/LICENSE: Deleted
2026/09/18 17:46:53 INFO  : X-PLAN/architecture/figures/node_modules/@swc/helpers/cjs/_inherits.cjs: Deleted
2026/09/18 17:46:54 INFO  : X-PLAN/architecture/figures/node_modules/callsites/package.json: Deleted
2026/09/18 17:46:54 INFO  : X-PLAN/architecture/figures/node_modules/antlr4/src/antlr4/state/BlockEndState.js: Deleted
2026/09/18 17:46:54 INFO  : X-PLAN/architecture/figures/node_modules/@swc/helpers/esm/_class_apply_descriptor_destructure.js: Deleted
2026/09/18 17:46:54 INFO  : X-PLAN/architecture/figures/node_modules/@internationalized/date/dist/types/src/calendars/PersianCalendar.d.ts: Deleted
2026/09/18 17:46:56 INFO  : X-PLAN/architecture/figures/node_modules/antlr4/src/antlr4/dfa/PredPrediction.js: Deleted
2026/09/18 17:46:56 INFO  : X-PLAN/architecture/figures/node_modules/antlr4/src/antlr4/utils/equalArrays.js: Deleted
2026/09/18 17:46:56 INFO  : X-PLAN/architecture/figures/node_modules/@mermaid-js/mermaid-cli/dist/assets/KaTeX_Main-Regular-B22Nviop.woff2: Deleted
2026/09/18 17:46:56 INFO  : X-PLAN/architecture/figures/node_modules/@internationalized/date/dist/private/calendars/BuddhistCalendar.cjs.map: Deleted
2026/09/18 17:46:58 INFO  : X-PLAN/architecture/figures/node_modules/@swc/helpers/src/_extends.mjs: Deleted
2026/09/18 17:46:58 INFO  : X-PLAN/architecture/figures/node_modules/@types/d3-ease/package.json: Deleted
2026/09/18 17:46:58 INFO  : X-PLAN/architecture/figures/node_modules/@mermaid-js/parser/dist/chunks/mermaid-parser.core/chunk-747NJXEK.mjs: Deleted
2026/09/18 17:46:58 INFO  : X-PLAN/architecture/figures/node_modules/@tanstack/virtual-core/src/lazy-measurements.ts: Deleted
2026/09/18 17:46:59 INFO  : X-PLAN/architecture/figures/node_modules/chromium-bidi/lib/esm/bidiServer/SimpleTransport.js: Deleted
2026/09/18 17:46:59 INFO  : X-PLAN/architecture/figures/node_modules/@types/d3-transition/package.json: Deleted
2026/09/18 17:46:59 INFO  : X-PLAN/architecture/figures/node_modules/chromium-bidi/lib/cjs/protocol-parser/protocol-parser.d.ts: Deleted
2026/09/18 17:47:00 INFO  : X-PLAN/architecture/figures/node_modules/@swc/helpers/src/_write_only_error.mjs: Deleted
2026/09/18 17:47:00 INFO  : X-PLAN/architecture/figures/node_modules/cosmiconfig/dist/merge.js: Deleted
2026/09/18 17:47:00 INFO  : X-PLAN/architecture/figures/node_modules/chromium-bidi/lib/cjs/utils/DefaultMap.js: Deleted
2026/09/18 17:47:01 INFO  : X-PLAN/architecture/figures/node_modules/@headlessui/react/package.json: Deleted
2026/09/18 17:47:01 INFO  : X-PLAN/architecture/figures/node_modules/argparse/argparse.js: Deleted
2026/09/18 17:47:01 INFO  : X-PLAN/architecture/figures/node_modules/basic-ftp/dist/parseListDOS.js: Deleted
2026/09/18 17:47:01 INFO  : X-PLAN/architecture/figures/node_modules/basic-ftp/dist/transfer.d.ts: Deleted
2026/09/18 17:47:02 INFO  : X-PLAN/architecture/figures/node_modules/chromium-bidi/lib/cjs/bidiMapper/BidiServer.js.map: Deleted
2026/09/18 17:47:02 INFO  : X-PLAN/architecture/figures/node_modules/commander/typings/index.d.ts: Deleted
2026/09/18 17:47:02 INFO  : X-PLAN/architecture/figures/node_modules/chromium-bidi/lib/cjs/utils/uuid.js.map: Deleted
2026/09/18 17:47:03 INFO  : X-PLAN/architecture/figures/node_modules/@types/d3-chord/index.d.ts: Deleted
2026/09/18 17:47:04 INFO  : X-PLAN/architecture/figures/node_modules/bare-path/lib/shared.js: Deleted
2026/09/18 17:47:04 INFO  : X-PLAN/architecture/figures/node_modules/chromium-bidi/lib/cjs/bidiMapper/modules/bluetooth/BluetoothProcessor.js: Deleted
2026/09/18 17:47:04 INFO  : X-PLAN/architecture/figures/node_modules/@floating-ui/dom/package.json: Deleted
2026/09/18 17:47:04 INFO  : X-PLAN/architecture/figures/node_modules/@internationalized/number/dist/index.mjs: Deleted
2026/09/18 17:47:10 INFO  : X-PLAN/architecture/figures/node_modules/@tootallnate/quickjs-emscripten/dist/debug.d.ts: Deleted
2026/09/18 17:47:10 INFO  : X-PLAN/architecture/figures/node_modules/@swc/helpers/src/_class_private_method_init.mjs: Deleted
2026/09/18 17:47:10 INFO  : X-PLAN/architecture/figures/node_modules/@swc/helpers/cjs/_define_property.cjs: Deleted
2026/09/18 17:47:11 INFO  : X-PLAN/architecture/figures/node_modules/antlr4/src/antlr4/atn/LexerATNSimulator.js: Deleted
2026/09/18 17:47:13 INFO  : X-PLAN/architecture/figures/node_modules/@swc/helpers/esm/_object_spread_props.js: Deleted
2026/09/18 17:47:13 INFO  : X-PLAN/architecture/figures/node_modules/@mermaid-js/parser/dist/chunks/mermaid-parser.esm.min/railroad-abnf-CDRPPXSQ.mjs.map: Deleted
2026/09/18 17:47:13 INFO  : X-PLAN/architecture/figures/svg/SA-20.svg: Deleted
2026/09/18 17:47:13 INFO  : X-PLAN/architecture/figures/node_modules/@types/d3-quadtree/LICENSE: Deleted
2026/09/18 17:47:14 INFO  : X-PLAN/architecture/figures/node_modules/@types/d3-brush/package.json: Deleted
2026/09/18 17:47:15 INFO  : X-PLAN/architecture/figures/node_modules/@internationalized/date/dist/types/src/calendars/JapaneseCalendar.d.ts: Deleted
2026/09/18 17:47:15 INFO  : X-PLAN/architecture/figures/node_modules/@mermaid-js/parser/dist/chunks/mermaid-parser.core/chunk-IH6LHLGP.mjs: Deleted
2026/09/18 17:47:15 INFO  : X-PLAN/architecture/figures/node_modules/@react-types/shared/LICENSE: Deleted
2026/09/18 17:47:16 INFO  : X-PLAN/architecture/figures/node_modules/antlr4/src/antlr4/action/LexerAction.js: Deleted
2026/09/18 17:47:17 INFO  : X-PLAN/architecture/figures/node_modules/@types/d3/package.json: Deleted
2026/09/18 17:47:17 INFO  : X-PLAN/architecture/figures/node_modules/chromium-bidi/lib/cjs/utils/Base64.d.ts: Deleted
2026/09/18 17:47:17 INFO  : X-PLAN/architecture/figures/node_modules/@internationalized/string/dist/private/LocalizedStringFormatter.cjs: Deleted
2026/09/18 17:47:18 INFO  : X-PLAN/architecture/figures/node_modules/@swc/helpers/esm/_object_without_properties.js: Deleted
2026/09/18 17:47:18 INFO  : X-PLAN/architecture/figures/node_modules/@tanstack/react-virtual/dist/cjs/index.cjs.map: Deleted
2026/09/18 17:47:18 INFO  : X-PLAN/architecture/figures/node_modules/@floating-ui/dom/README.md: Deleted
2026/09/18 17:47:18 INFO  : X-PLAN/architecture/figures/node_modules/ast-types/def/babel.d.ts: Deleted
2026/09/18 17:47:19 INFO  : X-PLAN/architecture/figures/node_modules/@internationalized/date/dist/private/CalendarDate.mjs: Deleted
2026/09/18 17:47:20 INFO  : X-PLAN/architecture/figures/node_modules/@swc/helpers/esm/_define_enumerable_properties.js: Deleted
2026/09/18 17:47:20 INFO  : X-PLAN/architecture/figures/node_modules/@swc/helpers/src/_to_consumable_array.mjs: Deleted
2026/09/18 17:47:20 INFO  : X-PLAN/architecture/figures/node_modules/antlr4/src/antlr4/context/PredictionContext.js: Deleted
2026/09/18 17:47:21 INFO  : X-PLAN/architecture/figures/node_modules/chromium-bidi/lib/esm/utils/result.d.ts: Deleted
2026/09/18 17:47:21 INFO  : X-PLAN/architecture/figures/node_modules/@iconify/types/provider.js: Deleted
2026/09/18 17:47:22 INFO  : X-PLAN/architecture/figures/node_modules/@swc/helpers/cjs/_await_async_generator.cjs: Deleted
2026/09/18 17:47:22 INFO  : X-PLAN/architecture/figures/node_modules/@internationalized/date/dist/types/src/string.d.ts: Deleted
2026/09/18 17:47:22 INFO  : X-PLAN/architecture/figures/node_modules/@upsetjs/venn.js/src/index.js: Deleted
2026/09/18 17:47:22 INFO  : X-PLAN/architecture/figures/node_modules/antlr4/src/antlr4/context/ArrayPredictionContext.js: Deleted
2026/09/18 17:47:23 INFO  : X-PLAN/architecture/figures/node_modules/chromium-bidi/lib/cjs/utils/Mutex.js.map: Deleted
2026/09/18 17:47:23 INFO  : X-PLAN/architecture/figures/node_modules/@internationalized/date/dist/types/src/calendars/HebrewCalendar.d.ts: Deleted
2026/09/18 17:47:23 INFO  : X-PLAN/architecture/figures/svg/SA-09.svg: Deleted
2026/09/18 17:47:24 INFO  : X-PLAN/architecture/figures/node_modules/@mermaid-js/mermaid-cli/dist/assets/KaTeX_Caligraphic-Bold-BEiXGLvX.woff: Deleted
2026/09/18 17:47:24 INFO  : X-PLAN/architecture/figures/node_modules/@puppeteer/browsers/lib/esm/browser-data/browser-data.js: Deleted
2026/09/18 17:47:25 INFO  : X-PLAN/architecture/figures/node_modules/cytoscape-cose-bilkent/.eslintrc: Deleted
2026/09/18 17:47:25 INFO  : X-PLAN/architecture/figures/node_modules/ast-types/.github/dependabot.yml: Deleted
2026/09/18 17:47:25 INFO  : X-PLAN/architecture/figures/node_modules/@swc/helpers/cjs/_extends.cjs: Deleted
2026/09/18 17:47:26 INFO  : X-PLAN/architecture/figures/node_modules/@puppeteer/browsers/lib/cjs/Cache.js.map: Deleted
2026/09/18 17:47:26 INFO  : X-PLAN/architecture/figures/node_modules/@internationalized/date/dist/private/calendars/JapaneseCalendar.mjs.map: Deleted
2026/09/18 17:47:26 INFO  : X-PLAN/architecture/figures/node_modules/@puppeteer/browsers/lib/cjs/browser-data/types.js: Deleted
2026/09/18 17:47:27 INFO  : X-PLAN/architecture/figures/node_modules/@mermaid-js/parser/dist/chunks/mermaid-parser.esm.min/architecture-O4OAL5WT.mjs: Deleted
2026/09/18 17:47:27 INFO  : X-PLAN/architecture/figures/node_modules/antlr4/src/antlr4/Parser.js: Deleted
2026/09/18 17:47:27 INFO  : X-PLAN/architecture/figures/node_modules/chromium-bidi/lib/cjs/utils/Mutex.js: Deleted
2026/09/18 17:47:28 INFO  : X-PLAN/architecture/figures/node_modules/@mermaid-js/parser/dist/chunks/mermaid-parser.core/packet-AYTQ26CC.mjs.map: Deleted
2026/09/18 17:47:28 INFO  : X-PLAN/architecture/figures/node_modules/@types/d3-hierarchy/package.json: Deleted
2026/09/18 17:47:28 INFO  : X-PLAN/architecture/figures/node_modules/antlr4/src/antlr4/misc/Interval.js: Deleted
2026/09/18 17:47:29 INFO  : X-PLAN/architecture/figures/node_modules/antlr4/src/antlr4/state/RuleStopState.js: Deleted
2026/09/18 17:47:36 INFO  : X-PLAN/architecture/figures/node_modules/cose-base/bower.json: Deleted
2026/09/18 17:47:36 INFO  : X-PLAN/architecture/figures/node_modules/chromium-bidi/lib/cjs/cdp/CdpConnection.js.map: Deleted
2026/09/18 17:47:37 INFO  : X-PLAN/architecture/figures/node_modules/chromium-bidi/lib/cjs/utils/result.d.ts: Deleted
2026/09/18 17:47:38 INFO  : X-PLAN/architecture/figures/node_modules/chromium-bidi/lib/esm/bidiMapper/modules/bluetooth/BluetoothProcessor.js.map: Deleted
2026/09/18 17:47:40 INFO  : X-PLAN/architecture/figures/node_modules/@swc/helpers/esm/_class_static_private_field_update.js: Deleted
2026/09/18 17:47:40 INFO  : X-PLAN/architecture/figures/node_modules/@swc/helpers/src/_class_private_field_get.mjs: Deleted
2026/09/18 17:47:40 INFO  : X-PLAN/architecture/figures/node_modules/@tootallnate/quickjs-emscripten/dist/generated/emscripten-module.WASM_RELEASE_SYNC.js: Deleted
2026/09/18 17:47:41 INFO  : X-PLAN/architecture/figures/node_modules/@swc/helpers/src/_define_enumerable_properties.mjs: Deleted
2026/09/18 17:47:44 INFO  : X-PLAN/architecture/figures/node_modules/@types/d3-time-format/README.md: Deleted
2026/09/18 17:47:44 INFO  : X-PLAN/architecture/figures/node_modules/chromium-bidi/lib/cjs/utils/assert.js: Deleted
2026/09/18 17:47:44 INFO  : X-PLAN/architecture/figures/node_modules/chromium-bidi/lib/cjs/utils/Base64.js.map: Deleted
2026/09/18 17:47:45 INFO  : X-PLAN/architecture/figures/node_modules/@internationalized/date/dist/private/weekStartData.js: Deleted
2026/09/18 17:47:48 INFO  : X-PLAN/architecture/figures/node_modules/@puppeteer/browsers/src/main-cli.ts: Deleted
2026/09/18 17:47:48 INFO  : X-PLAN/architecture/figures/node_modules/antlr4/src/antlr4/TraceListener.js: Deleted
2026/09/18 17:47:48 INFO  : X-PLAN/architecture/figures/node_modules/callsites/readme.md: Deleted
2026/09/18 17:47:48 INFO  : X-PLAN/architecture/figures/node_modules/@mermaid-js/parser/dist/chunks/mermaid-parser.core/chunk-6AZGARVD.mjs.map: Deleted
2026/09/18 17:47:49 INFO  : X-PLAN/architecture/figures/node_modules/color-convert/node_modules/color-name/README.md: Deleted
2026/09/18 17:47:49 INFO  : X-PLAN/architecture/figures/node_modules/chromium-bidi/lib/cjs/bidiMapper/modules/cdp/CdpProcessor.js.map: Deleted
2026/09/18 17:47:49 INFO  : X-PLAN/architecture/figures/node_modules/@babel/helper-validator-identifier/LICENSE: Deleted
2026/09/18 17:47:49 INFO  : X-PLAN/architecture/figures/node_modules/@tanstack/react-virtual/dist/esm/index.d.ts: Deleted
2026/09/18 17:47:50 INFO  : X-PLAN/architecture/figures/node_modules/ast-types/def/es2020.js: Deleted
2026/09/18 17:47:50 INFO  : X-PLAN/architecture/figures/node_modules/chromium-bidi/lib/esm/utils/Base64.d.ts: Deleted
2026/09/18 17:47:50 INFO  : X-PLAN/architecture/figures/node_modules/@mermaid-js/parser/dist/chunks/mermaid-parser.esm.min/chunk-LNRHPJCK.mjs.map: Deleted
2026/09/18 17:47:50 INFO  : X-PLAN/architecture/figures/node_modules/antlr4/src/antlr4/error/FailedPredicateException.js: Deleted
2026/09/18 17:47:51 INFO  : X-PLAN/architecture/figures/node_modules/@mermaid-js/mermaid-cli/dist/assets/KaTeX_Caligraphic-Bold-ATXxdsX0.ttf: Deleted
2026/09/18 17:47:52 INFO  : X-PLAN/architecture/figures/node_modules/chromium-bidi/.browser: Deleted
2026/09/18 17:47:52 INFO  : X-PLAN/architecture/figures/node_modules/chromium-bidi/lib/iife/mapperTab.js.map: Deleted
2026/09/18 17:47:52 INFO  : X-PLAN/architecture/figures/node_modules/@swc/helpers/_/_await_value/package.json: Deleted
2026/09/18 17:47:53 INFO  : X-PLAN/architecture/figures/node_modules/@antfu/install-pkg/package.json: Deleted
2026/09/18 17:47:53 INFO  : X-PLAN/architecture/figures/node_modules/@swc/helpers/cjs/_array_like_to_array.cjs: Deleted
2026/09/18 17:47:53 INFO  : X-PLAN/architecture/figures/node_modules/@mermaid-js/parser/dist/chunks/mermaid-parser.esm/chunk-DEW74267.mjs.map: Deleted
2026/09/18 17:47:53 INFO  : X-PLAN/architecture/figures/node_modules/@swc/helpers/src/_apply_decs_2203_r.mjs: Deleted
2026/09/18 17:47:54 INFO  : X-PLAN/architecture/figures/node_modules/@swc/helpers/src/_using.mjs: Deleted
2026/09/18 17:47:54 INFO  : X-PLAN/architecture/figures/node_modules/ast-types/lib/equiv.js: Deleted
2026/09/18 17:47:54 INFO  : X-PLAN/architecture/figures/node_modules/@internationalized/string/dist/private/LocalizedStringDictionary.mjs.map: Deleted
2026/09/18 17:47:55 INFO  : X-PLAN/architecture/figures/node_modules/@swc/helpers/cjs/_update.cjs: Deleted
2026/09/18 17:47:55 INFO  : X-PLAN/architecture/figures/node_modules/@swc/helpers/cjs/_wrap_async_generator.cjs: Deleted
2026/09/18 17:47:55 INFO  : X-PLAN/architecture/figures/node_modules/b4a/browser.js: Deleted
2026/09/18 17:47:56 INFO  : X-PLAN/architecture/figures/node_modules/@tootallnate/quickjs-emscripten/dist/vm-interface.d.ts: Deleted
2026/09/18 17:47:56 INFO  : X-PLAN/architecture/figures/node_modules/basic-ftp/dist/parseList.js: Deleted
2026/09/18 17:47:57 INFO  : X-PLAN/architecture/figures/node_modules/@react-types/shared/src/index.d.ts: Deleted
2026/09/18 17:47:57 INFO  : X-PLAN/architecture/figures/node_modules/cytoscape-cose-bilkent/README.md: Deleted
2026/09/18 17:47:57 INFO  : X-PLAN/architecture/figures/node_modules/@puppeteer/browsers/src/debug.ts: Deleted
2026/09/18 17:47:57 INFO  : X-PLAN/architecture/figures/node_modules/@swc/helpers/esm/_wrap_native_super.js: Deleted
2026/09/18 17:47:58 INFO  : X-PLAN/architecture/figures/node_modules/aria-hidden/README.md: Deleted
2026/09/18 17:47:58 INFO  : X-PLAN/architecture/figures/node_modules/ast-types/def/type-annotations.js: Deleted
2026/09/18 17:47:58 INFO  : X-PLAN/architecture/figures/node_modules/ast-types/lib/path-visitor.js: Deleted
2026/09/18 17:47:58 INFO  : X-PLAN/architecture/figures/node_modules/ast-types/lib/scope.d.ts: Deleted
2026/09/18 17:47:59 INFO  : X-PLAN/architecture/figures/node_modules/antlr4/src/antlr4/tree/TerminalNodeImpl.js: Deleted
2026/09/18 17:48:00 INFO  : X-PLAN/architecture/figures/node_modules/@floating-ui/react/README.md: Deleted
2026/09/18 17:48:00 INFO  : X-PLAN/architecture/figures/node_modules/bare-events/web.js: Deleted
2026/09/18 17:48:01 INFO  : X-PLAN/architecture/figures/node_modules/chromium-bidi/lib/esm/utils/ProcessingQueue.js.map: Deleted
2026/09/18 17:48:01 INFO  : X-PLAN/architecture/figures/node_modules/chromium-bidi/lib/esm/protocol/generated/webdriver-bidi-bluetooth.js.map: Deleted
2026/09/18 17:48:01 INFO  : X-PLAN/architecture/figures/node_modules/@internationalized/string/dist/private/LocalizedStringDictionary.js: Deleted
2026/09/18 17:48:02 INFO  : X-PLAN/architecture/figures/node_modules/@mermaid-js/parser/dist/chunks/mermaid-parser.core/chunk-KI3K4JFJ.mjs.map: Deleted
2026/09/18 17:48:02 INFO  : X-PLAN/architecture/figures/node_modules/@react-aria/interactions/dist/module.js.map: Deleted
2026/09/18 17:48:02 INFO  : X-PLAN/architecture/figures/node_modules/@puppeteer/browsers/lib/esm/debug.js.map: Deleted
2026/09/18 17:48:02 INFO  : X-PLAN/architecture/figures/node_modules/chromium-bidi/lib/cjs/bidiMapper/modules/context/NavigationTracker.d.ts: Deleted
2026/09/18 17:48:06 INFO  : X-PLAN/architecture/figures/node_modules/color-convert/README.md: Deleted
2026/09/18 17:48:06 INFO  : X-PLAN/architecture/figures/node_modules/@mermaid-js/mermaid-zenuml/package.json: Deleted
2026/09/18 17:48:06 INFO  : X-PLAN/architecture/figures/node_modules/@headlessui/react/LICENSE: Deleted
2026/09/18 17:48:06 INFO  : X-PLAN/architecture/figures/node_modules/chromium-bidi/lib/esm/bidiMapper/modules/cdp/TargetEvents.d.ts: Deleted
2026/09/18 17:48:09 INFO  : X-PLAN/architecture/figures/svg/SA-12.svg: Deleted
2026/09/18 17:48:09 INFO  : X-PLAN/architecture/figures/node_modules/@puppeteer/browsers/src/tsconfig.cjs.json: Deleted
2026/09/18 17:48:09 INFO  : X-PLAN/architecture/figures/node_modules/@swc/helpers/esm/_class_extract_field_descriptor.js: Deleted
2026/09/18 17:48:09 INFO  : X-PLAN/architecture/figures/node_modules/chromium-bidi/lib/cjs/protocol-parser/protocol-parser.js.map: Deleted
2026/09/18 17:48:10 INFO  : X-PLAN/architecture/figures/node_modules/@internationalized/date/dist/private/conversion.js.map: Deleted
2026/09/18 17:48:10 INFO  : X-PLAN/architecture/figures/node_modules/@iconify/types/package.json: Deleted
2026/09/18 17:48:11 INFO  : X-PLAN/architecture/figures/node_modules/antlr4/src/antlr4/atn/ATNSimulator.js: Deleted
2026/09/18 17:48:11 INFO  : X-PLAN/architecture/figures/node_modules/@mermaid-js/mermaid-cli/dist-types/src/version.d.ts.map: Deleted
2026/09/18 17:48:12 INFO  : X-PLAN/architecture/figures/node_modules/@mermaid-js/mermaid-zenuml/dist/chunks/mermaid-zenuml.esm/chunk-OS44DIFC.mjs.map: Deleted
2026/09/18 17:48:12 INFO  : X-PLAN/architecture/figures/node_modules/argparse/CHANGELOG.md: Deleted
2026/09/18 17:48:12 INFO  : X-PLAN/architecture/figures/node_modules/@swc/helpers/_/_array_like_to_array/package.json: Deleted
2026/09/18 17:48:13 INFO  : X-PLAN/architecture/figures/node_modules/@mermaid-js/mermaid-cli/dist/assets/KaTeX_SansSerif-Bold-D1sUS0GD.woff2: Deleted
2026/09/18 17:48:13 INFO  : X-PLAN/architecture/figures/node_modules/@swc/helpers/esm/_class_check_private_static_access.js: Deleted
2026/09/18 17:48:14 INFO  : X-PLAN/architecture/figures/node_modules/chromium-bidi/lib/esm/utils/unitConversions.js: Deleted
2026/09/18 17:48:14 INFO  : X-PLAN/architecture/figures/node_modules/clsx/dist/lite.mjs: Deleted
2026/09/18 17:48:14 INFO  : X-PLAN/architecture/figures/node_modules/@mermaid-js/mermaid-zenuml/dist/chunks/mermaid-zenuml.core/chunk-CJCKSLXZ.mjs.map: Deleted
2026/09/18 17:48:15 INFO  : X-PLAN/architecture/figures/node_modules/chromium-bidi/lib/cjs/cdp/cdpMessage.js: Deleted
2026/09/18 17:48:15 INFO  : X-PLAN/architecture/figures/node_modules/@internationalized/date/dist/private/calendars/IslamicCalendar.js.map: Deleted
2026/09/18 17:48:15 INFO  : X-PLAN/architecture/figures/node_modules/@swc/helpers/src/_skip_first_generator_next.mjs: Deleted
2026/09/18 17:48:16 INFO  : X-PLAN/architecture/figures/node_modules/base64-js/package.json: Deleted
2026/09/18 17:48:23 INFO  : X-PLAN/architecture/figures/svg/SA-LEGEND.svg: Deleted
2026/09/18 17:48:23 INFO  : X-PLAN/architecture/figures/node_modules/ansi-regex/license: Deleted
2026/09/18 17:48:23 INFO  : X-PLAN/architecture/figures/node_modules/@tanstack/virtual-core/dist/cjs/lazy-measurements.cjs.map: Deleted
2026/09/18 17:48:23 INFO  : X-PLAN/architecture/figures/node_modules/chromium-bidi/lib/esm/bidiMapper/BidiParser.js.map: Deleted
2026/09/18 17:48:24 INFO  : X-PLAN/architecture/figures/node_modules/@swc/helpers/esm/_class_private_field_set.js: Deleted
2026/09/18 17:48:24 INFO  : X-PLAN/architecture/figures/node_modules/chromium-bidi/lib/esm/bidiServer/index.js: Deleted
2026/09/18 17:48:24 INFO  : X-PLAN/architecture/figures/node_modules/@puppeteer/browsers/lib/esm/browser-data/firefox.js.map: Deleted
2026/09/18 17:48:24 INFO  : X-PLAN/architecture/figures/node_modules/@tootallnate/quickjs-emscripten/dist/asyncify-helpers.js.map: Deleted
2026/09/18 17:48:25 INFO  : X-PLAN/architecture/figures/node_modules/cliui/build/lib/index.js: Deleted
2026/09/18 17:48:25 INFO  : X-PLAN/architecture/figures/node_modules/@swc/helpers/_/_class_private_field_destructure/package.json: Deleted
2026/09/18 17:48:25 INFO  : X-PLAN/architecture/figures/node_modules/@internationalized/date/dist/index.js: Deleted
2026/09/18 17:48:26 INFO  : X-PLAN/architecture/figures/node_modules/@tootallnate/quickjs-emscripten/dist/module-asyncify.js: Deleted
2026/09/18 17:48:27 INFO  : X-PLAN/architecture/figures/node_modules/ansi-styles/index.d.ts: Deleted
2026/09/18 17:48:27 INFO  : X-PLAN/architecture/figures/node_modules/base64-js/index.d.ts: Deleted
2026/09/18 17:48:27 INFO  : X-PLAN/architecture/figures/node_modules/@mermaid-js/parser/dist/chunks/mermaid-parser.core/info-A6RAGUB7.mjs: Deleted
2026/09/18 17:48:27 INFO  : X-PLAN/architecture/figures/node_modules/antlr4/src/antlr4/action/LexerCustomAction.js: Deleted
2026/09/18 17:48:28 INFO  : X-PLAN/architecture/figures/node_modules/@internationalized/date/dist/private/weekStartData.mjs.map: Deleted
2026/09/18 17:48:28 INFO  : X-PLAN/architecture/figures/node_modules/@mermaid-js/parser/dist/chunks/mermaid-parser.esm/info-JQRVFZIU.mjs: Deleted
2026/09/18 17:48:28 INFO  : X-PLAN/architecture/figures/node_modules/@types/d3-chord/LICENSE: Deleted
2026/09/18 17:48:28 INFO  : X-PLAN/architecture/figures/node_modules/@babel/code-frame/lib/index.js: Deleted
2026/09/18 17:48:29 INFO  : X-PLAN/architecture/figures/node_modules/@react-types/shared/src/key.d.ts: Deleted
2026/09/18 17:48:30 INFO  : X-PLAN/architecture/figures/node_modules/antlr4/src/antlr4/atn/index.js: Deleted
2026/09/18 17:48:30 INFO  : X-PLAN/architecture/figures/node_modules/@mermaid-js/mermaid-zenuml/dist/chunks/mermaid-zenuml.esm/cloud-icons-eHuugVSv-ANWVY4YK.mjs.map: Deleted
2026/09/18 17:48:30 INFO  : X-PLAN/architecture/figures/node_modules/chromium-bidi/lib/esm/bidiTab/mapperTabPage.d.ts: Deleted
2026/09/18 17:48:30 INFO  : X-PLAN/architecture/figures/node_modules/chromium-bidi/lib/cjs/protocol/generated/webdriver-bidi.js: Deleted
2026/09/18 17:48:31 INFO  : X-PLAN/architecture/figures/node_modules/@internationalized/date/src/calendars/IslamicCalendar.ts: Deleted
2026/09/18 17:48:31 INFO  : X-PLAN/architecture/figures/node_modules/@puppeteer/browsers/lib/esm/launch.d.ts.map: Deleted
2026/09/18 17:48:31 INFO  : X-PLAN/architecture/figures/node_modules/@mermaid-js/parser/dist/chunks/mermaid-parser.esm.min/chunk-BPJO5MP5.mjs: Deleted
2026/09/18 17:48:32 INFO  : X-PLAN/architecture/figures/node_modules/ast-types/gen/builders.js: Deleted
2026/09/18 17:48:32 INFO  : X-PLAN/architecture/figures/node_modules/ast-types/lib/shared.js: Deleted
2026/09/18 17:48:32 INFO  : X-PLAN/architecture/figures/node_modules/callsites/index.js: Deleted
2026/09/18 17:48:32 INFO  : X-PLAN/architecture/figures/node_modules/antlr4/src/antlr4/transition/ActionTransition.js: Deleted
2026/09/18 17:48:33 INFO  : X-PLAN/architecture/figures/node_modules/color-name/README.md: Deleted
2026/09/18 17:48:33 INFO  : X-PLAN/architecture/figures/node_modules/chromium-bidi/lib/esm/utils/log.d.ts: Deleted
2026/09/18 17:48:33 INFO  : X-PLAN/architecture/figures/node_modules/@internationalized/date/dist/private/string.js: Deleted
2026/09/18 17:48:34 INFO  : X-PLAN/architecture/figures/node_modules/bare-path/prebuilds/android-x64/bare-path.bare: Deleted
2026/09/18 17:48:34 INFO  : X-PLAN/architecture/figures/node_modules/cose-base/cose-base.js: Deleted
2026/09/18 17:48:34 INFO  : X-PLAN/architecture/figures/node_modules/chromium-bidi/lib/cjs/protocol/generated/webdriver-bidi-bluetooth.js: Deleted
2026/09/18 17:48:40 INFO  : X-PLAN/architecture/figures/node_modules/class-variance-authority/LICENSE: Deleted
2026/09/18 17:48:40 INFO  : X-PLAN/architecture/figures/node_modules/@internationalized/string/dist/private/LocalizedStringDictionary.cjs: Deleted
2026/09/18 17:48:40 INFO  : X-PLAN/architecture/figures/node_modules/@swc/helpers/cjs/_async_to_generator.cjs: Deleted
2026/09/18 17:48:40 INFO  : X-PLAN/architecture/figures/node_modules/@mermaid-js/parser/dist/chunks/mermaid-parser.esm.min/architecture-O4OAL5WT.mjs.map: Deleted
2026/09/18 17:48:41 INFO  : X-PLAN/architecture/figures/node_modules/chromium-bidi/lib/cjs/utils/Deferred.d.ts: Deleted
2026/09/18 17:48:41 INFO  : X-PLAN/architecture/figures/node_modules/@internationalized/date/dist/private/manipulation.mjs.map: Deleted
2026/09/18 17:48:42 INFO  : X-PLAN/architecture/figures/node_modules/chromium-bidi/lib/esm/utils/time.d.ts: Deleted
2026/09/18 17:48:42 INFO  : X-PLAN/architecture/figures/node_modules/@internationalized/date/dist/private/calendars/HebrewCalendar.mjs: Deleted
2026/09/18 17:48:43 INFO  : X-PLAN/architecture/figures/node_modules/antlr4/src/antlr4/Token.js: Deleted
2026/09/18 17:48:43 INFO  : X-PLAN/architecture/figures/node_modules/@zenuml/core/dist/cli/zenuml.mjs.map: Deleted
2026/09/18 17:48:43 INFO  : X-PLAN/architecture/figures/node_modules/antlr4/src/antlr4/transition/RuleTransition.js: Deleted
2026/09/18 17:48:43 INFO  : X-PLAN/architecture/figures/node_modules/@mermaid-js/mermaid-cli/dist/assets/KaTeX_AMS-Regular-DMm9YOAa.woff: Deleted
2026/09/18 17:48:44 INFO  : X-PLAN/architecture/figures/node_modules/@internationalized/string/README.md: Deleted
2026/09/18 17:48:44 INFO  : X-PLAN/architecture/figures/node_modules/@internationalized/date/src/calendars/TaiwanCalendar.ts: Deleted
2026/09/18 17:48:44 INFO  : X-PLAN/architecture/figures/node_modules/agent-base/dist/helpers.js.map: Deleted
2026/09/18 17:48:44 INFO  : X-PLAN/architecture/figures/node_modules/@mermaid-js/parser/dist/chunks/mermaid-parser.esm/chunk-ZO42IW3I.mjs: Deleted
2026/09/18 17:48:45 INFO  : X-PLAN/architecture/figures/node_modules/chromium-bidi/lib/cjs/utils/EventEmitter.js.map: Deleted
2026/09/18 17:48:46 INFO  : X-PLAN/architecture/figures/node_modules/@chevrotain/types/LICENSE.txt: Deleted
2026/09/18 17:48:46 INFO  : X-PLAN/architecture/figures/node_modules/@mermaid-js/mermaid-zenuml/dist/chunks/mermaid-zenuml.esm.min/chunk-PPGA74DV.mjs.map: Deleted
2026/09/18 17:48:46 INFO  : X-PLAN/architecture/figures/node_modules/antlr4/src/antlr4/utils/standardEqualsFunction.js: Deleted
2026/09/18 17:48:47 INFO  : X-PLAN/architecture/figures/node_modules/cosmiconfig/dist/ExplorerBase.js: Deleted
2026/09/18 17:48:47 INFO  : X-PLAN/architecture/figures/node_modules/chromium-bidi/lib/esm/cdp/CdpConnection.js: Deleted
2026/09/18 17:48:47 INFO  : X-PLAN/architecture/figures/node_modules/chromium-bidi/lib/cjs/utils/IdWrapper.d.ts: Deleted
2026/09/18 17:48:47 INFO  : X-PLAN/architecture/figures/node_modules/@internationalized/date/dist/private/DateFormatter.js: Deleted
2026/09/18 17:48:48 INFO  : X-PLAN/architecture/figures/node_modules/@internationalized/date/dist/private/string.js.map: Deleted
2026/09/18 17:48:48 INFO  : X-PLAN/architecture/figures/node_modules/antlr4/src/antlr4/atn/ATNDeserializer.js: Deleted
2026/09/18 17:48:48 INFO  : X-PLAN/architecture/figures/node_modules/clsx/clsx.d.ts: Deleted
2026/09/18 17:48:48 INFO  : X-PLAN/architecture/figures/node_modules/chromium-bidi/lib/esm/protocol/generated/webdriver-bidi-bluetooth.d.ts: Deleted
2026/09/18 17:48:49 INFO  : X-PLAN/architecture/figures/node_modules/@internationalized/date/dist/index.js.map: Deleted
2026/09/18 17:48:49 INFO  : X-PLAN/architecture/figures/node_modules/@mermaid-js/parser/dist/chunks/mermaid-parser.esm/treemap-KCBBMFWV.mjs: Deleted
2026/09/18 17:48:49 INFO  : X-PLAN/architecture/figures/node_modules/@braintree/sanitize-url/src/constants.ts: Deleted
2026/09/18 17:48:50 INFO  : X-PLAN/architecture/figures/node_modules/antlr4/src/antlr4/atn/ATN.js: Deleted
2026/09/18 17:48:50 INFO  : X-PLAN/architecture/figures/node_modules/ast-types/lib/node-path.js: Deleted
2026/09/18 17:48:51 INFO  : X-PLAN/architecture/figures/node_modules/chromium-bidi/lib/cjs/utils/uuid.d.ts: Deleted
2026/09/18 17:48:51 INFO  : X-PLAN/architecture/figures/node_modules/chromium-bidi/lib/esm/protocol/generated/webdriver-bidi-permissions.d.ts: Deleted
2026/09/18 17:48:51 INFO  : X-PLAN/architecture/figures/node_modules/bare-url/CMakeLists.txt: Deleted
2026/09/18 17:48:52 INFO  : X-PLAN/architecture/figures/svg/SA-CCTV.svg: Deleted
2026/09/18 17:48:52 INFO  : X-PLAN/architecture/figures/node_modules/@mermaid-js/parser/dist/chunks/mermaid-parser.esm/treeView-2LALZXKK.mjs: Deleted
2026/09/18 17:48:52 INFO  : X-PLAN/architecture/figures/node_modules/bare-fs/prebuilds/ios-x64-simulator/bare-fs.bare: Deleted
2026/09/18 17:48:52 INFO  : X-PLAN/architecture/figures/node_modules/@mermaid-js/mermaid-cli/dist/assets/KaTeX_SansSerif-Italic-YYjJ1zSn.ttf: Deleted
2026/09/18 17:48:53 INFO  : X-PLAN/architecture/figures/node_modules/@types/d3-time/LICENSE: Deleted
2026/09/18 17:48:54 INFO  : X-PLAN/architecture/figures/node_modules/@tanstack/virtual-core/package.json: Deleted
2026/09/18 17:48:54 INFO  : X-PLAN/architecture/figures/node_modules/commander/lib/help.js: Deleted
2026/09/18 17:48:54 INFO  : X-PLAN/architecture/figures/node_modules/@antfu/install-pkg/dist/index.d.mts: Deleted
2026/09/18 17:48:54 INFO  : X-PLAN/architecture/figures/node_modules/@internationalized/number/dist/private/NumberParser.cjs.map: Deleted
2026/09/18 17:48:55 INFO  : X-PLAN/architecture/figures/node_modules/chromium-bidi/lib/esm/bidiTab/Transport.js: Deleted
2026/09/18 17:48:55 INFO  : X-PLAN/architecture/figures/node_modules/cosmiconfig/dist/loaders.d.ts: Deleted
2026/09/18 17:48:55 INFO  : X-PLAN/architecture/figures/node_modules/chromium-bidi/lib/cjs/bidiMapper/modules/context/BrowsingContextStorage.js.map: Deleted
2026/09/18 17:48:56 INFO  : X-PLAN/architecture/figures/node_modules/chromium-bidi/lib/esm/bidiMapper/modules/cdp/CdpProcessor.js.map: Deleted
2026/09/18 17:48:57 INFO  : X-PLAN/architecture/figures/node_modules/@mermaid-js/mermaid-cli/dist/assets/KaTeX_Fraktur-Regular-CB_wures.ttf: Deleted
2026/09/18 17:48:57 INFO  : X-PLAN/architecture/figures/node_modules/@internationalized/date/dist/private/queries.mjs: Deleted
2026/09/18 17:48:57 INFO  : X-PLAN/architecture/figures/node_modules/@tootallnate/quickjs-emscripten/dist/emscripten-types.js: Deleted
2026/09/18 17:48:57 INFO  : X-PLAN/architecture/figures/node_modules/@swc/helpers/src/_object_without_properties_loose.mjs: Deleted
2026/09/18 17:48:58 INFO  : X-PLAN/architecture/figures/node_modules/chromium-bidi/package.json: Deleted
2026/09/18 17:48:58 INFO  : X-PLAN/architecture/figures/node_modules/@react-aria/focus/dist/module.js: Deleted
2026/09/18 17:48:58 INFO  : X-PLAN/architecture/figures/node_modules/bare-url/prebuilds/linux-x64/bare-url.bare: Deleted
2026/09/18 17:48:58 INFO  : X-PLAN/architecture/figures/node_modules/@swc/helpers/cjs/_identity.cjs: Deleted
2026/09/18 17:48:59 INFO  : X-PLAN/architecture/figures/node_modules/@swc/helpers/esm/_dispose.js: Deleted
2026/09/18 17:49:00 INFO  : X-PLAN/architecture/figures/node_modules/bare-stream/index.js: Deleted
2026/09/18 17:49:00 INFO  : X-PLAN/architecture/figures/node_modules/antlr4/src/antlr4/transition/AtomTransition.js: Deleted
2026/09/18 17:49:00 INFO  : X-PLAN/architecture/figures/node_modules/@types/d3-fetch/LICENSE: Deleted
2026/09/18 17:49:01 INFO  : X-PLAN/architecture/figures/node_modules/bare-fs/prebuilds/android-ia32/bare-fs.bare: Deleted
2026/09/18 17:49:01 INFO  : X-PLAN/architecture/figures/node_modules/@puppeteer/browsers/lib/esm/main.d.ts.map: Deleted
2026/09/18 17:49:02 INFO  : X-PLAN/architecture/figures/node_modules/@tootallnate/quickjs-emscripten/dist/errors.js: Deleted
2026/09/18 17:49:02 INFO  : X-PLAN/architecture/figures/node_modules/@mermaid-js/parser/dist/chunks/mermaid-parser.esm/chunk-RRMOOYLN.mjs.map: Deleted
2026/09/18 17:49:03 INFO  : X-PLAN/architecture/figures/node_modules/@swc/helpers/src/_non_iterable_spread.mjs: Deleted
2026/09/18 17:49:03 INFO  : X-PLAN/architecture/figures/node_modules/@swc/helpers/src/_get_prototype_of.mjs: Deleted
2026/09/18 17:49:04 INFO  : X-PLAN/architecture/figures/node_modules/class-variance-authority/dist/index.mjs.map: Deleted
2026/09/18 17:49:04 INFO  : X-PLAN/architecture/figures/node_modules/@mermaid-js/parser/dist/chunks/mermaid-parser.esm.min/chunk-TPHQQJKO.mjs.map: Deleted
2026/09/18 17:49:05 INFO  : X-PLAN/architecture/figures/node_modules/@mermaid-js/mermaid-zenuml/LICENSE: Deleted
2026/09/18 17:49:05 INFO  : X-PLAN/architecture/figures/node_modules/@mermaid-js/mermaid-cli/dist/assets/KaTeX_AMS-Regular-DRggAlZN.ttf: Deleted
2026/09/18 17:49:05 INFO  : X-PLAN/architecture/figures/node_modules/@swc/helpers/esm/_class_static_private_field_spec_set.js: Deleted
2026/09/18 17:49:05 INFO  : X-PLAN/architecture/figures/node_modules/@mermaid-js/parser/dist/chunks/mermaid-parser.esm/gitGraph-ABMJHP3C.mjs.map: Deleted
2026/09/18 17:49:06 INFO  : X-PLAN/architecture/figures/node_modules/chromium-bidi/lib/esm/utils/unitConversions.d.ts: Deleted
2026/09/18 17:49:06 INFO  : X-PLAN/architecture/figures/node_modules/@swc/helpers/src/_throw.mjs: Deleted
2026/09/18 17:49:07 INFO  : X-PLAN/architecture/figures/node_modules/chromium-bidi/lib/esm/utils/CdpErrorConstants.d.ts: Deleted
2026/09/18 17:49:07 INFO  : X-PLAN/architecture/figures/node_modules/@swc/helpers/cjs/_super_prop_base.cjs: Deleted
2026/09/18 17:49:07 INFO  : X-PLAN/architecture/figures/node_modules/@puppeteer/browsers/lib/cjs/CLI.d.ts.map: Deleted
2026/09/18 17:49:07 INFO  : X-PLAN/architecture/figures/node_modules/@tootallnate/quickjs-emscripten/dist/errors.d.ts: Deleted
2026/09/18 17:49:08 INFO  : X-PLAN/architecture/figures/node_modules/@puppeteer/browsers/lib/cjs/browser-data/chrome-headless-shell.d.ts.map: Deleted
2026/09/18 17:49:08 INFO  : X-PLAN/architecture/figures/node_modules/@puppeteer/browsers/lib/cjs/browser-data/chromium.d.ts.map: Deleted
2026/09/18 17:49:08 INFO  : X-PLAN/architecture/figures/node_modules/bare-fs/CMakeLists.txt: Deleted
2026/09/18 17:49:09 INFO  : X-PLAN/architecture/figures/node_modules/color-name/LICENSE: Deleted
2026/09/18 17:49:09 INFO  : X-PLAN/architecture/figures/node_modules/cytoscape-cose-bilkent/.eslintignore: Deleted
2026/09/18 17:49:10 INFO  : X-PLAN/architecture/figures/node_modules/@react-types/shared/src/style.d.ts: Deleted
2026/09/18 17:49:10 INFO  : X-PLAN/architecture/figures/node_modules/@puppeteer/browsers/src/Cache.ts: Deleted
2026/09/18 17:49:10 INFO  : X-PLAN/architecture/figures/node_modules/@mermaid-js/parser/dist/chunks/mermaid-parser.esm/pie-UYTW2GPP.mjs.map: Deleted
2026/09/18 17:49:11 INFO  : X-PLAN/architecture/figures/node_modules/antlr4/src/antlr4/CommonTokenFactory.js: Deleted
2026/09/18 17:49:11 INFO  : X-PLAN/architecture/figures/node_modules/ast-types/def/es-proposals.d.ts: Deleted
2026/09/18 17:49:11 INFO  : X-PLAN/architecture/figures/node_modules/@types/d3-drag/LICENSE: Deleted
2026/09/18 17:49:11 INFO  : X-PLAN/architecture/figures/node_modules/chromium-bidi/lib/cjs/utils/Base64.js: Deleted
2026/09/18 17:49:12 INFO  : X-PLAN/architecture/figures/svg/SA-36.svg: Deleted
2026/09/18 17:49:12 INFO  : X-PLAN/architecture/figures/node_modules/@react-aria/focus/dist/import.mjs: Deleted
2026/09/18 17:49:12 INFO  : X-PLAN/architecture/figures/node_modules/@puppeteer/browsers/lib/esm/browser-data/browser-data.d.ts: Deleted
2026/09/18 17:49:13 INFO  : X-PLAN/architecture/figures/node_modules/ast-types/gen/kinds.js: Deleted
2026/09/18 17:49:13 INFO  : X-PLAN/architecture/figures/node_modules/color-convert/index.js: Deleted
2026/09/18 17:49:14 INFO  : X-PLAN/architecture/figures/node_modules/cytoscape-cose-bilkent/demo.html: Deleted
2026/09/18 17:49:14 INFO  : X-PLAN/architecture/figures/svg/SA-16.svg: Deleted
2026/09/18 17:49:14 INFO  : X-PLAN/architecture/figures/node_modules/@internationalized/string/dist/private/LocalizedStringDictionary.cjs.map: Deleted
2026/09/18 17:49:14 INFO  : X-PLAN/architecture/figures/node_modules/@swc/helpers/src/_class_extract_field_descriptor.mjs: Deleted
2026/09/18 17:49:15 INFO  : X-PLAN/architecture/figures/node_modules/@swc/helpers/src/_interop_require_wildcard.mjs: Deleted
2026/09/18 17:49:15 INFO  : X-PLAN/architecture/figures/node_modules/buffer/LICENSE: Deleted
2026/09/18 17:49:15 INFO  : X-PLAN/architecture/figures/node_modules/chromium-bidi/lib/cjs/bidiMapper/modules/browser/BrowserProcessor.d.ts: Deleted
2026/09/18 17:49:16 INFO  : X-PLAN/architecture/figures/node_modules/@internationalized/number/LICENSE: Deleted
2026/09/18 17:49:16 INFO  : X-PLAN/architecture/figures/node_modules/@mermaid-js/mermaid-cli/src/cli.js: Deleted
2026/09/18 17:49:17 INFO  : X-PLAN/architecture/figures/node_modules/b4a/lib/latin1.js: Deleted
2026/09/18 17:49:17 INFO  : X-PLAN/architecture/figures/node_modules/@internationalized/number/dist/private/NumberParser.mjs.map: Deleted
2026/09/18 17:49:17 INFO  : X-PLAN/architecture/figures/node_modules/@internationalized/date/dist/private/calendars/HebrewCalendar.js.map: Deleted
2026/09/18 17:49:18 INFO  : X-PLAN/architecture/figures/node_modules/@tootallnate/quickjs-emscripten/dist/types-ffi.js: Deleted
2026/09/18 17:49:18 INFO  : X-PLAN/architecture/figures/node_modules/@puppeteer/browsers/lib/cjs/browser-data/chromedriver.d.ts.map: Deleted
2026/09/18 17:49:18 INFO  : X-PLAN/architecture/figures/node_modules/ast-types/def/babel-core.js: Deleted
2026/09/18 17:49:18 INFO  : X-PLAN/architecture/figures/node_modules/chromium-bidi/lib/cjs/bidiTab/bidiTab.js: Deleted
2026/09/18 17:49:19 INFO  : X-PLAN/architecture/figures/node_modules/ast-types/gen/visitor.d.ts: Deleted
2026/09/18 17:49:19 INFO  : X-PLAN/architecture/figures/node_modules/@iconify/types/license.txt: Deleted
2026/09/18 17:49:19 INFO  : X-PLAN/architecture/figures/node_modules/@swc/helpers/cjs/_defaults.cjs: Deleted
2026/09/18 17:49:20 INFO  : X-PLAN/architecture/figures/node_modules/@swc/helpers/cjs/_is_native_function.cjs: Deleted
2026/09/18 17:49:20 INFO  : X-PLAN/architecture/figures/node_modules/@puppeteer/browsers/lib/cjs/main.js.map: Deleted
2026/09/18 17:49:21 INFO  : X-PLAN/architecture/figures/node_modules/b4a/lib/utf8.js: Deleted
2026/09/18 17:49:21 INFO  : X-PLAN/architecture/figures/node_modules/@swc/helpers/esm/_ts_dispose_resources.js: Deleted
2026/09/18 17:49:21 INFO  : X-PLAN/architecture/figures/node_modules/cosmiconfig/dist/defaults.js: Deleted
2026/09/18 17:49:21 INFO  : X-PLAN/architecture/figures/node_modules/chromium-bidi/lib/esm/bidiServer/reader.d.ts: Deleted
2026/09/18 17:49:22 INFO  : X-PLAN/architecture/figures/node_modules/@swc/helpers/esm/_class_private_field_destructure.js: Deleted
2026/09/18 17:49:23 INFO  : X-PLAN/architecture/figures/node_modules/@tootallnate/quickjs-emscripten/dist/vm-interface.js: Deleted
2026/09/18 17:49:23 INFO  : X-PLAN/architecture/figures/node_modules/buffer/index.js: Deleted
2026/09/18 17:49:23 INFO  : X-PLAN/architecture/figures/node_modules/@mermaid-js/parser/dist/chunks/mermaid-parser.esm/cynefin-FUCI45MO.mjs.map: Deleted
2026/09/18 17:49:24 INFO  : X-PLAN/architecture/figures/node_modules/bare-fs/prebuilds/ios-arm64-simulator/bare-fs.bare: Deleted
2026/09/18 17:49:24 INFO  : X-PLAN/architecture/figures/node_modules/@mermaid-js/mermaid-cli/LICENSE: Deleted
2026/09/18 17:49:24 INFO  : X-PLAN/architecture/figures/node_modules/chromium-bidi/lib/cjs/bidiMapper/modules/context/NavigationTracker.js: Deleted
2026/09/18 17:49:24 INFO  : X-PLAN/architecture/figures/node_modules/@internationalized/date/dist/private/calendars/TaiwanCalendar.js.map: Deleted
2026/09/18 17:49:25 INFO  : X-PLAN/architecture/figures/node_modules/@mermaid-js/parser/dist/chunks/mermaid-parser.core/chunk-XHIXRSVI.mjs.map: Deleted
2026/09/18 17:49:25 INFO  : X-PLAN/architecture/figures/node_modules/@puppeteer/browsers/lib/esm/browser-data/types.js.map: Deleted
2026/09/18 17:49:25 INFO  : X-PLAN/architecture/figures/node_modules/aria-hidden/package.json: Deleted
2026/09/18 17:49:25 INFO  : X-PLAN/architecture/figures/node_modules/chromium-bidi/lib/cjs/protocol/cdp.js.map: Deleted
2026/09/18 17:49:26 INFO  : X-PLAN/architecture/figures/node_modules/@swc/helpers/esm/_non_iterable_spread.js: Deleted
2026/09/18 17:49:26 INFO  : X-PLAN/architecture/figures/node_modules/@puppeteer/browsers/lib/esm/browser-data/chromium.js.map: Deleted
2026/09/18 17:49:26 INFO  : X-PLAN/architecture/figures/node_modules/@internationalized/date/src/calendars/JapaneseCalendar.ts: Deleted
2026/09/18 17:49:27 INFO  : X-PLAN/architecture/figures/node_modules/aria-hidden/LICENSE: Deleted
2026/09/18 17:49:28 INFO  : X-PLAN/architecture/exports/md-to-pdf.config.js: Deleted
2026/09/18 17:49:28 INFO  : X-PLAN/architecture/figures/node_modules/agent-base/dist/index.d.ts.map: Deleted
2026/09/18 17:49:28 INFO  : X-PLAN/architecture/figures/node_modules/chromium-bidi/lib/cjs/bidiMapper/BidiMapper.js.map: Deleted
2026/09/18 17:49:28 INFO  : X-PLAN/architecture/figures/node_modules/@internationalized/date/src/manipulation.ts: Deleted
2026/09/18 17:49:29 INFO  : X-PLAN/architecture/figures/node_modules/ast-types/fork.d.ts: Deleted
2026/09/18 17:49:29 INFO  : X-PLAN/architecture/figures/node_modules/@mermaid-js/parser/dist/chunks/mermaid-parser.esm.min/chunk-PMWMZBX5.mjs.map: Deleted
2026/09/18 17:49:29 INFO  : X-PLAN/architecture/figures/node_modules/ast-types/lib/node-path.d.ts: Deleted
2026/09/18 17:49:29 INFO  : X-PLAN/architecture/figures/node_modules/@swc/helpers/cjs/_apply_decs_2311.cjs: Deleted
2026/09/18 17:49:30 INFO  : X-PLAN/architecture/figures/node_modules/@internationalized/date/dist/private/calendars/EthiopicCalendar.mjs.map: Deleted
2026/09/18 17:49:30 INFO  : X-PLAN/architecture/figures/node_modules/@swc/helpers/cjs/_class_private_field_set.cjs: Deleted
2026/09/18 17:49:30 INFO  : X-PLAN/architecture/figures/node_modules/@mermaid-js/mermaid-zenuml/dist/chunks/mermaid-zenuml.esm.min/cloud-icons-eHuugVSv-MANGUYXV.mjs: Deleted
2026/09/18 17:49:31 INFO  : X-PLAN/architecture/figures/node_modules/@tootallnate/quickjs-emscripten/dist/generated/ffi.WASM_RELEASE_SYNC.js: Deleted
2026/09/18 17:49:32 INFO  : X-PLAN/architecture/figures/node_modules/b4a/README.md: Deleted
2026/09/18 17:49:32 INFO  : X-PLAN/architecture/figures/node_modules/commander/index.js: Deleted
2026/09/18 17:49:32 INFO  : X-PLAN/architecture/figures/node_modules/@mermaid-js/parser/dist/chunks/mermaid-parser.esm/chunk-DJPSPAKP.mjs: Deleted
2026/09/18 17:49:32 INFO  : X-PLAN/architecture/figures/node_modules/cliui/build/index.cjs: Deleted
2026/09/18 17:49:33 INFO  : X-PLAN/architecture/figures/node_modules/cose-base/.babelrc: Deleted
2026/09/18 17:49:33 INFO  : X-PLAN/architecture/figures/node_modules/chromium-bidi/lib/esm/utils/WebsocketTransport.d.ts: Deleted
2026/09/18 17:49:33 INFO  : X-PLAN/architecture/figures/node_modules/chromium-bidi/lib/esm/utils/IdWrapper.d.ts: Deleted
2026/09/18 17:49:33 INFO  : X-PLAN/architecture/figures/node_modules/@internationalized/string/src/LocalizedStringFormatter.ts: Deleted
2026/09/18 17:49:34 INFO  : X-PLAN/architecture/figures/node_modules/@mermaid-js/parser/dist/chunks/mermaid-parser.esm.min/chunk-OE7WAEHP.mjs.map: Deleted
2026/09/18 17:49:34 INFO  : X-PLAN/architecture/figures/node_modules/@internationalized/string/dist/private/LocalizedStringFormatter.js: Deleted
2026/09/18 17:49:34 INFO  : X-PLAN/architecture/figures/node_modules/chromium-bidi/lib/esm/utils/Base64.js.map: Deleted
2026/09/18 17:49:34 INFO  : X-PLAN/architecture/figures/node_modules/@puppeteer/browsers/lib/cjs/install.d.ts.map: Deleted
2026/09/18 17:49:36 INFO  : X-PLAN/architecture/figures/node_modules/cytoscape/eslint.config.mjs: Deleted
2026/09/18 17:49:36 INFO  : X-PLAN/architecture/figures/node_modules/chromium-bidi/lib/esm/utils/log.js.map: Deleted
2026/09/18 17:49:36 INFO  : X-PLAN/architecture/figures/node_modules/bare-path/prebuilds/win32-x64/bare-path.bare: Deleted
2026/09/18 17:49:36 INFO  : X-PLAN/architecture/figures/node_modules/@swc/helpers/esm/_using_ctx.js: Deleted
2026/09/18 17:49:37 INFO  : X-PLAN/architecture/figures/svg/SA-37.svg: Deleted
2026/09/18 17:49:37 INFO  : X-PLAN/architecture/figures/node_modules/@headlessui/tailwindcss/LICENSE: Deleted
2026/09/18 17:49:37 INFO  : X-PLAN/architecture/figures/node_modules/@types/d3/LICENSE: Deleted
2026/09/18 17:49:37 INFO  : X-PLAN/architecture/figures/node_modules/chromium-bidi/lib/esm/utils/uuid.js: Deleted
2026/09/18 17:49:38 INFO  : X-PLAN/architecture/figures/node_modules/@mermaid-js/mermaid-zenuml/dist/mermaid-zenuml.js.map: Deleted
2026/09/18 17:49:39 INFO  : X-PLAN/architecture/figures/node_modules/@mermaid-js/mermaid-zenuml/dist/chunks/mermaid-zenuml.esm.min/chunk-PPGA74DV.mjs: Deleted
2026/09/18 17:49:39 INFO  : X-PLAN/architecture/figures/node_modules/@puppeteer/browsers/lib/esm/browser-data/chromedriver.js.map: Deleted
2026/09/18 17:49:39 INFO  : X-PLAN/architecture/figures/node_modules/@puppeteer/browsers/src/install.ts: Deleted
2026/09/18 17:49:39 INFO  : X-PLAN/architecture/figures/node_modules/antlr4/src/antlr4/atn/ATNConfig.js: Deleted
2026/09/18 17:49:40 INFO  : X-PLAN/architecture/figures/node_modules/commander/package-support.json: Deleted
2026/09/18 17:49:40 INFO  : X-PLAN/architecture/figures/node_modules/chromium-bidi/lib/cjs/utils/unitConversions.js: Deleted
2026/09/18 17:49:40 INFO  : X-PLAN/architecture/figures/node_modules/@swc/helpers/_/_await_async_generator/package.json: Deleted
2026/09/18 17:49:41 INFO  : X-PLAN/architecture/figures/node_modules/@puppeteer/browsers/lib/cjs/browser-data/browser-data.d.ts.map: Deleted
2026/09/18 17:49:42 INFO  : X-PLAN/architecture/figures/node_modules/@puppeteer/browsers/lib/cjs/browser-data/types.js.map: Deleted
2026/09/18 17:49:42 INFO  : X-PLAN/architecture/figures/node_modules/antlr4/src/antlr4/state/StarLoopbackState.js: Deleted
2026/09/18 17:49:42 INFO  : X-PLAN/architecture/figures/node_modules/@swc/helpers/cjs/_tagged_template_literal.cjs: Deleted
2026/09/18 17:49:42 INFO  : X-PLAN/architecture/figures/node_modules/@tootallnate/quickjs-emscripten/dist/asyncify-helpers.d.ts: Deleted
2026/09/18 17:49:43 INFO  : X-PLAN/architecture/figures/node_modules/@mermaid-js/parser/dist/chunks/mermaid-parser.esm/wardley-HJIMLUET.mjs.map: Deleted
2026/09/18 17:49:43 INFO  : X-PLAN/architecture/figures/node_modules/chromium-bidi/lib/cjs/bidiMapper/BidiParser.js: Deleted
2026/09/18 17:49:43 INFO  : X-PLAN/architecture/figures/node_modules/@internationalized/date/dist/private/createCalendar.mjs: Deleted
2026/09/18 17:49:46 INFO  : X-PLAN/architecture/figures/node_modules/cytoscape/update-imports.mjs: Deleted
2026/09/18 17:49:46 INFO  : X-PLAN/architecture/figures/node_modules/chromium-bidi/lib/cjs/bidiTab/Transport.d.ts: Deleted
2026/09/18 17:49:46 INFO  : X-PLAN/architecture/figures/node_modules/@swc/helpers/cjs/_dispose.cjs: Deleted
2026/09/18 17:49:46 INFO  : X-PLAN/architecture/figures/node_modules/@internationalized/date/dist/private/DateFormatter.cjs: Deleted
2026/09/18 17:49:49 INFO  : X-PLAN/architecture/figures/node_modules/@swc/helpers/_/_class_private_field_init/package.json: Deleted
2026/09/18 17:49:49 INFO  : X-PLAN/architecture/figures/node_modules/@swc/helpers/esm/_create_class.js: Deleted
2026/09/18 17:49:49 INFO  : X-PLAN/architecture/figures/node_modules/@types/d3-dispatch/index.d.ts: Deleted
2026/09/18 17:49:49 INFO  : X-PLAN/architecture/figures/node_modules/@internationalized/date/dist/types/src/CalendarDate.d.ts: Deleted
2026/09/18 17:49:51 INFO  : X-PLAN/architecture/figures/node_modules/@puppeteer/browsers/lib/cjs/launch.js.map: Deleted
2026/09/18 17:49:51 INFO  : X-PLAN/architecture/figures/node_modules/chromium-bidi/lib/cjs/utils/transport.d.ts: Deleted
2026/09/18 17:49:51 INFO  : X-PLAN/architecture/figures/node_modules/chromium-bidi/lib/cjs/bidiMapper/modules/context/BrowsingContextImpl.js: Deleted
2026/09/18 17:49:52 INFO  : X-PLAN/architecture/figures/node_modules/@swc/helpers/esm/_sliced_to_array.js: Deleted
2026/09/18 17:49:53 INFO  : X-PLAN/architecture/figures/node_modules/agent-base/dist/index.js.map: Deleted
2026/09/18 17:49:53 INFO  : X-PLAN/architecture/figures/node_modules/@swc/helpers/src/_decorate.mjs: Deleted
2026/09/18 17:49:53 INFO  : X-PLAN/architecture/figures/node_modules/@swc/helpers/src/_read_only_error.mjs: Deleted
2026/09/18 17:49:53 INFO  : X-PLAN/architecture/figures/node_modules/antlr4/src/antlr4/utils/titleCase.js: Deleted
2026/09/18 17:49:54 INFO  : X-PLAN/architecture/figures/node_modules/antlr4/src/antlr4/atn/PrecedencePredicate.js: Deleted
2026/09/18 17:49:54 INFO  : X-PLAN/architecture/figures/node_modules/antlr4/src/antlr4/polyfills/fromcodepoint.js: Deleted
2026/09/18 17:49:55 INFO  : X-PLAN/architecture/figures/node_modules/@types/d3-quadtree/package.json: Deleted
2026/09/18 17:49:55 INFO  : X-PLAN/architecture/figures/node_modules/clsx/readme.md: Deleted
2026/09/18 17:49:56 INFO  : X-PLAN/architecture/figures/svg/SA-01.svg: Deleted
2026/09/18 17:49:56 INFO  : X-PLAN/architecture/figures/node_modules/@zenuml/core/LICENSE: Deleted
2026/09/18 17:49:56 INFO  : X-PLAN/architecture/figures/node_modules/@antfu/install-pkg/dist/index.mjs: Deleted
2026/09/18 17:49:57 INFO  : X-PLAN/architecture/figures/node_modules/@tootallnate/quickjs-emscripten/dist/context-asyncify.d.ts: Deleted
2026/09/18 17:49:58 INFO  : X-PLAN/architecture/figures/node_modules/@mermaid-js/parser/dist/chunks/mermaid-parser.esm/chunk-FTNGQ3OV.mjs: Deleted
2026/09/18 17:49:58 INFO  : X-PLAN/architecture/figures/node_modules/@swc/helpers/src/_create_for_of_iterator_helper_loose.mjs: Deleted
2026/09/18 17:49:58 INFO  : X-PLAN/architecture/figures/node_modules/@types/d3-axis/README.md: Deleted
2026/09/18 17:49:58 INFO  : X-PLAN/architecture/figures/node_modules/@swc/helpers/cjs/_wrap_reg_exp.cjs: Deleted
2026/09/18 17:49:59 INFO  : X-PLAN/architecture/figures/node_modules/bare-fs/lib/errors.js: Deleted
2026/09/18 17:50:00 INFO  : X-PLAN/architecture/figures/node_modules/bare-path/NOTICE: Deleted
[2026-09-18 19:49:43] PUSH start (local → Nextcloud) 
2026/09/18 19:49:58 INFO  : X-PLAN/architecture/export-gdoc-md.sh: Copied (new)
2026/09/18 19:49:59 INFO  : X-PLAN/architecture/solution-architecture-gdoc.md: Copied (new)
2026/09/18 19:51:48 INFO  : X-PLAN/architecture/figures/node_modules/chromium-bidi/lib/esm/protocol/protocol.js.map: Deleted
2026/09/18 19:51:48 INFO  : X-PLAN/architecture/figures/node_modules/@tootallnate/quickjs-emscripten/dist/lifetime.js.map: Deleted
2026/09/18 19:51:48 INFO  : X-PLAN/architecture/figures/node_modules/basic-ftp/dist/parseList.d.ts: Deleted
2026/09/18 19:51:49 INFO  : X-PLAN/architecture/figures/node_modules/@mermaid-js/mermaid-cli/dist/assets/KaTeX_SansSerif-Italic-C3H0VqGB.woff2: Deleted
2026/09/18 19:51:50 INFO  : X-PLAN/architecture/figures/node_modules/chromium-bidi/lib/esm/utils/Deferred.d.ts: Deleted
2026/09/18 19:51:50 INFO  : X-PLAN/architecture/figures/node_modules/@puppeteer/browsers/lib/esm/browser-data/chrome.d.ts.map: Deleted
2026/09/18 19:51:50 INFO  : X-PLAN/architecture/figures/node_modules/@zenuml/core/dist/zenuml.esm.mjs: Deleted
2026/09/18 19:51:50 INFO  : X-PLAN/architecture/figures/node_modules/chromium-bidi/lib/cjs/protocol/generated/webdriver-bidi-permissions.js.map: Deleted
2026/09/18 19:51:51 INFO  : X-PLAN/architecture/figures/node_modules/ast-types/main.d.ts: Deleted
2026/09/18 19:51:51 INFO  : X-PLAN/architecture/figures/node_modules/basic-ftp/dist/StringWriter.d.ts: Deleted
2026/09/18 19:51:52 INFO  : X-PLAN/architecture/figures/node_modules/@internationalized/date/dist/private/calendars/PersianCalendar.cjs.map: Deleted
2026/09/18 19:51:52 INFO  : X-PLAN/architecture/figures/node_modules/chromium-bidi/lib/cjs/utils/log.d.ts: Deleted
2026/09/18 19:51:52 INFO  : X-PLAN/architecture/figures/node_modules/cosmiconfig/dist/util.js: Deleted
2026/09/18 19:51:52 INFO  : X-PLAN/architecture/figures/node_modules/chromium-bidi/lib/cjs/protocol-parser/generated/webdriver-bidi-permissions.d.ts: Deleted
2026/09/18 19:51:53 INFO  : X-PLAN/architecture/figures/node_modules/chromium-bidi/lib/esm/bidiMapper/BidiNoOpParser.d.ts: Deleted
2026/09/18 19:51:53 INFO  : X-PLAN/architecture/figures/node_modules/@mermaid-js/mermaid-cli/dist/assets/KaTeX_Script-Regular-C5JkGWo-.ttf: Deleted
2026/09/18 19:51:53 INFO  : X-PLAN/architecture/figures/node_modules/@swc/helpers/cjs/_class_private_field_init.cjs: Deleted
2026/09/18 19:51:54 INFO  : X-PLAN/architecture/figures/node_modules/@puppeteer/browsers/lib/esm/fileUtil.js.map: Deleted
2026/09/18 19:51:54 INFO  : X-PLAN/architecture/figures/node_modules/@internationalized/date/dist/private/calendars/JapaneseCalendar.js: Deleted
2026/09/18 19:51:55 INFO  : X-PLAN/architecture/figures/node_modules/@mermaid-js/parser/dist/chunks/mermaid-parser.core/chunk-6K3QC6MW.mjs: Deleted
2026/09/18 19:51:55 INFO  : X-PLAN/architecture/figures/node_modules/@internationalized/number/src/NumberParser.ts: Deleted
2026/09/18 19:51:55 INFO  : X-PLAN/architecture/figures/node_modules/bare-url/prebuilds/ios-arm64-simulator/bare-url.bare: Deleted
2026/09/18 19:51:55 INFO  : X-PLAN/architecture/figures/node_modules/@swc/helpers/src/_array_with_holes.mjs: Deleted
2026/09/18 19:51:56 INFO  : X-PLAN/architecture/figures/svg/SA-18.svg: Deleted
2026/09/18 19:51:56 INFO  : X-PLAN/architecture/figures/node_modules/@puppeteer/browsers/lib/esm/browser-data/firefox.d.ts.map: Deleted
2026/09/18 19:51:56 INFO  : X-PLAN/architecture/figures/node_modules/@mermaid-js/parser/dist/chunks/mermaid-parser.esm/chunk-YYYHLZXX.mjs: Deleted
2026/09/18 19:51:56 INFO  : X-PLAN/architecture/figures/node_modules/chromium-bidi/lib/esm/protocol/ErrorResponse.js: Deleted
2026/09/18 19:51:57 INFO  : X-PLAN/architecture/figures/node_modules/antlr4/src/antlr4/utils/arrayToString.js: Deleted
2026/09/18 19:51:57 INFO  : X-PLAN/architecture/figures/node_modules/@upsetjs/venn.js/src/diagram.spec.js: Deleted
2026/09/18 19:51:57 INFO  : X-PLAN/architecture/figures/node_modules/@puppeteer/browsers/lib/esm/browser-data/chromium.js: Deleted
2026/09/18 19:51:58 INFO  : X-PLAN/architecture/figures/node_modules/@swc/helpers/esm/_class_apply_descriptor_set.js: Deleted
2026/09/18 19:51:59 INFO  : X-PLAN/architecture/figures/node_modules/@react-aria/interactions/package.json: Deleted
2026/09/18 19:51:59 INFO  : X-PLAN/architecture/figures/node_modules/@internationalized/date/dist/private/calendars/GregorianCalendar.mjs.map: Deleted
2026/09/18 19:51:59 INFO  : X-PLAN/architecture/figures/node_modules/@mermaid-js/parser/dist/chunks/mermaid-parser.esm.min/railroad-peg-ZW6BHD3Z.mjs: Deleted
2026/09/18 19:51:59 INFO  : X-PLAN/architecture/figures/node_modules/@types/d3-shape/package.json: Deleted
2026/09/18 19:52:00 INFO  : X-PLAN/architecture/figures/node_modules/commander/esm.mjs: Deleted
2026/09/18 19:52:00 INFO  : X-PLAN/architecture/figures/node_modules/@tootallnate/quickjs-emscripten/dist/lifetime.js: Deleted
2026/09/18 19:52:00 INFO  : X-PLAN/architecture/figures/node_modules/@react-aria/focus/dist/main.js.map: Deleted
2026/09/18 19:52:00 INFO  : X-PLAN/architecture/figures/node_modules/@puppeteer/browsers/lib/esm/browser-data/chromium.d.ts: Deleted
2026/09/18 19:52:02 INFO  : X-PLAN/architecture/figures/node_modules/@swc/helpers/_/_class_apply_descriptor_set/package.json: Deleted
2026/09/18 19:52:02 INFO  : X-PLAN/architecture/figures/node_modules/@swc/helpers/src/_ts_dispose_resources.mjs: Deleted
2026/09/18 19:52:02 INFO  : X-PLAN/architecture/figures/node_modules/@swc/helpers/_/_class_check_private_static_access/package.json: Deleted
2026/09/18 19:52:02 INFO  : X-PLAN/architecture/figures/node_modules/@types/d3-color/README.md: Deleted
2026/09/18 19:52:03 INFO  : X-PLAN/architecture/figures/node_modules/commander/lib/command.js: Deleted
2026/09/18 19:52:03 INFO  : X-PLAN/architecture/figures/node_modules/chromium-bidi/lib/cjs/protocol-parser/generated/webdriver-bidi.js: Deleted
2026/09/18 19:52:03 INFO  : X-PLAN/architecture/figures/node_modules/@react-types/shared/package.json: Deleted
2026/09/18 19:52:03 INFO  : X-PLAN/architecture/figures/node_modules/@napi-rs/canvas-linux-x64-gnu/skia.linux-x64-gnu.node: Deleted
2026/09/18 19:52:04 INFO  : X-PLAN/architecture/figures/node_modules/@react-types/shared/src/orientation.d.ts: Deleted
2026/09/18 19:52:05 INFO  : X-PLAN/architecture/figures/node_modules/@internationalized/date/dist/private/calendars/EthiopicCalendar.js.map: Deleted
2026/09/18 19:52:05 INFO  : X-PLAN/architecture/figures/node_modules/@puppeteer/browsers/lib/esm/httpUtil.js.map: Deleted
2026/09/18 19:52:05 INFO  : X-PLAN/architecture/figures/node_modules/antlr4/src/antlr4/error/ProxyErrorListener.js: Deleted
2026/09/18 19:52:09 INFO  : X-PLAN/architecture/figures/node_modules/chromium-bidi/lib/esm/utils/ProcessingQueue.d.ts: Deleted
2026/09/18 19:52:10 INFO  : X-PLAN/architecture/figures/svg/SA-22.svg: Deleted
2026/09/18 19:52:10 INFO  : X-PLAN/architecture/figures/node_modules/ansi-regex/index.js: Deleted
2026/09/18 19:52:10 INFO  : X-PLAN/architecture/figures/node_modules/@react-types/shared/src/dna.d.ts: Deleted
2026/09/18 19:52:10 INFO  : X-PLAN/architecture/figures/node_modules/@swc/helpers/cjs/_to_array.cjs: Deleted
2026/09/18 19:52:11 INFO  : X-PLAN/architecture/figures/node_modules/@swc/helpers/esm/_to_consumable_array.js: Deleted
2026/09/18 19:52:11 INFO  : X-PLAN/architecture/figures/node_modules/@tootallnate/quickjs-emscripten/dist/module.d.ts: Deleted
2026/09/18 19:52:11 INFO  : X-PLAN/architecture/figures/node_modules/@internationalized/date/src/calendars/PersianCalendar.ts: Deleted
2026/09/18 19:52:12 INFO  : X-PLAN/architecture/figures/node_modules/ast-types/package.json: Deleted
2026/09/18 19:52:13 INFO  : X-PLAN/architecture/figures/node_modules/bare-url/LICENSE: Deleted
2026/09/18 19:52:13 INFO  : X-PLAN/architecture/figures/node_modules/antlr4/src/antlr4/action/LexerIndexedCustomAction.js: Deleted
2026/09/18 19:52:13 INFO  : X-PLAN/architecture/figures/node_modules/@tanstack/virtual-core/dist/cjs/index.d.cts: Deleted
2026/09/18 19:52:19 INFO  : X-PLAN/architecture/figures/node_modules/@react-aria/focus/dist/main.js: Deleted
2026/09/18 19:52:20 INFO  : X-PLAN/architecture/figures/node_modules/@types/d3-selection/index.d.ts: Deleted
2026/09/18 19:52:20 INFO  : X-PLAN/architecture/figures/node_modules/@types/d3-selection/README.md: Deleted
2026/09/18 19:52:20 INFO  : X-PLAN/architecture/figures/node_modules/@tootallnate/quickjs-emscripten/dist/runtime.js.map: Deleted
2026/09/18 19:52:20 INFO  : X-PLAN/architecture/figures/node_modules/bare-url/prebuilds/win32-x64/bare-url.bare: Deleted
2026/09/18 19:52:21 INFO  : X-PLAN/architecture/figures/node_modules/@puppeteer/browsers/src/browser-data/types.ts: Deleted
2026/09/18 19:52:21 INFO  : X-PLAN/architecture/figures/node_modules/@babel/helper-validator-identifier/lib/index.js.map: Deleted
2026/09/18 19:52:21 INFO  : X-PLAN/architecture/figures/node_modules/basic-ftp/dist/Client.js: Deleted
2026/09/18 19:52:22 INFO  : X-PLAN/architecture/figures/node_modules/antlr4/src/antlr4/state/RuleStartState.js: Deleted
2026/09/18 19:52:22 INFO  : X-PLAN/architecture/figures/svg/SA-08.svg: Deleted
2026/09/18 19:52:22 INFO  : X-PLAN/architecture/figures/node_modules/@puppeteer/browsers/lib/cjs/browser-data/chromedriver.js: Deleted
2026/09/18 19:52:22 INFO  : X-PLAN/architecture/figures/node_modules/@swc/helpers/src/_class_static_private_method_get.mjs: Deleted
2026/09/18 19:52:24 INFO  : X-PLAN/architecture/figures/node_modules/@types/d3-dispatch/README.md: Deleted
2026/09/18 19:52:24 INFO  : X-PLAN/architecture/figures/node_modules/@internationalized/number/dist/private/NumberParser.js.map: Deleted
2026/09/18 19:52:24 INFO  : X-PLAN/architecture/figures/node_modules/@mermaid-js/mermaid-cli/dist/assets/KaTeX_Caligraphic-Regular-wX97UBjC.ttf: Deleted
2026/09/18 19:52:24 INFO  : X-PLAN/architecture/figures/node_modules/@mermaid-js/parser/dist/chunks/mermaid-parser.core/treeView-Q6P3EWNA.mjs: Deleted
2026/09/18 19:52:25 INFO  : X-PLAN/architecture/figures/node_modules/chromium-bidi/lib/esm/bidiMapper/BidiMapper.js.map: Deleted
2026/09/18 19:52:25 INFO  : X-PLAN/architecture/figures/node_modules/@mermaid-js/mermaid-zenuml/dist/chunks/mermaid-zenuml.core/chunk-CJCKSLXZ.mjs: Deleted
2026/09/18 19:52:26 INFO  : X-PLAN/architecture/figures/node_modules/@internationalized/date/dist/private/DateFormatter.mjs: Deleted
2026/09/18 19:52:26 INFO  : X-PLAN/architecture/figures/node_modules/@swc/helpers/src/_await_value.mjs: Deleted
2026/09/18 19:52:27 INFO  : X-PLAN/architecture/figures/node_modules/@types/d3-random/index.d.ts: Deleted
2026/09/18 19:52:27 INFO  : X-PLAN/architecture/figures/node_modules/cosmiconfig/dist/index.js: Deleted
2026/09/18 19:52:27 INFO  : X-PLAN/architecture/figures/node_modules/@mermaid-js/parser/dist/chunks/mermaid-parser.esm.min/chunk-M5R6W4N3.mjs: Deleted
2026/09/18 19:52:27 INFO  : X-PLAN/architecture/figures/node_modules/@mermaid-js/mermaid-cli/dist/assets/KaTeX_Size1-Regular-Dbsnue_I.ttf: Deleted
2026/09/18 19:52:28 INFO  : X-PLAN/architecture/figures/node_modules/commander/LICENSE: Deleted
2026/09/18 19:52:28 INFO  : X-PLAN/architecture/figures/node_modules/bare-fs/lib/constants.js: Deleted
2026/09/18 19:52:28 INFO  : X-PLAN/architecture/figures/node_modules/commander/lib/error.js: Deleted
2026/09/18 19:52:28 INFO  : X-PLAN/architecture/figures/node_modules/chromium-bidi/lib/esm/utils/GraphemeTools.js: Deleted
2026/09/18 19:52:29 INFO  : X-PLAN/architecture/figures/node_modules/@swc/helpers/src/_object_without_properties.mjs: Deleted
2026/09/18 19:52:29 INFO  : X-PLAN/architecture/figures/node_modules/@mermaid-js/parser/dist/chunks/mermaid-parser.esm/info-JQRVFZIU.mjs.map: Deleted
2026/09/18 19:52:29 INFO  : X-PLAN/architecture/figures/node_modules/@mermaid-js/parser/dist/chunks/mermaid-parser.esm.min/chunk-NABWVW2Q.mjs: Deleted
2026/09/18 19:52:29 INFO  : X-PLAN/architecture/figures/node_modules/antlr4/src/antlr4/action/LexerSkipAction.js: Deleted
2026/09/18 19:52:30 INFO  : X-PLAN/architecture/figures/node_modules/@tootallnate/quickjs-emscripten/dist/memory.js.map: Deleted
2026/09/18 19:52:30 INFO  : X-PLAN/architecture/figures/node_modules/@mermaid-js/parser/dist/chunks/mermaid-parser.core/railroad-peg-WCYAUIDC.mjs.map: Deleted
2026/09/18 19:52:31 INFO  : X-PLAN/architecture/figures/node_modules/@mermaid-js/parser/dist/chunks/mermaid-parser.esm.min/railroad-peg-ZW6BHD3Z.mjs.map: Deleted
2026/09/18 19:52:31 INFO  : X-PLAN/architecture/figures/node_modules/@tanstack/virtual-core/dist/esm/lazy-measurements.d.ts: Deleted
2026/09/18 19:52:31 INFO  : X-PLAN/architecture/figures/node_modules/@swc/helpers/esm/_class_private_field_init.js: Deleted
2026/09/18 19:52:32 INFO  : X-PLAN/architecture/figures/node_modules/@puppeteer/browsers/lib/cjs/debug.d.ts.map: Deleted
2026/09/18 19:52:32 INFO  : X-PLAN/architecture/figures/node_modules/@puppeteer/browsers/lib/esm/launch.js: Deleted
2026/09/18 19:52:32 INFO  : X-PLAN/architecture/figures/node_modules/@mermaid-js/parser/dist/chunks/mermaid-parser.esm.min/chunk-OTQKI4Q5.mjs.map: Deleted
2026/09/18 19:52:33 INFO  : X-PLAN/architecture/figures/node_modules/@internationalized/date/dist/private/utils.mjs.map: Deleted
2026/09/18 19:52:33 INFO  : X-PLAN/architecture/figures/node_modules/@internationalized/date/dist/private/conversion.cjs: Deleted
2026/09/18 19:52:33 INFO  : X-PLAN/architecture/figures/node_modules/@internationalized/date/src/calendars/BuddhistCalendar.ts: Deleted
2026/09/18 19:52:33 INFO  : X-PLAN/architecture/figures/node_modules/@swc/helpers/cjs/_object_spread.cjs: Deleted
2026/09/18 19:52:34 INFO  : X-PLAN/architecture/figures/node_modules/ansi-styles/readme.md: Deleted
2026/09/18 19:52:35 INFO  : X-PLAN/architecture/figures/node_modules/@puppeteer/browsers/lib/cjs/httpUtil.d.ts.map: Deleted
2026/09/18 19:52:35 INFO  : X-PLAN/architecture/figures/node_modules/@zenuml/core/dist/cloud-icons-eHuugVSv.js.map: Deleted
2026/09/18 19:52:35 INFO  : X-PLAN/architecture/figures/node_modules/chromium-bidi/lib/esm/bidiMapper/modules/browser/BrowserProcessor.d.ts: Deleted
2026/09/18 19:52:35 INFO  : X-PLAN/architecture/figures/node_modules/@mermaid-js/mermaid-zenuml/dist/zenumlRenderer.d.ts: Deleted
2026/09/18 19:52:36 INFO  : X-PLAN/architecture/figures/node_modules/@babel/code-frame/lib/index.js.map: Deleted
2026/09/18 19:52:36 INFO  : X-PLAN/architecture/figures/node_modules/ansi-styles/index.js: Deleted
2026/09/18 19:52:36 INFO  : X-PLAN/architecture/figures/node_modules/@tootallnate/quickjs-emscripten/dist/context.d.ts: Deleted
2026/09/18 19:52:37 INFO  : X-PLAN/architecture/figures/node_modules/@internationalized/date/dist/private/calendars/PersianCalendar.js.map: Deleted
2026/09/18 19:52:37 INFO  : X-PLAN/architecture/figures/node_modules/@types/d3-contour/package.json: Deleted
2026/09/18 19:52:37 INFO  : X-PLAN/architecture/figures/node_modules/bare-path/LICENSE: Deleted
2026/09/18 19:52:38 INFO  : X-PLAN/architecture/figures/node_modules/antlr4/src/antlr4/misc/HashMap.js: Deleted
2026/09/18 19:52:38 INFO  : X-PLAN/architecture/figures/svg/SA-15.svg: Deleted
2026/09/18 19:52:39 INFO  : X-PLAN/architecture/figures/node_modules/antlr4/.babelrc: Deleted
2026/09/18 19:52:39 INFO  : X-PLAN/architecture/figures/node_modules/@swc/helpers/esm/_using.js: Deleted
2026/09/18 19:52:39 INFO  : X-PLAN/architecture/figures/node_modules/@tanstack/virtual-core/dist/cjs/lazy-measurements.cjs: Deleted
2026/09/18 19:52:39 INFO  : X-PLAN/architecture/figures/node_modules/@types/geojson/LICENSE: Deleted
2026/09/18 19:52:40 INFO  : X-PLAN/architecture/figures/node_modules/chromium-bidi/lib/cjs/bidiMapper/modules/cdp/CdpTarget.js: Deleted
2026/09/18 19:52:40 INFO  : X-PLAN/architecture/figures/node_modules/@mermaid-js/parser/dist/mermaid-parser.core.mjs: Deleted
2026/09/18 19:52:40 INFO  : X-PLAN/architecture/figures/node_modules/@puppeteer/browsers/lib/esm/install.d.ts.map: Deleted
2026/09/18 19:52:41 INFO  : X-PLAN/architecture/figures/node_modules/chromium-bidi/lib/cjs/bidiTab/Transport.js.map: Deleted
2026/09/18 19:52:41 INFO  : X-PLAN/architecture/figures/node_modules/@tootallnate/quickjs-emscripten/dist/deferred-promise.d.ts: Deleted
2026/09/18 19:52:41 INFO  : X-PLAN/architecture/figures/node_modules/chromium-bidi/lib/esm/protocol/ErrorResponse.d.ts: Deleted
2026/09/18 19:52:42 INFO  : X-PLAN/architecture/figures/node_modules/cytoscape/.github/stale.yml: Deleted
2026/09/18 19:52:42 INFO  : X-PLAN/architecture/figures/node_modules/@swc/helpers/src/_dispose.mjs: Deleted
2026/09/18 19:52:43 INFO  : X-PLAN/architecture/figures/node_modules/chromium-bidi/lib/esm/bidiMapper/BidiTransport.js: Deleted
2026/09/18 19:52:43 INFO  : X-PLAN/architecture/figures/node_modules/chromium-bidi/lib/cjs/utils/ProcessingQueue.d.ts: Deleted
2026/09/18 19:52:43 INFO  : X-PLAN/architecture/figures/node_modules/@braintree/sanitize-url/tsconfig.json: Deleted
2026/09/18 19:52:43 INFO  : X-PLAN/architecture/figures/node_modules/@internationalized/date/dist/types/src/weekStartData.d.ts: Deleted
2026/09/18 19:52:44 INFO  : X-PLAN/architecture/figures/node_modules/@swc/helpers/src/_tagged_template_literal_loose.mjs: Deleted
2026/09/18 19:52:44 INFO  : X-PLAN/architecture/figures/node_modules/chromium-bidi/lib/esm/utils/transport.d.ts: Deleted
2026/09/18 19:52:44 INFO  : X-PLAN/architecture/figures/node_modules/@swc/helpers/esm/_async_iterator.js: Deleted
2026/09/18 19:52:44 INFO  : X-PLAN/architecture/figures/node_modules/@swc/helpers/src/_apply_decs_2311.mjs: Deleted
2026/09/18 19:52:45 INFO  : X-PLAN/architecture/figures/node_modules/ast-types/lib/path-visitor.d.ts: Deleted
2026/09/18 19:52:46 INFO  : X-PLAN/architecture/figures/node_modules/chromium-bidi/lib/esm/utils/WebsocketTransport.js: Deleted
2026/09/18 19:52:46 INFO  : X-PLAN/architecture/figures/node_modules/@internationalized/date/dist/private/weekStartData.js.map: Deleted
2026/09/18 19:52:46 INFO  : X-PLAN/architecture/figures/node_modules/@mermaid-js/mermaid-cli/dist/assets/KaTeX_Main-Italic-3WenGoN9.ttf: Deleted
2026/09/18 19:52:46 INFO  : X-PLAN/architecture/figures/svg/SA-13.svg: Deleted
2026/09/18 19:52:47 INFO  : X-PLAN/architecture/figures/node_modules/@swc/helpers/esm/_type_of.js: Deleted
2026/09/18 19:52:47 INFO  : X-PLAN/architecture/figures/node_modules/@swc/helpers/src/_get.mjs: Deleted
2026/09/18 19:52:47 INFO  : X-PLAN/architecture/figures/node_modules/b4a/index.d.ts: Deleted
2026/09/18 19:52:48 INFO  : X-PLAN/architecture/figures/node_modules/chromium-bidi/lib/cjs/utils/CdpErrorConstants.js: Deleted
2026/09/18 19:52:48 INFO  : X-PLAN/architecture/figures/node_modules/@swc/helpers/cjs/_create_super.cjs: Deleted
2026/09/18 19:52:48 INFO  : X-PLAN/architecture/figures/node_modules/chromium-bidi/lib/cjs/bidiMapper/BidiParser.d.ts: Deleted
2026/09/18 19:52:48 INFO  : X-PLAN/architecture/figures/node_modules/chromium-bidi/lib/esm/protocol/protocol.js: Deleted
2026/09/18 19:52:49 INFO  : X-PLAN/architecture/figures/node_modules/chromium-bidi/lib/esm/bidiMapper/OutgoingMessage.js.map: Deleted
2026/09/18 19:52:49 INFO  : X-PLAN/architecture/figures/node_modules/@internationalized/date/dist/types/src/calendars/GregorianCalendar.d.ts: Deleted
2026/09/18 19:52:49 INFO  : X-PLAN/architecture/figures/node_modules/@mermaid-js/parser/dist/chunks/mermaid-parser.core/info-A6RAGUB7.mjs.map: Deleted
2026/09/18 19:52:49 INFO  : X-PLAN/architecture/figures/node_modules/cosmiconfig/dist/loaders.js: Deleted
2026/09/18 19:52:50 INFO  : X-PLAN/architecture/figures/node_modules/@swc/helpers/esm/_to_primitive.js: Deleted
2026/09/18 19:52:50 INFO  : X-PLAN/architecture/figures/node_modules/@puppeteer/browsers/lib/cjs/install.js: Deleted
2026/09/18 19:52:51 INFO  : X-PLAN/architecture/figures/node_modules/chromium-bidi/lib/esm/cdp/cdpMessage.js: Deleted
2026/09/18 19:52:51 INFO  : X-PLAN/architecture/figures/node_modules/@mermaid-js/mermaid-cli/dist-types/src/version.d.ts: Deleted
2026/09/18 19:52:51 INFO  : X-PLAN/architecture/figures/node_modules/@swc/helpers/esm/_jsx.js: Deleted
2026/09/18 19:52:52 INFO  : X-PLAN/architecture/figures/node_modules/@internationalized/number/dist/private/NumberFormatter.mjs.map: Deleted
2026/09/18 19:52:52 INFO  : X-PLAN/architecture/figures/node_modules/@swc/helpers/cjs/_apply_decorated_descriptor.cjs: Deleted
2026/09/18 19:52:52 INFO  : X-PLAN/architecture/figures/node_modules/@types/geojson/index.d.ts: Deleted
2026/09/18 19:52:52 INFO  : X-PLAN/architecture/figures/node_modules/@puppeteer/browsers/src/browser-data/chrome.ts: Deleted
2026/09/18 19:52:53 INFO  : X-PLAN/architecture/figures/node_modules/@swc/helpers/src/_assert_this_initialized.mjs: Deleted
2026/09/18 19:52:53 INFO  : X-PLAN/architecture/figures/node_modules/chromium-bidi/lib/esm/bidiMapper/BidiServer.js: Deleted
2026/09/18 19:52:53 INFO  : X-PLAN/architecture/figures/node_modules/@puppeteer/browsers/lib/cjs/fileUtil.d.ts: Deleted
2026/09/18 19:52:54 INFO  : X-PLAN/architecture/figures/node_modules/agent-base/dist/helpers.d.ts.map: Deleted
2026/09/18 19:52:54 INFO  : X-PLAN/architecture/figures/node_modules/antlr4/src/antlr4/CommonToken.js: Deleted
2026/09/18 19:52:54 INFO  : X-PLAN/architecture/figures/node_modules/@mermaid-js/parser/dist/mermaid-parser.core.mjs.map: Deleted
2026/09/18 19:52:54 INFO  : X-PLAN/architecture/figures/node_modules/@iconify/types/types.d.ts: Deleted
2026/09/18 19:52:55 INFO  : X-PLAN/architecture/figures/node_modules/@napi-rs/canvas/load-image.js: Deleted
2026/09/18 19:52:55 INFO  : X-PLAN/architecture/figures/node_modules/@internationalized/string/src/LocalizedStringDictionary.ts: Deleted
2026/09/18 19:52:55 INFO  : X-PLAN/architecture/figures/node_modules/@internationalized/date/src/utils.ts: Deleted
2026/09/18 19:52:56 INFO  : X-PLAN/architecture/figures/node_modules/@swc/helpers/cjs/_array_without_holes.cjs: Deleted
2026/09/18 19:52:56 INFO  : X-PLAN/architecture/figures/node_modules/@babel/helper-validator-identifier/package.json: Deleted
2026/09/18 19:52:57 INFO  : X-PLAN/architecture/figures/node_modules/@types/d3-timer/package.json: Deleted
2026/09/18 19:52:57 INFO  : X-PLAN/architecture/figures/node_modules/@mermaid-js/parser/dist/chunks/mermaid-parser.esm.min/chunk-Z6AB6WYJ.mjs.map: Deleted
2026/09/18 19:52:57 INFO  : X-PLAN/architecture/figures/node_modules/chromium-bidi/lib/esm/utils/GraphemeTools.js.map: Deleted
2026/09/18 19:52:57 INFO  : X-PLAN/architecture/figures/node_modules/@internationalized/date/src/conversion.ts: Deleted
2026/09/18 19:52:58 INFO  : X-PLAN/architecture/figures/node_modules/@mermaid-js/parser/dist/chunks/mermaid-parser.esm.min/chunk-L2OVAXIS.mjs.map: Deleted
2026/09/18 19:52:58 INFO  : X-PLAN/architecture/figures/node_modules/@mermaid-js/mermaid-cli/dist/index.html: Deleted
2026/09/18 19:52:58 INFO  : X-PLAN/architecture/figures/node_modules/chromium-bidi/lib/cjs/utils/EventEmitter.d.ts: Deleted
2026/09/18 19:52:58 INFO  : X-PLAN/architecture/figures/node_modules/@internationalized/date/dist/index.cjs.map: Deleted
2026/09/18 19:52:59 INFO  : X-PLAN/architecture/figures/node_modules/@tootallnate/quickjs-emscripten/dist/runtime-asyncify.js.map: Deleted
2026/09/18 19:53:00 INFO  : X-PLAN/architecture/figures/node_modules/@internationalized/date/dist/types/src/conversion.d.ts: Deleted
2026/09/18 19:53:00 INFO  : X-PLAN/architecture/figures/node_modules/@mermaid-js/parser/dist/chunks/mermaid-parser.esm/chunk-DJPSPAKP.mjs.map: Deleted
2026/09/18 19:53:00 INFO  : X-PLAN/architecture/figures/node_modules/@swc/helpers/_/_array_without_holes/package.json: Deleted
2026/09/18 19:53:02 INFO  : X-PLAN/architecture/figures/node_modules/chromium-bidi/lib/cjs/bidiMapper/BidiParser.js.map: Deleted
2026/09/18 19:53:02 INFO  : X-PLAN/architecture/figures/node_modules/bare-fs/prebuilds/win32-x64/bare-fs.bare: Deleted
2026/09/18 19:53:02 INFO  : X-PLAN/architecture/figures/node_modules/@swc/helpers/esm/_assert_this_initialized.js: Deleted
2026/09/18 19:53:02 INFO  : X-PLAN/architecture/figures/node_modules/@mermaid-js/mermaid-zenuml/dist/chunks/mermaid-zenuml.esm.min/chunk-VDOFMJQL.mjs.map: Deleted
2026/09/18 19:53:04 INFO  : X-PLAN/architecture/figures/node_modules/ast-types/lib/types.js: Deleted
2026/09/18 19:53:04 INFO  : X-PLAN/architecture/figures/node_modules/agent-base/LICENSE: Deleted
2026/09/18 19:53:04 INFO  : X-PLAN/architecture/figures/node_modules/@tootallnate/quickjs-emscripten/dist/deferred-promise.js: Deleted
2026/09/18 19:53:04 INFO  : X-PLAN/architecture/figures/node_modules/@swc/helpers/cjs/_possible_constructor_return.cjs: Deleted
2026/09/18 19:53:05 INFO  : X-PLAN/architecture/figures/node_modules/antlr4/src/antlr4/error/InputMismatchException.js: Deleted
2026/09/18 19:53:05 INFO  : X-PLAN/architecture/figures/node_modules/@puppeteer/browsers/lib/esm/main-cli.js: Deleted
2026/09/18 19:53:05 INFO  : X-PLAN/architecture/figures/node_modules/@zenuml/core/dist/vite.svg: Deleted
2026/09/18 19:53:05 INFO  : X-PLAN/architecture/figures/node_modules/chromium-bidi/lib/esm/utils/DefaultMap.js: Deleted
2026/09/18 19:53:07 INFO  : X-PLAN/architecture/figures/node_modules/@mermaid-js/mermaid-cli/dist/assets/KaTeX_Typewriter-Regular-C0xS9mPB.woff: Deleted
2026/09/18 19:53:07 INFO  : X-PLAN/architecture/figures/node_modules/antlr4/src/antlr4/atn/Predicate.js: Deleted
2026/09/18 19:53:07 INFO  : X-PLAN/architecture/figures/node_modules/bare-stream/promises.js: Deleted
2026/09/18 19:53:07 INFO  : X-PLAN/architecture/figures/node_modules/class-variance-authority/dist/index.js.map: Deleted
2026/09/18 19:53:08 INFO  : X-PLAN/architecture/figures/node_modules/cytoscape/rollup.config.mjs: Deleted
2026/09/18 19:53:08 INFO  : X-PLAN/architecture/figures/node_modules/@mermaid-js/mermaid-cli/dist/assets/KaTeX_Math-Italic-DA0__PXp.woff: Deleted
2026/09/18 19:53:08 INFO  : X-PLAN/architecture/figures/node_modules/@swc/helpers/cjs/_inherits_loose.cjs: Deleted
2026/09/18 19:53:08 INFO  : X-PLAN/architecture/figures/node_modules/@swc/helpers/esm/_set.js: Deleted
2026/09/18 19:53:09 INFO  : X-PLAN/architecture/figures/node_modules/@swc/helpers/src/_check_private_redeclaration.mjs: Deleted
2026/09/18 19:53:10 INFO  : X-PLAN/architecture/figures/node_modules/commander/lib/option.js: Deleted
2026/09/18 19:53:10 INFO  : X-PLAN/architecture/figures/node_modules/chromium-bidi/lib/cjs/protocol/generated/webdriver-bidi-bluetooth.d.ts: Deleted
2026/09/18 19:53:10 INFO  : X-PLAN/architecture/figures/node_modules/@internationalized/date/dist/private/conversion.mjs: Deleted
2026/09/18 19:53:10 INFO  : X-PLAN/architecture/figures/node_modules/@swc/helpers/cjs/_object_spread_props.cjs: Deleted
2026/09/18 19:53:11 INFO  : X-PLAN/architecture/figures/node_modules/@swc/helpers/src/_defaults.mjs: Deleted
2026/09/18 19:53:11 INFO  : X-PLAN/architecture/figures/node_modules/cosmiconfig/dist/ExplorerSync.d.ts: Deleted
2026/09/18 19:53:11 INFO  : X-PLAN/architecture/figures/node_modules/@swc/helpers/_/_assert_this_initialized/package.json: Deleted
2026/09/18 19:53:12 INFO  : X-PLAN/architecture/figures/node_modules/chromium-bidi/lib/cjs/protocol/ErrorResponse.d.ts: Deleted
2026/09/18 19:53:12 INFO  : X-PLAN/architecture/figures/node_modules/chromium-bidi/lib/esm/protocol-parser/protocol-parser.js.map: Deleted
2026/09/18 19:53:12 INFO  : X-PLAN/architecture/figures/node_modules/@tootallnate/quickjs-emscripten/dist/types.js.map: Deleted
2026/09/18 19:53:12 INFO  : X-PLAN/architecture/figures/node_modules/@babel/helper-validator-identifier/lib/identifier.js.map: Deleted
2026/09/18 19:53:13 INFO  : X-PLAN/architecture/figures/node_modules/@mermaid-js/parser/dist/chunks/mermaid-parser.esm.min/chunk-MMNL2B2L.mjs: Deleted
2026/09/18 19:53:13 INFO  : X-PLAN/architecture/figures/node_modules/antlr4/src/antlr4/context/EmptyPredictionContext.js: Deleted
2026/09/18 19:53:13 INFO  : X-PLAN/architecture/figures/node_modules/chromium-bidi/lib/esm/bidiServer/MapperCdpConnection.js.map: Deleted
2026/09/18 19:53:13 INFO  : X-PLAN/architecture/figures/node_modules/@swc/helpers/_/_class_extract_field_descriptor/package.json: Deleted
2026/09/18 19:53:14 INFO  : X-PLAN/architecture/figures/node_modules/@internationalized/date/src/calendars/GregorianCalendar.ts: Deleted
2026/09/18 19:53:14 INFO  : X-PLAN/architecture/figures/node_modules/cytoscape/license-update.mjs: Deleted
2026/09/18 19:53:15 INFO  : X-PLAN/architecture/figures/node_modules/@swc/helpers/esm/_ts_decorate.js: Deleted
2026/09/18 19:53:15 INFO  : X-PLAN/architecture/figures/node_modules/chromium-bidi/lib/cjs/bidiMapper/BidiTransport.d.ts: Deleted
2026/09/18 19:53:15 INFO  : X-PLAN/architecture/figures/node_modules/@internationalized/date/dist/private/utils.mjs: Deleted
2026/09/18 19:53:15 INFO  : X-PLAN/architecture/figures/node_modules/@types/d3-dispatch/package.json: Deleted
2026/09/18 19:53:16 INFO  : X-PLAN/architecture/figures/node_modules/@puppeteer/browsers/lib/cjs/Cache.d.ts.map: Deleted
2026/09/18 19:53:16 INFO  : X-PLAN/architecture/figures/node_modules/@swc/helpers/cjs/_non_iterable_spread.cjs: Deleted
2026/09/18 19:53:16 INFO  : X-PLAN/architecture/figures/node_modules/antlr4/README.md: Deleted
2026/09/18 19:53:17 INFO  : X-PLAN/architecture/figures/node_modules/@swc/helpers/src/_async_to_generator.mjs: Deleted
2026/09/18 19:53:17 INFO  : X-PLAN/architecture/figures/node_modules/bare-path/README.md: Deleted
2026/09/18 19:53:17 INFO  : X-PLAN/architecture/figures/node_modules/chromium-bidi/lib/esm/utils/Buffer.d.ts: Deleted
2026/09/18 19:53:18 INFO  : X-PLAN/architecture/figures/node_modules/@internationalized/date/dist/private/string.mjs.map: Deleted
2026/09/18 19:53:18 INFO  : X-PLAN/architecture/figures/node_modules/@types/d3-contour/README.md: Deleted
2026/09/18 19:53:18 INFO  : X-PLAN/architecture/figures/node_modules/@swc/helpers/cjs/_initializer_define_property.cjs: Deleted
2026/09/18 19:53:18 INFO  : X-PLAN/architecture/figures/node_modules/bare-stream/web.d.ts: Deleted
2026/09/18 19:53:19 INFO  : X-PLAN/architecture/figures/node_modules/color-name/package.json: Deleted
2026/09/18 19:53:19 INFO  : X-PLAN/architecture/figures/node_modules/chromium-bidi/lib/esm/utils/UrlHelpers.js: Deleted
2026/09/18 19:53:19 INFO  : X-PLAN/architecture/figures/svg/SA-00.svg: Deleted
2026/09/18 19:53:20 INFO  : X-PLAN/architecture/figures/node_modules/@swc/helpers/src/_object_destructuring_empty.mjs: Deleted
2026/09/18 19:53:28 INFO  : X-PLAN/architecture/figures/node_modules/class-variance-authority/dist/index.mjs: Deleted
2026/09/18 19:53:28 INFO  : X-PLAN/architecture/figures/node_modules/@mermaid-js/mermaid-cli/dist/assets/KaTeX_Fraktur-Bold-CL6g_b3V.woff2: Deleted
2026/09/18 19:53:28 INFO  : X-PLAN/architecture/figures/node_modules/@swc/helpers/src/_using_ctx.mjs: Deleted
2026/09/18 19:53:28 INFO  : X-PLAN/architecture/figures/node_modules/@mermaid-js/parser/dist/chunks/mermaid-parser.esm.min/chunk-NABWVW2Q.mjs.map: Deleted
2026/09/18 19:53:29 INFO  : X-PLAN/architecture/figures/node_modules/chromium-bidi/lib/cjs/bidiTab/bidiTab.d.ts: Deleted
2026/09/18 19:53:29 INFO  : X-PLAN/architecture/figures/node_modules/@tootallnate/quickjs-emscripten/dist/context-asyncify.js.map: Deleted
2026/09/18 19:53:29 INFO  : X-PLAN/architecture/figures/node_modules/@swc/helpers/cjs/_class_private_method_get.cjs: Deleted
2026/09/18 19:53:29 INFO  : X-PLAN/architecture/figures/node_modules/bare-fs/binding.js: Deleted
2026/09/18 19:53:30 INFO  : X-PLAN/architecture/figures/node_modules/chromium-bidi/lib/esm/utils/Mutex.js.map: Deleted
2026/09/18 19:53:31 INFO  : X-PLAN/architecture/figures/node_modules/cytoscape/index.d.ts: Deleted
2026/09/18 19:53:31 INFO  : X-PLAN/architecture/figures/node_modules/@tootallnate/quickjs-emscripten/dist/debug.js.map: Deleted
2026/09/18 19:53:31 INFO  : X-PLAN/architecture/figures/node_modules/@floating-ui/core/package.json: Deleted
2026/09/18 19:53:32 INFO  : X-PLAN/architecture/figures/node_modules/cytoscape/.github/PULL_REQUEST_TEMPLATE.md: Deleted
2026/09/18 19:53:32 INFO  : X-PLAN/architecture/figures/node_modules/@swc/helpers/esm/_check_private_redeclaration.js: Deleted
2026/09/18 19:53:32 INFO  : X-PLAN/architecture/figures/node_modules/@tootallnate/quickjs-emscripten/dist/context-asyncify.js: Deleted
2026/09/18 19:53:32 INFO  : X-PLAN/architecture/figures/node_modules/chromium-bidi/lib/esm/bidiMapper/modules/cdp/CdpTarget.js.map: Deleted
2026/09/18 19:53:33 INFO  : X-PLAN/architecture/figures/node_modules/bare-url/prebuilds/android-x64/bare-url.bare: Deleted
2026/09/18 19:53:33 INFO  : X-PLAN/architecture/figures/node_modules/@braintree/sanitize-url/dist/constants.d.ts: Deleted
2026/09/18 19:53:33 INFO  : X-PLAN/architecture/figures/node_modules/bare-url/binding.c: Deleted
2026/09/18 19:53:33 INFO  : X-PLAN/architecture/figures/node_modules/@tootallnate/quickjs-emscripten/dist/module-asyncify.d.ts: Deleted
2026/09/18 19:53:34 INFO  : X-PLAN/architecture/figures/node_modules/@types/d3-dsv/index.d.ts: Deleted
2026/09/18 19:53:34 INFO  : X-PLAN/architecture/figures/node_modules/@types/d3-format/package.json: Deleted
2026/09/18 19:53:35 INFO  : X-PLAN/architecture/figures/node_modules/@types/d3-timer/index.d.ts: Deleted
2026/09/18 19:53:35 INFO  : X-PLAN/architecture/figures/node_modules/clsx/dist/clsx.min.js: Deleted
2026/09/18 19:53:35 INFO  : X-PLAN/architecture/figures/node_modules/@swc/helpers/esm/_ts_rewrite_relative_import_extension.js: Deleted
2026/09/18 19:53:36 INFO  : X-PLAN/architecture/figures/node_modules/@react-types/shared/src/events.d.ts: Deleted
2026/09/18 19:53:36 INFO  : X-PLAN/architecture/figures/node_modules/chromium-bidi/lib/esm/bidiServer/index.d.ts: Deleted
2026/09/18 19:53:36 INFO  : X-PLAN/architecture/figures/node_modules/@mermaid-js/mermaid-zenuml/dist/chunks/mermaid-zenuml.core/zenuml-definition-ZCSB3OVJ.mjs: Deleted
2026/09/18 19:53:36 INFO  : X-PLAN/architecture/figures/node_modules/@react-types/shared/src/labelable.d.ts: Deleted
2026/09/18 19:53:37 INFO  : X-PLAN/architecture/figures/node_modules/antlr4/webpack.config.cjs: Deleted
2026/09/18 19:53:37 INFO  : X-PLAN/architecture/figures/node_modules/b4a/lib/hex.js: Deleted
2026/09/18 19:53:37 INFO  : X-PLAN/architecture/figures/node_modules/@napi-rs/canvas/package.json: Deleted
2026/09/18 19:53:37 INFO  : X-PLAN/architecture/figures/node_modules/antlr4/.eslintignore: Deleted
2026/09/18 19:53:38 INFO  : X-PLAN/architecture/figures/node_modules/@internationalized/date/src/calendars/EthiopicCalendar.ts: Deleted
2026/09/18 19:53:38 INFO  : X-PLAN/architecture/figures/node_modules/bare-fs/package.json: Deleted
2026/09/18 19:53:38 INFO  : X-PLAN/architecture/figures/node_modules/@mermaid-js/mermaid-cli/dist/assets/fa-solid-900-BV3CbEM2.ttf: Deleted
2026/09/18 19:53:39 INFO  : X-PLAN/architecture/figures/node_modules/bare-stream/global.js: Deleted
2026/09/18 19:53:39 INFO  : X-PLAN/architecture/figures/node_modules/antlr4/src/antlr4/transition/RangeTransition.js: Deleted
2026/09/18 19:53:39 INFO  : X-PLAN/architecture/figures/node_modules/@internationalized/date/dist/private/utils.js: Deleted
2026/09/18 19:53:39 INFO  : X-PLAN/architecture/figures/node_modules/@internationalized/date/dist/types/src/calendars/BuddhistCalendar.d.ts: Deleted
2026/09/18 19:53:40 INFO  : X-PLAN/architecture/figures/node_modules/bare-url/prebuilds/ios-x64-simulator/bare-url.bare: Deleted
2026/09/18 19:53:41 INFO  : X-PLAN/architecture/figures/node_modules/cosmiconfig/dist/Explorer.js: Deleted
2026/09/18 19:53:41 INFO  : X-PLAN/architecture/figures/node_modules/@swc/helpers/cjs/_class_apply_descriptor_destructure.cjs: Deleted
2026/09/18 19:53:41 INFO  : X-PLAN/architecture/figures/node_modules/@mermaid-js/parser/dist/chunks/mermaid-parser.esm/packet-YVFSY34C.mjs: Deleted
2026/09/18 19:53:41 INFO  : X-PLAN/architecture/figures/node_modules/@puppeteer/browsers/lib/cjs/install.d.ts: Deleted
2026/09/18 19:53:42 INFO  : X-PLAN/architecture/figures/node_modules/@zenuml/core/dist/zenuml.js.map: Deleted
2026/09/18 19:53:42 INFO  : X-PLAN/architecture/figures/node_modules/@mermaid-js/parser/dist/chunks/mermaid-parser.core/chunk-3Z5EZCMW.mjs.map: Deleted
2026/09/18 19:53:42 INFO  : X-PLAN/architecture/figures/node_modules/@puppeteer/browsers/lib/esm/browser-data/browser-data.d.ts.map: Deleted
2026/09/18 19:53:42 INFO  : X-PLAN/architecture/figures/node_modules/base64-js/base64js.min.js: Deleted
2026/09/18 19:53:43 INFO  : X-PLAN/architecture/figures/node_modules/chromium-bidi/lib/esm/bidiServer/SimpleTransport.d.ts: Deleted
2026/09/18 19:53:43 INFO  : X-PLAN/architecture/figures/node_modules/@swc/helpers/cjs/_async_generator.cjs: Deleted
2026/09/18 19:53:43 INFO  : X-PLAN/architecture/figures/node_modules/chromium-bidi/lib/esm/utils/Buffer.js.map: Deleted
2026/09/18 19:53:44 INFO  : X-PLAN/architecture/figures/node_modules/@swc/helpers/esm/_initializer_define_property.js: Deleted
2026/09/18 19:53:44 INFO  : X-PLAN/architecture/figures/node_modules/@puppeteer/browsers/lib/cjs/launch.d.ts: Deleted
2026/09/18 19:53:44 INFO  : X-PLAN/architecture/figures/node_modules/@puppeteer/browsers/lib/cjs/browser-data/chrome.d.ts: Deleted
2026/09/18 19:53:45 INFO  : X-PLAN/architecture/figures/node_modules/chromium-bidi/lib/esm/utils/GraphemeTools.d.ts: Deleted
2026/09/18 19:53:46 INFO  : X-PLAN/architecture/figures/node_modules/@puppeteer/browsers/lib/cjs/browser-data/browser-data.js.map: Deleted
2026/09/18 19:53:46 INFO  : X-PLAN/architecture/figures/node_modules/antlr4/src/antlr4/error/LexerNoViableAltException.js: Deleted
2026/09/18 19:53:46 INFO  : X-PLAN/architecture/figures/node_modules/@mermaid-js/parser/dist/chunks/mermaid-parser.core/gitGraph-4MIJSDKK.mjs: Deleted
2026/09/18 19:53:46 INFO  : X-PLAN/architecture/figures/node_modules/@internationalized/date/dist/private/string.mjs: Deleted
2026/09/18 19:53:47 INFO  : X-PLAN/architecture/figures/node_modules/@tootallnate/quickjs-emscripten/dist/vm-interface.js.map: Deleted
2026/09/18 19:53:47 INFO  : X-PLAN/architecture/figures/node_modules/@swc/helpers/esm/_object_without_properties_loose.js: Deleted
2026/09/18 19:53:47 INFO  : X-PLAN/architecture/figures/node_modules/aria-hidden/dist/es2019/index.js: Deleted
2026/09/18 19:53:47 INFO  : X-PLAN/architecture/figures/node_modules/@internationalized/date/dist/private/calendars/HebrewCalendar.cjs: Deleted
2026/09/18 19:53:48 INFO  : X-PLAN/architecture/figures/node_modules/@swc/helpers/cjs/index.cjs: Deleted
2026/09/18 19:53:48 INFO  : X-PLAN/architecture/figures/node_modules/ast-types/gen/namedTypes.js: Deleted
2026/09/18 19:53:48 INFO  : X-PLAN/architecture/figures/node_modules/chromium-bidi/lib/cjs/utils/WebsocketTransport.js.map: Deleted
2026/09/18 19:53:49 INFO  : X-PLAN/architecture/figures/node_modules/@mermaid-js/mermaid-cli/dist/assets/index-BgzLmH-2.js: Deleted
2026/09/18 19:53:51 INFO  : X-PLAN/architecture/figures/node_modules/@types/d3-hierarchy/README.md: Deleted
2026/09/18 19:53:51 INFO  : X-PLAN/architecture/figures/node_modules/@internationalized/date/dist/private/DateFormatter.mjs.map: Deleted
2026/09/18 19:53:51 INFO  : X-PLAN/architecture/figures/node_modules/antlr4/src/antlr4/action/LexerPopModeAction.js: Deleted
2026/09/18 19:53:51 INFO  : X-PLAN/architecture/figures/node_modules/antlr4/src/antlr4/atn/SemanticContext.js: Deleted
2026/09/18 19:53:52 INFO  : X-PLAN/architecture/figures/node_modules/ansi-styles/license: Deleted
2026/09/18 19:53:52 INFO  : X-PLAN/architecture/figures/node_modules/chromium-bidi/lib/esm/protocol/chromium-bidi.d.ts: Deleted
2026/09/18 19:53:52 INFO  : X-PLAN/architecture/figures/node_modules/chromium-bidi/lib/cjs/utils/Buffer.d.ts: Deleted
2026/09/18 19:53:53 INFO  : X-PLAN/architecture/figures/node_modules/chromium-bidi/lib/cjs/bidiMapper/modules/cdp/CdpTarget.js.map: Deleted
2026/09/18 19:53:53 INFO  : X-PLAN/architecture/figures/node_modules/chalk/source/index.js: Deleted
2026/09/18 19:53:53 INFO  : X-PLAN/architecture/figures/node_modules/chromium-bidi/lib/esm/bidiTab/mapperTabPage.js: Deleted
2026/09/18 19:53:54 INFO  : X-PLAN/architecture/figures/node_modules/@swc/helpers/esm/_object_spread.js: Deleted
2026/09/18 19:53:54 INFO  : X-PLAN/architecture/figures/node_modules/chromium-bidi/lib/esm/bidiMapper/BidiServer.d.ts: Deleted
2026/09/18 19:53:55 INFO  : X-PLAN/architecture/figures/node_modules/cytoscape/AGENTS.md: Deleted
2026/09/18 19:53:55 INFO  : X-PLAN/architecture/figures/node_modules/chromium-bidi/lib/cjs/bidiMapper/OutgoingMessage.d.ts: Deleted
2026/09/18 19:53:55 INFO  : X-PLAN/architecture/figures/node_modules/@babel/helper-validator-identifier/lib/index.js: Deleted
2026/09/18 19:53:56 INFO  : X-PLAN/architecture/figures/node_modules/@internationalized/date/dist/private/calendars/JapaneseCalendar.cjs: Deleted
2026/09/18 19:53:57 INFO  : X-PLAN/architecture/figures/node_modules/antlr4/spec/IntervalSetSpec.js: Deleted
2026/09/18 19:53:57 INFO  : X-PLAN/architecture/figures/node_modules/@mermaid-js/parser/dist/chunks/mermaid-parser.esm.min/chunk-PMWMZBX5.mjs: Deleted
2026/09/18 19:53:57 INFO  : X-PLAN/architecture/figures/node_modules/@mermaid-js/parser/dist/chunks/mermaid-parser.esm.min/wardley-52OBY6EM.mjs: Deleted
2026/09/18 19:53:57 INFO  : X-PLAN/architecture/figures/node_modules/@swc/helpers/_/_class_private_field_set/package.json: Deleted
2026/09/18 19:53:58 INFO  : X-PLAN/architecture/figures/node_modules/chromium-bidi/lib/esm/bidiMapper/modules/bluetooth/BluetoothProcessor.d.ts: Deleted
2026/09/18 19:53:58 INFO  : X-PLAN/architecture/figures/node_modules/@babel/helper-validator-identifier/README.md: Deleted
2026/09/18 19:53:59 INFO  : X-PLAN/architecture/figures/node_modules/clsx/dist/clsx.js: Deleted
2026/09/18 19:53:59 INFO  : X-PLAN/architecture/figures/node_modules/chromium-bidi/lib/esm/bidiTab/bidiTab.js: Deleted
2026/09/18 19:53:59 INFO  : X-PLAN/architecture/figures/node_modules/@types/d3-format/index.d.ts: Deleted
2026/09/18 19:54:00 INFO  : X-PLAN/architecture/figures/node_modules/@swc/helpers/esm/_call_super.js: Deleted
2026/09/18 19:54:00 INFO  : X-PLAN/architecture/figures/node_modules/bare-events/lib/errors.js: Deleted
2026/09/18 19:54:01 INFO  : X-PLAN/architecture/figures/node_modules/chromium-bidi/lib/esm/utils/DistinctValues.js.map: Deleted
2026/09/18 19:54:01 INFO  : X-PLAN/architecture/exports/sa-print.css: Deleted
2026/09/18 19:54:01 INFO  : X-PLAN/architecture/exports/sa-to-pdf.sh: Deleted
2026/09/18 19:54:02 INFO  : X-PLAN/architecture/figures/node_modules/bare-stream/index.d.ts: Deleted
2026/09/18 19:54:02 INFO  : X-PLAN/architecture/figures/node_modules/chromium-bidi/lib/esm/protocol-parser/protocol-parser.js: Deleted
2026/09/18 19:54:02 INFO  : X-PLAN/architecture/figures/node_modules/chromium-bidi/lib/esm/bidiMapper/modules/cdp/CdpProcessor.d.ts: Deleted
2026/09/18 19:54:03 INFO  : X-PLAN/architecture/figures/node_modules/@floating-ui/dom/LICENSE: Deleted
2026/09/18 19:54:03 INFO  : X-PLAN/architecture/figures/node_modules/bare-url/prebuilds/win32-arm64/bare-url.bare: Deleted
2026/09/18 19:54:03 INFO  : X-PLAN/architecture/figures/node_modules/chromium-bidi/lib/cjs/utils/uuid.js: Deleted
2026/09/18 19:54:04 INFO  : X-PLAN/architecture/figures/node_modules/cose-base/src/CoSELayout.js: Deleted
2026/09/18 19:54:04 INFO  : X-PLAN/architecture/figures/node_modules/@mermaid-js/parser/dist/chunks/mermaid-parser.esm/chunk-YYYHLZXX.mjs.map: Deleted
2026/09/18 19:54:04 INFO  : X-PLAN/architecture/figures/node_modules/basic-ftp/dist/StringWriter.js: Deleted
2026/09/18 19:54:05 INFO  : X-PLAN/architecture/figures/node_modules/chromium-bidi/lib/cjs/bidiTab/bidiTab.js.map: Deleted
2026/09/18 19:54:05 INFO  : X-PLAN/architecture/figures/node_modules/@swc/helpers/esm/_to_array.js: Deleted
2026/09/18 19:54:05 INFO  : X-PLAN/architecture/figures/node_modules/@swc/helpers/cjs/_ts_rewrite_relative_import_extension.cjs: Deleted
2026/09/18 19:54:05 INFO  : X-PLAN/architecture/figures/node_modules/@swc/helpers/esm/_class_apply_descriptor_get.js: Deleted
2026/09/18 19:54:06 INFO  : X-PLAN/architecture/figures/node_modules/@swc/helpers/src/_define_property.mjs: Deleted
2026/09/18 19:54:06 INFO  : X-PLAN/architecture/figures/node_modules/bare-stream/package.json: Deleted
2026/09/18 19:54:07 INFO  : X-PLAN/architecture/figures/node_modules/cytoscape/.github/SECURITY.md: Deleted
2026/09/18 19:54:07 INFO  : X-PLAN/architecture/figures/node_modules/@mermaid-js/mermaid-cli/dist/assets/KaTeX_Caligraphic-Regular-Di6jR-x-.woff2: Deleted
2026/09/18 19:54:07 INFO  : X-PLAN/architecture/figures/node_modules/@mermaid-js/mermaid-cli/dist-types/src/index.d.ts: Deleted
2026/09/18 19:54:07 INFO  : X-PLAN/architecture/figures/node_modules/@tootallnate/quickjs-emscripten/dist/generated/ffi.WASM_RELEASE_SYNC.d.ts: Deleted
2026/09/18 19:54:08 INFO  : X-PLAN/architecture/figures/node_modules/bare-stream/global.d.ts: Deleted
2026/09/18 19:54:08 INFO  : X-PLAN/architecture/figures/node_modules/@types/d3-scale/package.json: Deleted
2026/09/18 19:54:08 INFO  : X-PLAN/architecture/figures/node_modules/color-convert/CHANGELOG.md: Deleted
2026/09/18 19:54:09 INFO  : X-PLAN/architecture/figures/node_modules/chromium-bidi/lib/cjs/utils/GraphemeTools.js.map: Deleted
2026/09/18 19:54:09 INFO  : X-PLAN/architecture/figures/node_modules/@babel/helper-validator-identifier/lib/identifier.js: Deleted
2026/09/18 19:54:10 INFO  : X-PLAN/architecture/figures/node_modules/@puppeteer/browsers/lib/esm/httpUtil.js: Deleted
2026/09/18 19:54:10 INFO  : X-PLAN/architecture/figures/node_modules/@swc/helpers/src/_ts_rewrite_relative_import_extension.mjs: Deleted
2026/09/18 19:54:10 INFO  : X-PLAN/architecture/figures/node_modules/@types/d3-color/package.json: Deleted
2026/09/18 19:54:11 INFO  : X-PLAN/architecture/figures/node_modules/bare-path/prebuilds/ios-arm64/bare-path.bare: Deleted
2026/09/18 19:54:11 INFO  : X-PLAN/architecture/figures/svg/SA-42.svg: Deleted
2026/09/18 19:54:11 INFO  : X-PLAN/architecture/figures/node_modules/@swc/helpers/_/_async_to_generator/package.json: Deleted
2026/09/18 19:54:11 INFO  : X-PLAN/architecture/figures/node_modules/@puppeteer/browsers/lib/cjs/Cache.d.ts: Deleted
2026/09/18 19:54:12 INFO  : X-PLAN/architecture/figures/node_modules/@swc/helpers/cjs/_object_destructuring_empty.cjs: Deleted
2026/09/18 19:54:12 INFO  : X-PLAN/architecture/figures/node_modules/@puppeteer/browsers/lib/esm/debug.d.ts.map: Deleted
2026/09/18 19:54:13 INFO  : X-PLAN/architecture/figures/node_modules/@mermaid-js/parser/dist/chunks/mermaid-parser.esm.min/chunk-ZU4VZGUK.mjs.map: Deleted
2026/09/18 19:54:13 INFO  : X-PLAN/architecture/figures/node_modules/@mermaid-js/parser/dist/chunks/mermaid-parser.esm.min/treemap-2KTZIG75.mjs.map: Deleted
2026/09/18 19:54:13 INFO  : X-PLAN/architecture/figures/node_modules/chromium-bidi/lib/cjs/utils/DistinctValues.js: Deleted
2026/09/18 19:54:13 INFO  : X-PLAN/architecture/figures/node_modules/@swc/helpers/cjs/_apply_decs_2203_r.cjs: Deleted
2026/09/18 19:54:14 INFO  : X-PLAN/architecture/figures/node_modules/@tootallnate/quickjs-emscripten/dist/emscripten-types.d.ts: Deleted
2026/09/18 19:54:14 INFO  : X-PLAN/architecture/figures/node_modules/@puppeteer/browsers/lib/esm/browser-data/chrome.d.ts: Deleted
2026/09/18 19:54:14 INFO  : X-PLAN/architecture/figures/node_modules/antlr4/src/antlr4/state/TokensStartState.js: Deleted
2026/09/18 19:54:15 INFO  : X-PLAN/architecture/figures/node_modules/@swc/helpers/cjs/_ts_values.cjs: Deleted
2026/09/18 19:54:15 INFO  : X-PLAN/architecture/figures/node_modules/antlr4/src/antlr4/transition/WildcardTransition.js: Deleted
2026/09/18 19:54:15 INFO  : X-PLAN/architecture/figures/node_modules/chalk/source/utilities.js: Deleted
2026/09/18 19:54:16 INFO  : X-PLAN/architecture/figures/node_modules/@tootallnate/quickjs-emscripten/README.md: Deleted
2026/09/18 19:54:16 INFO  : X-PLAN/architecture/figures/node_modules/@swc/helpers/cjs/_class_private_field_update.cjs: Deleted
2026/09/18 19:54:17 INFO  : X-PLAN/architecture/figures/node_modules/@swc/helpers/esm/_class_private_field_loose_key.js: Deleted
2026/09/18 19:54:17 INFO  : X-PLAN/architecture/figures/node_modules/@swc/helpers/esm/_iterable_to_array_limit_loose.js: Deleted
2026/09/18 19:54:17 INFO  : X-PLAN/architecture/figures/node_modules/chromium-bidi/lib/cjs/cdp/CdpClient.js.map: Deleted
2026/09/18 19:54:18 INFO  : X-PLAN/architecture/figures/node_modules/@mermaid-js/mermaid-cli/dist/assets/KaTeX_Size3-Regular-DgpXs0kz.ttf: Deleted
2026/09/18 19:54:18 INFO  : X-PLAN/architecture/figures/node_modules/@puppeteer/browsers/src/browser-data/chromium.ts: Deleted
2026/09/18 19:54:18 INFO  : X-PLAN/architecture/figures/node_modules/@puppeteer/browsers/lib/esm/main.js.map: Deleted
2026/09/18 19:54:18 INFO  : X-PLAN/architecture/figures/node_modules/@mermaid-js/parser/dist/chunks/mermaid-parser.core/gitGraph-4MIJSDKK.mjs.map: Deleted
2026/09/18 19:54:19 INFO  : X-PLAN/architecture/figures/node_modules/@internationalized/string/LICENSE: Deleted
2026/09/18 19:54:19 INFO  : X-PLAN/architecture/figures/node_modules/@types/d3-quadtree/README.md: Deleted
2026/09/18 19:54:20 INFO  : X-PLAN/architecture/figures/node_modules/@swc/helpers/esm/_ts_metadata.js: Deleted
2026/09/18 19:54:20 INFO  : X-PLAN/architecture/figures/node_modules/@swc/helpers/_/_class_private_field_loose_base/package.json: Deleted
2026/09/18 19:54:20 INFO  : X-PLAN/architecture/figures/node_modules/@mermaid-js/parser/dist/mermaid-parser.esm.mjs.map: Deleted
2026/09/18 19:54:21 INFO  : X-PLAN/architecture/figures/node_modules/@internationalized/string/dist/private/LocalizedStringFormatter.js.map: Deleted
2026/09/18 19:54:21 INFO  : X-PLAN/architecture/figures/node_modules/@tootallnate/quickjs-emscripten/dist/errors.js.map: Deleted
2026/09/18 19:54:21 INFO  : X-PLAN/architecture/figures/node_modules/bare-url/binding.js: Deleted
2026/09/18 19:54:21 INFO  : X-PLAN/architecture/figures/node_modules/@swc/helpers/_/_check_private_redeclaration/package.json: Deleted
2026/09/18 19:54:22 INFO  : X-PLAN/architecture/figures/node_modules/chromium-bidi/lib/esm/bidiMapper/OutgoingMessage.js: Deleted
2026/09/18 19:54:22 INFO  : X-PLAN/architecture/figures/node_modules/cytoscape-cose-bilkent/package.json: Deleted
2026/09/18 19:54:23 INFO  : X-PLAN/architecture/figures/svg/SA-14.svg: Deleted
2026/09/18 19:54:23 INFO  : X-PLAN/architecture/figures/node_modules/chromium-bidi/lib/cjs/bidiMapper/modules/cdp/CdpTarget.d.ts: Deleted
2026/09/18 19:54:23 INFO  : X-PLAN/architecture/figures/node_modules/bare-url/README.md: Deleted
2026/09/18 19:54:23 INFO  : X-PLAN/architecture/figures/node_modules/@types/d3-polygon/LICENSE: Deleted
2026/09/18 19:54:24 INFO  : X-PLAN/architecture/figures/node_modules/@types/d3-quadtree/index.d.ts: Deleted
2026/09/18 19:54:24 INFO  : X-PLAN/architecture/figures/node_modules/cytoscape/CODE_OF_CONDUCT.md: Deleted
2026/09/18 19:54:24 INFO  : X-PLAN/architecture/figures/node_modules/chromium-bidi/lib/esm/utils/DistinctValues.d.ts: Deleted
2026/09/18 19:54:24 INFO  : X-PLAN/architecture/figures/node_modules/@swc/helpers/esm/_array_with_holes.js: Deleted
2026/09/18 19:54:25 INFO  : X-PLAN/architecture/figures/node_modules/basic-ftp/dist/FileInfo.d.ts: Deleted
2026/09/18 19:54:25 INFO  : X-PLAN/architecture/figures/node_modules/chromium-bidi/lib/esm/bidiMapper/BidiTransport.js.map: Deleted
2026/09/18 19:54:26 INFO  : X-PLAN/architecture/figures/node_modules/argparse/package.json: Deleted
2026/09/18 19:54:26 INFO  : X-PLAN/architecture/figures/node_modules/@mermaid-js/mermaid-cli/dist/assets/KaTeX_Math-Italic-flOr_0UB.ttf: Deleted
2026/09/18 19:54:26 INFO  : X-PLAN/architecture/figures/node_modules/@napi-rs/canvas/js-binding.js: Deleted
2026/09/18 19:54:26 INFO  : X-PLAN/architecture/figures/node_modules/@internationalized/date/dist/private/manipulation.js: Deleted
2026/09/18 19:54:28 INFO  : X-PLAN/architecture/figures/svg/SA-07.svg: Deleted
2026/09/18 19:54:28 INFO  : X-PLAN/architecture/figures/node_modules/agent-base/dist/helpers.d.ts: Deleted
2026/09/18 19:54:28 INFO  : X-PLAN/architecture/figures/node_modules/@swc/helpers/src/_iterable_to_array_limit_loose.mjs: Deleted
2026/09/18 19:54:28 INFO  : X-PLAN/architecture/figures/node_modules/chromium-bidi/lib/cjs/bidiMapper/modules/cdp/CdpProcessor.d.ts: Deleted
2026/09/18 19:54:36 INFO  : X-PLAN/architecture/figures/node_modules/@types/d3-force/README.md: Deleted
2026/09/18 19:54:36 INFO  : X-PLAN/architecture/figures/node_modules/@swc/helpers/esm/_throw.js: Deleted
2026/09/18 19:54:36 INFO  : X-PLAN/architecture/figures/node_modules/chromium-bidi/lib/cjs/utils/Mutex.d.ts: Deleted
2026/09/18 19:54:36 INFO  : X-PLAN/architecture/figures/node_modules/@internationalized/string/dist/private/LocalizedStringFormatter.mjs: Deleted
2026/09/18 19:54:38 INFO  : X-PLAN/architecture/figures/node_modules/chromium-bidi/lib/cjs/utils/time.js: Deleted
2026/09/18 19:54:38 INFO  : X-PLAN/architecture/figures/node_modules/@swc/helpers/cjs/_ts_add_disposable_resource.cjs: Deleted
2026/09/18 19:54:38 INFO  : X-PLAN/architecture/figures/node_modules/@puppeteer/browsers/src/httpUtil.ts: Deleted
2026/09/18 19:54:38 INFO  : X-PLAN/architecture/figures/node_modules/@puppeteer/browsers/lib/esm/launch.d.ts: Deleted
2026/09/18 19:54:39 INFO  : X-PLAN/architecture/figures/node_modules/@puppeteer/browsers/lib/esm/browser-data/firefox.js: Deleted
2026/09/18 19:54:39 INFO  : X-PLAN/architecture/figures/node_modules/@internationalized/date/dist/private/calendars/JapaneseCalendar.js.map: Deleted
2026/09/18 19:54:39 INFO  : X-PLAN/architecture/figures/node_modules/@internationalized/string/dist/types/src/LocalizedStringFormatter.d.ts: Deleted
2026/09/18 19:54:39 INFO  : X-PLAN/architecture/figures/node_modules/@mermaid-js/parser/dist/chunks/mermaid-parser.core/radar-RG4KPBEZ.mjs: Deleted
2026/09/18 19:54:41 INFO  : X-PLAN/architecture/figures/node_modules/ast-types/def/typescript.js: Deleted
2026/09/18 19:54:41 INFO  : X-PLAN/architecture/figures/node_modules/@upsetjs/venn.js/README.md: Deleted
2026/09/18 19:54:41 INFO  : X-PLAN/architecture/figures/node_modules/@upsetjs/venn.js/src/index.d.ts: Deleted
2026/09/18 19:54:43 INFO  : X-PLAN/architecture/figures/node_modules/@mermaid-js/parser/dist/chunks/mermaid-parser.core/architecture-7GRP2DOG.mjs: Deleted
2026/09/18 19:54:43 INFO  : X-PLAN/architecture/figures/node_modules/@types/d3-interpolate/LICENSE: Deleted
2026/09/18 19:54:43 INFO  : X-PLAN/architecture/figures/node_modules/chromium-bidi/lib/esm/utils/IdWrapper.js.map: Deleted
2026/09/18 19:54:43 INFO  : X-PLAN/architecture/figures/node_modules/@puppeteer/browsers/lib/esm/browser-data/chromedriver.d.ts: Deleted
2026/09/18 19:54:44 INFO  : X-PLAN/architecture/figures/node_modules/@internationalized/date/dist/private/string.cjs.map: Deleted
2026/09/18 19:54:44 INFO  : X-PLAN/architecture/figures/node_modules/@internationalized/date/dist/private/manipulation.cjs: Deleted
2026/09/18 19:54:44 INFO  : X-PLAN/architecture/figures/node_modules/@mermaid-js/parser/dist/chunks/mermaid-parser.core/chunk-FOHPRMQF.mjs.map: Deleted
2026/09/18 19:54:44 INFO  : X-PLAN/architecture/figures/node_modules/color-convert/route.js: Deleted
2026/09/18 19:54:46 INFO  : X-PLAN/architecture/figures/node_modules/@internationalized/date/dist/private/createCalendar.js.map: Deleted
2026/09/18 19:54:46 INFO  : X-PLAN/architecture/figures/node_modules/basic-ftp/dist/netUtils.js: Deleted
2026/09/18 19:54:46 INFO  : X-PLAN/architecture/figures/node_modules/chromium-bidi/lib/cjs/bidiMapper/CommandProcessor.js.map: Deleted
2026/09/18 19:54:46 INFO  : X-PLAN/architecture/figures/node_modules/@swc/helpers/cjs/_define_enumerable_properties.cjs: Deleted
2026/09/18 19:54:47 INFO  : X-PLAN/architecture/figures/node_modules/antlr4/src/antlr4/state/BasicState.js: Deleted
2026/09/18 19:54:47 INFO  : X-PLAN/architecture/figures/node_modules/chromium-bidi/lib/cjs/bidiTab/BidiParser.js: Deleted
2026/09/18 19:54:48 INFO  : X-PLAN/architecture/figures/node_modules/bare-fs/prebuilds/darwin-arm64/bare-fs.bare: Deleted
2026/09/18 19:54:48 INFO  : X-PLAN/architecture/figures/node_modules/@swc/helpers/src/_is_native_function.mjs: Deleted
2026/09/18 19:54:49 INFO  : X-PLAN/architecture/figures/node_modules/@mermaid-js/parser/dist/chunks/mermaid-parser.core/wardley-WFR3VGLG.mjs: Deleted
2026/09/18 19:54:49 INFO  : X-PLAN/architecture/figures/node_modules/@types/d3-color/index.d.ts: Deleted
2026/09/18 19:54:49 INFO  : X-PLAN/architecture/figures/node_modules/chromium-bidi/lib/cjs/utils/log.js: Deleted
2026/09/18 19:54:49 INFO  : X-PLAN/architecture/figures/node_modules/@swc/helpers/cjs/_is_native_reflect_construct.cjs: Deleted
2026/09/18 19:54:50 INFO  : X-PLAN/architecture/figures/node_modules/color-convert/LICENSE: Deleted
2026/09/18 19:54:51 INFO  : X-PLAN/architecture/figures/node_modules/@mermaid-js/mermaid-cli/dist/assets/KaTeX_Script-Regular-D5yQViql.woff: Deleted
2026/09/18 19:54:51 INFO  : X-PLAN/architecture/figures/node_modules/@internationalized/date/dist/private/calendars/TaiwanCalendar.mjs: Deleted
2026/09/18 19:54:51 INFO  : X-PLAN/architecture/figures/node_modules/@swc/helpers/cjs/_ts_generator.cjs: Deleted
2026/09/18 19:54:52 INFO  : X-PLAN/architecture/figures/node_modules/@swc/helpers/esm/_interop_require_default.js: Deleted
2026/09/18 19:54:52 INFO  : X-PLAN/architecture/figures/node_modules/@tootallnate/quickjs-emscripten/dist/types.js: Deleted
2026/09/18 19:54:52 INFO  : X-PLAN/architecture/figures/node_modules/@mermaid-js/parser/dist/chunks/mermaid-parser.core/architecture-7GRP2DOG.mjs.map: Deleted
2026/09/18 19:54:52 INFO  : X-PLAN/architecture/figures/node_modules/@swc/helpers/src/_class_private_field_loose_key.mjs: Deleted
2026/09/18 19:54:53 INFO  : X-PLAN/architecture/figures/node_modules/antlr4/src/antlr4/context/RuleContext.js: Deleted
2026/09/18 19:54:53 INFO  : X-PLAN/architecture/figures/node_modules/@chevrotain/types/package.json: Deleted
2026/09/18 19:54:54 INFO  : X-PLAN/architecture/figures/node_modules/chromium-bidi/lib/cjs/bidiMapper/modules/context/BrowsingContextImpl.d.ts: Deleted
2026/09/18 19:54:54 INFO  : X-PLAN/architecture/figures/node_modules/@types/d3-transition/index.d.ts: Deleted
2026/09/18 19:54:55 INFO  : X-PLAN/architecture/figures/node_modules/@puppeteer/browsers/lib/esm/Cache.js: Deleted
2026/09/18 19:54:55 INFO  : X-PLAN/architecture/figures/node_modules/@swc/helpers/src/_is_native_reflect_construct.mjs: Deleted
2026/09/18 19:54:55 INFO  : X-PLAN/architecture/figures/node_modules/antlr4/src/antlr4/state/BasicBlockStartState.js: Deleted
2026/09/18 19:54:55 INFO  : X-PLAN/architecture/figures/node_modules/bare-path/prebuilds/android-ia32/bare-path.bare: Deleted
2026/09/18 19:54:56 INFO  : X-PLAN/architecture/figures/node_modules/@tootallnate/quickjs-emscripten/dist/context.js.map: Deleted
2026/09/18 19:54:56 INFO  : X-PLAN/architecture/figures/node_modules/@mermaid-js/mermaid-cli/dist/assets/KaTeX_SansSerif-Regular-BNo7hRIc.ttf: Deleted
2026/09/18 19:54:56 INFO  : X-PLAN/architecture/figures/node_modules/@swc/helpers/esm/_is_native_function.js: Deleted
2026/09/18 19:54:57 INFO  : X-PLAN/architecture/figures/node_modules/@mermaid-js/parser/dist/chunks/mermaid-parser.core/chunk-KI3K4JFJ.mjs: Deleted
2026/09/18 19:54:57 INFO  : X-PLAN/architecture/figures/node_modules/@puppeteer/browsers/lib/esm/browser-data/types.js: Deleted
2026/09/18 19:54:57 INFO  : X-PLAN/architecture/figures/node_modules/@mermaid-js/parser/dist/chunks/mermaid-parser.core/railroad-74A4TZTK.mjs: Deleted
2026/09/18 19:54:58 INFO  : X-PLAN/architecture/figures/node_modules/@types/d3-transition/LICENSE: Deleted
2026/09/18 19:54:58 INFO  : X-PLAN/architecture/figures/node_modules/@braintree/sanitize-url/.nvmrc: Deleted
2026/09/18 19:54:58 INFO  : X-PLAN/architecture/figures/node_modules/@internationalized/date/src/index.ts: Deleted
2026/09/18 19:54:58 INFO  : X-PLAN/architecture/figures/node_modules/@braintree/sanitize-url/src/index.ts: Deleted
2026/09/18 19:54:59 INFO  : X-PLAN/architecture/figures/node_modules/@mermaid-js/mermaid-cli/dist/assets/KaTeX_Main-BoldItalic-DxDJ3AOS.woff2: Deleted
2026/09/18 19:54:59 INFO  : X-PLAN/architecture/figures/node_modules/buffer/index.d.ts: Deleted
2026/09/18 19:55:00 INFO  : X-PLAN/architecture/figures/node_modules/color-string/package.json: Deleted
2026/09/18 19:55:00 INFO  : X-PLAN/architecture/figures/svg/SA-40.svg: Deleted
2026/09/18 19:55:00 INFO  : X-PLAN/architecture/figures/svg/SA-05.svg: Deleted
2026/09/18 19:55:01 INFO  : X-PLAN/architecture/figures/node_modules/@mermaid-js/parser/dist/chunks/mermaid-parser.esm/wardley-HJIMLUET.mjs: Deleted
2026/09/18 19:55:01 INFO  : X-PLAN/architecture/figures/node_modules/@mermaid-js/mermaid-cli/dist/assets/KaTeX_Math-BoldItalic-B3XSjfu4.ttf: Deleted
2026/09/18 19:55:01 INFO  : X-PLAN/architecture/figures/node_modules/chromium-bidi/lib/esm/utils/WebsocketTransport.js.map: Deleted
2026/09/18 19:55:02 INFO  : X-PLAN/architecture/figures/node_modules/@swc/helpers/esm/_overload_yield.js: Deleted
2026/09/18 19:55:03 INFO  : X-PLAN/architecture/figures/node_modules/@internationalized/date/dist/private/calendars/HebrewCalendar.js: Deleted
2026/09/18 19:55:03 INFO  : X-PLAN/architecture/figures/node_modules/@tanstack/virtual-core/LICENSE: Deleted
2026/09/18 19:55:03 INFO  : X-PLAN/architecture/figures/node_modules/@types/d3-path/package.json: Deleted
2026/09/18 19:55:04 INFO  : X-PLAN/architecture/figures/node_modules/chromium-bidi/lib/cjs/utils/ProcessingQueue.js: Deleted
2026/09/18 19:55:04 INFO  : X-PLAN/architecture/figures/node_modules/ast-types/def/core.js: Deleted
2026/09/18 19:55:05 INFO  : X-PLAN/architecture/figures/node_modules/@swc/helpers/cjs/_using.cjs: Deleted
2026/09/18 19:55:05 INFO  : X-PLAN/architecture/figures/node_modules/@puppeteer/browsers/lib/esm/detectPlatform.d.ts.map: Deleted
2026/09/18 19:55:06 INFO  : X-PLAN/architecture/figures/node_modules/@mermaid-js/parser/dist/chunks/mermaid-parser.esm/chunk-5LUZVGUV.mjs.map: Deleted
2026/09/18 19:55:06 INFO  : X-PLAN/architecture/figures/node_modules/@types/d3-geo/README.md: Deleted
2026/09/18 19:55:06 INFO  : X-PLAN/architecture/figures/node_modules/cliui/index.mjs: Deleted
2026/09/18 19:55:06 INFO  : X-PLAN/architecture/figures/node_modules/chromium-bidi/lib/esm/bidiServer/WebSocketServer.js: Deleted
2026/09/18 19:55:07 INFO  : X-PLAN/architecture/figures/node_modules/chromium-bidi/lib/cjs/bidiMapper/modules/input/ActionDispatcher.js: Deleted
2026/09/18 19:55:08 INFO  : X-PLAN/architecture/figures/node_modules/@react-types/shared/src/dnd.d.ts: Deleted
2026/09/18 19:55:08 INFO  : X-PLAN/architecture/figures/node_modules/@swc/helpers/esm/_decorate.js: Deleted
2026/09/18 19:55:08 INFO  : X-PLAN/architecture/figures/node_modules/@swc/helpers/esm/_write_only_error.js: Deleted
2026/09/18 19:55:09 INFO  : X-PLAN/architecture/figures/node_modules/chromium-bidi/lib/esm/cdp/cdpMessage.d.ts: Deleted
2026/09/18 19:55:09 INFO  : X-PLAN/architecture/figures/node_modules/@upsetjs/venn.js/package.json: Deleted
2026/09/18 19:55:09 INFO  : X-PLAN/architecture/figures/node_modules/@swc/helpers/_/_array_with_holes/package.json: Deleted
2026/09/18 19:55:09 INFO  : X-PLAN/architecture/figures/node_modules/@internationalized/date/dist/private/calendars/IndianCalendar.cjs: Deleted
2026/09/18 19:55:10 INFO  : X-PLAN/architecture/figures/node_modules/@types/d3-ease/index.d.ts: Deleted
2026/09/18 19:55:10 INFO  : X-PLAN/architecture/figures/node_modules/chromium-bidi/lib/cjs/bidiMapper/BidiNoOpParser.d.ts: Deleted
2026/09/18 19:55:10 INFO  : X-PLAN/architecture/figures/node_modules/chromium-bidi/lib/esm/bidiMapper/BidiServer.js.map: Deleted
2026/09/18 19:55:11 INFO  : X-PLAN/architecture/figures/node_modules/chromium-bidi/lib/cjs/protocol/chromium-bidi.js.map: Deleted
2026/09/18 19:55:11 INFO  : X-PLAN/architecture/figures/node_modules/@internationalized/date/dist/private/calendars/EthiopicCalendar.mjs: Deleted
2026/09/18 19:55:12 INFO  : X-PLAN/architecture/figures/node_modules/ast-types/def/es7.js: Deleted
2026/09/18 19:55:12 INFO  : X-PLAN/architecture/figures/node_modules/@swc/helpers/_/_async_generator/package.json: Deleted
2026/09/18 19:55:12 INFO  : X-PLAN/architecture/figures/node_modules/antlr4/src/antlr4/error/DiagnosticErrorListener.js: Deleted
2026/09/18 19:55:13 INFO  : X-PLAN/architecture/figures/node_modules/@puppeteer/browsers/lib/esm/Cache.js.map: Deleted
2026/09/18 19:55:13 INFO  : X-PLAN/architecture/figures/node_modules/@tootallnate/quickjs-emscripten/dist/esmHelpers.d.ts: Deleted
2026/09/18 19:55:13 INFO  : X-PLAN/architecture/figures/node_modules/cose-base/src/CoSEEdge.js: Deleted
2026/09/18 19:55:13 INFO  : X-PLAN/architecture/figures/node_modules/@puppeteer/browsers/src/browser-data/chrome-headless-shell.ts: Deleted
2026/09/18 19:55:14 INFO  : X-PLAN/architecture/figures/node_modules/chromium-bidi/lib/cjs/protocol/ErrorResponse.js: Deleted
2026/09/18 19:55:14 INFO  : X-PLAN/architecture/figures/node_modules/@swc/helpers/esm/_wrap_reg_exp.js: Deleted
2026/09/18 19:55:14 INFO  : X-PLAN/architecture/figures/node_modules/@internationalized/string/dist/index.cjs.map: Deleted
2026/09/18 19:55:14 INFO  : X-PLAN/architecture/figures/node_modules/@internationalized/date/dist/private/calendars/PersianCalendar.cjs: Deleted
2026/09/18 19:55:15 INFO  : X-PLAN/architecture/figures/node_modules/chromium-bidi/lib/cjs/bidiMapper/OutgoingMessage.js: Deleted
2026/09/18 19:55:15 INFO  : X-PLAN/architecture/figures/node_modules/chromium-bidi/lib/cjs/protocol-parser/generated/webdriver-bidi-bluetooth.js.map: Deleted
2026/09/18 19:55:15 INFO  : X-PLAN/architecture/figures/node_modules/@braintree/sanitize-url/.eslintrc: Deleted
2026/09/18 19:55:16 INFO  : X-PLAN/architecture/figures/node_modules/@types/d3-delaunay/index.d.ts: Deleted
2026/09/18 19:55:16 INFO  : X-PLAN/architecture/figures/node_modules/cose-base/README.md: Deleted
2026/09/18 19:55:17 INFO  : X-PLAN/architecture/figures/node_modules/@mermaid-js/parser/dist/chunks/mermaid-parser.core/railroad-74A4TZTK.mjs.map: Deleted
2026/09/18 19:55:17 INFO  : X-PLAN/architecture/figures/node_modules/@tootallnate/quickjs-emscripten/dist/lifetime.d.ts: Deleted
2026/09/18 19:55:17 INFO  : X-PLAN/architecture/figures/node_modules/@swc/helpers/src/_await_async_generator.mjs: Deleted
2026/09/18 19:55:17 INFO  : X-PLAN/architecture/figures/node_modules/@swc/helpers/src/_class_static_private_field_update.mjs: Deleted
2026/09/18 19:55:18 INFO  : X-PLAN/architecture/figures/node_modules/antlr4/src/antlr4/context/PredictionContextUtils.js: Deleted
2026/09/18 19:55:18 INFO  : X-PLAN/architecture/figures/node_modules/antlr4/src/antlr4/Recognizer.js: Deleted
2026/09/18 19:55:18 INFO  : X-PLAN/architecture/figures/node_modules/@tanstack/virtual-core/dist/cjs/index.cjs.map: Deleted
2026/09/18 19:55:18 INFO  : X-PLAN/architecture/figures/svg: Removing directory
2026/09/18 19:55:20 INFO  : X-PLAN/architecture/figures/node_modules/cytoscape/.github: Removing directory
2026/09/18 19:55:22 INFO  : X-PLAN/architecture/figures/node_modules/cytoscape-cose-bilkent: Removing directory
2026/09/18 19:55:24 INFO  : X-PLAN/architecture/figures/node_modules/cytoscape: Removing directory
2026/09/18 19:55:26 INFO  : X-PLAN/architecture/figures/node_modules/cosmiconfig/dist: Removing directory
2026/09/18 19:55:28 INFO  : X-PLAN/architecture/figures/node_modules/cosmiconfig: Removing directory
2026/09/18 19:55:30 INFO  : X-PLAN/architecture/figures/node_modules/cose-base/src: Removing directory
2026/09/18 19:55:32 INFO  : X-PLAN/architecture/figures/node_modules/cose-base: Removing directory
2026/09/18 19:55:34 INFO  : X-PLAN/architecture/figures/node_modules/commander/typings: Removing directory
2026/09/18 19:55:36 INFO  : X-PLAN/architecture/figures/node_modules/commander/lib: Removing directory
2026/09/18 19:55:39 INFO  : X-PLAN/architecture/figures/node_modules/commander: Removing directory
2026/09/18 19:55:41 INFO  : X-PLAN/architecture/figures/node_modules/color-string: Removing directory
2026/09/18 19:55:44 INFO  : X-PLAN/architecture/figures/node_modules/color-name: Removing directory
2026/09/18 19:55:46 INFO  : X-PLAN/architecture/figures/node_modules/color-convert/node_modules/color-name: Removing directory
2026/09/18 19:55:48 INFO  : X-PLAN/architecture/figures/node_modules/color-convert/node_modules: Removing directory
2026/09/18 19:55:50 INFO  : X-PLAN/architecture/figures/node_modules/color-convert: Removing directory
2026/09/18 19:55:52 INFO  : X-PLAN/architecture/figures/node_modules/clsx/dist: Removing directory
2026/09/18 19:55:53 INFO  : X-PLAN/architecture/figures/node_modules/clsx: Removing directory
2026/09/18 19:55:55 INFO  : X-PLAN/architecture/figures/node_modules/cliui/build/lib: Removing directory
2026/09/18 19:55:57 INFO  : X-PLAN/architecture/figures/node_modules/cliui/build: Removing directory
2026/09/18 19:55:59 INFO  : X-PLAN/architecture/figures/node_modules/cliui: Removing directory
2026/09/18 19:56:01 INFO  : X-PLAN/architecture/figures/node_modules/class-variance-authority/dist: Removing directory
2026/09/18 19:56:03 INFO  : X-PLAN/architecture/figures/node_modules/class-variance-authority: Removing directory
2026/09/18 19:56:06 INFO  : X-PLAN/architecture/figures/node_modules/chromium-bidi/lib/iife: Removing directory
2026/09/18 19:56:08 INFO  : X-PLAN/architecture/figures/node_modules/chromium-bidi/lib/esm/utils: Removing directory
2026/09/18 19:56:10 INFO  : X-PLAN/architecture/figures/node_modules/chromium-bidi/lib/esm/protocol/generated: Removing directory
2026/09/18 19:56:13 INFO  : X-PLAN/architecture/figures/node_modules/chromium-bidi/lib/esm/protocol-parser: Removing directory
2026/09/18 19:56:15 INFO  : X-PLAN/architecture/figures/node_modules/chromium-bidi/lib/esm/protocol: Removing directory
2026/09/18 19:56:16 INFO  : X-PLAN/architecture/figures/node_modules/chromium-bidi/lib/esm/cdp: Removing directory
2026/09/18 19:56:18 INFO  : X-PLAN/architecture/figures/node_modules/chromium-bidi/lib/esm/bidiTab: Removing directory
2026/09/18 19:56:21 INFO  : X-PLAN/architecture/figures/node_modules/chromium-bidi/lib/esm/bidiServer: Removing directory
2026/09/18 19:56:37 INFO  : X-PLAN/architecture/figures/node_modules/chromium-bidi/lib/esm/bidiMapper/modules/cdp: Removing directory
2026/09/18 19:56:39 INFO  : X-PLAN/architecture/figures/node_modules/chromium-bidi/lib/esm/bidiMapper/modules/browser: Removing directory
2026/09/18 19:56:48 INFO  : X-PLAN/architecture/figures/node_modules/chromium-bidi/lib/esm/bidiMapper/modules/bluetooth: Removing directory
2026/09/18 19:56:50 INFO  : X-PLAN/architecture/figures/node_modules/chromium-bidi/lib/esm/bidiMapper/modules: Removing directory
2026/09/18 19:56:52 INFO  : X-PLAN/architecture/figures/node_modules/chromium-bidi/lib/esm/bidiMapper: Removing directory
2026/09/18 19:56:54 INFO  : X-PLAN/architecture/figures/node_modules/chromium-bidi/lib/esm: Removing directory
2026/09/18 19:56:56 INFO  : X-PLAN/architecture/figures/node_modules/chromium-bidi/lib/cjs/utils: Removing directory
2026/09/18 19:56:58 INFO  : X-PLAN/architecture/figures/node_modules/chromium-bidi/lib/cjs/protocol/generated: Removing directory
2026/09/18 19:57:00 INFO  : X-PLAN/architecture/figures/node_modules/chromium-bidi/lib/cjs/protocol-parser/generated: Removing directory
2026/09/18 19:57:02 INFO  : X-PLAN/architecture/figures/node_modules/chromium-bidi/lib/cjs/protocol-parser: Removing directory
2026/09/18 19:57:04 INFO  : X-PLAN/architecture/figures/node_modules/chromium-bidi/lib/cjs/protocol: Removing directory
2026/09/18 19:57:06 INFO  : X-PLAN/architecture/figures/node_modules/chromium-bidi/lib/cjs/cdp: Removing directory
2026/09/18 19:57:08 INFO  : X-PLAN/architecture/figures/node_modules/chromium-bidi/lib/cjs/bidiTab: Removing directory
2026/09/18 19:57:10 INFO  : X-PLAN/architecture/figures/node_modules/chromium-bidi/lib/cjs/bidiMapper/modules/input: Removing directory
2026/09/18 19:57:12 INFO  : X-PLAN/architecture/figures/node_modules/chromium-bidi/lib/cjs/bidiMapper/modules/context: Removing directory
2026/09/18 19:57:14 INFO  : X-PLAN/architecture/figures/node_modules/chromium-bidi/lib/cjs/bidiMapper/modules/cdp: Removing directory
2026/09/18 19:57:15 INFO  : X-PLAN/architecture/figures/node_modules/chromium-bidi/lib/cjs/bidiMapper/modules/browser: Removing directory
2026/09/18 19:57:17 INFO  : X-PLAN/architecture/figures/node_modules/chromium-bidi/lib/cjs/bidiMapper/modules/bluetooth: Removing directory
2026/09/18 19:57:19 INFO  : X-PLAN/architecture/figures/node_modules/chromium-bidi/lib/cjs/bidiMapper/modules: Removing directory
2026/09/18 19:57:21 INFO  : X-PLAN/architecture/figures/node_modules/chromium-bidi/lib/cjs/bidiMapper: Removing directory
2026/09/18 19:57:23 INFO  : X-PLAN/architecture/figures/node_modules/chromium-bidi/lib/cjs: Removing directory
2026/09/18 19:57:25 INFO  : X-PLAN/architecture/figures/node_modules/chromium-bidi/lib: Removing directory
2026/09/18 19:57:26 INFO  : X-PLAN/architecture/figures/node_modules/chromium-bidi: Removing directory
2026/09/18 19:57:28 INFO  : X-PLAN/architecture/figures/node_modules/chalk/source/vendor/supports-color: Removing directory
2026/09/18 19:57:31 INFO  : X-PLAN/architecture/figures/node_modules/chalk/source/vendor/ansi-styles: Removing directory
2026/09/18 19:57:33 INFO  : X-PLAN/architecture/figures/node_modules/chalk/source/vendor: Removing directory
2026/09/18 19:57:35 INFO  : X-PLAN/architecture/figures/node_modules/chalk/source: Removing directory
2026/09/18 19:57:36 INFO  : X-PLAN/architecture/figures/node_modules/chalk: Removing directory
2026/09/18 19:57:38 INFO  : X-PLAN/architecture/figures/node_modules/callsites: Removing directory
2026/09/18 19:57:40 INFO  : X-PLAN/architecture/figures/node_modules/buffer-crc32: Removing directory
2026/09/18 19:57:42 INFO  : X-PLAN/architecture/figures/node_modules/buffer: Removing directory
2026/09/18 19:57:44 INFO  : X-PLAN/architecture/figures/node_modules/basic-ftp/dist: Removing directory
2026/09/18 19:57:46 INFO  : X-PLAN/architecture/figures/node_modules/basic-ftp: Removing directory
2026/09/18 19:57:47 INFO  : X-PLAN/architecture/figures/node_modules/base64-js: Removing directory
2026/09/18 19:57:49 INFO  : X-PLAN/architecture/figures/node_modules/bare-url/prebuilds/win32-x64: Removing directory
2026/09/18 19:57:51 INFO  : X-PLAN/architecture/figures/node_modules/bare-url/prebuilds/win32-arm64: Removing directory
2026/09/18 19:57:53 INFO  : X-PLAN/architecture/figures/node_modules/bare-url/prebuilds/linux-x64: Removing directory
2026/09/18 19:57:55 INFO  : X-PLAN/architecture/figures/node_modules/bare-url/prebuilds/linux-arm64: Removing directory
2026/09/18 19:57:56 INFO  : X-PLAN/architecture/figures/node_modules/bare-url/prebuilds/ios-x64-simulator: Removing directory
2026/09/18 19:57:58 INFO  : X-PLAN/architecture/figures/node_modules/bare-url/prebuilds/ios-arm64-simulator: Removing directory
2026/09/18 19:58:00 INFO  : X-PLAN/architecture/figures/node_modules/bare-url/prebuilds/ios-arm64: Removing directory
2026/09/18 19:58:02 INFO  : X-PLAN/architecture/figures/node_modules/bare-url/prebuilds/darwin-x64: Removing directory
2026/09/18 19:58:04 INFO  : X-PLAN/architecture/figures/node_modules/bare-url/prebuilds/darwin-arm64: Removing directory
2026/09/18 19:58:06 INFO  : X-PLAN/architecture/figures/node_modules/bare-url/prebuilds/android-x64: Removing directory
2026/09/18 19:58:08 INFO  : X-PLAN/architecture/figures/node_modules/bare-url/prebuilds/android-ia32: Removing directory
2026/09/18 19:58:10 INFO  : X-PLAN/architecture/figures/node_modules/bare-url/prebuilds/android-arm64: Removing directory
2026/09/18 19:58:12 INFO  : X-PLAN/architecture/figures/node_modules/bare-url/prebuilds/android-arm: Removing directory
2026/09/18 19:58:14 INFO  : X-PLAN/architecture/figures/node_modules/bare-url/prebuilds: Removing directory
2026/09/18 19:58:16 INFO  : X-PLAN/architecture/figures/node_modules/bare-url/lib: Removing directory
2026/09/18 19:58:18 INFO  : X-PLAN/architecture/figures/node_modules/bare-url: Removing directory
2026/09/18 19:58:20 INFO  : X-PLAN/architecture/figures/node_modules/bare-stream: Removing directory
2026/09/18 19:58:22 INFO  : X-PLAN/architecture/figures/node_modules/bare-path/prebuilds/win32-x64: Removing directory
2026/09/18 19:58:24 INFO  : X-PLAN/architecture/figures/node_modules/bare-path/prebuilds/win32-arm64: Removing directory
2026/09/18 19:58:26 INFO  : X-PLAN/architecture/figures/node_modules/bare-path/prebuilds/linux-x64: Removing directory
2026/09/18 19:58:28 INFO  : X-PLAN/architecture/figures/node_modules/bare-path/prebuilds/linux-arm64: Removing directory
2026/09/18 19:58:29 INFO  : X-PLAN/architecture/figures/node_modules/bare-path/prebuilds/ios-x64-simulator: Removing directory
2026/09/18 19:58:31 INFO  : X-PLAN/architecture/figures/node_modules/bare-path/prebuilds/ios-arm64-simulator: Removing directory
2026/09/18 19:58:33 INFO  : X-PLAN/architecture/figures/node_modules/bare-path/prebuilds/ios-arm64: Removing directory
2026/09/18 19:58:35 INFO  : X-PLAN/architecture/figures/node_modules/bare-path/prebuilds/darwin-x64: Removing directory
2026/09/18 19:58:37 INFO  : X-PLAN/architecture/figures/node_modules/bare-path/prebuilds/darwin-arm64: Removing directory
2026/09/18 19:58:39 INFO  : X-PLAN/architecture/figures/node_modules/bare-path/prebuilds/android-x64: Removing directory
2026/09/18 19:58:41 INFO  : X-PLAN/architecture/figures/node_modules/bare-path/prebuilds/android-ia32: Removing directory
2026/09/18 19:58:44 INFO  : X-PLAN/architecture/figures/node_modules/bare-path/prebuilds/android-arm64: Removing directory
2026/09/18 19:58:46 INFO  : X-PLAN/architecture/figures/node_modules/bare-path/prebuilds/android-arm: Removing directory
2026/09/18 19:58:47 INFO  : X-PLAN/architecture/figures/node_modules/bare-path/prebuilds: Removing directory
2026/09/18 19:58:49 INFO  : X-PLAN/architecture/figures/node_modules/bare-path/lib: Removing directory
2026/09/18 19:58:51 INFO  : X-PLAN/architecture/figures/node_modules/bare-path: Removing directory
2026/09/18 19:58:53 INFO  : X-PLAN/architecture/figures/node_modules/bare-fs/prebuilds/win32-x64: Removing directory
2026/09/18 19:58:57 INFO  : X-PLAN/architecture/figures/node_modules/bare-fs/prebuilds/win32-arm64: Removing directory
2026/09/18 19:59:01 INFO  : X-PLAN/architecture/figures/node_modules/bare-fs/prebuilds/linux-x64: Removing directory
2026/09/18 19:59:03 INFO  : X-PLAN/architecture/figures/node_modules/bare-fs/prebuilds/linux-arm64: Removing directory
2026/09/18 19:59:05 INFO  : X-PLAN/architecture/figures/node_modules/bare-fs/prebuilds/ios-x64-simulator: Removing directory
2026/09/18 19:59:07 INFO  : X-PLAN/architecture/figures/node_modules/bare-fs/prebuilds/ios-arm64-simulator: Removing directory
2026/09/18 19:59:09 INFO  : X-PLAN/architecture/figures/node_modules/bare-fs/prebuilds/ios-arm64: Removing directory
2026/09/18 19:59:11 INFO  : X-PLAN/architecture/figures/node_modules/bare-fs/prebuilds/darwin-x64: Removing directory
2026/09/18 19:59:13 INFO  : X-PLAN/architecture/figures/node_modules/bare-fs/prebuilds/darwin-arm64: Removing directory
2026/09/18 19:59:15 INFO  : X-PLAN/architecture/figures/node_modules/bare-fs/prebuilds/android-x64: Removing directory
2026/09/18 19:59:18 INFO  : X-PLAN/architecture/figures/node_modules/bare-fs/prebuilds/android-ia32: Removing directory
2026/09/18 19:59:20 INFO  : X-PLAN/architecture/figures/node_modules/bare-fs/prebuilds/android-arm64: Removing directory
2026/09/18 19:59:22 INFO  : X-PLAN/architecture/figures/node_modules/bare-fs/prebuilds/android-arm: Removing directory
2026/09/18 19:59:24 INFO  : X-PLAN/architecture/figures/node_modules/bare-fs/prebuilds: Removing directory
2026/09/18 19:59:27 INFO  : X-PLAN/architecture/figures/node_modules/bare-fs/lib: Removing directory
2026/09/18 19:59:29 INFO  : X-PLAN/architecture/figures/node_modules/bare-fs: Removing directory
2026/09/18 19:59:32 INFO  : X-PLAN/architecture/figures/node_modules/bare-events/lib: Removing directory
2026/09/18 19:59:34 INFO  : X-PLAN/architecture/figures/node_modules/bare-events: Removing directory
2026/09/18 19:59:36 INFO  : X-PLAN/architecture/figures/node_modules/b4a/lib: Removing directory
2026/09/18 19:59:38 INFO  : X-PLAN/architecture/figures/node_modules/b4a: Removing directory
2026/09/18 19:59:41 INFO  : X-PLAN/architecture/figures/node_modules/ast-types/lib: Removing directory
2026/09/18 19:59:43 INFO  : X-PLAN/architecture/figures/node_modules/ast-types/gen: Removing directory
2026/09/18 19:59:44 INFO  : X-PLAN/architecture/figures/node_modules/ast-types/def: Removing directory
2026/09/18 19:59:46 INFO  : X-PLAN/architecture/figures/node_modules/ast-types/.github/workflows: Removing directory
2026/09/18 19:59:49 INFO  : X-PLAN/architecture/figures/node_modules/ast-types/.github: Removing directory
2026/09/18 19:59:50 INFO  : X-PLAN/architecture/figures/node_modules/ast-types: Removing directory
2026/09/18 19:59:53 INFO  : X-PLAN/architecture/figures/node_modules/aria-hidden/dist/es5: Removing directory
2026/09/18 19:59:54 INFO  : X-PLAN/architecture/figures/node_modules/aria-hidden/dist/es2019: Removing directory
2026/09/18 19:59:56 INFO  : X-PLAN/architecture/figures/node_modules/aria-hidden/dist/es2015: Removing directory
2026/09/18 19:59:58 INFO  : X-PLAN/architecture/figures/node_modules/aria-hidden/dist: Removing directory
2026/09/18 20:00:01 INFO  : X-PLAN/architecture/figures/node_modules/aria-hidden: Removing directory
2026/09/18 20:00:03 INFO  : X-PLAN/architecture/figures/node_modules/argparse/lib: Removing directory
2026/09/18 20:00:05 INFO  : X-PLAN/architecture/figures/node_modules/argparse: Removing directory
2026/09/18 20:00:07 INFO  : X-PLAN/architecture/figures/node_modules/antlr4/src/antlr4/utils: Removing directory
2026/09/18 20:00:09 INFO  : X-PLAN/architecture/figures/node_modules/antlr4/src/antlr4/tree: Removing directory
2026/09/18 20:00:11 INFO  : X-PLAN/architecture/figures/node_modules/antlr4/src/antlr4/transition: Removing directory
2026/09/18 20:00:13 INFO  : X-PLAN/architecture/figures/node_modules/antlr4/src/antlr4/state: Removing directory
2026/09/18 20:00:15 INFO  : X-PLAN/architecture/figures/node_modules/antlr4/src/antlr4/polyfills: Removing directory
2026/09/18 20:00:17 INFO  : X-PLAN/architecture/figures/node_modules/antlr4/src/antlr4/misc: Removing directory
2026/09/18 20:00:19 INFO  : X-PLAN/architecture/figures/node_modules/antlr4/src/antlr4/error: Removing directory
2026/09/18 20:00:21 INFO  : X-PLAN/architecture/figures/node_modules/antlr4/src/antlr4/dfa: Removing directory
2026/09/18 20:00:23 INFO  : X-PLAN/architecture/figures/node_modules/antlr4/src/antlr4/context: Removing directory
2026/09/18 20:00:25 INFO  : X-PLAN/architecture/figures/node_modules/antlr4/src/antlr4/atn: Removing directory
2026/09/18 20:00:27 INFO  : X-PLAN/architecture/figures/node_modules/antlr4/src/antlr4/action: Removing directory
2026/09/18 20:00:29 INFO  : X-PLAN/architecture/figures/node_modules/antlr4/src/antlr4: Removing directory
2026/09/18 20:00:31 INFO  : X-PLAN/architecture/figures/node_modules/antlr4/src: Removing directory
2026/09/18 20:00:33 INFO  : X-PLAN/architecture/figures/node_modules/antlr4/spec/support: Removing directory
2026/09/18 20:00:35 INFO  : X-PLAN/architecture/figures/node_modules/antlr4/spec/helpers: Removing directory
2026/09/18 20:00:37 INFO  : X-PLAN/architecture/figures/node_modules/antlr4/spec: Removing directory
2026/09/18 20:00:39 INFO  : X-PLAN/architecture/figures/node_modules/antlr4: Removing directory
2026/09/18 20:00:41 INFO  : X-PLAN/architecture/figures/node_modules/ansi-styles: Removing directory
2026/09/18 20:00:43 INFO  : X-PLAN/architecture/figures/node_modules/ansi-regex: Removing directory
2026/09/18 20:00:44 INFO  : X-PLAN/architecture/figures/node_modules/agent-base/dist: Removing directory
2026/09/18 20:00:46 INFO  : X-PLAN/architecture/figures/node_modules/agent-base: Removing directory
2026/09/18 20:00:48 INFO  : X-PLAN/architecture/figures/node_modules/@zenuml/core/types: Removing directory
2026/09/18 20:00:50 INFO  : X-PLAN/architecture/figures/node_modules/@zenuml/core/dist/vendor/tailwindcss: Removing directory
2026/09/18 20:00:52 INFO  : X-PLAN/architecture/figures/node_modules/@zenuml/core/dist/vendor/highlightjs: Removing directory
2026/09/18 20:00:54 INFO  : X-PLAN/architecture/figures/node_modules/@zenuml/core/dist/vendor/codemirror: Removing directory
2026/09/18 20:00:58 INFO  : X-PLAN/architecture/figures/node_modules/@zenuml/core/dist/vendor: Removing directory
2026/09/18 20:01:00 INFO  : X-PLAN/architecture/figures/node_modules/@zenuml/core/dist/lsp: Removing directory
2026/09/18 20:01:02 INFO  : X-PLAN/architecture/figures/node_modules/@zenuml/core/dist/fonts: Removing directory
2026/09/18 20:01:04 INFO  : X-PLAN/architecture/figures/node_modules/@zenuml/core/dist/cli: Removing directory
2026/09/18 20:01:06 INFO  : X-PLAN/architecture/figures/node_modules/@zenuml/core/dist: Removing directory
2026/09/18 20:01:11 INFO  : X-PLAN/architecture/figures/node_modules/@zenuml/core: Removing directory
2026/09/18 20:01:14 INFO  : X-PLAN/architecture/figures/node_modules/@zenuml: Removing directory
2026/09/18 20:01:15 INFO  : X-PLAN/architecture/figures/node_modules/@upsetjs/venn.js/src: Removing directory
2026/09/18 20:01:17 INFO  : X-PLAN/architecture/figures/node_modules/@upsetjs/venn.js/build: Removing directory
2026/09/18 20:01:19 INFO  : X-PLAN/architecture/figures/node_modules/@upsetjs/venn.js: Removing directory
2026/09/18 20:01:21 INFO  : X-PLAN/architecture/figures/node_modules/@upsetjs: Removing directory
2026/09/18 20:01:23 INFO  : X-PLAN/architecture/figures/node_modules/@types/geojson: Removing directory
2026/09/18 20:01:25 INFO  : X-PLAN/architecture/figures/node_modules/@types/d3-zoom: Removing directory
2026/09/18 20:01:27 INFO  : X-PLAN/architecture/figures/node_modules/@types/d3-transition: Removing directory
2026/09/18 20:01:28 INFO  : X-PLAN/architecture/figures/node_modules/@types/d3-timer: Removing directory
2026/09/18 20:01:30 INFO  : X-PLAN/architecture/figures/node_modules/@types/d3-time-format: Removing directory
2026/09/18 20:01:32 INFO  : X-PLAN/architecture/figures/node_modules/@types/d3-time: Removing directory
2026/09/18 20:01:34 INFO  : X-PLAN/architecture/figures/node_modules/@types/d3-shape: Removing directory
2026/09/18 20:01:42 INFO  : X-PLAN/architecture/figures/node_modules/@types/d3-selection: Removing directory
2026/09/18 20:01:44 INFO  : X-PLAN/architecture/figures/node_modules/@types/d3-scale-chromatic: Removing directory
2026/09/18 20:01:46 INFO  : X-PLAN/architecture/figures/node_modules/@types/d3-scale: Removing directory
2026/09/18 20:01:48 INFO  : X-PLAN/architecture/figures/node_modules/@types/d3-random: Removing directory
2026/09/18 20:01:50 INFO  : X-PLAN/architecture/figures/node_modules/@types/d3-quadtree: Removing directory
2026/09/18 20:01:52 INFO  : X-PLAN/architecture/figures/node_modules/@types/d3-polygon: Removing directory
2026/09/18 20:01:54 INFO  : X-PLAN/architecture/figures/node_modules/@types/d3-path: Removing directory
2026/09/18 20:01:55 INFO  : X-PLAN/architecture/figures/node_modules/@types/d3-interpolate: Removing directory
2026/09/18 20:01:57 INFO  : X-PLAN/architecture/figures/node_modules/@types/d3-hierarchy: Removing directory
2026/09/18 20:01:59 INFO  : X-PLAN/architecture/figures/node_modules/@types/d3-geo: Removing directory
2026/09/18 20:02:01 INFO  : X-PLAN/architecture/figures/node_modules/@types/d3-format: Removing directory
2026/09/18 20:02:03 INFO  : X-PLAN/architecture/figures/node_modules/@types/d3-force: Removing directory
2026/09/18 20:02:05 INFO  : X-PLAN/architecture/figures/node_modules/@types/d3-fetch: Removing directory
2026/09/18 20:02:07 INFO  : X-PLAN/architecture/figures/node_modules/@types/d3-ease: Removing directory
2026/09/18 20:02:09 INFO  : X-PLAN/architecture/figures/node_modules/@types/d3-dsv: Removing directory
2026/09/18 20:02:11 INFO  : X-PLAN/architecture/figures/node_modules/@types/d3-drag: Removing directory
2026/09/18 20:02:12 INFO  : X-PLAN/architecture/figures/node_modules/@types/d3-dispatch: Removing directory
2026/09/18 20:02:14 INFO  : X-PLAN/architecture/figures/node_modules/@types/d3-delaunay: Removing directory
2026/09/18 20:02:16 INFO  : X-PLAN/architecture/figures/node_modules/@types/d3-contour: Removing directory
2026/09/18 20:02:19 INFO  : X-PLAN/architecture/figures/node_modules/@types/d3-color: Removing directory
2026/09/18 20:02:21 INFO  : X-PLAN/architecture/figures/node_modules/@types/d3-chord: Removing directory
2026/09/18 20:02:22 INFO  : X-PLAN/architecture/figures/node_modules/@types/d3-brush: Removing directory
2026/09/18 20:02:24 INFO  : X-PLAN/architecture/figures/node_modules/@types/d3-axis: Removing directory
2026/09/18 20:02:26 INFO  : X-PLAN/architecture/figures/node_modules/@types/d3-array: Removing directory
2026/09/18 20:02:28 INFO  : X-PLAN/architecture/figures/node_modules/@types/d3: Removing directory
2026/09/18 20:02:30 INFO  : X-PLAN/architecture/figures/node_modules/@types: Removing directory
2026/09/18 20:02:32 INFO  : X-PLAN/architecture/figures/node_modules/@tootallnate/quickjs-emscripten/dist/generated: Removing directory
2026/09/18 20:02:33 INFO  : X-PLAN/architecture/figures/node_modules/@tootallnate/quickjs-emscripten/dist: Removing directory
2026/09/18 20:02:35 INFO  : X-PLAN/architecture/figures/node_modules/@tootallnate/quickjs-emscripten/c: Removing directory
2026/09/18 20:02:37 INFO  : X-PLAN/architecture/figures/node_modules/@tootallnate/quickjs-emscripten: Removing directory
2026/09/18 20:02:39 INFO  : X-PLAN/architecture/figures/node_modules/@tootallnate: Removing directory
2026/09/18 20:02:41 INFO  : X-PLAN/architecture/figures/node_modules/@tanstack/virtual-core/src: Removing directory
2026/09/18 20:02:43 INFO  : X-PLAN/architecture/figures/node_modules/@tanstack/virtual-core/dist/esm: Removing directory
2026/09/18 20:02:45 INFO  : X-PLAN/architecture/figures/node_modules/@tanstack/virtual-core/dist/cjs: Removing directory
2026/09/18 20:02:47 INFO  : X-PLAN/architecture/figures/node_modules/@tanstack/virtual-core/dist: Removing directory
2026/09/18 20:02:49 INFO  : X-PLAN/architecture/figures/node_modules/@tanstack/virtual-core: Removing directory
2026/09/18 20:02:51 INFO  : X-PLAN/architecture/figures/node_modules/@tanstack/react-virtual/src: Removing directory
2026/09/18 20:02:53 INFO  : X-PLAN/architecture/figures/node_modules/@tanstack/react-virtual/dist/esm: Removing directory
2026/09/18 20:02:55 INFO  : X-PLAN/architecture/figures/node_modules/@tanstack/react-virtual/dist/cjs: Removing directory
2026/09/18 20:02:57 INFO  : X-PLAN/architecture/figures/node_modules/@tanstack/react-virtual/dist: Removing directory
2026/09/18 20:02:59 INFO  : X-PLAN/architecture/figures/node_modules/@tanstack/react-virtual: Removing directory
2026/09/18 20:03:01 INFO  : X-PLAN/architecture/figures/node_modules/@tanstack: Removing directory
2026/09/18 20:03:03 INFO  : X-PLAN/architecture/figures/node_modules/@swc/helpers/src: Removing directory
2026/09/18 20:03:05 INFO  : X-PLAN/architecture/figures/node_modules/@swc/helpers/scripts: Removing directory
2026/09/18 20:03:07 INFO  : X-PLAN/architecture/figures/node_modules/@swc/helpers/esm: Removing directory
2026/09/18 20:03:08 INFO  : X-PLAN/architecture/figures/node_modules/@swc/helpers/cjs: Removing directory
2026/09/18 20:03:10 INFO  : X-PLAN/architecture/figures/node_modules/@swc/helpers/_/_class_private_field_set: Removing directory
2026/09/18 20:03:12 INFO  : X-PLAN/architecture/figures/node_modules/@swc/helpers/_/_class_private_field_loose_key: Removing directory
2026/09/18 20:03:14 INFO  : X-PLAN/architecture/figures/node_modules/@swc/helpers/_/_class_private_field_loose_base: Removing directory
2026/09/18 20:03:16 INFO  : X-PLAN/architecture/figures/node_modules/@swc/helpers/_/_class_private_field_init: Removing directory
2026/09/18 20:03:18 INFO  : X-PLAN/architecture/figures/node_modules/@swc/helpers/_/_class_private_field_get: Removing directory
2026/09/18 20:03:20 INFO  : X-PLAN/architecture/figures/node_modules/@swc/helpers/_/_class_private_field_destructure: Removing directory
2026/09/18 20:03:22 INFO  : X-PLAN/architecture/figures/node_modules/@swc/helpers/_/_class_name_tdz_error: Removing directory
2026/09/18 20:03:24 INFO  : X-PLAN/architecture/figures/node_modules/@swc/helpers/_/_class_extract_field_descriptor: Removing directory
2026/09/18 20:03:26 INFO  : X-PLAN/architecture/figures/node_modules/@swc/helpers/_/_class_check_private_static_field_descriptor: Removing directory
2026/09/18 20:03:28 INFO  : X-PLAN/architecture/figures/node_modules/@swc/helpers/_/_class_check_private_static_access: Removing directory
2026/09/18 20:03:30 INFO  : X-PLAN/architecture/figures/node_modules/@swc/helpers/_/_class_call_check: Removing directory
2026/09/18 20:03:33 INFO  : X-PLAN/architecture/figures/node_modules/@swc/helpers/_/_class_apply_descriptor_update: Removing directory
2026/09/18 20:03:35 INFO  : X-PLAN/architecture/figures/node_modules/@swc/helpers/_/_class_apply_descriptor_set: Removing directory
2026/09/18 20:03:37 INFO  : X-PLAN/architecture/figures/node_modules/@swc/helpers/_/_class_apply_descriptor_get: Removing directory
2026/09/18 20:03:38 INFO  : X-PLAN/architecture/figures/node_modules/@swc/helpers/_/_class_apply_descriptor_destructure: Removing directory
2026/09/18 20:03:40 INFO  : X-PLAN/architecture/figures/node_modules/@swc/helpers/_/_check_private_redeclaration: Removing directory
2026/09/18 20:03:42 INFO  : X-PLAN/architecture/figures/node_modules/@swc/helpers/_/_call_super: Removing directory
2026/09/18 20:03:44 INFO  : X-PLAN/architecture/figures/node_modules/@swc/helpers/_/_await_value: Removing directory
2026/09/18 20:03:46 INFO  : X-PLAN/architecture/figures/node_modules/@swc/helpers/_/_await_async_generator: Removing directory
2026/09/18 20:03:48 INFO  : X-PLAN/architecture/figures/node_modules/@swc/helpers/_/_async_to_generator: Removing directory
2026/09/18 20:03:50 INFO  : X-PLAN/architecture/figures/node_modules/@swc/helpers/_/_async_iterator: Removing directory
2026/09/18 20:03:52 INFO  : X-PLAN/architecture/figures/node_modules/@swc/helpers/_/_async_generator_delegate: Removing directory
2026/09/18 20:03:54 INFO  : X-PLAN/architecture/figures/node_modules/@swc/helpers/_/_async_generator: Removing directory
2026/09/18 20:03:56 INFO  : X-PLAN/architecture/figures/node_modules/@swc/helpers/_/_assert_this_initialized: Removing directory
2026/09/18 20:03:58 INFO  : X-PLAN/architecture/figures/node_modules/@swc/helpers/_/_array_without_holes: Removing directory
2026/09/18 20:04:00 INFO  : X-PLAN/architecture/figures/node_modules/@swc/helpers/_/_array_with_holes: Removing directory
2026/09/18 20:04:01 INFO  : X-PLAN/architecture/figures/node_modules/@swc/helpers/_/_array_like_to_array: Removing directory
2026/09/18 20:04:04 INFO  : X-PLAN/architecture/figures/node_modules/@swc/helpers/_/_apply_decs_2311: Removing directory
2026/09/18 20:04:05 INFO  : X-PLAN/architecture/figures/node_modules/@swc/helpers/_/_apply_decs_2203_r: Removing directory
2026/09/18 20:04:07 INFO  : X-PLAN/architecture/figures/node_modules/@swc/helpers/_/_apply_decorated_descriptor: Removing directory
2026/09/18 20:04:09 INFO  : X-PLAN/architecture/figures/node_modules/@swc/helpers/_: Removing directory
2026/09/18 20:04:11 INFO  : X-PLAN/architecture/figures/node_modules/@swc/helpers: Removing directory
2026/09/18 20:04:13 INFO  : X-PLAN/architecture/figures/node_modules/@swc: Removing directory
2026/09/18 20:04:15 INFO  : X-PLAN/architecture/figures/node_modules/@react-types/shared/src: Removing directory
2026/09/18 20:04:18 INFO  : X-PLAN/architecture/figures/node_modules/@react-types/shared: Removing directory
2026/09/18 20:04:20 INFO  : X-PLAN/architecture/figures/node_modules/@react-types: Removing directory
2026/09/18 20:04:21 INFO  : X-PLAN/architecture/figures/node_modules/@react-aria/interactions/src: Removing directory
2026/09/18 20:04:23 INFO  : X-PLAN/architecture/figures/node_modules/@react-aria/interactions/dist/types/src: Removing directory
2026/09/18 20:04:25 INFO  : X-PLAN/architecture/figures/node_modules/@react-aria/interactions/dist/types: Removing directory
2026/09/18 20:04:27 INFO  : X-PLAN/architecture/figures/node_modules/@react-aria/interactions/dist: Removing directory
2026/09/18 20:04:29 INFO  : X-PLAN/architecture/figures/node_modules/@react-aria/interactions: Removing directory
2026/09/18 20:04:31 INFO  : X-PLAN/architecture/figures/node_modules/@react-aria/focus/src: Removing directory
2026/09/18 20:04:33 INFO  : X-PLAN/architecture/figures/node_modules/@react-aria/focus/dist/types/src: Removing directory
2026/09/18 20:04:35 INFO  : X-PLAN/architecture/figures/node_modules/@react-aria/focus/dist/types: Removing directory
2026/09/18 20:04:37 INFO  : X-PLAN/architecture/figures/node_modules/@react-aria/focus/dist: Removing directory
2026/09/18 20:04:39 INFO  : X-PLAN/architecture/figures/node_modules/@react-aria/focus: Removing directory
2026/09/18 20:04:42 INFO  : X-PLAN/architecture/figures/node_modules/@react-aria: Removing directory
2026/09/18 20:04:44 INFO  : X-PLAN/architecture/figures/node_modules/@puppeteer/browsers/src/browser-data: Removing directory
2026/09/18 20:04:46 INFO  : X-PLAN/architecture/figures/node_modules/@puppeteer/browsers/src: Removing directory
2026/09/18 20:04:48 INFO  : X-PLAN/architecture/figures/node_modules/@puppeteer/browsers/lib/esm/browser-data: Removing directory
2026/09/18 20:04:50 INFO  : X-PLAN/architecture/figures/node_modules/@puppeteer/browsers/lib/esm: Removing directory
2026/09/18 20:04:53 INFO  : X-PLAN/architecture/figures/node_modules/@puppeteer/browsers/lib/cjs/browser-data: Removing directory
2026/09/18 20:04:55 INFO  : X-PLAN/architecture/figures/node_modules/@puppeteer/browsers/lib/cjs: Removing directory
2026/09/18 20:04:57 INFO  : X-PLAN/architecture/figures/node_modules/@puppeteer/browsers/lib: Removing directory
2026/09/18 20:04:59 INFO  : X-PLAN/architecture/figures/node_modules/@puppeteer/browsers: Removing directory
2026/09/18 20:05:01 INFO  : X-PLAN/architecture/figures/node_modules/@puppeteer: Removing directory
2026/09/18 20:05:10 INFO  : X-PLAN/architecture/figures/node_modules/@napi-rs/canvas-linux-x64-gnu: Removing directory
2026/09/18 20:05:12 INFO  : X-PLAN/architecture/figures/node_modules/@napi-rs/canvas: Removing directory
2026/09/18 20:05:15 INFO  : X-PLAN/architecture/figures/node_modules/@napi-rs: Removing directory
2026/09/18 20:05:17 INFO  : X-PLAN/architecture/figures/node_modules/@mermaid-js/parser/dist/src: Removing directory
2026/09/18 20:05:19 INFO  : X-PLAN/architecture/figures/node_modules/@mermaid-js/parser/dist/chunks/mermaid-parser.esm.min: Removing directory
2026/09/18 20:05:20 INFO  : X-PLAN/architecture/figures/node_modules/@mermaid-js/parser/dist/chunks/mermaid-parser.esm: Removing directory
2026/09/18 20:05:22 INFO  : X-PLAN/architecture/figures/node_modules/@mermaid-js/parser/dist/chunks/mermaid-parser.core: Removing directory
2026/09/18 20:05:25 INFO  : X-PLAN/architecture/figures/node_modules/@mermaid-js/parser/dist/chunks: Removing directory
2026/09/18 20:05:26 INFO  : X-PLAN/architecture/figures/node_modules/@mermaid-js/parser/dist: Removing directory
2026/09/18 20:05:29 INFO  : X-PLAN/architecture/figures/node_modules/@mermaid-js/parser: Removing directory
2026/09/18 20:05:32 INFO  : X-PLAN/architecture/figures/node_modules/@mermaid-js/mermaid-zenuml/dist/chunks/mermaid-zenuml.esm.min: Removing directory
2026/09/18 20:05:34 INFO  : X-PLAN/architecture/figures/node_modules/@mermaid-js/mermaid-zenuml/dist/chunks/mermaid-zenuml.esm: Removing directory
2026/09/18 20:05:37 INFO  : X-PLAN/architecture/figures/node_modules/@mermaid-js/mermaid-zenuml/dist/chunks/mermaid-zenuml.core: Removing directory
2026/09/18 20:05:39 INFO  : X-PLAN/architecture/figures/node_modules/@mermaid-js/mermaid-zenuml/dist/chunks: Removing directory
2026/09/18 20:05:40 INFO  : X-PLAN/architecture/figures/node_modules/@mermaid-js/mermaid-zenuml/dist: Removing directory
2026/09/18 20:05:43 INFO  : X-PLAN/architecture/figures/node_modules/@mermaid-js/mermaid-zenuml: Removing directory
2026/09/18 20:05:44 INFO  : X-PLAN/architecture/figures/node_modules/@mermaid-js/mermaid-cli/src: Removing directory
2026/09/18 20:05:47 INFO  : X-PLAN/architecture/figures/node_modules/@mermaid-js/mermaid-cli/dist/assets: Removing directory
2026/09/18 20:05:48 INFO  : X-PLAN/architecture/figures/node_modules/@mermaid-js/mermaid-cli/dist-types/src: Removing directory
2026/09/18 20:05:50 INFO  : X-PLAN/architecture/figures/node_modules/@mermaid-js/mermaid-cli/dist-types: Removing directory
2026/09/18 20:05:52 INFO  : X-PLAN/architecture/figures/node_modules/@mermaid-js/mermaid-cli/dist: Removing directory
2026/09/18 20:05:54 INFO  : X-PLAN/architecture/figures/node_modules/@mermaid-js/mermaid-cli: Removing directory
2026/09/18 20:05:56 INFO  : X-PLAN/architecture/figures/node_modules/@mermaid-js: Removing directory
2026/09/18 20:05:58 INFO  : X-PLAN/architecture/figures/node_modules/@internationalized/string/src: Removing directory
2026/09/18 20:06:00 INFO  : X-PLAN/architecture/figures/node_modules/@internationalized/string/dist/types/src: Removing directory
2026/09/18 20:06:02 INFO  : X-PLAN/architecture/figures/node_modules/@internationalized/string/dist/types: Removing directory
2026/09/18 20:06:05 INFO  : X-PLAN/architecture/figures/node_modules/@internationalized/string/dist/private: Removing directory
2026/09/18 20:06:08 INFO  : X-PLAN/architecture/figures/node_modules/@internationalized/string/dist: Removing directory
2026/09/18 20:06:11 INFO  : X-PLAN/architecture/figures/node_modules/@internationalized/string: Removing directory
2026/09/18 20:06:13 INFO  : X-PLAN/architecture/figures/node_modules/@internationalized/number/src: Removing directory
2026/09/18 20:06:16 INFO  : X-PLAN/architecture/figures/node_modules/@internationalized/number/dist/types/src: Removing directory
2026/09/18 20:06:19 INFO  : X-PLAN/architecture/figures/node_modules/@internationalized/number/dist/types: Removing directory
2026/09/18 20:06:22 INFO  : X-PLAN/architecture/figures/node_modules/@internationalized/number/dist/private: Removing directory
2026/09/18 20:06:24 INFO  : X-PLAN/architecture/figures/node_modules/@internationalized/number/dist: Removing directory
2026/09/18 20:06:26 INFO  : X-PLAN/architecture/figures/node_modules/@internationalized/number: Removing directory
2026/09/18 20:06:28 INFO  : X-PLAN/architecture/figures/node_modules/@internationalized/date/src/calendars: Removing directory
2026/09/18 20:06:30 INFO  : X-PLAN/architecture/figures/node_modules/@internationalized/date/src: Removing directory
2026/09/18 20:06:32 INFO  : X-PLAN/architecture/figures/node_modules/@internationalized/date/dist/types/src/calendars: Removing directory
2026/09/18 20:06:34 INFO  : X-PLAN/architecture/figures/node_modules/@internationalized/date/dist/types/src: Removing directory
2026/09/18 20:06:36 INFO  : X-PLAN/architecture/figures/node_modules/@internationalized/date/dist/types: Removing directory
2026/09/18 20:06:38 INFO  : X-PLAN/architecture/figures/node_modules/@internationalized/date/dist/private/calendars: Removing directory
2026/09/18 20:06:40 INFO  : X-PLAN/architecture/figures/node_modules/@internationalized/date/dist/private: Removing directory
2026/09/18 20:06:42 INFO  : X-PLAN/architecture/figures/node_modules/@internationalized/date/dist: Removing directory
2026/09/18 20:06:45 INFO  : X-PLAN/architecture/figures/node_modules/@internationalized/date: Removing directory
2026/09/18 20:06:47 INFO  : X-PLAN/architecture/figures/node_modules/@internationalized: Removing directory
2026/09/18 20:06:49 INFO  : X-PLAN/architecture/figures/node_modules/@iconify/types: Removing directory
2026/09/18 20:06:50 INFO  : X-PLAN/architecture/figures/node_modules/@iconify: Removing directory
2026/09/18 20:06:53 INFO  : X-PLAN/architecture/figures/node_modules/@headlessui/tailwindcss: Removing directory
2026/09/18 20:06:54 INFO  : X-PLAN/architecture/figures/node_modules/@headlessui/react: Removing directory
2026/09/18 20:06:56 INFO  : X-PLAN/architecture/figures/node_modules/@headlessui: Removing directory
2026/09/18 20:07:00 INFO  : X-PLAN/architecture/figures/node_modules/@floating-ui/react: Removing directory
2026/09/18 20:07:02 INFO  : X-PLAN/architecture/figures/node_modules/@floating-ui/dom: Removing directory
2026/09/18 20:07:04 INFO  : X-PLAN/architecture/figures/node_modules/@floating-ui/core/dist: Removing directory
2026/09/18 20:07:06 INFO  : X-PLAN/architecture/figures/node_modules/@floating-ui/core: Removing directory
2026/09/18 20:07:08 INFO  : X-PLAN/architecture/figures/node_modules/@floating-ui: Removing directory
2026/09/18 20:07:10 INFO  : X-PLAN/architecture/figures/node_modules/@chevrotain/types: Removing directory
2026/09/18 20:07:12 INFO  : X-PLAN/architecture/figures/node_modules/@chevrotain: Removing directory
2026/09/18 20:07:13 INFO  : X-PLAN/architecture/figures/node_modules/@braintree/sanitize-url/src: Removing directory
2026/09/18 20:07:15 INFO  : X-PLAN/architecture/figures/node_modules/@braintree/sanitize-url/dist: Removing directory
2026/09/18 20:07:17 INFO  : X-PLAN/architecture/figures/node_modules/@braintree/sanitize-url/.github: Removing directory
2026/09/18 20:07:19 INFO  : X-PLAN/architecture/figures/node_modules/@braintree/sanitize-url: Removing directory
2026/09/18 20:07:21 INFO  : X-PLAN/architecture/figures/node_modules/@braintree: Removing directory
2026/09/18 20:07:23 INFO  : X-PLAN/architecture/figures/node_modules/@babel/helper-validator-identifier/lib: Removing directory
2026/09/18 20:07:25 INFO  : X-PLAN/architecture/figures/node_modules/@babel/helper-validator-identifier: Removing directory
2026/09/18 20:07:27 INFO  : X-PLAN/architecture/figures/node_modules/@babel/code-frame/lib: Removing directory
2026/09/18 20:07:29 INFO  : X-PLAN/architecture/figures/node_modules/@babel/code-frame: Removing directory
2026/09/18 20:07:31 INFO  : X-PLAN/architecture/figures/node_modules/@babel: Removing directory
2026/09/18 20:07:33 INFO  : X-PLAN/architecture/figures/node_modules/@antfu/install-pkg/dist: Removing directory
2026/09/18 20:07:35 INFO  : X-PLAN/architecture/figures/node_modules/@antfu/install-pkg: Removing directory
2026/09/18 20:07:37 INFO  : X-PLAN/architecture/figures/node_modules/@antfu: Removing directory
2026/09/18 20:07:39 INFO  : X-PLAN/architecture/figures/node_modules: Removing directory
2026/09/18 20:07:41 INFO  : 
Transferred:   	  248.987 KiB / 248.987 KiB, 100%, 555 B/s, ETA 0s
Checks:              1271 / 1271, 100%
Deleted:              541 (files), 347 (dirs)
Transferred:            2 / 2, 100%
Elapsed time:     17m57.7s

[2026-09-18 20:07:41] PUSH done
